repeat,od_idx,origin,dest,alpha,method,punctuality_prob,correct,solve_time
0,0,34,63,0.5,ILP,0.9339999999999999,True,1.7302396297454834
0,0,34,63,0.5,MILP,0.924,False,1.5126926898956299
0,0,34,63,0.5,Dijkstra,0.924,False,0.000714225000137958
0,0,34,63,0.6,ILP,0.98,True,1.3932397365570068
0,0,34,63,0.6,MILP,0.98,True,0.5509881973266602
0,0,34,63,0.6,Dijkstra,0.98,True,0.00035731699972529896
0,0,34,63,0.7,ILP,0.986,True,0.913825273513794
0,0,34,63,0.7,MILP,0.986,False,0.8065369129180908
0,0,34,63,0.7,Dijkstra,0.986,False,0.00029100800020387396
0,0,34,63,0.8,ILP,0.994,True,0.3328666687011719
0,0,34,63,0.8,MILP,0.994,False,0.4307894706726074
0,0,34,63,0.8,Dijkstra,0.994,False,0.0003110259999630216
0,0,34,63,0.9,ILP,0.996,True,0.2699863910675049
0,0,34,63,0.9,MILP,0.996,False,0.20564532279968262
0,0,34,63,0.9,Dijkstra,0.996,False,0.0002995939998982067
0,1,47,49,0.5,ILP,0.992,True,0.0996401309967041
0,1,47,49,0.5,MILP,0.992,True,0.09106945991516113
0,1,47,49,0.5,Dijkstra,0.992,True,0.00030225699993025046
0,1,47,49,0.6,ILP,0.994,True,0.08725285530090332
0,1,47,49,0.6,MILP,0.994,True,0.09143447875976562
0,1,47,49,0.6,Dijkstra,0.994,True,0.0002902329997596098
0,1,47,49,0.7,ILP,0.996,True,0.08545708656311035
0,1,47,49,0.7,MILP,0.996,True,0.08675503730773926
0,1,47,49,0.7,Dijkstra,0.996,True,0.00029877799988753395
0,1,47,49,0.8,ILP,0.996,True,0.08402705192565918
0,1,47,49,0.8,MILP,0.996,True,0.08617544174194336
0,1,47,49,0.8,Dijkstra,0.996,True,0.0002839809999386489
0,1,47,49,0.9,ILP,0.998,True,0.08412694931030273
0,1,47,49,0.9,MILP,0.998,True,0.08434891700744629
0,1,47,49,0.9,Dijkstra,0.998,True,0.0002644440000949544
0,2,46,51,0.5,ILP,0.9299999999999999,True,0.4611983299255371
0,2,46,51,0.5,MILP,0.914,False,0.23593521118164062
0,2,46,51,0.5,Dijkstra,0.9299999999999999,False,0.0003127889999632316
0,2,46,51,0.6,ILP,0.966,True,0.315382719039917
0,2,46,51,0.6,MILP,0.962,False,0.1917111873626709
0,2,46,51,0.6,Dijkstra,0.966,False,0.00032194599998547346
0,2,46,51,0.7,ILP,0.984,True,0.25783801078796387
0,2,46,51,0.7,MILP,0.984,False,0.11163735389709473
0,2,46,51,0.7,Dijkstra,0.984,True,0.00030531699985658634
0,2,46,51,0.8,ILP,0.992,True,0.1816692352294922
0,2,46,51,0.8,MILP,0.99,False,0.10780954360961914
0,2,46,51,0.8,Dijkstra,0.992,True,0.0003196050001861295
0,2,46,51,0.9,ILP,0.996,True,0.10291838645935059
0,2,46,51,0.9,MILP,0.996,False,0.0987246036529541
0,2,46,51,0.9,Dijkstra,0.994,False,0.00030027299999346724
0,3,33,8,0.5,ILP,0.998,True,0.09575796127319336
0,3,33,8,0.5,MILP,0.998,True,0.11614489555358887
0,3,33,8,0.5,Dijkstra,0.998,True,0.0002637249999679625
0,3,33,8,0.6,ILP,0.998,True,0.09252214431762695
0,3,33,8,0.6,MILP,0.998,False,0.1149289608001709
0,3,33,8,0.6,Dijkstra,0.998,False,0.00026396900011604885
0,3,33,8,0.7,ILP,0.998,True,0.09288787841796875
0,3,33,8,0.7,MILP,0.998,False,0.11092972755432129
0,3,33,8,0.7,Dijkstra,0.998,False,0.00031464399989999947
0,3,33,8,0.8,ILP,0.998,True,0.09236025810241699
0,3,33,8,0.8,MILP,0.998,True,0.10713887214660645
0,3,33,8,0.8,Dijkstra,0.998,True,0.00026629500007402385
0,3,33,8,0.9,ILP,0.998,True,0.1021883487701416
0,3,33,8,0.9,MILP,0.998,True,0.10522913932800293
0,3,33,8,0.9,Dijkstra,0.998,True,0.00026882500014835387
0,4,54,29,0.5,ILP,0.998,True,0.08634734153747559
0,4,54,29,0.5,MILP,0.998,True,0.10500907897949219
0,4,54,29,0.5,Dijkstra,0.994,False,0.0004118769998058269
0,4,54,29,0.6,ILP,0.998,True,0.10116958618164062
0,4,54,29,0.6,MILP,0.998,True,0.0900259017944336
0,4,54,29,0.6,Dijkstra,0.996,False,0.00047654799982410623
0,4,54,29,0.7,ILP,0.998,True,0.08493518829345703
0,4,54,29,0.7,MILP,0.998,True,0.1021728515625
0,4,54,29,0.7,Dijkstra,0.996,False,0.00031205000004774774
0,4,54,29,0.8,ILP,0.998,True,0.08937358856201172
0,4,54,29,0.8,MILP,0.998,False,0.08379364013671875
0,4,54,29,0.8,Dijkstra,0.998,False,0.0002868240003408573
0,4,54,29,0.9,ILP,0.998,True,0.08622908592224121
0,4,54,29,0.9,MILP,0.998,False,0.08284282684326172
0,4,54,29,0.9,Dijkstra,0.998,False,0.0002885740000238002
0,5,32,24,0.5,ILP,0.994,True,0.12435293197631836
0,5,32,24,0.5,MILP,0.994,True,0.35708117485046387
0,5,32,24,0.5,Dijkstra,0.994,True,0.00028261999977985397
0,5,32,24,0.6,ILP,0.994,True,0.15102839469909668
0,5,32,24,0.6,MILP,0.994,True,0.549365758895874
0,5,32,24,0.6,Dijkstra,0.994,True,0.00030429700018430594
0,5,32,24,0.7,ILP,0.994,True,0.21337413787841797
0,5,32,24,0.7,MILP,0.994,False,0.4927182197570801
0,5,32,24,0.7,Dijkstra,0.994,True,0.0002880759998333815
0,5,32,24,0.8,ILP,0.998,True,0.11678099632263184
0,5,32,24,0.8,MILP,0.996,False,0.21068763732910156
0,5,32,24,0.8,Dijkstra,0.996,False,0.0002822390001711028
0,5,32,24,0.9,ILP,0.998,True,0.10093832015991211
0,5,32,24,0.9,MILP,0.996,False,0.2454216480255127
0,5,32,24,0.9,Dijkstra,0.998,True,0.0002748530000644678
0,6,50,41,0.5,ILP,0.978,True,0.15347981452941895
0,6,50,41,0.5,MILP,0.978,True,0.11798787117004395
0,6,50,41,0.5,Dijkstra,0.978,True,0.0002612499997667328
0,6,50,41,0.6,ILP,0.99,True,0.14346551895141602
0,6,50,41,0.6,MILP,0.99,True,0.10290217399597168
0,6,50,41,0.6,Dijkstra,0.99,True,0.0002731429999585089
0,6,50,41,0.7,ILP,0.994,True,0.13355660438537598
0,6,50,41,0.7,MILP,0.994,True,0.1013333797454834
0,6,50,41,0.7,Dijkstra,0.994,True,0.00025190899987137527
0,6,50,41,0.8,ILP,0.998,True,0.10518503189086914
0,6,50,41,0.8,MILP,0.998,True,0.10063004493713379
0,6,50,41,0.8,Dijkstra,0.998,True,0.00025677300027382444
0,6,50,41,0.9,ILP,0.998,True,0.10078239440917969
0,6,50,41,0.9,MILP,0.998,True,0.1063997745513916
0,6,50,41,0.9,Dijkstra,0.998,True,0.0002671520001058525
0,7,26,53,0.5,ILP,0.99,True,0.10055327415466309
0,7,26,53,0.5,MILP,0.99,True,0.09217119216918945
0,7,26,53,0.5,Dijkstra,0.99,True,0.00030568200008929125
0,7,26,53,0.6,ILP,0.996,True,0.09040451049804688
0,7,26,53,0.6,MILP,0.996,True,0.09177041053771973
0,7,26,53,0.6,Dijkstra,0.996,True,0.0003478749999885622
0,7,26,53,0.7,ILP,0.996,True,0.08148002624511719
0,7,26,53,0.7,MILP,0.996,False,0.09125185012817383
0,7,26,53,0.7,Dijkstra,0.996,False,0.00028101099997002166
0,7,26,53,0.8,ILP,0.996,True,0.09722518920898438
0,7,26,53,0.8,MILP,0.996,False,0.09149408340454102
0,7,26,53,0.8,Dijkstra,0.996,False,0.0002876879998439108
0,7,26,53,0.9,ILP,0.998,True,0.08773469924926758
0,7,26,53,0.9,MILP,0.998,False,0.09448528289794922
0,7,26,53,0.9,Dijkstra,0.998,False,0.0002860700001292571
0,8,35,28,0.5,ILP,0.992,True,0.13672423362731934
0,8,35,28,0.5,MILP,0.992,False,0.09721684455871582
0,8,35,28,0.5,Dijkstra,0.992,False,0.0002737609997893742
0,8,35,28,0.6,ILP,0.994,True,0.09771275520324707
0,8,35,28,0.6,MILP,0.994,True,0.09658432006835938
0,8,35,28,0.6,Dijkstra,0.994,True,0.0002692890002435888
0,8,35,28,0.7,ILP,0.994,True,0.10723352432250977
0,8,35,28,0.7,MILP,0.994,True,0.11431765556335449
0,8,35,28,0.7,Dijkstra,0.994,True,0.0002793789999486762
0,8,35,28,0.8,ILP,0.996,True,0.09661507606506348
0,8,35,28,0.8,MILP,0.996,True,0.09500575065612793
0,8,35,28,0.8,Dijkstra,0.996,True,0.0002859460000763647
0,8,35,28,0.9,ILP,0.998,True,0.09620022773742676
0,8,35,28,0.9,MILP,0.998,True,0.09556412696838379
0,8,35,28,0.9,Dijkstra,0.998,True,0.0002841870000338531
0,9,57,4,0.5,ILP,0.978,True,0.10845446586608887
0,9,57,4,0.5,MILP,0.978,True,0.10317659378051758
0,9,57,4,0.5,Dijkstra,0.978,True,0.0002716389999477542
0,9,57,4,0.6,ILP,0.986,True,0.1091766357421875
0,9,57,4,0.6,MILP,0.986,True,0.0901942253112793
0,9,57,4,0.6,Dijkstra,0.986,True,0.00027151899985256023
0,9,57,4,0.7,ILP,0.996,True,0.08759689331054688
0,9,57,4,0.7,MILP,0.996,True,0.08752131462097168
0,9,57,4,0.7,Dijkstra,0.996,True,0.0002628409997669223
0,9,57,4,0.8,ILP,0.996,True,0.09380316734313965
0,9,57,4,0.8,MILP,0.996,True,0.087799072265625
0,9,57,4,0.8,Dijkstra,0.996,True,0.0002754769998318807
0,9,57,4,0.9,ILP,0.998,True,0.08640074729919434
0,9,57,4,0.9,MILP,0.998,True,0.0883946418762207
0,9,57,4,0.9,Dijkstra,0.998,True,0.00025472700008322136
0,10,55,53,0.5,ILP,0.914,True,0.5394995212554932
0,10,55,53,0.5,MILP,0.914,True,0.144331693649292
0,10,55,53,0.5,Dijkstra,0.914,True,0.0002845529998012353
0,10,55,53,0.6,ILP,0.964,True,0.4361543655395508
0,10,55,53,0.6,MILP,0.964,False,0.09402656555175781
0,10,55,53,0.6,Dijkstra,0.964,False,0.0003804540001510759
0,10,55,53,0.7,ILP,0.98,True,0.21175503730773926
0,10,55,53,0.7,MILP,0.98,True,0.08774709701538086
0,10,55,53,0.7,Dijkstra,0.98,True,0.0002898409998124407
0,10,55,53,0.8,ILP,0.99,True,0.1294393539428711
0,10,55,53,0.8,MILP,0.99,False,0.08521032333374023
0,10,55,53,0.8,Dijkstra,0.99,False,0.0002953329999400012
0,10,55,53,0.9,ILP,0.998,True,0.07745814323425293
0,10,55,53,0.9,MILP,0.998,True,0.08508610725402832
0,10,55,53,0.9,Dijkstra,0.998,True,0.00029107099999237107
0,11,17,41,0.5,ILP,0.964,True,1.1185312271118164
0,11,17,41,0.5,MILP,0.964,True,0.40038371086120605
0,11,17,41,0.5,Dijkstra,0.964,True,0.0002622970000629721
0,11,17,41,0.6,ILP,0.988,True,0.5146327018737793
0,11,17,41,0.6,MILP,0.988,True,0.26302289962768555
0,11,17,41,0.6,Dijkstra,0.988,True,0.0002986350000355742
0,11,17,41,0.7,ILP,0.994,True,0.25035905838012695
0,11,17,41,0.7,MILP,0.994,False,0.2967054843902588
0,11,17,41,0.7,Dijkstra,0.994,False,0.00026834899972527637
0,11,17,41,0.8,ILP,0.994,True,0.7766125202178955
0,11,17,41,0.8,MILP,0.994,False,0.346419095993042
0,11,17,41,0.8,Dijkstra,0.994,False,0.000285250000160886
0,11,17,41,0.9,ILP,0.996,True,0.37912511825561523
0,11,17,41,0.9,MILP,0.996,False,0.3037230968475342
0,11,17,41,0.9,Dijkstra,0.996,False,0.00028871399990748614
0,12,45,23,0.5,ILP,0.998,True,0.08878779411315918
0,12,45,23,0.5,MILP,0.996,False,0.10247635841369629
0,12,45,23,0.5,Dijkstra,0.996,False,0.00032641099960528663
0,12,45,23,0.6,ILP,0.998,True,0.09673070907592773
0,12,45,23,0.6,MILP,0.998,False,0.08689236640930176
0,12,45,23,0.6,Dijkstra,0.998,False,0.0003100230001109594
0,12,45,23,0.7,ILP,0.998,True,0.08810687065124512
0,12,45,23,0.7,MILP,0.998,False,0.08801841735839844
0,12,45,23,0.7,Dijkstra,0.998,False,0.0002865690003091004
0,12,45,23,0.8,ILP,0.998,True,0.08805632591247559
0,12,45,23,0.8,MILP,0.998,False,0.08539199829101562
0,12,45,23,0.8,Dijkstra,0.998,False,0.0002710040002966707
0,12,45,23,0.9,ILP,0.998,True,0.0876777172088623
0,12,45,23,0.9,MILP,0.998,False,0.0843210220336914
0,12,45,23,0.9,Dijkstra,0.998,False,0.00027269700012766407
0,13,4,63,0.5,ILP,0.996,True,0.12499380111694336
0,13,4,63,0.5,MILP,0.996,False,0.11815190315246582
0,13,4,63,0.5,Dijkstra,0.996,True,0.00030635999974037986
0,13,4,63,0.6,ILP,0.996,True,0.14921164512634277
0,13,4,63,0.6,MILP,0.996,False,0.11993265151977539
0,13,4,63,0.6,Dijkstra,0.996,True,0.00033411899994462146
0,13,4,63,0.7,ILP,0.998,True,0.10316991806030273
0,13,4,63,0.7,MILP,0.998,True,0.11180615425109863
0,13,4,63,0.7,Dijkstra,0.998,True,0.00028824200035160175
0,13,4,63,0.8,ILP,0.998,True,0.0973825454711914
0,13,4,63,0.8,MILP,0.998,False,0.1113746166229248
0,13,4,63,0.8,Dijkstra,0.998,False,0.00027885100007551955
0,13,4,63,0.9,ILP,0.998,True,0.09490418434143066
0,13,4,63,0.9,MILP,0.998,False,0.11229658126831055
0,13,4,63,0.9,Dijkstra,0.998,False,0.00029706899977099965
0,14,44,50,0.5,ILP,0.992,True,0.10971522331237793
0,14,44,50,0.5,MILP,0.992,True,0.10742068290710449
0,14,44,50,0.5,Dijkstra,0.992,True,0.00028038500022375956
0,14,44,50,0.6,ILP,0.994,True,0.1426398754119873
0,14,44,50,0.6,MILP,0.994,False,0.12083625793457031
0,14,44,50,0.6,Dijkstra,0.994,False,0.00027963399998043315
0,14,44,50,0.7,ILP,0.994,True,0.12694835662841797
0,14,44,50,0.7,MILP,0.994,True,0.11424708366394043
0,14,44,50,0.7,Dijkstra,0.994,True,0.00038168500032043085
0,14,44,50,0.8,ILP,0.996,True,0.10977554321289062
0,14,44,50,0.8,MILP,0.996,True,0.10129523277282715
0,14,44,50,0.8,Dijkstra,0.996,True,0.00031729300008009886
0,14,44,50,0.9,ILP,0.998,True,0.08619213104248047
0,14,44,50,0.9,MILP,0.998,True,0.10325813293457031
0,14,44,50,0.9,Dijkstra,0.998,True,0.0003142489999845566
0,15,49,12,0.5,ILP,0.994,True,0.12319374084472656
0,15,49,12,0.5,MILP,0.994,True,0.09154987335205078
0,15,49,12,0.5,Dijkstra,0.994,True,0.00029826900026819203
0,15,49,12,0.6,ILP,0.996,True,0.104217529296875
0,15,49,12,0.6,MILP,0.996,True,0.09439206123352051
0,15,49,12,0.6,Dijkstra,0.996,True,0.0002721390001170221
0,15,49,12,0.7,ILP,0.998,True,0.10808229446411133
0,15,49,12,0.7,MILP,0.998,True,0.0910494327545166
0,15,49,12,0.7,Dijkstra,0.998,True,0.0002803620000122464
0,15,49,12,0.8,ILP,0.998,True,0.10140752792358398
0,15,49,12,0.8,MILP,0.998,True,0.09153151512145996
0,15,49,12,0.8,Dijkstra,0.998,True,0.0003656250000858563
0,15,49,12,0.9,ILP,0.998,True,0.08814358711242676
0,15,49,12,0.9,MILP,0.998,True,0.09104537963867188
0,15,49,12,0.9,Dijkstra,0.998,True,0.000295963000098709
0,16,32,2,0.5,ILP,0.986,True,0.6754658222198486
0,16,32,2,0.5,MILP,0.982,False,0.5884840488433838
0,16,32,2,0.5,Dijkstra,0.982,False,0.00030766800000492367
0,16,32,2,0.6,ILP,0.992,True,0.32663679122924805
0,16,32,2,0.6,MILP,0.992,False,0.4875679016113281
0,16,32,2,0.6,Dijkstra,0.992,False,0.0002969629999824974
0,16,32,2,0.7,ILP,0.996,True,0.39613914489746094
0,16,32,2,0.7,MILP,0.996,True,0.14126062393188477
0,16,32,2,0.7,Dijkstra,0.996,True,0.0003025119999620074
0,16,32,2,0.8,ILP,0.998,True,0.09865665435791016
0,16,32,2,0.8,MILP,0.998,False,0.16387939453125
0,16,32,2,0.8,Dijkstra,0.998,False,0.0003237430000808672
0,16,32,2,0.9,ILP,0.998,True,0.09934020042419434
0,16,32,2,0.9,MILP,0.998,False,0.14574408531188965
0,16,32,2,0.9,Dijkstra,0.998,False,0.00029177300029914477
0,17,35,10,0.5,ILP,0.988,True,0.19051671028137207
0,17,35,10,0.5,MILP,0.988,False,0.10658621788024902
0,17,35,10,0.5,Dijkstra,0.988,False,0.000273185999958514
0,17,35,10,0.6,ILP,0.992,True,0.2140045166015625
0,17,35,10,0.6,MILP,0.992,True,0.11626672744750977
0,17,35,10,0.6,Dijkstra,0.992,True,0.000332164000155899
0,17,35,10,0.7,ILP,0.994,True,0.1500232219696045
0,17,35,10,0.7,MILP,0.994,True,0.09668588638305664
0,17,35,10,0.7,Dijkstra,0.994,True,0.00028827800042563467
0,17,35,10,0.8,ILP,0.994,True,0.13741421699523926
0,17,35,10,0.8,MILP,0.994,False,0.09524941444396973
0,17,35,10,0.8,Dijkstra,0.994,False,0.00029888100016250974
0,17,35,10,0.9,ILP,0.996,True,0.10428476333618164
0,17,35,10,0.9,MILP,0.996,False,0.09390950202941895
0,17,35,10,0.9,Dijkstra,0.996,False,0.00029671200036318623
0,18,48,44,0.5,ILP,0.964,True,0.3464937210083008
0,18,48,44,0.5,MILP,0.962,False,0.1377263069152832
0,18,48,44,0.5,Dijkstra,0.964,True,0.00027598999986366834
0,18,48,44,0.6,ILP,0.988,True,0.15836834907531738
0,18,48,44,0.6,MILP,0.978,False,0.1030588150024414
0,18,48,44,0.6,Dijkstra,0.988,True,0.00029965600015202654
0,18,48,44,0.7,ILP,0.992,True,0.1474454402923584
0,18,48,44,0.7,MILP,0.992,False,0.09121060371398926
0,18,48,44,0.7,Dijkstra,0.992,False,0.00039797399995222804
0,18,48,44,0.8,ILP,0.996,True,0.10878872871398926
0,18,48,44,0.8,MILP,0.994,False,0.08767461776733398
0,18,48,44,0.8,Dijkstra,0.996,False,0.00028343100029815105
0,18,48,44,0.9,ILP,0.996,True,0.09486651420593262
0,18,48,44,0.9,MILP,0.996,False,0.08743906021118164
0,18,48,44,0.9,Dijkstra,0.996,False,0.0002666279997356469
0,19,26,21,0.5,ILP,0.99,True,0.17815327644348145
0,19,26,21,0.5,MILP,0.98,False,0.1028289794921875
0,19,26,21,0.5,Dijkstra,0.99,True,0.00027790800004368066
0,19,26,21,0.6,ILP,0.998,True,0.1033174991607666
0,19,26,21,0.6,MILP,0.998,True,0.09608650207519531
0,19,26,21,0.6,Dijkstra,0.996,False,0.00030121899999357993
0,19,26,21,0.7,ILP,0.998,True,0.12265896797180176
0,19,26,21,0.7,MILP,0.998,False,0.09871292114257812
0,19,26,21,0.7,Dijkstra,0.996,False,0.00031131700006881147
0,19,26,21,0.8,ILP,0.998,True,0.10341095924377441
0,19,26,21,0.8,MILP,0.998,False,0.09126114845275879
0,19,26,21,0.8,Dijkstra,0.998,False,0.000274730000001
0,19,26,21,0.9,ILP,0.998,True,0.12253618240356445
0,19,26,21,0.9,MILP,0.998,False,0.09010028839111328
0,19,26,21,0.9,Dijkstra,0.998,False,0.0002981409998028539
1,0,34,63,0.5,ILP,0.968,True,1.0218262672424316
1,0,34,63,0.5,MILP,0.968,True,0.5834312438964844
1,0,34,63,0.5,Dijkstra,0.962,False,0.00031764400000611204
1,0,34,63,0.6,ILP,0.99,True,0.38004541397094727
1,0,34,63,0.6,MILP,0.99,False,0.2025141716003418
1,0,34,63,0.6,Dijkstra,0.984,False,0.0004093229999853065
1,0,34,63,0.7,ILP,0.998,True,0.1417374610900879
1,0,34,63,0.7,MILP,0.998,True,0.17537403106689453
1,0,34,63,0.7,Dijkstra,0.992,False,0.0002888270000767079
1,0,34,63,0.8,ILP,0.998,True,0.1634383201599121
1,0,34,63,0.8,MILP,0.998,False,0.15178942680358887
1,0,34,63,0.8,Dijkstra,0.998,False,0.00044484900035968167
1,0,34,63,0.9,ILP,0.998,True,0.12732148170471191
1,0,34,63,0.9,MILP,0.998,False,0.17029595375061035
1,0,34,63,0.9,Dijkstra,0.998,False,0.0002776119999907678
1,1,47,49,0.5,ILP,0.988,True,0.09252095222473145
1,1,47,49,0.5,MILP,0.988,True,0.09227180480957031
1,1,47,49,0.5,Dijkstra,0.988,True,0.00027327399993737345
1,1,47,49,0.6,ILP,0.994,True,0.08790993690490723
1,1,47,49,0.6,MILP,0.994,True,0.08919930458068848
1,1,47,49,0.6,Dijkstra,0.994,True,0.0002594279999357241
1,1,47,49,0.7,ILP,0.996,True,0.08198356628417969
1,1,47,49,0.7,MILP,0.996,True,0.08521008491516113
1,1,47,49,0.7,Dijkstra,0.996,True,0.00024357499978577835
1,1,47,49,0.8,ILP,0.998,True,0.08429312705993652
1,1,47,49,0.8,MILP,0.998,True,0.08279705047607422
1,1,47,49,0.8,Dijkstra,0.998,True,0.000255031000051531
1,1,47,49,0.9,ILP,0.998,True,0.08277678489685059
1,1,47,49,0.9,MILP,0.998,True,0.08909201622009277
1,1,47,49,0.9,Dijkstra,0.998,True,0.0002478699998391676
1,2,46,51,0.5,ILP,0.864,True,0.5375640392303467
1,2,46,51,0.5,MILP,0.864,True,0.12470388412475586
1,2,46,51,0.5,Dijkstra,0.864,True,0.00026541399984125746
1,2,46,51,0.6,ILP,0.944,True,0.3255422115325928
1,2,46,51,0.6,MILP,0.944,True,0.11963868141174316
1,2,46,51,0.6,Dijkstra,0.944,True,0.00026690400000006775
1,2,46,51,0.7,ILP,0.978,True,0.14713358879089355
1,2,46,51,0.7,MILP,0.978,True,0.09726810455322266
1,2,46,51,0.7,Dijkstra,0.978,True,0.00030159800007822923
1,2,46,51,0.8,ILP,0.988,True,0.14135289192199707
1,2,46,51,0.8,MILP,0.988,True,0.10015177726745605
1,2,46,51,0.8,Dijkstra,0.988,True,0.00030652399982500356
1,2,46,51,0.9,ILP,0.992,True,0.1388533115386963
1,2,46,51,0.9,MILP,0.992,False,0.10189270973205566
1,2,46,51,0.9,Dijkstra,0.992,True,0.0002893830001085007
1,3,33,8,0.5,ILP,0.994,True,0.1096808910369873
1,3,33,8,0.5,MILP,0.994,True,0.12361717224121094
1,3,33,8,0.5,Dijkstra,0.994,True,0.0004584510002132447
1,3,33,8,0.6,ILP,0.998,True,0.09980416297912598
1,3,33,8,0.6,MILP,0.998,True,0.11010527610778809
1,3,33,8,0.6,Dijkstra,0.998,True,0.00027951199990639
1,3,33,8,0.7,ILP,0.998,True,0.09207725524902344
1,3,33,8,0.7,MILP,0.998,True,0.10227441787719727
1,3,33,8,0.7,Dijkstra,0.998,True,0.00031150199993135175
1,3,33,8,0.8,ILP,0.998,True,0.09893393516540527
1,3,33,8,0.8,MILP,0.998,True,0.11044025421142578
1,3,33,8,0.8,Dijkstra,0.998,True,0.00029084800007694867
1,3,33,8,0.9,ILP,0.998,True,0.10402822494506836
1,3,33,8,0.9,MILP,0.998,True,0.10575723648071289
1,3,33,8,0.9,Dijkstra,0.998,True,0.00030512800003634766
1,4,54,29,0.5,ILP,0.9319999999999999,True,1.043483018875122
1,4,54,29,0.5,MILP,0.9319999999999999,True,0.13690423965454102
1,4,54,29,0.5,Dijkstra,0.9319999999999999,True,0.00031841700001677964
1,4,54,29,0.6,ILP,0.972,True,0.47962450981140137
1,4,54,29,0.6,MILP,0.972,True,0.10022091865539551
1,4,54,29,0.6,Dijkstra,0.972,True,0.0003128589996777009
1,4,54,29,0.7,ILP,0.99,True,0.1295616626739502
1,4,54,29,0.7,MILP,0.99,True,0.09373211860656738
1,4,54,29,0.7,Dijkstra,0.99,True,0.00031133099992075586
1,4,54,29,0.8,ILP,0.994,True,0.1263575553894043
1,4,54,29,0.8,MILP,0.994,True,0.09782290458679199
1,4,54,29,0.8,Dijkstra,0.994,True,0.0002851869999176415
1,4,54,29,0.9,ILP,0.996,True,0.11224484443664551
1,4,54,29,0.9,MILP,0.996,True,0.09688115119934082
1,4,54,29,0.9,Dijkstra,0.996,True,0.00031761300033394946
1,5,32,24,0.5,ILP,0.942,True,0.42707061767578125
1,5,32,24,0.5,MILP,0.942,True,0.10138201713562012
1,5,32,24,0.5,Dijkstra,0.942,True,0.0003065639998567349
1,5,32,24,0.6,ILP,0.974,True,0.20923304557800293
1,5,32,24,0.6,MILP,0.974,True,0.1143491268157959
1,5,32,24,0.6,Dijkstra,0.974,True,0.00036813500037169433
1,5,32,24,0.7,ILP,0.984,True,0.21722078323364258
1,5,32,24,0.7,MILP,0.984,False,0.11406970024108887
1,5,32,24,0.7,Dijkstra,0.984,False,0.00027497300015966175
1,5,32,24,0.8,ILP,0.994,True,0.18099570274353027
1,5,32,24,0.8,MILP,0.994,True,0.09417915344238281
1,5,32,24,0.8,Dijkstra,0.994,True,0.0003171160001329554
1,5,32,24,0.9,ILP,0.998,True,0.1439671516418457
1,5,32,24,0.9,MILP,0.998,True,0.09600663185119629
1,5,32,24,0.9,Dijkstra,0.998,True,0.00029837900001439266
1,6,50,41,0.5,ILP,0.996,True,0.11283516883850098
1,6,50,41,0.5,MILP,0.996,True,0.09969329833984375
1,6,50,41,0.5,Dijkstra,0.996,True,0.00030011499984539114
1,6,50,41,0.6,ILP,0.996,True,0.10697770118713379
1,6,50,41,0.6,MILP,0.996,True,0.09853172302246094
1,6,50,41,0.6,Dijkstra,0.996,True,0.0002567599999565573
1,6,50,41,0.7,ILP,0.996,True,0.11014294624328613
1,6,50,41,0.7,MILP,0.996,True,0.09695672988891602
1,6,50,41,0.7,Dijkstra,0.996,True,0.0002611680001791683
1,6,50,41,0.8,ILP,0.998,True,0.10200357437133789
1,6,50,41,0.8,MILP,0.998,True,0.09577655792236328
1,6,50,41,0.8,Dijkstra,0.998,True,0.0002735409998422256
1,6,50,41,0.9,ILP,0.998,True,0.0996558666229248
1,6,50,41,0.9,MILP,0.998,True,0.0945894718170166
1,6,50,41,0.9,Dijkstra,0.998,True,0.00030609599980380153
1,7,26,53,0.5,ILP,0.976,True,0.24875426292419434
1,7,26,53,0.5,MILP,0.954,False,0.4040555953979492
1,7,26,53,0.5,Dijkstra,0.976,True,0.0003217059997950855
1,7,26,53,0.6,ILP,0.982,True,0.24007391929626465
1,7,26,53,0.6,MILP,0.98,False,0.15322089195251465
1,7,26,53,0.6,Dijkstra,0.982,True,0.00031437100005859975
1,7,26,53,0.7,ILP,0.992,True,0.1278226375579834
1,7,26,53,0.7,MILP,0.992,False,0.1277782917022705
1,7,26,53,0.7,Dijkstra,0.986,False,0.000305495999782579
1,7,26,53,0.8,ILP,0.996,True,0.10682845115661621
1,7,26,53,0.8,MILP,0.994,False,0.13536858558654785
1,7,26,53,0.8,Dijkstra,0.992,False,0.0003019330001734488
1,7,26,53,0.9,ILP,0.998,True,0.09353399276733398
1,7,26,53,0.9,MILP,0.998,True,0.09618258476257324
1,7,26,53,0.9,Dijkstra,0.994,False,0.0002906600002461346
1,8,35,28,0.5,ILP,0.928,True,0.36801648139953613
1,8,35,28,0.5,MILP,0.928,True,0.1154489517211914
1,8,35,28,0.5,Dijkstra,0.928,True,0.0002667650001058064
1,8,35,28,0.6,ILP,0.972,True,0.175797700881958
1,8,35,28,0.6,MILP,0.972,True,0.09991621971130371
1,8,35,28,0.6,Dijkstra,0.972,True,0.0003009110000675719
1,8,35,28,0.7,ILP,0.99,True,0.13773703575134277
1,8,35,28,0.7,MILP,0.99,True,0.10165071487426758
1,8,35,28,0.7,Dijkstra,0.99,True,0.0002866580002773844
1,8,35,28,0.8,ILP,0.992,True,0.14280080795288086
1,8,35,28,0.8,MILP,0.992,True,0.1184394359588623
1,8,35,28,0.8,Dijkstra,0.992,True,0.0003728889996637008
1,8,35,28,0.9,ILP,0.996,True,0.12000608444213867
1,8,35,28,0.9,MILP,0.996,True,0.10015058517456055
1,8,35,28,0.9,Dijkstra,0.996,True,0.000277395000011893
1,9,57,4,0.5,ILP,0.988,True,0.12303829193115234
1,9,57,4,0.5,MILP,0.988,True,0.08943629264831543
1,9,57,4,0.5,Dijkstra,0.988,True,0.0003524820003804052
1,9,57,4,0.6,ILP,0.996,True,0.09815168380737305
1,9,57,4,0.6,MILP,0.996,True,0.09613037109375
1,9,57,4,0.6,Dijkstra,0.996,True,0.0002727989999584679
1,9,57,4,0.7,ILP,0.996,True,0.12477254867553711
1,9,57,4,0.7,MILP,0.996,True,0.09478425979614258
1,9,57,4,0.7,Dijkstra,0.996,True,0.00034239099977639853
1,9,57,4,0.8,ILP,0.998,True,0.09431219100952148
1,9,57,4,0.8,MILP,0.998,True,0.0894014835357666
1,9,57,4,0.8,Dijkstra,0.998,True,0.00027325100018060766
1,9,57,4,0.9,ILP,0.998,True,0.0867464542388916
1,9,57,4,0.9,MILP,0.998,True,0.09237217903137207
1,9,57,4,0.9,Dijkstra,0.998,True,0.0002673560002222075
1,10,55,53,0.5,ILP,0.976,True,0.1662158966064453
1,10,55,53,0.5,MILP,0.976,True,0.237473726272583
1,10,55,53,0.5,Dijkstra,0.976,True,0.00034867800013671513
1,10,55,53,0.6,ILP,0.984,True,0.17946124076843262
1,10,55,53,0.6,MILP,0.98,False,0.14758968353271484
1,10,55,53,0.6,Dijkstra,0.984,True,0.0003195069998582767
1,10,55,53,0.7,ILP,0.99,True,0.29166269302368164
1,10,55,53,0.7,MILP,0.99,False,0.11431431770324707
1,10,55,53,0.7,Dijkstra,0.988,False,0.000288346999695932
1,10,55,53,0.8,ILP,0.996,True,0.10230541229248047
1,10,55,53,0.8,MILP,0.996,False,0.11646890640258789
1,10,55,53,0.8,Dijkstra,0.992,False,0.00029629199980263365
1,10,55,53,0.9,ILP,0.998,True,0.10993075370788574
1,10,55,53,0.9,MILP,0.996,False,0.10412788391113281
1,10,55,53,0.9,Dijkstra,0.996,False,0.0002871130000130506
1,11,17,41,0.5,ILP,0.966,True,2.5220210552215576
1,11,17,41,0.5,MILP,0.966,False,0.11720514297485352
1,11,17,41,0.5,Dijkstra,0.966,False,0.0003430149999985588
1,11,17,41,0.6,ILP,0.982,True,0.5571961402893066
1,11,17,41,0.6,MILP,0.982,False,0.12777495384216309
1,11,17,41,0.6,Dijkstra,0.982,False,0.0003361659996699018
1,11,17,41,0.7,ILP,0.994,True,0.3423428535461426
1,11,17,41,0.7,MILP,0.994,True,0.14198899269104004
1,11,17,41,0.7,Dijkstra,0.994,True,0.0003090700001848745
1,11,17,41,0.8,ILP,0.998,True,0.17409443855285645
1,11,17,41,0.8,MILP,0.998,True,0.12723278999328613
1,11,17,41,0.8,Dijkstra,0.998,True,0.0002953299999717274
1,11,17,41,0.9,ILP,0.998,True,0.16621923446655273
1,11,17,41,0.9,MILP,0.998,True,0.12760281562805176
1,11,17,41,0.9,Dijkstra,0.998,True,0.00028023999993820325
1,12,45,23,0.5,ILP,0.99,True,0.10244894027709961
1,12,45,23,0.5,MILP,0.99,False,0.0999917984008789
1,12,45,23,0.5,Dijkstra,0.99,True,0.0002853350001714716
1,12,45,23,0.6,ILP,0.994,True,0.10098385810852051
1,12,45,23,0.6,MILP,0.994,False,0.10038518905639648
1,12,45,23,0.6,Dijkstra,0.994,True,0.00026707500001066364
1,12,45,23,0.7,ILP,0.998,True,0.11488103866577148
1,12,45,23,0.7,MILP,0.996,False,0.09427070617675781
1,12,45,23,0.7,Dijkstra,0.996,False,0.00033644399991317187
1,12,45,23,0.8,ILP,0.998,True,0.08849430084228516
1,12,45,23,0.8,MILP,0.998,True,0.08627581596374512
1,12,45,23,0.8,Dijkstra,0.998,True,0.0002741859998423024
1,12,45,23,0.9,ILP,0.998,True,0.08798360824584961
1,12,45,23,0.9,MILP,0.998,True,0.08572959899902344
1,12,45,23,0.9,Dijkstra,0.998,True,0.0002952019999611366
1,13,4,63,0.5,ILP,0.926,True,0.2618556022644043
1,13,4,63,0.5,MILP,0.926,True,0.12047290802001953
1,13,4,63,0.5,Dijkstra,0.926,True,0.0002982920000249578
1,13,4,63,0.6,ILP,0.964,True,0.2791316509246826
1,13,4,63,0.6,MILP,0.964,True,0.12307929992675781
1,13,4,63,0.6,Dijkstra,0.964,True,0.0002871249998861458
1,13,4,63,0.7,ILP,0.984,True,0.14451241493225098
1,13,4,63,0.7,MILP,0.984,True,0.11956977844238281
1,13,4,63,0.7,Dijkstra,0.984,True,0.00029855299999326235
1,13,4,63,0.8,ILP,0.988,True,0.15027070045471191
1,13,4,63,0.8,MILP,0.988,True,0.11768126487731934
1,13,4,63,0.8,Dijkstra,0.988,True,0.0002867399998649489
1,13,4,63,0.9,ILP,0.996,True,0.11267662048339844
1,13,4,63,0.9,MILP,0.996,True,0.11605000495910645
1,13,4,63,0.9,Dijkstra,0.996,True,0.0002735630000643141
1,14,44,50,0.5,ILP,0.966,True,0.18376684188842773
1,14,44,50,0.5,MILP,0.966,True,0.08938241004943848
1,14,44,50,0.5,Dijkstra,0.966,True,0.00030761300013182336
1,14,44,50,0.6,ILP,0.982,True,0.18167805671691895
1,14,44,50,0.6,MILP,0.982,True,0.09069418907165527
1,14,44,50,0.6,Dijkstra,0.982,True,0.00027364300012777676
1,14,44,50,0.7,ILP,0.994,True,0.09495186805725098
1,14,44,50,0.7,MILP,0.994,True,0.0891411304473877
1,14,44,50,0.7,Dijkstra,0.994,True,0.00027515100009622984
1,14,44,50,0.8,ILP,0.996,True,0.10339999198913574
1,14,44,50,0.8,MILP,0.996,True,0.08812308311462402
1,14,44,50,0.8,Dijkstra,0.996,True,0.0002611680001791683
1,14,44,50,0.9,ILP,0.998,True,0.08797287940979004
1,14,44,50,0.9,MILP,0.998,True,0.10621118545532227
1,14,44,50,0.9,Dijkstra,0.998,True,0.0002681070000107866
1,15,49,12,0.5,ILP,0.984,True,0.1546306610107422
1,15,49,12,0.5,MILP,0.984,True,0.7319839000701904
1,15,49,12,0.5,Dijkstra,0.984,True,0.0003167750001011882
1,15,49,12,0.6,ILP,0.986,True,0.20969176292419434
1,15,49,12,0.6,MILP,0.968,False,0.6156320571899414
1,15,49,12,0.6,Dijkstra,0.986,True,0.0003269650001129776
1,15,49,12,0.7,ILP,0.99,True,0.231170654296875
1,15,49,12,0.7,MILP,0.986,False,0.555138349533081
1,15,49,12,0.7,Dijkstra,0.99,False,0.0002872390000447922
1,15,49,12,0.8,ILP,0.994,True,0.15408706665039062
1,15,49,12,0.8,MILP,0.992,False,0.37118101119995117
1,15,49,12,0.8,Dijkstra,0.994,True,0.00030451400016318075
1,15,49,12,0.9,ILP,0.996,True,0.13338375091552734
1,15,49,12,0.9,MILP,0.994,False,0.3304121494293213
1,15,49,12,0.9,Dijkstra,0.996,True,0.0002876580001611728
1,16,32,2,0.5,ILP,0.768,True,3.484220027923584
1,16,32,2,0.5,MILP,0.768,True,0.3127124309539795
1,16,32,2,0.5,Dijkstra,0.768,True,0.00032059299974207534
1,16,32,2,0.6,ILP,0.88,True,3.0958030223846436
1,16,32,2,0.6,MILP,0.88,False,0.2752711772918701
1,16,32,2,0.6,Dijkstra,0.88,True,0.00032323499999620253
1,16,32,2,0.7,ILP,0.938,True,1.5255250930786133
1,16,32,2,0.7,MILP,0.938,False,0.2470564842224121
1,16,32,2,0.7,Dijkstra,0.938,True,0.0002796719995785679
1,16,32,2,0.8,ILP,0.974,True,0.5043768882751465
1,16,32,2,0.8,MILP,0.974,True,0.15240955352783203
1,16,32,2,0.8,Dijkstra,0.974,True,0.00029428000016196165
1,16,32,2,0.9,ILP,0.994,True,0.15498805046081543
1,16,32,2,0.9,MILP,0.994,False,0.15642786026000977
1,16,32,2,0.9,Dijkstra,0.994,True,0.0002880749998439569
1,17,35,10,0.5,ILP,0.9400000000000001,True,0.4668998718261719
1,17,35,10,0.5,MILP,0.94,True,0.3362436294555664
1,17,35,10,0.5,Dijkstra,0.94,True,0.00032809100002850755
1,17,35,10,0.6,ILP,0.978,True,0.3323483467102051
1,17,35,10,0.6,MILP,0.978,True,0.20172929763793945
1,17,35,10,0.6,Dijkstra,0.978,True,0.0003150659999846539
1,17,35,10,0.7,ILP,0.992,True,0.1485888957977295
1,17,35,10,0.7,MILP,0.992,True,0.13558745384216309
1,17,35,10,0.7,Dijkstra,0.992,True,0.00033990099973379984
1,17,35,10,0.8,ILP,0.996,True,0.1137545108795166
1,17,35,10,0.8,MILP,0.994,False,0.11297941207885742
1,17,35,10,0.8,Dijkstra,0.994,False,0.0002914049996434187
1,17,35,10,0.9,ILP,0.998,True,0.09721231460571289
1,17,35,10,0.9,MILP,0.998,True,0.09728121757507324
1,17,35,10,0.9,Dijkstra,0.998,True,0.0003004569998665829
1,18,48,44,0.5,ILP,0.944,True,0.34102964401245117
1,18,48,44,0.5,MILP,0.944,True,0.11761713027954102
1,18,48,44,0.5,Dijkstra,0.944,True,0.0003996669997832214
1,18,48,44,0.6,ILP,0.986,True,0.12318253517150879
1,18,48,44,0.6,MILP,0.986,True,0.0945577621459961
1,18,48,44,0.6,Dijkstra,0.986,True,0.00035730999979932676
1,18,48,44,0.7,ILP,0.992,True,0.10894036293029785
1,18,48,44,0.7,MILP,0.992,False,0.09557414054870605
1,18,48,44,0.7,Dijkstra,0.992,True,0.0002787829998851521
1,18,48,44,0.8,ILP,0.996,True,0.10395359992980957
1,18,48,44,0.8,MILP,0.996,True,0.09415602684020996
1,18,48,44,0.8,Dijkstra,0.996,True,0.000281931999779772
1,18,48,44,0.9,ILP,0.998,True,0.08985638618469238
1,18,48,44,0.9,MILP,0.998,True,0.09091329574584961
1,18,48,44,0.9,Dijkstra,0.998,True,0.0003162689999953727
1,19,26,21,0.5,ILP,0.908,True,0.39092135429382324
1,19,26,21,0.5,MILP,0.908,True,0.10906291007995605
1,19,26,21,0.5,Dijkstra,0.908,True,0.00032135199990079855
1,19,26,21,0.6,ILP,0.962,True,0.2474498748779297
1,19,26,21,0.6,MILP,0.962,True,0.10518670082092285
1,19,26,21,0.6,Dijkstra,0.962,True,0.0003198220001650043
1,19,26,21,0.7,ILP,0.978,True,0.2138655185699463
1,19,26,21,0.7,MILP,0.978,False,0.09530019760131836
1,19,26,21,0.7,Dijkstra,0.978,False,0.0003055659999517957
1,19,26,21,0.8,ILP,0.988,True,0.1902294158935547
1,19,26,21,0.8,MILP,0.988,True,0.10232973098754883
1,19,26,21,0.8,Dijkstra,0.988,True,0.00030163400015226216
1,19,26,21,0.9,ILP,0.99,True,0.24448704719543457
1,19,26,21,0.9,MILP,0.99,True,0.10304975509643555
1,19,26,21,0.9,Dijkstra,0.99,True,0.00035991200002172263
2,0,34,63,0.5,ILP,0.894,True,2.357170820236206
2,0,34,63,0.5,MILP,0.894,True,0.8311047554016113
2,0,34,63,0.5,Dijkstra,0.894,True,0.0002953590001197881
2,0,34,63,0.6,ILP,0.946,True,2.1864840984344482
2,0,34,63,0.6,MILP,0.946,False,0.9053316116333008
2,0,34,63,0.6,Dijkstra,0.946,True,0.0002878999998756626
2,0,34,63,0.7,ILP,0.972,True,1.7603843212127686
2,0,34,63,0.7,MILP,0.972,True,0.6347379684448242
2,0,34,63,0.7,Dijkstra,0.972,True,0.00034160299992436194
2,0,34,63,0.8,ILP,0.984,True,1.9184703826904297
2,0,34,63,0.8,MILP,0.984,False,0.834726095199585
2,0,34,63,0.8,Dijkstra,0.982,False,0.00032965399987006094
2,0,34,63,0.9,ILP,0.994,True,1.2650818824768066
2,0,34,63,0.9,MILP,0.992,False,0.4962027072906494
2,0,34,63,0.9,Dijkstra,0.992,False,0.0002946059998976125
2,1,47,49,0.5,ILP,0.982,True,0.0841360092163086
2,1,47,49,0.5,MILP,0.982,True,0.08689713478088379
2,1,47,49,0.5,Dijkstra,0.982,True,0.0003582210001695785
2,1,47,49,0.6,ILP,0.992,True,0.09952259063720703
2,1,47,49,0.6,MILP,0.992,True,0.08379817008972168
2,1,47,49,0.6,Dijkstra,0.992,True,0.0002746170002865256
2,1,47,49,0.7,ILP,0.996,True,0.08420395851135254
2,1,47,49,0.7,MILP,0.996,True,0.08397293090820312
2,1,47,49,0.7,Dijkstra,0.996,True,0.00024935900000855327
2,1,47,49,0.8,ILP,0.996,True,0.0871272087097168
2,1,47,49,0.8,MILP,0.996,True,0.08357501029968262
2,1,47,49,0.8,Dijkstra,0.996,True,0.0002604480000627518
2,1,47,49,0.9,ILP,0.996,True,0.0812833309173584
2,1,47,49,0.9,MILP,0.996,True,0.08519673347473145
2,1,47,49,0.9,Dijkstra,0.996,True,0.00027969099983238266
2,2,46,51,0.5,ILP,0.862,True,0.5188953876495361
2,2,46,51,0.5,MILP,0.862,False,0.23903608322143555
2,2,46,51,0.5,Dijkstra,0.862,True,0.0002942359997177846
2,2,46,51,0.6,ILP,0.924,True,0.3999965190887451
2,2,46,51,0.6,MILP,0.924,False,0.17753267288208008
2,2,46,51,0.6,Dijkstra,0.924,True,0.0003188910000062606
2,2,46,51,0.7,ILP,0.966,True,0.3071906566619873
2,2,46,51,0.7,MILP,0.966,False,0.11795735359191895
2,2,46,51,0.7,Dijkstra,0.966,False,0.0002936779997071426
2,2,46,51,0.8,ILP,0.978,True,0.38497352600097656
2,2,46,51,0.8,MILP,0.978,False,0.11250805854797363
2,2,46,51,0.8,Dijkstra,0.978,False,0.00027033100013795774
2,2,46,51,0.9,ILP,0.996,True,0.09358978271484375
2,2,46,51,0.9,MILP,0.996,True,0.0938265323638916
2,2,46,51,0.9,Dijkstra,0.996,True,0.0002781110001706111
2,3,33,8,0.5,ILP,0.958,True,0.2655954360961914
2,3,33,8,0.5,MILP,0.958,True,0.09911155700683594
2,3,33,8,0.5,Dijkstra,0.958,True,0.0002799769999910495
2,3,33,8,0.6,ILP,0.982,True,0.17543625831604004
2,3,33,8,0.6,MILP,0.982,True,0.10142660140991211
2,3,33,8,0.6,Dijkstra,0.982,True,0.00027247200023339246
2,3,33,8,0.7,ILP,0.996,True,0.11651372909545898
2,3,33,8,0.7,MILP,0.996,True,0.09873366355895996
2,3,33,8,0.7,Dijkstra,0.996,True,0.00032020499975260464
2,3,33,8,0.8,ILP,0.998,True,0.0918281078338623
2,3,33,8,0.8,MILP,0.998,True,0.11557412147521973
2,3,33,8,0.8,Dijkstra,0.998,True,0.0002886459997171187
2,3,33,8,0.9,ILP,0.998,True,0.09251999855041504
2,3,33,8,0.9,MILP,0.998,True,0.10740494728088379
2,3,33,8,0.9,Dijkstra,0.998,True,0.00025583000024198554
2,4,54,29,0.5,ILP,0.964,True,0.7670605182647705
2,4,54,29,0.5,MILP,0.964,True,0.2390303611755371
2,4,54,29,0.5,Dijkstra,0.964,True,0.00033229700011361274
2,4,54,29,0.6,ILP,0.984,True,0.6058516502380371
2,4,54,29,0.6,MILP,0.984,True,0.13385343551635742
2,4,54,29,0.6,Dijkstra,0.984,True,0.00028538900005514733
2,4,54,29,0.7,ILP,0.996,True,0.10152959823608398
2,4,54,29,0.7,MILP,0.992,False,0.10143232345581055
2,4,54,29,0.7,Dijkstra,0.996,True,0.00028712900029859156
2,4,54,29,0.8,ILP,0.998,True,0.08570003509521484
2,4,54,29,0.8,MILP,0.998,True,0.08453631401062012
2,4,54,29,0.8,Dijkstra,0.998,False,0.000282145999790373
2,4,54,29,0.9,ILP,0.998,True,0.08777880668640137
2,4,54,29,0.9,MILP,0.998,True,0.08326244354248047
2,4,54,29,0.9,Dijkstra,0.998,False,0.00028079499998057145
2,5,32,24,0.5,ILP,0.926,True,0.6932103633880615
2,5,32,24,0.5,MILP,0.926,True,0.0994269847869873
2,5,32,24,0.5,Dijkstra,0.926,True,0.00028486700011853827
2,5,32,24,0.6,ILP,0.954,True,0.5481407642364502
2,5,32,24,0.6,MILP,0.954,True,0.09698772430419922
2,5,32,24,0.6,Dijkstra,0.954,True,0.00028775800001312746
2,5,32,24,0.7,ILP,0.972,True,0.43822622299194336
2,5,32,24,0.7,MILP,0.972,True,0.10156059265136719
2,5,32,24,0.7,Dijkstra,0.972,True,0.0003328739999233221
2,5,32,24,0.8,ILP,0.988,True,0.356245756149292
2,5,32,24,0.8,MILP,0.988,True,0.11153531074523926
2,5,32,24,0.8,Dijkstra,0.988,True,0.0002757069996732753
2,5,32,24,0.9,ILP,0.994,True,0.1701183319091797
2,5,32,24,0.9,MILP,0.994,False,0.1137394905090332
2,5,32,24,0.9,Dijkstra,0.994,False,0.00027247600019109086
2,6,50,41,0.5,ILP,0.986,True,0.10415101051330566
2,6,50,41,0.5,MILP,0.986,True,0.1028904914855957
2,6,50,41,0.5,Dijkstra,0.986,True,0.0003115640001851716
2,6,50,41,0.6,ILP,0.996,True,0.09588074684143066
2,6,50,41,0.6,MILP,0.996,True,0.09397411346435547
2,6,50,41,0.6,Dijkstra,0.996,True,0.00025336199996672804
2,6,50,41,0.7,ILP,0.998,True,0.09548044204711914
2,6,50,41,0.7,MILP,0.998,True,0.09293174743652344
2,6,50,41,0.7,Dijkstra,0.998,True,0.00028161000000181957
2,6,50,41,0.8,ILP,0.998,True,0.09662580490112305
2,6,50,41,0.8,MILP,0.998,True,0.09163284301757812
2,6,50,41,0.8,Dijkstra,0.998,True,0.00024493199998687487
2,6,50,41,0.9,ILP,0.998,True,0.09965944290161133
2,6,50,41,0.9,MILP,0.998,True,0.09058952331542969
2,6,50,41,0.9,Dijkstra,0.998,True,0.00025470700029472937
2,7,26,53,0.5,ILP,0.918,True,0.5566403865814209
2,7,26,53,0.5,MILP,0.918,True,0.10511040687561035
2,7,26,53,0.5,Dijkstra,0.918,True,0.00032405999991169665
2,7,26,53,0.6,ILP,0.964,True,0.2798149585723877
2,7,26,53,0.6,MILP,0.964,True,0.10508036613464355
2,7,26,53,0.6,Dijkstra,0.964,True,0.00029059000007691793
2,7,26,53,0.7,ILP,0.984,True,0.15991640090942383
2,7,26,53,0.7,MILP,0.984,True,0.09511399269104004
2,7,26,53,0.7,Dijkstra,0.984,True,0.00030780799988860963
2,7,26,53,0.8,ILP,0.992,True,0.11502671241760254
2,7,26,53,0.8,MILP,0.992,True,0.10200238227844238
2,7,26,53,0.8,Dijkstra,0.992,True,0.0002962729995488189
2,7,26,53,0.9,ILP,0.994,True,0.12118673324584961
2,7,26,53,0.9,MILP,0.994,True,0.09694647789001465
2,7,26,53,0.9,Dijkstra,0.994,True,0.00030069300009927247
2,8,35,28,0.5,ILP,0.968,True,0.6669435501098633
2,8,35,28,0.5,MILP,0.968,True,0.1340939998626709
2,8,35,28,0.5,Dijkstra,0.968,True,0.00030070999991949066
2,8,35,28,0.6,ILP,0.988,True,0.2656874656677246
2,8,35,28,0.6,MILP,0.988,True,0.11023545265197754
2,8,35,28,0.6,Dijkstra,0.988,True,0.0002794990000438702
2,8,35,28,0.7,ILP,0.992,True,0.2274935245513916
2,8,35,28,0.7,MILP,0.992,True,0.09767603874206543
2,8,35,28,0.7,Dijkstra,0.992,True,0.0003005710000252293
2,8,35,28,0.8,ILP,0.994,True,0.17551827430725098
2,8,35,28,0.8,MILP,0.994,True,0.1199488639831543
2,8,35,28,0.8,Dijkstra,0.994,True,0.0002908289998231339
2,8,35,28,0.9,ILP,0.998,True,0.10141444206237793
2,8,35,28,0.9,MILP,0.998,True,0.1028909683227539
2,8,35,28,0.9,Dijkstra,0.998,True,0.00036550200002238853
2,9,57,4,0.5,ILP,0.976,True,0.16894125938415527
2,9,57,4,0.5,MILP,0.976,True,0.09274911880493164
2,9,57,4,0.5,Dijkstra,0.976,True,0.00027941500002270914
2,9,57,4,0.6,ILP,0.994,True,0.09206318855285645
2,9,57,4,0.6,MILP,0.994,True,0.09150362014770508
2,9,57,4,0.6,Dijkstra,0.994,True,0.0002760980000857671
2,9,57,4,0.7,ILP,0.996,True,0.0876469612121582
2,9,57,4,0.7,MILP,0.996,True,0.09242534637451172
2,9,57,4,0.7,Dijkstra,0.996,True,0.0002644629998940218
2,9,57,4,0.8,ILP,0.998,True,0.08760356903076172
2,9,57,4,0.8,MILP,0.998,True,0.09303116798400879
2,9,57,4,0.8,Dijkstra,0.998,True,0.00026633200013748137
2,9,57,4,0.9,ILP,0.998,True,0.08684706687927246
2,9,57,4,0.9,MILP,0.998,True,0.09361910820007324
2,9,57,4,0.9,Dijkstra,0.998,True,0.00039819399989937665
2,10,55,53,0.5,ILP,0.908,True,0.40363430976867676
2,10,55,53,0.5,MILP,0.908,True,0.10658717155456543
2,10,55,53,0.5,Dijkstra,0.908,True,0.00029025899993939674
2,10,55,53,0.6,ILP,0.956,True,0.2697482109069824
2,10,55,53,0.6,MILP,0.956,True,0.11275815963745117
2,10,55,53,0.6,Dijkstra,0.956,True,0.0002815279999595077
2,10,55,53,0.7,ILP,0.976,True,0.2458350658416748
2,10,55,53,0.7,MILP,0.972,False,0.1311497688293457
2,10,55,53,0.7,Dijkstra,0.976,True,0.0002709279997361591
2,10,55,53,0.8,ILP,0.988,True,0.14063310623168945
2,10,55,53,0.8,MILP,0.986,False,0.08712267875671387
2,10,55,53,0.8,Dijkstra,0.988,True,0.0002720429997680185
2,10,55,53,0.9,ILP,0.994,True,0.1398324966430664
2,10,55,53,0.9,MILP,0.994,False,0.09702301025390625
2,10,55,53,0.9,Dijkstra,0.99,False,0.0002698160001273209
2,11,17,41,0.5,ILP,0.968,True,0.5879182815551758
2,11,17,41,0.5,MILP,0.968,True,0.11347460746765137
2,11,17,41,0.5,Dijkstra,0.968,True,0.0002815289999489323
2,11,17,41,0.6,ILP,0.984,True,0.5365104675292969
2,11,17,41,0.6,MILP,0.984,True,0.11015796661376953
2,11,17,41,0.6,Dijkstra,0.984,True,0.00028159199973742943
2,11,17,41,0.7,ILP,0.992,True,0.27945446968078613
2,11,17,41,0.7,MILP,0.992,True,0.10906410217285156
2,11,17,41,0.7,Dijkstra,0.992,True,0.00028069999962099246
2,11,17,41,0.8,ILP,0.994,True,0.23125910758972168
2,11,17,41,0.8,MILP,0.994,False,0.12193679809570312
2,11,17,41,0.8,Dijkstra,0.994,False,0.00030048500002521905
2,11,17,41,0.9,ILP,0.996,True,0.9652352333068848
2,11,17,41,0.9,MILP,0.996,True,0.1526200771331787
2,11,17,41,0.9,Dijkstra,0.996,True,0.00028229600002305233
2,12,45,23,0.5,ILP,0.938,True,0.9591569900512695
2,12,45,23,0.5,MILP,0.938,True,0.2012653350830078
2,12,45,23,0.5,Dijkstra,0.9339999999999999,False,0.0002832459999808634
2,12,45,23,0.6,ILP,0.964,True,0.7192878723144531
2,12,45,23,0.6,MILP,0.958,False,0.1936335563659668
2,12,45,23,0.6,Dijkstra,0.956,False,0.00030568000011044205
2,12,45,23,0.7,ILP,0.984,True,0.6303718090057373
2,12,45,23,0.7,MILP,0.984,False,0.10765290260314941
2,12,45,23,0.7,Dijkstra,0.978,False,0.0003156140001010499
2,12,45,23,0.8,ILP,0.994,True,0.16698765754699707
2,12,45,23,0.8,MILP,0.994,True,0.10068678855895996
2,12,45,23,0.8,Dijkstra,0.99,False,0.0002812839998114214
2,12,45,23,0.9,ILP,0.998,True,0.14581942558288574
2,12,45,23,0.9,MILP,0.998,True,0.10779380798339844
2,12,45,23,0.9,Dijkstra,0.994,False,0.00030374900006790995
2,13,4,63,0.5,ILP,0.882,True,0.40296125411987305
2,13,4,63,0.5,MILP,0.882,False,0.12171053886413574
2,13,4,63,0.5,Dijkstra,0.882,True,0.0002724510000007285
2,13,4,63,0.6,ILP,0.9319999999999999,True,0.30764079093933105
2,13,4,63,0.6,MILP,0.9319999999999999,True,0.15562057495117188
2,13,4,63,0.6,Dijkstra,0.9319999999999999,True,0.00025361600000906037
2,13,4,63,0.7,ILP,0.96,True,0.26163721084594727
2,13,4,63,0.7,MILP,0.96,True,0.13472867012023926
2,13,4,63,0.7,Dijkstra,0.96,True,0.0002923670003838197
2,13,4,63,0.8,ILP,0.982,True,0.16434741020202637
2,13,4,63,0.8,MILP,0.982,True,0.13110828399658203
2,13,4,63,0.8,Dijkstra,0.982,True,0.00027901500016014325
2,13,4,63,0.9,ILP,0.988,True,0.14311742782592773
2,13,4,63,0.9,MILP,0.988,True,0.12859344482421875
2,13,4,63,0.9,Dijkstra,0.988,True,0.0003293629997642711
2,14,44,50,0.5,ILP,0.94,True,0.5067994594573975
2,14,44,50,0.5,MILP,0.94,True,0.12535476684570312
2,14,44,50,0.5,Dijkstra,0.94,True,0.0002911699998549011
2,14,44,50,0.6,ILP,0.98,True,0.23425602912902832
2,14,44,50,0.6,MILP,0.98,True,0.11844015121459961
2,14,44,50,0.6,Dijkstra,0.98,True,0.0003050669997719524
2,14,44,50,0.7,ILP,0.99,True,0.19810914993286133
2,14,44,50,0.7,MILP,0.99,False,0.10026359558105469
2,14,44,50,0.7,Dijkstra,0.99,True,0.00029978599968671915
2,14,44,50,0.8,ILP,0.996,True,0.10392403602600098
2,14,44,50,0.8,MILP,0.996,True,0.08942103385925293
2,14,44,50,0.8,Dijkstra,0.996,True,0.00027073199998994824
2,14,44,50,0.9,ILP,0.998,True,0.11737680435180664
2,14,44,50,0.9,MILP,0.998,False,0.13305258750915527
2,14,44,50,0.9,Dijkstra,0.998,True,0.00029995799968673964
2,15,49,12,0.5,ILP,0.958,True,0.5029804706573486
2,15,49,12,0.5,MILP,0.956,False,0.2667500972747803
2,15,49,12,0.5,Dijkstra,0.956,False,0.0002987890002259519
2,15,49,12,0.6,ILP,0.976,True,0.3330965042114258
2,15,49,12,0.6,MILP,0.976,True,0.19652295112609863
2,15,49,12,0.6,Dijkstra,0.976,True,0.00025380799979757285
2,15,49,12,0.7,ILP,0.992,True,0.14091086387634277
2,15,49,12,0.7,MILP,0.992,True,0.15310382843017578
2,15,49,12,0.7,Dijkstra,0.992,True,0.00030247899985624827
2,15,49,12,0.8,ILP,0.996,True,0.13017749786376953
2,15,49,12,0.8,MILP,0.996,True,0.1767139434814453
2,15,49,12,0.8,Dijkstra,0.996,True,0.00032268799986923113
2,15,49,12,0.9,ILP,0.996,True,0.12497591972351074
2,15,49,12,0.9,MILP,0.996,False,0.14938592910766602
2,15,49,12,0.9,Dijkstra,0.996,True,0.0002796600001602201
2,16,32,2,0.5,ILP,0.928,True,1.955226182937622
2,16,32,2,0.5,MILP,0.928,True,0.36086010932922363
2,16,32,2,0.5,Dijkstra,0.92,False,0.0003088929997829837
2,16,32,2,0.6,ILP,0.964,True,1.2933368682861328
2,16,32,2,0.6,MILP,0.958,False,0.3388183116912842
2,16,32,2,0.6,Dijkstra,0.964,True,0.0002768100002867868
2,16,32,2,0.7,ILP,0.98,True,0.9142241477966309
2,16,32,2,0.7,MILP,0.98,True,0.517664909362793
2,16,32,2,0.7,Dijkstra,0.976,False,0.00033153499998661573
2,16,32,2,0.8,ILP,0.99,True,0.8061339855194092
2,16,32,2,0.8,MILP,0.99,False,0.14697599411010742
2,16,32,2,0.8,Dijkstra,0.986,False,0.0002908910000769538
2,16,32,2,0.9,ILP,0.998,True,0.17353129386901855
2,16,32,2,0.9,MILP,0.998,False,0.14857125282287598
2,16,32,2,0.9,Dijkstra,0.988,False,0.0003025529999831633
2,17,35,10,0.5,ILP,0.986,True,0.41725707054138184
2,17,35,10,0.5,MILP,0.986,False,0.913032054901123
2,17,35,10,0.5,Dijkstra,0.986,True,0.0003007130003425118
2,17,35,10,0.6,ILP,0.994,True,0.14879846572875977
2,17,35,10,0.6,MILP,0.994,True,0.4138352870941162
2,17,35,10,0.6,Dijkstra,0.994,True,0.0002789790000861103
2,17,35,10,0.7,ILP,0.994,True,0.3516390323638916
2,17,35,10,0.7,MILP,0.994,False,0.5721795558929443
2,17,35,10,0.7,Dijkstra,0.994,False,0.0002993460002471693
2,17,35,10,0.8,ILP,0.998,True,0.14736676216125488
2,17,35,10,0.8,MILP,0.998,False,0.3087441921234131
2,17,35,10,0.8,Dijkstra,0.998,True,0.00028240499977982836
2,17,35,10,0.9,ILP,0.998,True,0.14246177673339844
2,17,35,10,0.9,MILP,0.994,False,0.18721818923950195
2,17,35,10,0.9,Dijkstra,0.998,True,0.00028975499981243047
2,18,48,44,0.5,ILP,0.906,True,0.5385985374450684
2,18,48,44,0.5,MILP,0.906,False,0.11373448371887207
2,18,48,44,0.5,Dijkstra,0.906,False,0.00027837799962071585
2,18,48,44,0.6,ILP,0.956,True,0.3590362071990967
2,18,48,44,0.6,MILP,0.956,True,0.09433627128601074
2,18,48,44,0.6,Dijkstra,0.956,True,0.00026658599972506636
2,18,48,44,0.7,ILP,0.978,True,0.19956421852111816
2,18,48,44,0.7,MILP,0.978,False,0.11762809753417969
2,18,48,44,0.7,Dijkstra,0.978,False,0.00029257500000312575
2,18,48,44,0.8,ILP,0.994,True,0.10657191276550293
2,18,48,44,0.8,MILP,0.994,True,0.09179830551147461
2,18,48,44,0.8,Dijkstra,0.994,True,0.00026452300016899244
2,18,48,44,0.9,ILP,0.996,True,0.1105642318725586
2,18,48,44,0.9,MILP,0.996,True,0.14099383354187012
2,18,48,44,0.9,Dijkstra,0.996,True,0.0002963779998026439
2,19,26,21,0.5,ILP,0.918,True,0.5800881385803223
2,19,26,21,0.5,MILP,0.918,True,0.12033271789550781
2,19,26,21,0.5,Dijkstra,0.918,True,0.000289214000076754
2,19,26,21,0.6,ILP,0.962,True,0.7747130393981934
2,19,26,21,0.6,MILP,0.962,False,0.10785031318664551
2,19,26,21,0.6,Dijkstra,0.962,True,0.0002963639999506995
2,19,26,21,0.7,ILP,0.986,True,0.36487245559692383
2,19,26,21,0.7,MILP,0.986,True,0.10866355895996094
2,19,26,21,0.7,Dijkstra,0.986,True,0.0002931410003839119
2,19,26,21,0.8,ILP,0.994,True,0.32491493225097656
2,19,26,21,0.8,MILP,0.994,True,0.11614084243774414
2,19,26,21,0.8,Dijkstra,0.994,True,0.0002958279997073987
2,19,26,21,0.9,ILP,0.996,True,0.1724081039428711
2,19,26,21,0.9,MILP,0.992,False,0.1037750244140625
2,19,26,21,0.9,Dijkstra,0.994,False,0.00031637299980502576
3,0,34,63,0.5,ILP,0.9339999999999999,True,1.9542961120605469
3,0,34,63,0.5,MILP,0.9339999999999999,False,2.0376129150390625
3,0,34,63,0.5,Dijkstra,0.9339999999999999,True,0.0003575030000320112
3,0,34,63,0.6,ILP,0.962,True,1.3771190643310547
3,0,34,63,0.6,MILP,0.962,False,0.9391224384307861
3,0,34,63,0.6,Dijkstra,0.962,True,0.0003287829999862879
3,0,34,63,0.7,ILP,0.986,True,1.0328361988067627
3,0,34,63,0.7,MILP,0.986,True,0.6999220848083496
3,0,34,63,0.7,Dijkstra,0.986,True,0.00030237100008889684
3,0,34,63,0.8,ILP,0.994,True,0.524714469909668
3,0,34,63,0.8,MILP,0.994,True,0.39702367782592773
3,0,34,63,0.8,Dijkstra,0.994,True,0.0003167190002386633
3,0,34,63,0.9,ILP,0.996,True,0.34314751625061035
3,0,34,63,0.9,MILP,0.996,False,0.20734405517578125
3,0,34,63,0.9,Dijkstra,0.996,False,0.000282465000054799
3,1,47,49,0.5,ILP,0.992,True,0.07885932922363281
3,1,47,49,0.5,MILP,0.992,True,0.08848404884338379
3,1,47,49,0.5,Dijkstra,0.992,True,0.00026800800014825654
3,1,47,49,0.6,ILP,0.996,True,0.07961845397949219
3,1,47,49,0.6,MILP,0.996,True,0.08125066757202148
3,1,47,49,0.6,Dijkstra,0.996,True,0.0002637279999362363
3,1,47,49,0.7,ILP,0.998,True,0.07874274253845215
3,1,47,49,0.7,MILP,0.998,True,0.07978320121765137
3,1,47,49,0.7,Dijkstra,0.998,True,0.0002511650000087684
3,1,47,49,0.8,ILP,0.998,True,0.08429956436157227
3,1,47,49,0.8,MILP,0.998,True,0.08087038993835449
3,1,47,49,0.8,Dijkstra,0.998,True,0.0002884990003622079
3,1,47,49,0.9,ILP,0.998,True,0.07957649230957031
3,1,47,49,0.9,MILP,0.998,True,0.08018851280212402
3,1,47,49,0.9,Dijkstra,0.998,True,0.0002537769996706629
3,2,46,51,0.5,ILP,0.944,True,0.5075459480285645
3,2,46,51,0.5,MILP,0.914,False,0.3438224792480469
3,2,46,51,0.5,Dijkstra,0.944,False,0.0002860810000129277
3,2,46,51,0.6,ILP,0.968,True,0.39351558685302734
3,2,46,51,0.6,MILP,0.966,False,0.19579076766967773
3,2,46,51,0.6,Dijkstra,0.968,True,0.00028891900001326576
3,2,46,51,0.7,ILP,0.984,True,0.32654690742492676
3,2,46,51,0.7,MILP,0.982,False,0.12204217910766602
3,2,46,51,0.7,Dijkstra,0.984,False,0.00028927499988640193
3,2,46,51,0.8,ILP,0.992,True,0.15203428268432617
3,2,46,51,0.8,MILP,0.992,False,0.10497546195983887
3,2,46,51,0.8,Dijkstra,0.99,False,0.00027486899989526137
3,2,46,51,0.9,ILP,0.998,True,0.09099626541137695
3,2,46,51,0.9,MILP,0.998,True,0.09267616271972656
3,2,46,51,0.9,Dijkstra,0.994,False,0.00031524800033366773
3,3,33,8,0.5,ILP,0.988,True,0.23205018043518066
3,3,33,8,0.5,MILP,0.988,False,0.27039265632629395
3,3,33,8,0.5,Dijkstra,0.986,False,0.00030527200033247937
3,3,33,8,0.6,ILP,0.994,True,0.17474913597106934
3,3,33,8,0.6,MILP,0.994,False,0.4063551425933838
3,3,33,8,0.6,Dijkstra,0.99,False,0.0003328389998387138
3,3,33,8,0.7,ILP,0.996,True,0.14527678489685059
3,3,33,8,0.7,MILP,0.992,False,0.4409525394439697
3,3,33,8,0.7,Dijkstra,0.992,False,0.0003048969997507811
3,3,33,8,0.8,ILP,0.996,True,0.1749410629272461
3,3,33,8,0.8,MILP,0.994,False,0.12152838706970215
3,3,33,8,0.8,Dijkstra,0.994,False,0.0002827199996318086
3,3,33,8,0.9,ILP,0.998,True,0.18476414680480957
3,3,33,8,0.9,MILP,0.998,False,0.12298345565795898
3,3,33,8,0.9,Dijkstra,0.998,True,0.00026815900037036045
3,4,54,29,0.5,ILP,0.98,True,0.33931684494018555
3,4,54,29,0.5,MILP,0.98,False,0.12378215789794922
3,4,54,29,0.5,Dijkstra,0.98,True,0.0003023210001629195
3,4,54,29,0.6,ILP,0.984,True,0.4227457046508789
3,4,54,29,0.6,MILP,0.984,False,0.10808610916137695
3,4,54,29,0.6,Dijkstra,0.984,True,0.0002955850000034843
3,4,54,29,0.7,ILP,0.99,True,0.3957555294036865
3,4,54,29,0.7,MILP,0.99,False,0.11984133720397949
3,4,54,29,0.7,Dijkstra,0.99,True,0.00029704200005653547
3,4,54,29,0.8,ILP,0.996,True,0.13915586471557617
3,4,54,29,0.8,MILP,0.996,True,0.10214996337890625
3,4,54,29,0.8,Dijkstra,0.996,True,0.00029605200006699306
3,4,54,29,0.9,ILP,0.998,True,0.08808469772338867
3,4,54,29,0.9,MILP,0.998,True,0.08543062210083008
3,4,54,29,0.9,Dijkstra,0.998,True,0.00031868199994278257
3,5,32,24,0.5,ILP,0.968,True,0.4911339282989502
3,5,32,24,0.5,MILP,0.968,True,0.21562695503234863
3,5,32,24,0.5,Dijkstra,0.968,True,0.0002821360003508744
3,5,32,24,0.6,ILP,0.988,True,0.1963517665863037
3,5,32,24,0.6,MILP,0.988,True,0.128143310546875
3,5,32,24,0.6,Dijkstra,0.988,True,0.0003160340002068551
3,5,32,24,0.7,ILP,0.99,True,0.1815168857574463
3,5,32,24,0.7,MILP,0.99,True,0.13493561744689941
3,5,32,24,0.7,Dijkstra,0.99,True,0.0003181340002811339
3,5,32,24,0.8,ILP,0.996,True,0.12360072135925293
3,5,32,24,0.8,MILP,0.996,True,0.11300086975097656
3,5,32,24,0.8,Dijkstra,0.996,True,0.00028749300008712453
3,5,32,24,0.9,ILP,0.996,True,0.15727996826171875
3,5,32,24,0.9,MILP,0.996,True,0.10467076301574707
3,5,32,24,0.9,Dijkstra,0.996,True,0.0002889490001507511
3,6,50,41,0.5,ILP,0.998,True,0.08806490898132324
3,6,50,41,0.5,MILP,0.998,True,0.09417319297790527
3,6,50,41,0.5,Dijkstra,0.998,True,0.00026470399961908697
3,6,50,41,0.6,ILP,0.998,True,0.09093093872070312
3,6,50,41,0.6,MILP,0.998,True,0.0931553840637207
3,6,50,41,0.6,Dijkstra,0.998,True,0.00026828000000023167
3,6,50,41,0.7,ILP,0.998,True,0.09781455993652344
3,6,50,41,0.7,MILP,0.998,True,0.10093045234680176
3,6,50,41,0.7,Dijkstra,0.998,True,0.00027442100008556736
3,6,50,41,0.8,ILP,0.998,True,0.09820961952209473
3,6,50,41,0.8,MILP,0.998,True,0.0940859317779541
3,6,50,41,0.8,Dijkstra,0.998,True,0.00029673399967578007
3,6,50,41,0.9,ILP,0.998,True,0.10065603256225586
3,6,50,41,0.9,MILP,0.998,True,0.09511733055114746
3,6,50,41,0.9,Dijkstra,0.998,True,0.0002980459998980223
3,7,26,53,0.5,ILP,0.902,True,0.33845067024230957
3,7,26,53,0.5,MILP,0.902,True,0.1154184341430664
3,7,26,53,0.5,Dijkstra,0.902,True,0.0003883020003740967
3,7,26,53,0.6,ILP,0.956,True,0.3646659851074219
3,7,26,53,0.6,MILP,0.956,True,0.10956788063049316
3,7,26,53,0.6,Dijkstra,0.956,True,0.0003130839995719725
3,7,26,53,0.7,ILP,0.98,True,0.1359117031097412
3,7,26,53,0.7,MILP,0.98,True,0.10349273681640625
3,7,26,53,0.7,Dijkstra,0.98,True,0.0002895030002036947
3,7,26,53,0.8,ILP,0.99,True,0.12322759628295898
3,7,26,53,0.8,MILP,0.99,True,0.09845161437988281
3,7,26,53,0.8,Dijkstra,0.99,True,0.00032395199968959787
3,7,26,53,0.9,ILP,0.994,True,0.09782123565673828
3,7,26,53,0.9,MILP,0.994,True,0.09341073036193848
3,7,26,53,0.9,Dijkstra,0.994,True,0.00031405399977302295
3,8,35,28,0.5,ILP,0.97,True,0.3282144069671631
3,8,35,28,0.5,MILP,0.97,True,0.1330242156982422
3,8,35,28,0.5,Dijkstra,0.97,True,0.0002969229999507661
3,8,35,28,0.6,ILP,0.984,True,0.26104140281677246
3,8,35,28,0.6,MILP,0.984,True,0.11436319351196289
3,8,35,28,0.6,Dijkstra,0.984,True,0.0002849100001185434
3,8,35,28,0.7,ILP,0.994,True,0.10515880584716797
3,8,35,28,0.7,MILP,0.994,True,0.10212230682373047
3,8,35,28,0.7,Dijkstra,0.994,True,0.00028830800010837265
3,8,35,28,0.8,ILP,0.994,True,0.17948579788208008
3,8,35,28,0.8,MILP,0.994,False,0.12238645553588867
3,8,35,28,0.8,Dijkstra,0.994,False,0.000287795000076585
3,8,35,28,0.9,ILP,0.996,True,0.12111377716064453
3,8,35,28,0.9,MILP,0.996,True,0.10514545440673828
3,8,35,28,0.9,Dijkstra,0.996,True,0.00027919700005440973
3,9,57,4,0.5,ILP,0.96,True,0.2593662738800049
3,9,57,4,0.5,MILP,0.96,True,0.09206175804138184
3,9,57,4,0.5,Dijkstra,0.96,True,0.0002656010001373943
3,9,57,4,0.6,ILP,0.988,True,0.18583297729492188
3,9,57,4,0.6,MILP,0.988,True,0.1116783618927002
3,9,57,4,0.6,Dijkstra,0.988,True,0.0002918300001510943
3,9,57,4,0.7,ILP,0.994,True,0.12778544425964355
3,9,57,4,0.7,MILP,0.994,True,0.13192510604858398
3,9,57,4,0.7,Dijkstra,0.994,True,0.0003341999999975087
3,9,57,4,0.8,ILP,0.996,True,0.1213226318359375
3,9,57,4,0.8,MILP,0.996,True,0.12488436698913574
3,9,57,4,0.8,Dijkstra,0.996,True,0.00035051299983024364
3,9,57,4,0.9,ILP,0.996,True,0.15051698684692383
3,9,57,4,0.9,MILP,0.996,True,0.12138795852661133
3,9,57,4,0.9,Dijkstra,0.996,True,0.00034320899976592045
3,10,55,53,0.5,ILP,0.986,True,0.10931158065795898
3,10,55,53,0.5,MILP,0.986,True,0.09250283241271973
3,10,55,53,0.5,Dijkstra,0.986,True,0.00028227300026628654
3,10,55,53,0.6,ILP,0.99,True,0.12558436393737793
3,10,55,53,0.6,MILP,0.99,True,0.08319711685180664
3,10,55,53,0.6,Dijkstra,0.99,True,0.00027673900012814556
3,10,55,53,0.7,ILP,0.996,True,0.07659125328063965
3,10,55,53,0.7,MILP,0.996,True,0.08475232124328613
3,10,55,53,0.7,Dijkstra,0.996,True,0.0002613440001368872
3,10,55,53,0.8,ILP,0.998,True,0.07916903495788574
3,10,55,53,0.8,MILP,0.998,True,0.08563470840454102
3,10,55,53,0.8,Dijkstra,0.998,True,0.0002721100004237087
3,10,55,53,0.9,ILP,0.998,True,0.10033583641052246
3,10,55,53,0.9,MILP,0.998,False,0.08641219139099121
3,10,55,53,0.9,Dijkstra,0.998,True,0.0002705810002225917
3,11,17,41,0.5,ILP,0.942,True,1.4750630855560303
3,11,17,41,0.5,MILP,0.942,True,0.24762749671936035
3,11,17,41,0.5,Dijkstra,0.942,True,0.00028112900008636643
3,11,17,41,0.6,ILP,0.97,True,0.9181005954742432
3,11,17,41,0.6,MILP,0.97,True,0.11472201347351074
3,11,17,41,0.6,Dijkstra,0.97,True,0.0003147029997307982
3,11,17,41,0.7,ILP,0.994,True,0.2069411277770996
3,11,17,41,0.7,MILP,0.994,True,0.13270020484924316
3,11,17,41,0.7,Dijkstra,0.994,True,0.00033992299995588837
3,11,17,41,0.8,ILP,0.998,True,0.13452959060668945
3,11,17,41,0.8,MILP,0.998,False,0.10387945175170898
3,11,17,41,0.8,Dijkstra,0.998,False,0.00032826400001795264
3,11,17,41,0.9,ILP,0.998,True,0.17602968215942383
3,11,17,41,0.9,MILP,0.998,True,0.10800671577453613
3,11,17,41,0.9,Dijkstra,0.998,True,0.000267882000116515
3,12,45,23,0.5,ILP,0.994,True,0.08615398406982422
3,12,45,23,0.5,MILP,0.994,False,0.09000754356384277
3,12,45,23,0.5,Dijkstra,0.994,False,0.00029955899981359835
3,12,45,23,0.6,ILP,0.998,True,0.08506560325622559
3,12,45,23,0.6,MILP,0.998,False,0.08793878555297852
3,12,45,23,0.6,Dijkstra,0.996,False,0.00030064900010984275
3,12,45,23,0.7,ILP,0.998,True,0.08611702919006348
3,12,45,23,0.7,MILP,0.998,False,0.08434748649597168
3,12,45,23,0.7,Dijkstra,0.998,False,0.00026170899991484475
3,12,45,23,0.8,ILP,0.998,True,0.08659625053405762
3,12,45,23,0.8,MILP,0.998,False,0.08359980583190918
3,12,45,23,0.8,Dijkstra,0.998,False,0.000293103999865707
3,12,45,23,0.9,ILP,0.998,True,0.08593368530273438
3,12,45,23,0.9,MILP,0.998,False,0.0844111442565918
3,12,45,23,0.9,Dijkstra,0.998,False,0.00029640899992955383
3,13,4,63,0.5,ILP,0.946,True,0.20593738555908203
3,13,4,63,0.5,MILP,0.946,True,0.1184241771697998
3,13,4,63,0.5,Dijkstra,0.946,True,0.00026796299971465487
3,13,4,63,0.6,ILP,0.968,True,0.27588582038879395
3,13,4,63,0.6,MILP,0.968,True,0.12073040008544922
3,13,4,63,0.6,Dijkstra,0.968,True,0.0005832649999319983
3,13,4,63,0.7,ILP,0.988,True,0.1619701385498047
3,13,4,63,0.7,MILP,0.988,False,0.13171076774597168
3,13,4,63,0.7,Dijkstra,0.988,True,0.0003276100001130544
3,13,4,63,0.8,ILP,0.996,True,0.11622762680053711
3,13,4,63,0.8,MILP,0.996,False,0.12993383407592773
3,13,4,63,0.8,Dijkstra,0.996,True,0.000334714000018721
3,13,4,63,0.9,ILP,0.998,True,0.11113595962524414
3,13,4,63,0.9,MILP,0.998,False,0.1394176483154297
3,13,4,63,0.9,Dijkstra,0.998,True,0.00027093500011687865
3,14,44,50,0.5,ILP,0.996,True,0.08635306358337402
3,14,44,50,0.5,MILP,0.996,True,0.08853030204772949
3,14,44,50,0.5,Dijkstra,0.996,True,0.00027792399987447425
3,14,44,50,0.6,ILP,0.998,True,0.08701062202453613
3,14,44,50,0.6,MILP,0.998,True,0.09177827835083008
3,14,44,50,0.6,Dijkstra,0.998,True,0.0003338199999234348
3,14,44,50,0.7,ILP,0.998,True,0.08576464653015137
3,14,44,50,0.7,MILP,0.998,True,0.08797574043273926
3,14,44,50,0.7,Dijkstra,0.998,True,0.00027458700014904025
3,14,44,50,0.8,ILP,0.998,True,0.08611798286437988
3,14,44,50,0.8,MILP,0.998,True,0.08691191673278809
3,14,44,50,0.8,Dijkstra,0.998,True,0.0002831850001712155
3,14,44,50,0.9,ILP,0.998,True,0.0889439582824707
3,14,44,50,0.9,MILP,0.998,True,0.11031365394592285
3,14,44,50,0.9,Dijkstra,0.998,True,0.0002546599998822785
3,15,49,12,0.5,ILP,0.986,True,0.1292731761932373
3,15,49,12,0.5,MILP,0.986,True,0.4095957279205322
3,15,49,12,0.5,Dijkstra,0.986,True,0.00030662300014228094
3,15,49,12,0.6,ILP,0.992,True,0.16011261940002441
3,15,49,12,0.6,MILP,0.992,True,0.6886699199676514
3,15,49,12,0.6,Dijkstra,0.992,True,0.0003360999999131309
3,15,49,12,0.7,ILP,0.994,True,0.13976001739501953
3,15,49,12,0.7,MILP,0.976,False,0.5614480972290039
3,15,49,12,0.7,Dijkstra,0.994,True,0.0003092260003541014
3,15,49,12,0.8,ILP,0.994,True,0.18459677696228027
3,15,49,12,0.8,MILP,0.986,False,0.4393186569213867
3,15,49,12,0.8,Dijkstra,0.994,False,0.00026734699986263877
3,15,49,12,0.9,ILP,0.998,True,0.11437320709228516
3,15,49,12,0.9,MILP,0.998,True,0.11294269561767578
3,15,49,12,0.9,Dijkstra,0.996,False,0.0002671460001693049
3,16,32,2,0.5,ILP,0.958,True,1.4236609935760498
3,16,32,2,0.5,MILP,0.958,False,0.29905152320861816
3,16,32,2,0.5,Dijkstra,0.958,True,0.0003347550000398769
3,16,32,2,0.6,ILP,0.978,True,0.8637135028839111
3,16,32,2,0.6,MILP,0.978,False,0.1830754280090332
3,16,32,2,0.6,Dijkstra,0.978,True,0.00028430599968487513
3,16,32,2,0.7,ILP,0.992,True,0.3573739528656006
3,16,32,2,0.7,MILP,0.992,False,0.19658637046813965
3,16,32,2,0.7,Dijkstra,0.992,True,0.0002999520002049394
3,16,32,2,0.8,ILP,0.996,True,0.18373823165893555
3,16,32,2,0.8,MILP,0.996,True,0.12511801719665527
3,16,32,2,0.8,Dijkstra,0.996,True,0.00030631999970864854
3,16,32,2,0.9,ILP,0.996,True,0.26541996002197266
3,16,32,2,0.9,MILP,0.996,True,0.11217093467712402
3,16,32,2,0.9,Dijkstra,0.996,True,0.0002920679999078857
3,17,35,10,0.5,ILP,0.96,True,0.596872091293335
3,17,35,10,0.5,MILP,0.96,False,0.25879406929016113
3,17,35,10,0.5,Dijkstra,0.96,True,0.00034236300007250975
3,17,35,10,0.6,ILP,0.984,True,0.3406944274902344
3,17,35,10,0.6,MILP,0.984,True,0.20607566833496094
3,17,35,10,0.6,Dijkstra,0.984,True,0.0002996309999616642
3,17,35,10,0.7,ILP,0.992,True,0.18343877792358398
3,17,35,10,0.7,MILP,0.992,False,0.20255327224731445
3,17,35,10,0.7,Dijkstra,0.992,True,0.0003241030003664491
3,17,35,10,0.8,ILP,0.994,True,0.16158795356750488
3,17,35,10,0.8,MILP,0.994,False,0.18761038780212402
3,17,35,10,0.8,Dijkstra,0.994,True,0.0003496059998724377
3,17,35,10,0.9,ILP,0.998,True,0.12971091270446777
3,17,35,10,0.9,MILP,0.994,False,0.1362617015838623
3,17,35,10,0.9,Dijkstra,0.998,True,0.000295296000331291
3,18,48,44,0.5,ILP,0.946,True,0.4062356948852539
3,18,48,44,0.5,MILP,0.912,False,0.4123208522796631
3,18,48,44,0.5,Dijkstra,0.946,True,0.00036409800031833583
3,18,48,44,0.6,ILP,0.964,True,0.39237451553344727
3,18,48,44,0.6,MILP,0.962,False,0.16232085227966309
3,18,48,44,0.6,Dijkstra,0.964,True,0.0002734910003709956
3,18,48,44,0.7,ILP,0.978,True,0.3696775436401367
3,18,48,44,0.7,MILP,0.978,False,0.15036559104919434
3,18,48,44,0.7,Dijkstra,0.976,False,0.0002782739998110628
3,18,48,44,0.8,ILP,0.99,True,0.14877748489379883
3,18,48,44,0.8,MILP,0.99,False,0.11542034149169922
3,18,48,44,0.8,Dijkstra,0.988,False,0.0002990829998452682
3,18,48,44,0.9,ILP,0.996,True,0.12517166137695312
3,18,48,44,0.9,MILP,0.994,False,0.11879253387451172
3,18,48,44,0.9,Dijkstra,0.996,True,0.00027092100026493426
3,19,26,21,0.5,ILP,0.918,True,0.46927881240844727
3,19,26,21,0.5,MILP,0.918,False,0.10680818557739258
3,19,26,21,0.5,Dijkstra,0.918,True,0.0002777889999379113
3,19,26,21,0.6,ILP,0.958,True,0.5240490436553955
3,19,26,21,0.6,MILP,0.958,True,0.09838151931762695
3,19,26,21,0.6,Dijkstra,0.958,True,0.00030910400028005824
3,19,26,21,0.7,ILP,0.978,True,0.5982601642608643
3,19,26,21,0.7,MILP,0.978,True,0.10230302810668945
3,19,26,21,0.7,Dijkstra,0.978,True,0.00029413399988698075
3,19,26,21,0.8,ILP,0.99,True,0.3064606189727783
3,19,26,21,0.8,MILP,0.99,True,0.11075711250305176
3,19,26,21,0.8,Dijkstra,0.99,True,0.0003084770000896242
3,19,26,21,0.9,ILP,0.994,True,0.18429279327392578
3,19,26,21,0.9,MILP,0.994,True,0.09546041488647461
3,19,26,21,0.9,Dijkstra,0.994,True,0.0003157999999530148
4,0,34,63,0.5,ILP,0.912,True,2.9065511226654053
4,0,34,63,0.5,MILP,0.908,False,1.6151471138000488
4,0,34,63,0.5,Dijkstra,0.908,False,0.0003365180000400869
4,0,34,63,0.6,ILP,0.952,True,1.2815053462982178
4,0,34,63,0.6,MILP,0.952,False,0.7399365901947021
4,0,34,63,0.6,Dijkstra,0.952,True,0.00028045999988535186
4,0,34,63,0.7,ILP,0.98,True,1.092557430267334
4,0,34,63,0.7,MILP,0.98,False,0.6022870540618896
4,0,34,63,0.7,Dijkstra,0.98,False,0.0003237529999751132
4,0,34,63,0.8,ILP,0.992,True,0.46946239471435547
4,0,34,63,0.8,MILP,0.992,False,0.36040830612182617
4,0,34,63,0.8,Dijkstra,0.992,False,0.00035269700038043084
4,0,34,63,0.9,ILP,0.996,True,1.0265202522277832
4,0,34,63,0.9,MILP,0.996,False,0.574758768081665
4,0,34,63,0.9,Dijkstra,0.996,True,0.0003311739997116092
4,1,47,49,0.5,ILP,0.99,True,0.1017920970916748
4,1,47,49,0.5,MILP,0.99,True,0.09529376029968262
4,1,47,49,0.5,Dijkstra,0.99,True,0.0002659220003806695
4,1,47,49,0.6,ILP,0.992,True,0.09855484962463379
4,1,47,49,0.6,MILP,0.992,True,0.09333539009094238
4,1,47,49,0.6,Dijkstra,0.992,True,0.0003107770003225596
4,1,47,49,0.7,ILP,0.994,True,0.09099841117858887
4,1,47,49,0.7,MILP,0.994,True,0.08967185020446777
4,1,47,49,0.7,Dijkstra,0.994,True,0.0002548789998400025
4,1,47,49,0.8,ILP,0.996,True,0.08901405334472656
4,1,47,49,0.8,MILP,0.996,True,0.08901071548461914
4,1,47,49,0.8,Dijkstra,0.996,True,0.000273768999704771
4,1,47,49,0.9,ILP,0.998,True,0.08789396286010742
4,1,47,49,0.9,MILP,0.998,True,0.08834981918334961
4,1,47,49,0.9,Dijkstra,0.998,True,0.00025459999960730784
4,2,46,51,0.5,ILP,0.96,True,0.3371567726135254
4,2,46,51,0.5,MILP,0.96,False,0.23712444305419922
4,2,46,51,0.5,Dijkstra,0.96,False,0.0003478280000308587
4,2,46,51,0.6,ILP,0.978,True,0.3612194061279297
4,2,46,51,0.6,MILP,0.978,False,0.19129490852355957
4,2,46,51,0.6,Dijkstra,0.978,True,0.00030418300002565957
4,2,46,51,0.7,ILP,0.986,True,0.242095947265625
4,2,46,51,0.7,MILP,0.986,False,0.18252229690551758
4,2,46,51,0.7,Dijkstra,0.986,True,0.0002737330000854854
4,2,46,51,0.8,ILP,0.994,True,0.1864776611328125
4,2,46,51,0.8,MILP,0.994,False,0.1221456527709961
4,2,46,51,0.8,Dijkstra,0.994,False,0.00026531299999987823
4,2,46,51,0.9,ILP,0.998,True,0.09186339378356934
4,2,46,51,0.9,MILP,0.998,False,0.10049200057983398
4,2,46,51,0.9,Dijkstra,0.998,False,0.0002752479999799107
4,3,33,8,0.5,ILP,0.962,True,0.5343301296234131
4,3,33,8,0.5,MILP,0.948,False,0.23629236221313477
4,3,33,8,0.5,Dijkstra,0.962,True,0.0002895839998018346
4,3,33,8,0.6,ILP,0.976,True,0.37546825408935547
4,3,33,8,0.6,MILP,0.976,True,0.17230558395385742
4,3,33,8,0.6,Dijkstra,0.976,False,0.0002812980001181131
4,3,33,8,0.7,ILP,0.988,True,0.2023022174835205
4,3,33,8,0.7,MILP,0.988,True,0.1684408187866211
4,3,33,8,0.7,Dijkstra,0.984,False,0.00026243899992550723
4,3,33,8,0.8,ILP,0.998,True,0.13831353187561035
4,3,33,8,0.8,MILP,0.998,True,0.14004778861999512
4,3,33,8,0.8,Dijkstra,0.986,False,0.0002761119999377115
4,3,33,8,0.9,ILP,0.998,True,0.16465997695922852
4,3,33,8,0.9,MILP,0.998,False,0.13961362838745117
4,3,33,8,0.9,Dijkstra,0.988,False,0.000276303999726224
4,4,54,29,0.5,ILP,0.84,True,2.551032304763794
4,4,54,29,0.5,MILP,0.84,False,0.22069501876831055
4,4,54,29,0.5,Dijkstra,0.84,True,0.0003034950000255776
4,4,54,29,0.6,ILP,0.9319999999999999,True,1.8912436962127686
4,4,54,29,0.6,MILP,0.9319999999999999,False,0.2174842357635498
4,4,54,29,0.6,Dijkstra,0.9319999999999999,True,0.0003230120000807801
4,4,54,29,0.7,ILP,0.964,True,0.9588162899017334
4,4,54,29,0.7,MILP,0.964,True,0.265305757522583
4,4,54,29,0.7,Dijkstra,0.964,True,0.0002967669997815392
4,4,54,29,0.8,ILP,0.986,True,0.36751604080200195
4,4,54,29,0.8,MILP,0.986,True,0.2308356761932373
4,4,54,29,0.8,Dijkstra,0.986,True,0.0003038449999621662
4,4,54,29,0.9,ILP,0.992,True,0.29706525802612305
4,4,54,29,0.9,MILP,0.992,False,0.1333167552947998
4,4,54,29,0.9,Dijkstra,0.992,True,0.0003487169997242745
4,5,32,24,0.5,ILP,0.916,True,1.7558715343475342
4,5,32,24,0.5,MILP,0.916,True,0.2994399070739746
4,5,32,24,0.5,Dijkstra,0.916,True,0.0002960990000246966
4,5,32,24,0.6,ILP,0.97,True,0.8157527446746826
4,5,32,24,0.6,MILP,0.96,False,0.5512852668762207
4,5,32,24,0.6,Dijkstra,0.97,True,0.00032522399988010875
4,5,32,24,0.7,ILP,0.986,True,0.4896891117095947
4,5,32,24,0.7,MILP,0.986,False,0.22756147384643555
4,5,32,24,0.7,Dijkstra,0.984,False,0.0002857549998225295
4,5,32,24,0.8,ILP,0.996,True,0.11594104766845703
4,5,32,24,0.8,MILP,0.996,False,0.11339282989501953
4,5,32,24,0.8,Dijkstra,0.99,False,0.00045147499986342154
4,5,32,24,0.9,ILP,0.998,True,0.10825443267822266
4,5,32,24,0.9,MILP,0.998,False,0.12920522689819336
4,5,32,24,0.9,Dijkstra,0.994,False,0.0002850189998753194
4,6,50,41,0.5,ILP,0.978,True,0.12068295478820801
4,6,50,41,0.5,MILP,0.978,True,0.15047168731689453
4,6,50,41,0.5,Dijkstra,0.978,True,0.00026541499983068206
4,6,50,41,0.6,ILP,0.99,True,0.11418485641479492
4,6,50,41,0.6,MILP,0.99,True,0.12453985214233398
4,6,50,41,0.6,Dijkstra,0.99,True,0.00026342599994677585
4,6,50,41,0.7,ILP,0.996,True,0.10279345512390137
4,6,50,41,0.7,MILP,0.996,False,0.11683964729309082
4,6,50,41,0.7,Dijkstra,0.996,True,0.00027840900020237314
4,6,50,41,0.8,ILP,0.996,True,0.10209846496582031
4,6,50,41,0.8,MILP,0.996,True,0.11503386497497559
4,6,50,41,0.8,Dijkstra,0.996,True,0.0003182660002494231
4,6,50,41,0.9,ILP,0.998,True,0.10356283187866211
4,6,50,41,0.9,MILP,0.998,True,0.11040234565734863
4,6,50,41,0.9,Dijkstra,0.998,True,0.00026208600002064486
4,7,26,53,0.5,ILP,0.832,True,0.9173719882965088
4,7,26,53,0.5,MILP,0.832,True,0.10945892333984375
4,7,26,53,0.5,Dijkstra,0.832,True,0.00029485400000339723
4,7,26,53,0.6,ILP,0.904,True,1.0788898468017578
4,7,26,53,0.6,MILP,0.904,True,0.10528421401977539
4,7,26,53,0.6,Dijkstra,0.904,True,0.0002981369998451555
4,7,26,53,0.7,ILP,0.954,True,0.35863685607910156
4,7,26,53,0.7,MILP,0.954,True,0.10179328918457031
4,7,26,53,0.7,Dijkstra,0.954,True,0.0002892219999921508
4,7,26,53,0.8,ILP,0.978,True,0.2520298957824707
4,7,26,53,0.8,MILP,0.978,True,0.14321064949035645
4,7,26,53,0.8,Dijkstra,0.978,True,0.0003057239996451244
4,7,26,53,0.9,ILP,0.992,True,0.16243982315063477
4,7,26,53,0.9,MILP,0.99,False,0.12277770042419434
4,7,26,53,0.9,Dijkstra,0.99,False,0.0003059919999941485
4,8,35,28,0.5,ILP,0.842,True,0.8780825138092041
4,8,35,28,0.5,MILP,0.842,True,0.11193084716796875
4,8,35,28,0.5,Dijkstra,0.842,True,0.0002813429996422201
4,8,35,28,0.6,ILP,0.924,True,0.6213171482086182
4,8,35,28,0.6,MILP,0.924,True,0.09703469276428223
4,8,35,28,0.6,Dijkstra,0.924,True,0.00029686499965464463
4,8,35,28,0.7,ILP,0.964,True,0.36040544509887695
4,8,35,28,0.7,MILP,0.964,True,0.10572934150695801
4,8,35,28,0.7,Dijkstra,0.964,True,0.00027325700011715526
4,8,35,28,0.8,ILP,0.98,True,0.28716349601745605
4,8,35,28,0.8,MILP,0.98,True,0.12137508392333984
4,8,35,28,0.8,Dijkstra,0.98,True,0.0002804750001814682
4,8,35,28,0.9,ILP,0.994,True,0.11582517623901367
4,8,35,28,0.9,MILP,0.994,True,0.10405087471008301
4,8,35,28,0.9,Dijkstra,0.994,True,0.0002769089996945695
4,9,57,4,0.5,ILP,0.984,True,0.11577939987182617
4,9,57,4,0.5,MILP,0.984,True,0.09184598922729492
4,9,57,4,0.5,Dijkstra,0.984,True,0.0002811789995575964
4,9,57,4,0.6,ILP,0.992,True,0.0897378921508789
4,9,57,4,0.6,MILP,0.992,True,0.08988046646118164
4,9,57,4,0.6,Dijkstra,0.992,True,0.00026627300030668266
4,9,57,4,0.7,ILP,0.996,True,0.08938217163085938
4,9,57,4,0.7,MILP,0.996,True,0.09125208854675293
4,9,57,4,0.7,Dijkstra,0.996,True,0.00027111300005344674
4,9,57,4,0.8,ILP,0.998,True,0.08543515205383301
4,9,57,4,0.8,MILP,0.998,True,0.08781242370605469
4,9,57,4,0.8,Dijkstra,0.998,True,0.0002624109997668711
4,9,57,4,0.9,ILP,0.998,True,0.08947443962097168
4,9,57,4,0.9,MILP,0.998,True,0.09495782852172852
4,9,57,4,0.9,Dijkstra,0.998,True,0.0003334489997541823
4,10,55,53,0.5,ILP,0.794,True,0.9877519607543945
4,10,55,53,0.5,MILP,0.794,True,0.11104488372802734
4,10,55,53,0.5,Dijkstra,0.794,True,0.00030252700025812373
4,10,55,53,0.6,ILP,0.894,True,0.6521954536437988
4,10,55,53,0.6,MILP,0.894,False,0.10986113548278809
4,10,55,53,0.6,Dijkstra,0.894,False,0.00029243099970699404
4,10,55,53,0.7,ILP,0.9319999999999999,True,0.42778992652893066
4,10,55,53,0.7,MILP,0.9319999999999999,True,0.10671591758728027
4,10,55,53,0.7,Dijkstra,0.9319999999999999,True,0.00029567299998234375
4,10,55,53,0.8,ILP,0.974,True,0.25421857833862305
4,10,55,53,0.8,MILP,0.974,True,0.09676933288574219
4,10,55,53,0.8,Dijkstra,0.974,True,0.00031828700002733967
4,10,55,53,0.9,ILP,0.986,True,0.18947696685791016
4,10,55,53,0.9,MILP,0.986,True,0.10208725929260254
4,10,55,53,0.9,Dijkstra,0.986,True,0.000301760999718681
4,11,17,41,0.5,ILP,0.954,True,0.9449813365936279
4,11,17,41,0.5,MILP,0.92,False,0.9829401969909668
4,11,17,41,0.5,Dijkstra,0.954,True,0.0003225479999855452
4,11,17,41,0.6,ILP,0.976,True,0.6139383316040039
4,11,17,41,0.6,MILP,0.976,False,0.4111757278442383
4,11,17,41,0.6,Dijkstra,0.972,False,0.0003340850003041851
4,11,17,41,0.7,ILP,0.984,True,0.7954988479614258
4,11,17,41,0.7,MILP,0.984,False,0.35906028747558594
4,11,17,41,0.7,Dijkstra,0.98,False,0.00032153299980564043
4,11,17,41,0.8,ILP,0.994,True,0.35746312141418457
4,11,17,41,0.8,MILP,0.994,False,0.20784783363342285
4,11,17,41,0.8,Dijkstra,0.99,False,0.000302173999898514
4,11,17,41,0.9,ILP,0.998,True,0.2648308277130127
4,11,17,41,0.9,MILP,0.998,False,0.14018678665161133
4,11,17,41,0.9,Dijkstra,0.99,False,0.00034093899967047037
4,12,45,23,0.5,ILP,0.856,True,1.9967970848083496
4,12,45,23,0.5,MILP,0.856,False,0.5542640686035156
4,12,45,23,0.5,Dijkstra,0.856,True,0.00031706200024927966
4,12,45,23,0.6,ILP,0.9339999999999999,True,2.7624900341033936
4,12,45,23,0.6,MILP,0.9339999999999999,True,0.5718388557434082
4,12,45,23,0.6,Dijkstra,0.9339999999999999,True,0.0003051749999940512
4,12,45,23,0.7,ILP,0.976,True,0.8445034027099609
4,12,45,23,0.7,MILP,0.976,False,0.18958306312561035
4,12,45,23,0.7,Dijkstra,0.976,True,0.0003440739997131459
4,12,45,23,0.8,ILP,0.986,True,0.6458823680877686
4,12,45,23,0.8,MILP,0.986,True,0.25698137283325195
4,12,45,23,0.8,Dijkstra,0.986,True,0.00027605699960986385
4,12,45,23,0.9,ILP,0.994,True,0.2321019172668457
4,12,45,23,0.9,MILP,0.994,False,0.14107012748718262
4,12,45,23,0.9,Dijkstra,0.994,True,0.0002741190000961069
4,13,4,63,0.5,ILP,0.974,True,0.5730109214782715
4,13,4,63,0.5,MILP,0.946,False,0.41709375381469727
4,13,4,63,0.5,Dijkstra,0.974,True,0.00031333099968833267
4,13,4,63,0.6,ILP,0.98,True,0.6317934989929199
4,13,4,63,0.6,MILP,0.98,False,0.31004905700683594
4,13,4,63,0.6,Dijkstra,0.98,False,0.00031465299980482087
4,13,4,63,0.7,ILP,0.99,True,0.5057523250579834
4,13,4,63,0.7,MILP,0.99,False,0.16562891006469727
4,13,4,63,0.7,Dijkstra,0.984,False,0.0003340910002407327
4,13,4,63,0.8,ILP,0.996,True,0.18831944465637207
4,13,4,63,0.8,MILP,0.996,True,0.1600492000579834
4,13,4,63,0.8,Dijkstra,0.988,False,0.0002790910002659075
4,13,4,63,0.9,ILP,0.998,True,0.19602441787719727
4,13,4,63,0.9,MILP,0.996,False,0.18691253662109375
4,13,4,63,0.9,Dijkstra,0.988,False,0.00031981299980543554
4,14,44,50,0.5,ILP,0.954,True,0.32060885429382324
4,14,44,50,0.5,MILP,0.954,False,0.12116622924804688
4,14,44,50,0.5,Dijkstra,0.954,False,0.00029061400027785567
4,14,44,50,0.6,ILP,0.984,True,0.22962522506713867
4,14,44,50,0.6,MILP,0.984,True,0.13051247596740723
4,14,44,50,0.6,Dijkstra,0.984,True,0.00027851599998029997
4,14,44,50,0.7,ILP,0.996,True,0.12558627128601074
4,14,44,50,0.7,MILP,0.996,True,0.1142578125
4,14,44,50,0.7,Dijkstra,0.996,True,0.0004495580001275812
4,14,44,50,0.8,ILP,0.996,True,0.15772747993469238
4,14,44,50,0.8,MILP,0.996,True,0.11002922058105469
4,14,44,50,0.8,Dijkstra,0.996,True,0.00029319999975996325
4,14,44,50,0.9,ILP,0.998,True,0.09750247001647949
4,14,44,50,0.9,MILP,0.998,True,0.11120009422302246
4,14,44,50,0.9,Dijkstra,0.998,True,0.00030683800014230656
4,15,49,12,0.5,ILP,0.98,True,0.16626548767089844
4,15,49,12,0.5,MILP,0.98,True,0.183013916015625
4,15,49,12,0.5,Dijkstra,0.98,True,0.00032112000008055475
4,15,49,12,0.6,ILP,0.986,True,0.14702200889587402
4,15,49,12,0.6,MILP,0.986,True,0.1448535919189453
4,15,49,12,0.6,Dijkstra,0.986,True,0.0002773390001493681
4,15,49,12,0.7,ILP,0.996,True,0.09213376045227051
4,15,49,12,0.7,MILP,0.996,True,0.12194252014160156
4,15,49,12,0.7,Dijkstra,0.996,True,0.00028657400025622337
4,15,49,12,0.8,ILP,0.998,True,0.10101580619812012
4,15,49,12,0.8,MILP,0.998,True,0.11708998680114746
4,15,49,12,0.8,Dijkstra,0.998,True,0.00027831099987452035
4,15,49,12,0.9,ILP,0.998,True,0.09380602836608887
4,15,49,12,0.9,MILP,0.998,True,0.11229777336120605
4,15,49,12,0.9,Dijkstra,0.998,True,0.0002558389996920596
4,16,32,2,0.5,ILP,0.992,True,0.127335786819458
4,16,32,2,0.5,MILP,0.992,False,0.11250185966491699
4,16,32,2,0.5,Dijkstra,0.992,False,0.00027449399976831046
4,16,32,2,0.6,ILP,0.994,True,0.13984298706054688
4,16,32,2,0.6,MILP,0.994,True,0.12482142448425293
4,16,32,2,0.6,Dijkstra,0.994,True,0.0002779830001600203
4,16,32,2,0.7,ILP,0.994,True,0.1509261131286621
4,16,32,2,0.7,MILP,0.99,False,0.11758995056152344
4,16,32,2,0.7,Dijkstra,0.994,True,0.00029738300008830265
4,16,32,2,0.8,ILP,0.996,True,0.12242436408996582
4,16,32,2,0.8,MILP,0.996,True,0.11191558837890625
4,16,32,2,0.8,Dijkstra,0.994,False,0.0003108030000475992
4,16,32,2,0.9,ILP,0.996,True,0.1576700210571289
4,16,32,2,0.9,MILP,0.996,True,0.09539175033569336
4,16,32,2,0.9,Dijkstra,0.996,True,0.0002669390000846761
4,17,35,10,0.5,ILP,0.872,True,1.4559564590454102
4,17,35,10,0.5,MILP,0.872,True,0.21350669860839844
4,17,35,10,0.5,Dijkstra,0.872,True,0.0003811040000982757
4,17,35,10,0.6,ILP,0.956,True,0.3989851474761963
4,17,35,10,0.6,MILP,0.956,False,0.20749974250793457
4,17,35,10,0.6,Dijkstra,0.956,True,0.0003089740002906183
4,17,35,10,0.7,ILP,0.978,True,0.3326749801635742
4,17,35,10,0.7,MILP,0.978,False,0.18098783493041992
4,17,35,10,0.7,Dijkstra,0.978,False,0.0003379760000825627
4,17,35,10,0.8,ILP,0.99,True,0.3473551273345947
4,17,35,10,0.8,MILP,0.99,True,0.15749478340148926
4,17,35,10,0.8,Dijkstra,0.99,True,0.0003015540000887995
4,17,35,10,0.9,ILP,0.998,True,0.10978341102600098
4,17,35,10,0.9,MILP,0.998,True,0.11769413948059082
4,17,35,10,0.9,Dijkstra,0.998,True,0.00029882299986638827
4,18,48,44,0.5,ILP,0.95,True,0.37031102180480957
4,18,48,44,0.5,MILP,0.95,False,0.1816692352294922
4,18,48,44,0.5,Dijkstra,0.95,False,0.00029576800034192274
4,18,48,44,0.6,ILP,0.972,True,0.3848233222961426
4,18,48,44,0.6,MILP,0.972,False,0.1640152931213379
4,18,48,44,0.6,Dijkstra,0.972,True,0.00029482500031008385
4,18,48,44,0.7,ILP,0.982,True,0.3329200744628906
4,18,48,44,0.7,MILP,0.982,False,0.10794472694396973
4,18,48,44,0.7,Dijkstra,0.982,True,0.0003440020000198274
4,18,48,44,0.8,ILP,0.994,True,0.12737703323364258
4,18,48,44,0.8,MILP,0.994,False,0.09367632865905762
4,18,48,44,0.8,Dijkstra,0.994,True,0.00028134700005466584
4,18,48,44,0.9,ILP,0.996,True,0.1670529842376709
4,18,48,44,0.9,MILP,0.996,True,0.09326410293579102
4,18,48,44,0.9,Dijkstra,0.996,True,0.0002901090001614648
4,19,26,21,0.5,ILP,0.882,True,0.8430163860321045
4,19,26,21,0.5,MILP,0.882,False,0.12139463424682617
4,19,26,21,0.5,Dijkstra,0.882,True,0.0003186739995726384
4,19,26,21,0.6,ILP,0.938,True,0.6596336364746094
4,19,26,21,0.6,MILP,0.938,True,0.12220287322998047
4,19,26,21,0.6,Dijkstra,0.938,True,0.00029542800029958016
4,19,26,21,0.7,ILP,0.97,True,0.4737868309020996
4,19,26,21,0.7,MILP,0.97,True,0.11649918556213379
4,19,26,21,0.7,Dijkstra,0.97,True,0.00029916099992988165
4,19,26,21,0.8,ILP,0.98,True,0.3965768814086914
4,19,26,21,0.8,MILP,0.98,False,0.10343813896179199
4,19,26,21,0.8,Dijkstra,0.98,True,0.0002978010002152587
4,19,26,21,0.9,ILP,0.992,True,0.21060824394226074
4,19,26,21,0.9,MILP,0.992,False,0.10201263427734375
4,19,26,21,0.9,Dijkstra,0.992,False,0.0002882549997593742
5,0,34,63,0.5,ILP,0.866,True,3.6445484161376953
5,0,34,63,0.5,MILP,0.866,True,0.29215121269226074
5,0,34,63,0.5,Dijkstra,0.866,True,0.00029581700027847546
5,0,34,63,0.6,ILP,0.924,True,1.6243970394134521
5,0,34,63,0.6,MILP,0.924,False,0.37778687477111816
5,0,34,63,0.6,Dijkstra,0.924,False,0.00028099000019210507
5,0,34,63,0.7,ILP,0.968,True,0.8332021236419678
5,0,34,63,0.7,MILP,0.968,False,0.3542299270629883
5,0,34,63,0.7,Dijkstra,0.968,True,0.0003304400001979957
5,0,34,63,0.8,ILP,0.982,True,0.8424396514892578
5,0,34,63,0.8,MILP,0.982,True,0.14656305313110352
5,0,34,63,0.8,Dijkstra,0.982,True,0.00028888699989693123
5,0,34,63,0.9,ILP,0.99,True,0.7897601127624512
5,0,34,63,0.9,MILP,0.99,True,0.13077783584594727
5,0,34,63,0.9,Dijkstra,0.99,True,0.00028808600018237485
5,1,47,49,0.5,ILP,0.992,True,0.10647010803222656
5,1,47,49,0.5,MILP,0.992,True,0.09131646156311035
5,1,47,49,0.5,Dijkstra,0.992,True,0.00024527300001864205
5,1,47,49,0.6,ILP,0.996,True,0.10355162620544434
5,1,47,49,0.6,MILP,0.996,True,0.09367966651916504
5,1,47,49,0.6,Dijkstra,0.996,True,0.00028239899984328076
5,1,47,49,0.7,ILP,0.998,True,0.09798741340637207
5,1,47,49,0.7,MILP,0.998,True,0.08873724937438965
5,1,47,49,0.7,Dijkstra,0.998,True,0.0002467409999553638
5,1,47,49,0.8,ILP,0.998,True,0.0964052677154541
5,1,47,49,0.8,MILP,0.998,True,0.08959722518920898
5,1,47,49,0.8,Dijkstra,0.998,True,0.0002835939999386028
5,1,47,49,0.9,ILP,0.998,True,0.09353756904602051
5,1,47,49,0.9,MILP,0.998,True,0.08846259117126465
5,1,47,49,0.9,Dijkstra,0.998,True,0.00027211899987378274
5,2,46,51,0.5,ILP,0.968,True,0.20863127708435059
5,2,46,51,0.5,MILP,0.968,True,0.07713198661804199
5,2,46,51,0.5,Dijkstra,0.968,True,0.0002505590000509983
5,2,46,51,0.6,ILP,0.984,True,0.11676597595214844
5,2,46,51,0.6,MILP,0.984,True,0.07582378387451172
5,2,46,51,0.6,Dijkstra,0.984,True,0.00023631099975318648
5,2,46,51,0.7,ILP,0.99,True,0.09215235710144043
5,2,46,51,0.7,MILP,0.99,False,0.07839536666870117
5,2,46,51,0.7,Dijkstra,0.99,False,0.0002352650003558665
5,2,46,51,0.8,ILP,0.994,True,0.09614443778991699
5,2,46,51,0.8,MILP,0.994,True,0.08050155639648438
5,2,46,51,0.8,Dijkstra,0.994,True,0.00027792199989562505
5,2,46,51,0.9,ILP,0.996,True,0.08457660675048828
5,2,46,51,0.9,MILP,0.996,True,0.08220744132995605
5,2,46,51,0.9,Dijkstra,0.996,True,0.00029097600008753943
5,3,33,8,0.5,ILP,0.91,True,0.47292041778564453
5,3,33,8,0.5,MILP,0.91,True,0.11585235595703125
5,3,33,8,0.5,Dijkstra,0.91,True,0.0002548719999140303
5,3,33,8,0.6,ILP,0.944,True,0.4071934223175049
5,3,33,8,0.6,MILP,0.944,False,0.11321711540222168
5,3,33,8,0.6,Dijkstra,0.944,False,0.0002596770000309334
5,3,33,8,0.7,ILP,0.982,True,0.1877610683441162
5,3,33,8,0.7,MILP,0.982,True,0.11143374443054199
5,3,33,8,0.7,Dijkstra,0.982,True,0.00027924799996981164
5,3,33,8,0.8,ILP,0.994,True,0.13062095642089844
5,3,33,8,0.8,MILP,0.994,False,0.11608576774597168
5,3,33,8,0.8,Dijkstra,0.994,False,0.0004376209999463754
5,3,33,8,0.9,ILP,0.998,True,0.0969235897064209
5,3,33,8,0.9,MILP,0.998,True,0.11075401306152344
5,3,33,8,0.9,Dijkstra,0.998,True,0.00031796000030226423
5,4,54,29,0.5,ILP,0.84,True,2.4418318271636963
5,4,54,29,0.5,MILP,0.84,False,1.0460453033447266
5,4,54,29,0.5,Dijkstra,0.84,True,0.0003420140001253458
5,4,54,29,0.6,ILP,0.912,True,1.7223174571990967
5,4,54,29,0.6,MILP,0.912,True,0.744769811630249
5,4,54,29,0.6,Dijkstra,0.912,True,0.00032653400012350176
5,4,54,29,0.7,ILP,0.962,True,0.8861796855926514
5,4,54,29,0.7,MILP,0.95,False,0.7237975597381592
5,4,54,29,0.7,Dijkstra,0.962,True,0.00029949600002510124
5,4,54,29,0.8,ILP,0.982,True,0.76894211769104
5,4,54,29,0.8,MILP,0.982,True,0.6213955879211426
5,4,54,29,0.8,Dijkstra,0.976,False,0.00032516600003873464
5,4,54,29,0.9,ILP,0.992,True,0.429706335067749
5,4,54,29,0.9,MILP,0.99,False,0.4761974811553955
5,4,54,29,0.9,Dijkstra,0.988,False,0.00030801599996266305
5,5,32,24,0.5,ILP,0.9359999999999999,True,2.150944709777832
5,5,32,24,0.5,MILP,0.9359999999999999,True,0.5983695983886719
5,5,32,24,0.5,Dijkstra,0.9359999999999999,True,0.00033079700006055646
5,5,32,24,0.6,ILP,0.966,True,1.0312423706054688
5,5,32,24,0.6,MILP,0.966,True,0.3818650245666504
5,5,32,24,0.6,Dijkstra,0.966,True,0.0002882459998545528
5,5,32,24,0.7,ILP,0.98,True,0.6526591777801514
5,5,32,24,0.7,MILP,0.978,False,0.24900555610656738
5,5,32,24,0.7,Dijkstra,0.978,False,0.0003069849999519647
5,5,32,24,0.8,ILP,0.992,True,0.4391167163848877
5,5,32,24,0.8,MILP,0.992,False,0.17403721809387207
5,5,32,24,0.8,Dijkstra,0.992,False,0.00030729599984624656
5,5,32,24,0.9,ILP,0.998,True,0.11914229393005371
5,5,32,24,0.9,MILP,0.992,False,0.29587435722351074
5,5,32,24,0.9,Dijkstra,0.998,True,0.0003876619998663955
5,6,50,41,0.5,ILP,0.9359999999999999,True,0.12769317626953125
5,6,50,41,0.5,MILP,0.9359999999999999,True,0.11766886711120605
5,6,50,41,0.5,Dijkstra,0.9359999999999999,True,0.0003510840001581528
5,6,50,41,0.6,ILP,0.966,True,0.12451839447021484
5,6,50,41,0.6,MILP,0.966,True,0.11854195594787598
5,6,50,41,0.6,Dijkstra,0.966,True,0.00030938600002627936
5,6,50,41,0.7,ILP,0.982,True,0.1104130744934082
5,6,50,41,0.7,MILP,0.982,True,0.11444497108459473
5,6,50,41,0.7,Dijkstra,0.982,True,0.00026811599991560797
5,6,50,41,0.8,ILP,0.984,True,0.10677242279052734
5,6,50,41,0.8,MILP,0.984,True,0.09756922721862793
5,6,50,41,0.8,Dijkstra,0.984,True,0.0002703719997043663
5,6,50,41,0.9,ILP,0.992,True,0.10465455055236816
5,6,50,41,0.9,MILP,0.992,True,0.0940401554107666
5,6,50,41,0.9,Dijkstra,0.992,True,0.0002677450002011028
5,7,26,53,0.5,ILP,0.974,True,0.3322751522064209
5,7,26,53,0.5,MILP,0.974,True,0.10595321655273438
5,7,26,53,0.5,Dijkstra,0.974,True,0.0002889920001507562
5,7,26,53,0.6,ILP,0.996,True,0.07847142219543457
5,7,26,53,0.6,MILP,0.996,True,0.0872042179107666
5,7,26,53,0.6,Dijkstra,0.996,True,0.0003005130001838552
5,7,26,53,0.7,ILP,0.996,True,0.07870101928710938
5,7,26,53,0.7,MILP,0.996,True,0.08604884147644043
5,7,26,53,0.7,Dijkstra,0.996,True,0.00029859599999326747
5,7,26,53,0.8,ILP,0.998,True,0.07847023010253906
5,7,26,53,0.8,MILP,0.998,True,0.08963537216186523
5,7,26,53,0.8,Dijkstra,0.998,True,0.0002824070002134249
5,7,26,53,0.9,ILP,0.998,True,0.08131933212280273
5,7,26,53,0.9,MILP,0.998,True,0.08762645721435547
5,7,26,53,0.9,Dijkstra,0.998,True,0.00029788200026814593
5,8,35,28,0.5,ILP,0.984,True,0.17462158203125
5,8,35,28,0.5,MILP,0.984,False,0.2807903289794922
5,8,35,28,0.5,Dijkstra,0.984,False,0.0002766739999060519
5,8,35,28,0.6,ILP,0.988,True,0.15620851516723633
5,8,35,28,0.6,MILP,0.988,True,0.2796590328216553
5,8,35,28,0.6,Dijkstra,0.988,True,0.0002913120001721836
5,8,35,28,0.7,ILP,0.992,True,0.13798284530639648
5,8,35,28,0.7,MILP,0.976,False,0.2727189064025879
5,8,35,28,0.7,Dijkstra,0.992,True,0.0003200230003130855
5,8,35,28,0.8,ILP,0.994,True,0.19168758392333984
5,8,35,28,0.8,MILP,0.992,False,0.15907692909240723
5,8,35,28,0.8,Dijkstra,0.994,True,0.0002710409999053809
5,8,35,28,0.9,ILP,0.998,True,0.1122589111328125
5,8,35,28,0.9,MILP,0.998,True,0.12795639038085938
5,8,35,28,0.9,Dijkstra,0.996,False,0.00029723999978159554
5,9,57,4,0.5,ILP,0.942,True,0.2541518211364746
5,9,57,4,0.5,MILP,0.942,True,0.09770584106445312
5,9,57,4,0.5,Dijkstra,0.942,True,0.00028852600007667206
5,9,57,4,0.6,ILP,0.982,True,0.1554393768310547
5,9,57,4,0.6,MILP,0.982,True,0.09717178344726562
5,9,57,4,0.6,Dijkstra,0.982,True,0.00030182399996192544
5,9,57,4,0.7,ILP,0.996,True,0.1100454330444336
5,9,57,4,0.7,MILP,0.996,True,0.10751605033874512
5,9,57,4,0.7,Dijkstra,0.996,True,0.00027258900036031264
5,9,57,4,0.8,ILP,0.998,True,0.0878140926361084
5,9,57,4,0.8,MILP,0.998,True,0.09200143814086914
5,9,57,4,0.8,Dijkstra,0.998,True,0.00027574900013860315
5,9,57,4,0.9,ILP,0.998,True,0.08890962600708008
5,9,57,4,0.9,MILP,0.998,True,0.09274673461914062
5,9,57,4,0.9,Dijkstra,0.998,True,0.0002782189999379625
5,10,55,53,0.5,ILP,0.972,True,0.16234683990478516
5,10,55,53,0.5,MILP,0.972,True,0.0918724536895752
5,10,55,53,0.5,Dijkstra,0.972,True,0.00027730700003303355
5,10,55,53,0.6,ILP,0.996,True,0.08006072044372559
5,10,55,53,0.6,MILP,0.996,True,0.09324383735656738
5,10,55,53,0.6,Dijkstra,0.996,True,0.0003057989997614641
5,10,55,53,0.7,ILP,0.998,True,0.07993507385253906
5,10,55,53,0.7,MILP,0.998,True,0.10157275199890137
5,10,55,53,0.7,Dijkstra,0.998,True,0.00030436199995165225
5,10,55,53,0.8,ILP,0.998,True,0.08262085914611816
5,10,55,53,0.8,MILP,0.998,True,0.08962273597717285
5,10,55,53,0.8,Dijkstra,0.998,True,0.00033521500017741346
5,10,55,53,0.9,ILP,0.998,True,0.10231518745422363
5,10,55,53,0.9,MILP,0.998,True,0.08780217170715332
5,10,55,53,0.9,Dijkstra,0.998,True,0.0003019529999619408
5,11,17,41,0.5,ILP,0.97,True,0.7750418186187744
5,11,17,41,0.5,MILP,0.97,True,0.20269513130187988
5,11,17,41,0.5,Dijkstra,0.97,True,0.00030189099970812094
5,11,17,41,0.6,ILP,0.98,True,0.6189780235290527
5,11,17,41,0.6,MILP,0.98,True,0.39740967750549316
5,11,17,41,0.6,Dijkstra,0.98,True,0.00032578499985902454
5,11,17,41,0.7,ILP,0.992,True,0.7451040744781494
5,11,17,41,0.7,MILP,0.992,True,0.473705530166626
5,11,17,41,0.7,Dijkstra,0.992,True,0.00029124799993951456
5,11,17,41,0.8,ILP,0.998,True,0.1688978672027588
5,11,17,41,0.8,MILP,0.98,False,0.44656896591186523
5,11,17,41,0.8,Dijkstra,0.998,True,0.00031476799995289184
5,11,17,41,0.9,ILP,0.998,True,0.1589059829711914
5,11,17,41,0.9,MILP,0.996,False,0.35909152030944824
5,11,17,41,0.9,Dijkstra,0.998,True,0.0002914550000241434
5,12,45,23,0.5,ILP,0.964,True,0.4764120578765869
5,12,45,23,0.5,MILP,0.964,True,0.11833429336547852
5,12,45,23,0.5,Dijkstra,0.964,True,0.00037510200036194874
5,12,45,23,0.6,ILP,0.978,True,0.26824045181274414
5,12,45,23,0.6,MILP,0.978,False,0.1422712802886963
5,12,45,23,0.6,Dijkstra,0.978,True,0.00028654300012931344
5,12,45,23,0.7,ILP,0.988,True,0.3365812301635742
5,12,45,23,0.7,MILP,0.988,False,0.15697765350341797
5,12,45,23,0.7,Dijkstra,0.988,True,0.0002961049999612442
5,12,45,23,0.8,ILP,0.994,True,0.16368627548217773
5,12,45,23,0.8,MILP,0.994,False,0.12424612045288086
5,12,45,23,0.8,Dijkstra,0.994,False,0.000282595000044239
5,12,45,23,0.9,ILP,0.998,True,0.09717226028442383
5,12,45,23,0.9,MILP,0.998,True,0.10054707527160645
5,12,45,23,0.9,Dijkstra,0.998,True,0.00034308300018892623
5,13,4,63,0.5,ILP,0.942,True,0.38941311836242676
5,13,4,63,0.5,MILP,0.942,True,0.12194633483886719
5,13,4,63,0.5,Dijkstra,0.942,True,0.0002715850000640785
5,13,4,63,0.6,ILP,0.978,True,0.2024834156036377
5,13,4,63,0.6,MILP,0.978,True,0.1539919376373291
5,13,4,63,0.6,Dijkstra,0.978,True,0.0002763900001809816
5,13,4,63,0.7,ILP,0.99,True,0.13282513618469238
5,13,4,63,0.7,MILP,0.99,False,0.1376056671142578
5,13,4,63,0.7,Dijkstra,0.99,False,0.0002938030002042069
5,13,4,63,0.8,ILP,0.994,True,0.12776732444763184
5,13,4,63,0.8,MILP,0.994,True,0.14133596420288086
5,13,4,63,0.8,Dijkstra,0.994,True,0.00027328899977874244
5,13,4,63,0.9,ILP,0.994,True,0.2031872272491455
5,13,4,63,0.9,MILP,0.994,True,0.14584040641784668
5,13,4,63,0.9,Dijkstra,0.994,True,0.0003032690001418814
5,14,44,50,0.5,ILP,0.89,True,0.7362875938415527
5,14,44,50,0.5,MILP,0.89,True,0.20350146293640137
5,14,44,50,0.5,Dijkstra,0.89,True,0.00031191399966701283
5,14,44,50,0.6,ILP,0.948,True,0.5339720249176025
5,14,44,50,0.6,MILP,0.948,True,0.13282465934753418
5,14,44,50,0.6,Dijkstra,0.948,True,0.00032811699975354713
5,14,44,50,0.7,ILP,0.978,True,0.38366055488586426
5,14,44,50,0.7,MILP,0.978,False,0.12626910209655762
5,14,44,50,0.7,Dijkstra,0.978,False,0.0002961459999824001
5,14,44,50,0.8,ILP,0.986,True,0.21874308586120605
5,14,44,50,0.8,MILP,0.986,True,0.10785508155822754
5,14,44,50,0.8,Dijkstra,0.986,True,0.0002819159999489784
5,14,44,50,0.9,ILP,0.994,True,0.18516039848327637
5,14,44,50,0.9,MILP,0.994,True,0.12228083610534668
5,14,44,50,0.9,Dijkstra,0.994,True,0.0002692709999791987
5,15,49,12,0.5,ILP,0.972,True,0.12944531440734863
5,15,49,12,0.5,MILP,0.972,True,0.15755105018615723
5,15,49,12,0.5,Dijkstra,0.972,True,0.0002832559998751094
5,15,49,12,0.6,ILP,0.984,True,0.16268706321716309
5,15,49,12,0.6,MILP,0.984,False,0.13361454010009766
5,15,49,12,0.6,Dijkstra,0.984,False,0.00027784900021288195
5,15,49,12,0.7,ILP,0.99,True,0.11087727546691895
5,15,49,12,0.7,MILP,0.99,True,0.10600662231445312
5,15,49,12,0.7,Dijkstra,0.99,True,0.0002444140000079642
5,15,49,12,0.8,ILP,0.99,True,0.11782193183898926
5,15,49,12,0.8,MILP,0.99,True,0.0888681411743164
5,15,49,12,0.8,Dijkstra,0.99,True,0.00025297299998783274
5,15,49,12,0.9,ILP,0.996,True,0.09885072708129883
5,15,49,12,0.9,MILP,0.996,True,0.09134411811828613
5,15,49,12,0.9,Dijkstra,0.996,True,0.0002501720000509522
5,16,32,2,0.5,ILP,0.95,True,0.5722992420196533
5,16,32,2,0.5,MILP,0.95,False,0.2603135108947754
5,16,32,2,0.5,Dijkstra,0.95,False,0.0002911569999923813
5,16,32,2,0.6,ILP,0.98,True,0.2499709129333496
5,16,32,2,0.6,MILP,0.98,True,0.21421551704406738
5,16,32,2,0.6,Dijkstra,0.98,True,0.00029909600016253535
5,16,32,2,0.7,ILP,0.988,True,0.21532225608825684
5,16,32,2,0.7,MILP,0.988,False,0.16465163230895996
5,16,32,2,0.7,Dijkstra,0.988,True,0.00032583399979557726
5,16,32,2,0.8,ILP,0.992,True,0.22658944129943848
5,16,32,2,0.8,MILP,0.992,True,0.11677718162536621
5,16,32,2,0.8,Dijkstra,0.992,True,0.0002987950001624995
5,16,32,2,0.9,ILP,0.998,True,0.16251087188720703
5,16,32,2,0.9,MILP,0.998,False,0.12113189697265625
5,16,32,2,0.9,Dijkstra,0.998,True,0.00031681599966759677
5,17,35,10,0.5,ILP,0.94,True,0.2777745723724365
5,17,35,10,0.5,MILP,0.94,True,0.0953824520111084
5,17,35,10,0.5,Dijkstra,0.94,True,0.0002872559998650104
5,17,35,10,0.6,ILP,0.972,True,0.1510169506072998
5,17,35,10,0.6,MILP,0.972,True,0.09659695625305176
5,17,35,10,0.6,Dijkstra,0.972,True,0.0003479309998510871
5,17,35,10,0.7,ILP,0.982,True,0.1387007236480713
5,17,35,10,0.7,MILP,0.982,True,0.09772658348083496
5,17,35,10,0.7,Dijkstra,0.982,True,0.00027786800001194933
5,17,35,10,0.8,ILP,0.988,True,0.10940384864807129
5,17,35,10,0.8,MILP,0.988,True,0.09409523010253906
5,17,35,10,0.8,Dijkstra,0.988,True,0.00029558800042650546
5,17,35,10,0.9,ILP,0.992,True,0.14105510711669922
5,17,35,10,0.9,MILP,0.992,True,0.10030484199523926
5,17,35,10,0.9,Dijkstra,0.992,True,0.0003223140001864522
5,18,48,44,0.5,ILP,0.972,True,0.2677600383758545
5,18,48,44,0.5,MILP,0.972,True,0.09411001205444336
5,18,48,44,0.5,Dijkstra,0.972,True,0.00030360899972947664
5,18,48,44,0.6,ILP,0.986,True,0.12113690376281738
5,18,48,44,0.6,MILP,0.986,True,0.08357501029968262
5,18,48,44,0.6,Dijkstra,0.986,True,0.0002665290003278642
5,18,48,44,0.7,ILP,0.992,True,0.10860443115234375
5,18,48,44,0.7,MILP,0.992,True,0.08903217315673828
5,18,48,44,0.7,Dijkstra,0.992,True,0.0003619330000219634
5,18,48,44,0.8,ILP,0.994,True,0.10141372680664062
5,18,48,44,0.8,MILP,0.994,True,0.08136391639709473
5,18,48,44,0.8,Dijkstra,0.994,True,0.00027558500005397946
5,18,48,44,0.9,ILP,0.996,True,0.08533120155334473
5,18,48,44,0.9,MILP,0.996,True,0.08056426048278809
5,18,48,44,0.9,Dijkstra,0.996,True,0.00026729299997896305
5,19,26,21,0.5,ILP,0.9359999999999999,True,0.5941469669342041
5,19,26,21,0.5,MILP,0.9359999999999999,True,0.13647675514221191
5,19,26,21,0.5,Dijkstra,0.9359999999999999,True,0.00033915399990291917
5,19,26,21,0.6,ILP,0.97,True,0.4711337089538574
5,19,26,21,0.6,MILP,0.968,False,0.1338644027709961
5,19,26,21,0.6,Dijkstra,0.968,False,0.00029372300014074426
5,19,26,21,0.7,ILP,0.994,True,0.11670923233032227
5,19,26,21,0.7,MILP,0.992,False,0.11157584190368652
5,19,26,21,0.7,Dijkstra,0.994,True,0.00031050899997353554
5,19,26,21,0.8,ILP,0.994,True,0.11509323120117188
5,19,26,21,0.8,MILP,0.994,True,0.10363912582397461
5,19,26,21,0.8,Dijkstra,0.994,False,0.00033056600022973726
5,19,26,21,0.9,ILP,0.998,True,0.09444880485534668
5,19,26,21,0.9,MILP,0.998,True,0.10010981559753418
5,19,26,21,0.9,Dijkstra,0.998,False,0.00029738900002485025
6,0,34,63,0.5,ILP,0.906,True,3.423349142074585
6,0,34,63,0.5,MILP,0.906,True,1.3991057872772217
6,0,34,63,0.5,Dijkstra,0.874,False,0.00034932700009449036
6,0,34,63,0.6,ILP,0.962,True,2.3382058143615723
6,0,34,63,0.6,MILP,0.962,False,0.8804497718811035
6,0,34,63,0.6,Dijkstra,0.922,False,0.00032341500036636717
6,0,34,63,0.7,ILP,0.98,True,1.0677103996276855
6,0,34,63,0.7,MILP,0.98,True,0.7174782752990723
6,0,34,63,0.7,Dijkstra,0.952,False,0.00031780500012246193
6,0,34,63,0.8,ILP,0.994,True,0.2570345401763916
6,0,34,63,0.8,MILP,0.994,False,0.28477001190185547
6,0,34,63,0.8,Dijkstra,0.964,False,0.00028619900012927246
6,0,34,63,0.9,ILP,0.996,True,0.6923251152038574
6,0,34,63,0.9,MILP,0.996,False,0.26648640632629395
6,0,34,63,0.9,Dijkstra,0.974,False,0.0003120199999102624
6,1,47,49,0.5,ILP,0.998,True,0.09561944007873535
6,1,47,49,0.5,MILP,0.998,True,0.0933384895324707
6,1,47,49,0.5,Dijkstra,0.998,True,0.0002775670000119135
6,1,47,49,0.6,ILP,0.998,True,0.09258532524108887
6,1,47,49,0.6,MILP,0.998,True,0.09078001976013184
6,1,47,49,0.6,Dijkstra,0.998,True,0.0002870929997698113
6,1,47,49,0.7,ILP,0.998,True,0.0886228084564209
6,1,47,49,0.7,MILP,0.998,True,0.08847236633300781
6,1,47,49,0.7,Dijkstra,0.998,True,0.0002868920000764774
6,1,47,49,0.8,ILP,0.998,True,0.08774685859680176
6,1,47,49,0.8,MILP,0.998,True,0.08256411552429199
6,1,47,49,0.8,Dijkstra,0.998,True,0.00025898300009430386
6,1,47,49,0.9,ILP,0.998,True,0.08186888694763184
6,1,47,49,0.9,MILP,0.998,True,0.08429789543151855
6,1,47,49,0.9,Dijkstra,0.998,True,0.0003145619998576876
6,2,46,51,0.5,ILP,0.97,True,0.22896575927734375
6,2,46,51,0.5,MILP,0.97,True,0.09814143180847168
6,2,46,51,0.5,Dijkstra,0.97,True,0.0002564869996604102
6,2,46,51,0.6,ILP,0.984,True,0.19493460655212402
6,2,46,51,0.6,MILP,0.984,True,0.08912205696105957
6,2,46,51,0.6,Dijkstra,0.984,True,0.0003065290002268739
6,2,46,51,0.7,ILP,0.994,True,0.11766624450683594
6,2,46,51,0.7,MILP,0.994,False,0.09396529197692871
6,2,46,51,0.7,Dijkstra,0.994,False,0.0004292510002414929
6,2,46,51,0.8,ILP,0.998,True,0.0844416618347168
6,2,46,51,0.8,MILP,0.998,True,0.0809178352355957
6,2,46,51,0.8,Dijkstra,0.998,True,0.00026037499992526136
6,2,46,51,0.9,ILP,0.998,True,0.08389949798583984
6,2,46,51,0.9,MILP,0.998,True,0.08191633224487305
6,2,46,51,0.9,Dijkstra,0.998,True,0.000350518000232114
6,3,33,8,0.5,ILP,0.982,True,0.22688007354736328
6,3,33,8,0.5,MILP,0.982,False,0.20863604545593262
6,3,33,8,0.5,Dijkstra,0.982,True,0.00030163300016283756
6,3,33,8,0.6,ILP,0.99,True,0.19262194633483887
6,3,33,8,0.6,MILP,0.99,True,0.30617547035217285
6,3,33,8,0.6,Dijkstra,0.99,True,0.00026597399983074865
6,3,33,8,0.7,ILP,0.994,True,0.17008423805236816
6,3,33,8,0.7,MILP,0.994,True,0.43566179275512695
6,3,33,8,0.7,Dijkstra,0.994,True,0.0002892009997594869
6,3,33,8,0.8,ILP,0.994,True,0.24254918098449707
6,3,33,8,0.8,MILP,0.994,False,0.6197772026062012
6,3,33,8,0.8,Dijkstra,0.994,True,0.0002788110000437882
6,3,33,8,0.9,ILP,0.996,True,0.3692514896392822
6,3,33,8,0.9,MILP,0.996,False,0.20180273056030273
6,3,33,8,0.9,Dijkstra,0.996,True,0.0003081679997194442
6,4,54,29,0.5,ILP,0.938,True,1.3285486698150635
6,4,54,29,0.5,MILP,0.938,False,0.3748769760131836
6,4,54,29,0.5,Dijkstra,0.9339999999999999,False,0.0003476330002740724
6,4,54,29,0.6,ILP,0.974,True,0.8328244686126709
6,4,54,29,0.6,MILP,0.974,True,0.30600690841674805
6,4,54,29,0.6,Dijkstra,0.972,False,0.000313913999889337
6,4,54,29,0.7,ILP,0.986,True,0.5149710178375244
6,4,54,29,0.7,MILP,0.986,True,0.5156183242797852
6,4,54,29,0.7,Dijkstra,0.984,False,0.00032439899996461463
6,4,54,29,0.8,ILP,0.992,True,0.3354640007019043
6,4,54,29,0.8,MILP,0.992,True,0.3668851852416992
6,4,54,29,0.8,Dijkstra,0.992,False,0.0003365150000718131
6,4,54,29,0.9,ILP,0.996,True,0.12786865234375
6,4,54,29,0.9,MILP,0.996,False,0.11207866668701172
6,4,54,29,0.9,Dijkstra,0.994,False,0.00028210500022396445
6,5,32,24,0.5,ILP,0.976,True,0.22984576225280762
6,5,32,24,0.5,MILP,0.976,True,0.1431140899658203
6,5,32,24,0.5,Dijkstra,0.976,True,0.00029095200034134905
6,5,32,24,0.6,ILP,0.984,True,0.275615930557251
6,5,32,24,0.6,MILP,0.984,True,0.1310579776763916
6,5,32,24,0.6,Dijkstra,0.984,True,0.00029658600033144467
6,5,32,24,0.7,ILP,0.994,True,0.13466453552246094
6,5,32,24,0.7,MILP,0.994,True,0.12575340270996094
6,5,32,24,0.7,Dijkstra,0.994,True,0.00030204399990907405
6,5,32,24,0.8,ILP,0.994,True,0.22603702545166016
6,5,32,24,0.8,MILP,0.994,True,0.18734097480773926
6,5,32,24,0.8,Dijkstra,0.994,True,0.00029741499974988983
6,5,32,24,0.9,ILP,0.998,True,0.13469457626342773
6,5,32,24,0.9,MILP,0.998,True,0.1243593692779541
6,5,32,24,0.9,Dijkstra,0.998,True,0.00027322400001139613
6,6,50,41,0.5,ILP,0.924,True,0.13111448287963867
6,6,50,41,0.5,MILP,0.924,True,0.1075582504272461
6,6,50,41,0.5,Dijkstra,0.924,True,0.0002897110002777481
6,6,50,41,0.6,ILP,0.958,True,0.11669039726257324
6,6,50,41,0.6,MILP,0.958,True,0.09775400161743164
6,6,50,41,0.6,Dijkstra,0.958,True,0.00027879300023414544
6,6,50,41,0.7,ILP,0.978,True,0.1061394214630127
6,6,50,41,0.7,MILP,0.978,True,0.09634160995483398
6,6,50,41,0.7,Dijkstra,0.978,True,0.00026770199974635034
6,6,50,41,0.8,ILP,0.992,True,0.1041879653930664
6,6,50,41,0.8,MILP,0.992,True,0.09779238700866699
6,6,50,41,0.8,Dijkstra,0.992,True,0.0002600689999781025
6,6,50,41,0.9,ILP,0.996,True,0.1015627384185791
6,6,50,41,0.9,MILP,0.996,True,0.0968940258026123
6,6,50,41,0.9,Dijkstra,0.996,True,0.00028007499986415496
6,7,26,53,0.5,ILP,0.916,True,0.3834521770477295
6,7,26,53,0.5,MILP,0.916,True,0.11046385765075684
6,7,26,53,0.5,Dijkstra,0.916,True,0.0003012650004166062
6,7,26,53,0.6,ILP,0.95,True,0.5321896076202393
6,7,26,53,0.6,MILP,0.95,False,0.11522483825683594
6,7,26,53,0.6,Dijkstra,0.95,False,0.0002806490001603379
6,7,26,53,0.7,ILP,0.972,True,0.29232239723205566
6,7,26,53,0.7,MILP,0.972,True,0.10126304626464844
6,7,26,53,0.7,Dijkstra,0.972,True,0.00034146199959650403
6,7,26,53,0.8,ILP,0.99,True,0.1536390781402588
6,7,26,53,0.8,MILP,0.99,True,0.1055750846862793
6,7,26,53,0.8,Dijkstra,0.99,True,0.00034375400036879
6,7,26,53,0.9,ILP,0.994,True,0.11800503730773926
6,7,26,53,0.9,MILP,0.992,False,0.11233639717102051
6,7,26,53,0.9,Dijkstra,0.994,True,0.0002971120002257521
6,8,35,28,0.5,ILP,0.948,True,0.561290979385376
6,8,35,28,0.5,MILP,0.948,True,0.11144304275512695
6,8,35,28,0.5,Dijkstra,0.948,True,0.0002955690001726907
6,8,35,28,0.6,ILP,0.978,True,0.281874418258667
6,8,35,28,0.6,MILP,0.978,True,0.10226869583129883
6,8,35,28,0.6,Dijkstra,0.978,True,0.000278162000086013
6,8,35,28,0.7,ILP,0.988,True,0.19928812980651855
6,8,35,28,0.7,MILP,0.988,True,0.10637402534484863
6,8,35,28,0.7,Dijkstra,0.988,True,0.00028349300009722356
6,8,35,28,0.8,ILP,0.996,True,0.11857199668884277
6,8,35,28,0.8,MILP,0.996,True,0.1403646469116211
6,8,35,28,0.8,Dijkstra,0.996,True,0.0002814670001498598
6,8,35,28,0.9,ILP,0.996,True,0.12883830070495605
6,8,35,28,0.9,MILP,0.996,True,0.10830307006835938
6,8,35,28,0.9,Dijkstra,0.996,True,0.00030901699983587605
6,9,57,4,0.5,ILP,0.86,True,0.491534948348999
6,9,57,4,0.5,MILP,0.86,True,0.1136314868927002
6,9,57,4,0.5,Dijkstra,0.86,True,0.00027824000017062644
6,9,57,4,0.6,ILP,0.9339999999999999,True,0.3046739101409912
6,9,57,4,0.6,MILP,0.9339999999999999,True,0.10097289085388184
6,9,57,4,0.6,Dijkstra,0.9339999999999999,True,0.00029927800005680183
6,9,57,4,0.7,ILP,0.962,True,0.2368168830871582
6,9,57,4,0.7,MILP,0.962,True,0.10441184043884277
6,9,57,4,0.7,Dijkstra,0.962,True,0.0002722409999478259
6,9,57,4,0.8,ILP,0.984,True,0.15771818161010742
6,9,57,4,0.8,MILP,0.984,True,0.09606242179870605
6,9,57,4,0.8,Dijkstra,0.984,True,0.00027053900021201116
6,9,57,4,0.9,ILP,0.996,True,0.10708761215209961
6,9,57,4,0.9,MILP,0.996,True,0.09313106536865234
6,9,57,4,0.9,Dijkstra,0.996,True,0.0002688590002435376
6,10,55,53,0.5,ILP,0.95,True,0.2990999221801758
6,10,55,53,0.5,MILP,0.95,True,0.1042482852935791
6,10,55,53,0.5,Dijkstra,0.95,True,0.0002981269999509095
6,10,55,53,0.6,ILP,0.97,True,0.2914152145385742
6,10,55,53,0.6,MILP,0.97,True,0.09267830848693848
6,10,55,53,0.6,Dijkstra,0.97,True,0.0002812580000863818
6,10,55,53,0.7,ILP,0.988,True,0.1302175521850586
6,10,55,53,0.7,MILP,0.988,True,0.09077930450439453
6,10,55,53,0.7,Dijkstra,0.988,True,0.0003289220003352966
6,10,55,53,0.8,ILP,0.994,True,0.13518118858337402
6,10,55,53,0.8,MILP,0.994,True,0.0960845947265625
6,10,55,53,0.8,Dijkstra,0.994,True,0.00028759099996022996
6,10,55,53,0.9,ILP,0.998,True,0.09409379959106445
6,10,55,53,0.9,MILP,0.994,False,0.0968475341796875
6,10,55,53,0.9,Dijkstra,0.998,True,0.000275745999715582
6,11,17,41,0.5,ILP,0.926,True,2.6663033962249756
6,11,17,41,0.5,MILP,0.926,False,0.22048377990722656
6,11,17,41,0.5,Dijkstra,0.926,False,0.0003052789998037042
6,11,17,41,0.6,ILP,0.97,True,0.7596359252929688
6,11,17,41,0.6,MILP,0.97,True,0.2293999195098877
6,11,17,41,0.6,Dijkstra,0.97,True,0.0002836180001395405
6,11,17,41,0.7,ILP,0.984,True,0.5839109420776367
6,11,17,41,0.7,MILP,0.984,True,0.2681996822357178
6,11,17,41,0.7,Dijkstra,0.984,False,0.0003785190001508454
6,11,17,41,0.8,ILP,0.992,True,0.5108077526092529
6,11,17,41,0.8,MILP,0.992,True,0.17352676391601562
6,11,17,41,0.8,Dijkstra,0.99,False,0.00030313900015244144
6,11,17,41,0.9,ILP,0.996,True,0.20356011390686035
6,11,17,41,0.9,MILP,0.996,False,0.1358356475830078
6,11,17,41,0.9,Dijkstra,0.996,False,0.0003052799997931288
6,12,45,23,0.5,ILP,0.914,True,0.9007730484008789
6,12,45,23,0.5,MILP,0.91,False,0.5701789855957031
6,12,45,23,0.5,Dijkstra,0.914,True,0.00032245700003841193
6,12,45,23,0.6,ILP,0.952,True,0.997462272644043
6,12,45,23,0.6,MILP,0.952,False,0.3262779712677002
6,12,45,23,0.6,Dijkstra,0.952,True,0.0002951480000774609
6,12,45,23,0.7,ILP,0.974,True,0.7722694873809814
6,12,45,23,0.7,MILP,0.974,True,0.3633565902709961
6,12,45,23,0.7,Dijkstra,0.972,False,0.00031208600012178067
6,12,45,23,0.8,ILP,0.988,True,0.4451305866241455
6,12,45,23,0.8,MILP,0.984,False,0.2436976432800293
6,12,45,23,0.8,Dijkstra,0.984,False,0.000279925000086223
6,12,45,23,0.9,ILP,0.996,True,0.17022013664245605
6,12,45,23,0.9,MILP,0.996,False,0.26433396339416504
6,12,45,23,0.9,Dijkstra,0.99,False,0.00031686100010119844
6,13,4,63,0.5,ILP,0.988,True,0.18317270278930664
6,13,4,63,0.5,MILP,0.988,True,0.13981962203979492
6,13,4,63,0.5,Dijkstra,0.988,True,0.00027914099973713746
6,13,4,63,0.6,ILP,0.998,True,0.12218666076660156
6,13,4,63,0.6,MILP,0.998,False,0.1395401954650879
6,13,4,63,0.6,Dijkstra,0.998,False,0.0003256499999224616
6,13,4,63,0.7,ILP,0.998,True,0.12842702865600586
6,13,4,63,0.7,MILP,0.998,True,0.1494741439819336
6,13,4,63,0.7,Dijkstra,0.998,True,0.00034800999992512516
6,13,4,63,0.8,ILP,0.998,True,0.10243844985961914
6,13,4,63,0.8,MILP,0.998,True,0.13508057594299316
6,13,4,63,0.8,Dijkstra,0.998,True,0.0002865710002879496
6,13,4,63,0.9,ILP,0.998,True,0.12260222434997559
6,13,4,63,0.9,MILP,0.998,False,0.14654779434204102
6,13,4,63,0.9,Dijkstra,0.998,True,0.00038123299964354374
6,14,44,50,0.5,ILP,0.888,True,0.8923883438110352
6,14,44,50,0.5,MILP,0.882,False,0.22576594352722168
6,14,44,50,0.5,Dijkstra,0.888,True,0.00027464599997983896
6,14,44,50,0.6,ILP,0.964,True,0.3020918369293213
6,14,44,50,0.6,MILP,0.964,False,0.11609435081481934
6,14,44,50,0.6,Dijkstra,0.928,False,0.00027901600014956784
6,14,44,50,0.7,ILP,0.99,True,0.14458465576171875
6,14,44,50,0.7,MILP,0.99,True,0.111968994140625
6,14,44,50,0.7,Dijkstra,0.964,False,0.0002713670000957791
6,14,44,50,0.8,ILP,0.996,True,0.09904694557189941
6,14,44,50,0.8,MILP,0.996,True,0.10108637809753418
6,14,44,50,0.8,Dijkstra,0.97,False,0.0002648999998200452
6,14,44,50,0.9,ILP,0.998,True,0.12212419509887695
6,14,44,50,0.9,MILP,0.998,False,0.11972641944885254
6,14,44,50,0.9,Dijkstra,0.988,False,0.00027402500018069986
6,15,49,12,0.5,ILP,0.954,True,0.16398024559020996
6,15,49,12,0.5,MILP,0.954,True,0.1691145896911621
6,15,49,12,0.5,Dijkstra,0.954,True,0.00027924100004383945
6,15,49,12,0.6,ILP,0.972,True,0.13941192626953125
6,15,49,12,0.6,MILP,0.972,True,0.14026331901550293
6,15,49,12,0.6,Dijkstra,0.972,True,0.00029430799986585043
6,15,49,12,0.7,ILP,0.99,True,0.12344217300415039
6,15,49,12,0.7,MILP,0.99,True,0.11342883110046387
6,15,49,12,0.7,Dijkstra,0.99,True,0.00027851599998029997
6,15,49,12,0.8,ILP,0.994,True,0.13918375968933105
6,15,49,12,0.8,MILP,0.994,True,0.09552311897277832
6,15,49,12,0.8,Dijkstra,0.994,True,0.0002783410000120057
6,15,49,12,0.9,ILP,0.996,True,0.12029290199279785
6,15,49,12,0.9,MILP,0.996,True,0.09613299369812012
6,15,49,12,0.9,Dijkstra,0.996,True,0.00027830299995912355
6,16,32,2,0.5,ILP,0.796,True,3.7419304847717285
6,16,32,2,0.5,MILP,0.796,True,0.4100368022918701
6,16,32,2,0.5,Dijkstra,0.796,True,0.0003066129997932876
6,16,32,2,0.6,ILP,0.892,True,1.972127914428711
6,16,32,2,0.6,MILP,0.892,True,0.27673888206481934
6,16,32,2,0.6,Dijkstra,0.892,True,0.00030283199976111064
6,16,32,2,0.7,ILP,0.952,True,1.010948657989502
6,16,32,2,0.7,MILP,0.952,False,0.26157307624816895
6,16,32,2,0.7,Dijkstra,0.952,False,0.0002988050000567455
6,16,32,2,0.8,ILP,0.986,True,0.337536096572876
6,16,32,2,0.8,MILP,0.986,False,0.1062922477722168
6,16,32,2,0.8,Dijkstra,0.986,False,0.00027077400000052876
6,16,32,2,0.9,ILP,0.996,True,0.19478988647460938
6,16,32,2,0.9,MILP,0.996,False,0.09302973747253418
6,16,32,2,0.9,Dijkstra,0.996,False,0.0002828659999067895
6,17,35,10,0.5,ILP,0.91,True,0.8749196529388428
6,17,35,10,0.5,MILP,0.89,False,0.3185703754425049
6,17,35,10,0.5,Dijkstra,0.91,False,0.0004170239999439218
6,17,35,10,0.6,ILP,0.952,True,0.7233893871307373
6,17,35,10,0.6,MILP,0.952,False,0.2259657382965088
6,17,35,10,0.6,Dijkstra,0.948,False,0.0003059800001210533
6,17,35,10,0.7,ILP,0.978,True,0.474468469619751
6,17,35,10,0.7,MILP,0.978,False,0.14318108558654785
6,17,35,10,0.7,Dijkstra,0.968,False,0.00031055099998411606
6,17,35,10,0.8,ILP,0.988,True,0.35926151275634766
6,17,35,10,0.8,MILP,0.988,False,0.14816546440124512
6,17,35,10,0.8,Dijkstra,0.986,False,0.0003030670000043756
6,17,35,10,0.9,ILP,0.994,True,0.16193103790283203
6,17,35,10,0.9,MILP,0.994,True,0.10449028015136719
6,17,35,10,0.9,Dijkstra,0.992,False,0.00029844199980288977
6,18,48,44,0.5,ILP,0.972,True,0.18585419654846191
6,18,48,44,0.5,MILP,0.972,True,0.09769678115844727
6,18,48,44,0.5,Dijkstra,0.972,True,0.00031249799985744176
6,18,48,44,0.6,ILP,0.986,True,0.21170759201049805
6,18,48,44,0.6,MILP,0.986,True,0.08937621116638184
6,18,48,44,0.6,Dijkstra,0.986,True,0.0002970329996969667
6,18,48,44,0.7,ILP,0.994,True,0.11211371421813965
6,18,48,44,0.7,MILP,0.994,True,0.09020423889160156
6,18,48,44,0.7,Dijkstra,0.994,True,0.0002886319998651743
6,18,48,44,0.8,ILP,0.998,True,0.08203315734863281
6,18,48,44,0.8,MILP,0.998,True,0.08083367347717285
6,18,48,44,0.8,Dijkstra,0.998,True,0.00027032200023313635
6,18,48,44,0.9,ILP,0.998,True,0.08492541313171387
6,18,48,44,0.9,MILP,0.998,True,0.0800485610961914
6,18,48,44,0.9,Dijkstra,0.998,True,0.00028096200003346894
6,19,26,21,0.5,ILP,0.948,True,0.5472099781036377
6,19,26,21,0.5,MILP,0.948,False,0.12266707420349121
6,19,26,21,0.5,Dijkstra,0.94,False,0.00039058600032149116
6,19,26,21,0.6,ILP,0.978,True,0.3661000728607178
6,19,26,21,0.6,MILP,0.978,True,0.11899781227111816
6,19,26,21,0.6,Dijkstra,0.97,False,0.00029889200004618033
6,19,26,21,0.7,ILP,0.988,True,0.3771402835845947
6,19,26,21,0.7,MILP,0.988,True,0.1130514144897461
6,19,26,21,0.7,Dijkstra,0.988,True,0.00031443099987882306
6,19,26,21,0.8,ILP,0.996,True,0.13735699653625488
6,19,26,21,0.8,MILP,0.996,False,0.10693550109863281
6,19,26,21,0.8,Dijkstra,0.996,False,0.0003040980000150739
6,19,26,21,0.9,ILP,0.998,True,0.1302933692932129
6,19,26,21,0.9,MILP,0.996,False,0.09883689880371094
6,19,26,21,0.9,Dijkstra,0.996,False,0.00030846399977235706
7,0,34,63,0.5,ILP,0.938,True,1.5357005596160889
7,0,34,63,0.5,MILP,0.938,False,0.3839595317840576
7,0,34,63,0.5,Dijkstra,0.938,True,0.00031222999996316503
7,0,34,63,0.6,ILP,0.976,True,0.8102154731750488
7,0,34,63,0.6,MILP,0.976,False,0.3709452152252197
7,0,34,63,0.6,Dijkstra,0.976,True,0.0003194420000909304
7,0,34,63,0.7,ILP,0.982,True,0.7155654430389404
7,0,34,63,0.7,MILP,0.982,False,0.3600430488586426
7,0,34,63,0.7,Dijkstra,0.982,True,0.0003140170001643128
7,0,34,63,0.8,ILP,0.994,True,0.2067089080810547
7,0,34,63,0.8,MILP,0.994,False,0.20394182205200195
7,0,34,63,0.8,Dijkstra,0.994,False,0.00028119599983256194
7,0,34,63,0.9,ILP,0.996,True,0.2771580219268799
7,0,34,63,0.9,MILP,0.996,False,0.14585375785827637
7,0,34,63,0.9,Dijkstra,0.996,False,0.0002894459998969978
7,1,47,49,0.5,ILP,0.966,True,0.09458804130554199
7,1,47,49,0.5,MILP,0.966,True,0.09247660636901855
7,1,47,49,0.5,Dijkstra,0.966,True,0.000280387999737286
7,1,47,49,0.6,ILP,0.978,True,0.08969593048095703
7,1,47,49,0.6,MILP,0.978,True,0.09061670303344727
7,1,47,49,0.6,Dijkstra,0.978,True,0.00026768899988383055
7,1,47,49,0.7,ILP,0.988,True,0.08654642105102539
7,1,47,49,0.7,MILP,0.988,True,0.08921957015991211
7,1,47,49,0.7,Dijkstra,0.988,True,0.0002566109997133026
7,1,47,49,0.8,ILP,0.994,True,0.0854346752166748
7,1,47,49,0.8,MILP,0.994,True,0.08772659301757812
7,1,47,49,0.8,Dijkstra,0.994,True,0.0002808690001074865
7,1,47,49,0.9,ILP,0.996,True,0.0855250358581543
7,1,47,49,0.9,MILP,0.996,True,0.08760881423950195
7,1,47,49,0.9,Dijkstra,0.996,True,0.0002672649998203269
7,2,46,51,0.5,ILP,0.866,True,0.5218501091003418
7,2,46,51,0.5,MILP,0.866,True,0.44788050651550293
7,2,46,51,0.5,Dijkstra,0.866,True,0.00029237399985504453
7,2,46,51,0.6,ILP,0.9319999999999999,True,0.554882287979126
7,2,46,51,0.6,MILP,0.9319999999999999,False,0.4561750888824463
7,2,46,51,0.6,Dijkstra,0.9319999999999999,True,0.0003088650000790949
7,2,46,51,0.7,ILP,0.97,True,0.37720537185668945
7,2,46,51,0.7,MILP,0.97,True,0.3172283172607422
7,2,46,51,0.7,Dijkstra,0.97,True,0.0003460519997133815
7,2,46,51,0.8,ILP,0.986,True,0.27413225173950195
7,2,46,51,0.8,MILP,0.98,False,0.1644759178161621
7,2,46,51,0.8,Dijkstra,0.986,False,0.0003204959998583945
7,2,46,51,0.9,ILP,0.99,True,0.3323817253112793
7,2,46,51,0.9,MILP,0.99,False,0.11939549446105957
7,2,46,51,0.9,Dijkstra,0.99,True,0.0002919230000770767
7,3,33,8,0.5,ILP,0.984,True,0.1719341278076172
7,3,33,8,0.5,MILP,0.984,False,0.11186075210571289
7,3,33,8,0.5,Dijkstra,0.984,False,0.00028564700005517807
7,3,33,8,0.6,ILP,0.992,True,0.14082884788513184
7,3,33,8,0.6,MILP,0.992,True,0.1188511848449707
7,3,33,8,0.6,Dijkstra,0.992,True,0.000265445999957592
7,3,33,8,0.7,ILP,0.996,True,0.12617158889770508
7,3,33,8,0.7,MILP,0.996,False,0.10941195487976074
7,3,33,8,0.7,Dijkstra,0.996,False,0.00028705299973807996
7,3,33,8,0.8,ILP,0.996,True,0.1260237693786621
7,3,33,8,0.8,MILP,0.996,True,0.1050117015838623
7,3,33,8,0.8,Dijkstra,0.996,True,0.00027176699995834497
7,3,33,8,0.9,ILP,0.996,True,0.11538386344909668
7,3,33,8,0.9,MILP,0.996,True,0.10173940658569336
7,3,33,8,0.9,Dijkstra,0.996,True,0.0002679499998521351
7,4,54,29,0.5,ILP,0.926,True,0.5520806312561035
7,4,54,29,0.5,MILP,0.926,True,0.08985519409179688
7,4,54,29,0.5,Dijkstra,0.926,True,0.0002889980000873038
7,4,54,29,0.6,ILP,0.966,True,0.56308913230896
7,4,54,29,0.6,MILP,0.966,True,0.09804725646972656
7,4,54,29,0.6,Dijkstra,0.966,True,0.0002941370003100019
7,4,54,29,0.7,ILP,0.986,True,0.2727994918823242
7,4,54,29,0.7,MILP,0.986,True,0.09566831588745117
7,4,54,29,0.7,Dijkstra,0.986,True,0.00028421600018191384
7,4,54,29,0.8,ILP,0.992,True,0.3358330726623535
7,4,54,29,0.8,MILP,0.992,False,0.1964111328125
7,4,54,29,0.8,Dijkstra,0.992,True,0.00031286500006899587
7,4,54,29,0.9,ILP,0.998,True,0.14335155487060547
7,4,54,29,0.9,MILP,0.998,True,0.13279390335083008
7,4,54,29,0.9,Dijkstra,0.998,True,0.0002919250000559259
7,5,32,24,0.5,ILP,0.984,True,0.2679753303527832
7,5,32,24,0.5,MILP,0.984,True,0.09267640113830566
7,5,32,24,0.5,Dijkstra,0.984,True,0.0002818140001181746
7,5,32,24,0.6,ILP,0.996,True,0.10057759284973145
7,5,32,24,0.6,MILP,0.996,True,0.10243916511535645
7,5,32,24,0.6,Dijkstra,0.996,True,0.0002793399999063695
7,5,32,24,0.7,ILP,0.998,True,0.09392619132995605
7,5,32,24,0.7,MILP,0.998,True,0.09099817276000977
7,5,32,24,0.7,Dijkstra,0.998,True,0.00028386700023474987
7,5,32,24,0.8,ILP,0.998,True,0.09200930595397949
7,5,32,24,0.8,MILP,0.998,True,0.09171772003173828
7,5,32,24,0.8,Dijkstra,0.998,True,0.00028100400004404946
7,5,32,24,0.9,ILP,0.998,True,0.09243941307067871
7,5,32,24,0.9,MILP,0.998,True,0.09233522415161133
7,5,32,24,0.9,Dijkstra,0.998,True,0.0003282229999967967
7,6,50,41,0.5,ILP,0.956,True,0.10988521575927734
7,6,50,41,0.5,MILP,0.956,True,0.10164189338684082
7,6,50,41,0.5,Dijkstra,0.956,True,0.0002914320002673776
7,6,50,41,0.6,ILP,0.978,True,0.10314726829528809
7,6,50,41,0.6,MILP,0.978,True,0.09384799003601074
7,6,50,41,0.6,Dijkstra,0.978,True,0.00027122699975734577
7,6,50,41,0.7,ILP,0.99,True,0.1006159782409668
7,6,50,41,0.7,MILP,0.99,True,0.09207558631896973
7,6,50,41,0.7,Dijkstra,0.99,True,0.0002784489997793571
7,6,50,41,0.8,ILP,0.996,True,0.09817695617675781
7,6,50,41,0.8,MILP,0.996,True,0.09632992744445801
7,6,50,41,0.8,Dijkstra,0.996,True,0.0002601269998194766
7,6,50,41,0.9,ILP,0.998,True,0.09953618049621582
7,6,50,41,0.9,MILP,0.998,True,0.09399819374084473
7,6,50,41,0.9,Dijkstra,0.998,True,0.00030239500028983457
7,7,26,53,0.5,ILP,0.898,True,0.7665972709655762
7,7,26,53,0.5,MILP,0.898,True,0.12230539321899414
7,7,26,53,0.5,Dijkstra,0.898,True,0.00028678499984380323
7,7,26,53,0.6,ILP,0.966,True,0.41037988662719727
7,7,26,53,0.6,MILP,0.966,True,0.11137747764587402
7,7,26,53,0.6,Dijkstra,0.966,True,0.00032151699997484684
7,7,26,53,0.7,ILP,0.986,True,0.32221484184265137
7,7,26,53,0.7,MILP,0.986,True,0.10115861892700195
7,7,26,53,0.7,Dijkstra,0.986,True,0.0003069710001000203
7,7,26,53,0.8,ILP,0.992,True,0.17217588424682617
7,7,26,53,0.8,MILP,0.992,True,0.09710693359375
7,7,26,53,0.8,Dijkstra,0.992,True,0.0003057170001738996
7,7,26,53,0.9,ILP,0.998,True,0.08074522018432617
7,7,26,53,0.9,MILP,0.998,True,0.09207367897033691
7,7,26,53,0.9,Dijkstra,0.998,True,0.00038506600003529456
7,8,35,28,0.5,ILP,0.974,True,0.28795909881591797
7,8,35,28,0.5,MILP,0.974,True,0.14963340759277344
7,8,35,28,0.5,Dijkstra,0.974,True,0.00027448299988463987
7,8,35,28,0.6,ILP,0.988,True,0.21954798698425293
7,8,35,28,0.6,MILP,0.988,True,0.15267491340637207
7,8,35,28,0.6,Dijkstra,0.988,True,0.00032774800001789117
7,8,35,28,0.7,ILP,0.992,True,0.14221930503845215
7,8,35,28,0.7,MILP,0.992,True,0.18934202194213867
7,8,35,28,0.7,Dijkstra,0.992,True,0.00033224499975403887
7,8,35,28,0.8,ILP,0.994,True,0.1825237274169922
7,8,35,28,0.8,MILP,0.994,True,0.2203662395477295
7,8,35,28,0.8,Dijkstra,0.994,True,0.0002982529999826511
7,8,35,28,0.9,ILP,0.998,True,0.13307428359985352
7,8,35,28,0.9,MILP,0.998,True,0.14020895957946777
7,8,35,28,0.9,Dijkstra,0.998,True,0.00030681800035381457
7,9,57,4,0.5,ILP,0.978,True,0.18640422821044922
7,9,57,4,0.5,MILP,0.978,True,0.0929112434387207
7,9,57,4,0.5,Dijkstra,0.978,True,0.0003496220001579786
7,9,57,4,0.6,ILP,0.988,True,0.19791340827941895
7,9,57,4,0.6,MILP,0.988,True,0.0955193042755127
7,9,57,4,0.6,Dijkstra,0.988,True,0.00026940799989461084
7,9,57,4,0.7,ILP,0.996,True,0.0950314998626709
7,9,57,4,0.7,MILP,0.996,True,0.09052443504333496
7,9,57,4,0.7,Dijkstra,0.996,True,0.00030126799993013265
7,9,57,4,0.8,ILP,0.998,True,0.09032869338989258
7,9,57,4,0.8,MILP,0.998,True,0.09885716438293457
7,9,57,4,0.8,Dijkstra,0.998,True,0.00027917800025534234
7,9,57,4,0.9,ILP,0.998,True,0.09780001640319824
7,9,57,4,0.9,MILP,0.998,True,0.09995698928833008
7,9,57,4,0.9,Dijkstra,0.998,True,0.0002705770002648933
7,10,55,53,0.5,ILP,0.888,True,0.6869549751281738
7,10,55,53,0.5,MILP,0.888,False,0.11350107192993164
7,10,55,53,0.5,Dijkstra,0.888,False,0.00028116800012867316
7,10,55,53,0.6,ILP,0.944,True,0.40567922592163086
7,10,55,53,0.6,MILP,0.944,False,0.0999135971069336
7,10,55,53,0.6,Dijkstra,0.944,False,0.00030088799985605874
7,10,55,53,0.7,ILP,0.98,True,0.3124232292175293
7,10,55,53,0.7,MILP,0.98,True,0.09888648986816406
7,10,55,53,0.7,Dijkstra,0.98,True,0.00032559400005993666
7,10,55,53,0.8,ILP,0.992,True,0.1531212329864502
7,10,55,53,0.8,MILP,0.992,True,0.09675335884094238
7,10,55,53,0.8,Dijkstra,0.992,True,0.00028859399981229217
7,10,55,53,0.9,ILP,0.996,True,0.11848688125610352
7,10,55,53,0.9,MILP,0.996,True,0.09204745292663574
7,10,55,53,0.9,Dijkstra,0.996,True,0.0002772619995994319
7,11,17,41,0.5,ILP,0.944,True,2.143409252166748
7,11,17,41,0.5,MILP,0.9299999999999999,False,0.641571044921875
7,11,17,41,0.5,Dijkstra,0.944,True,0.0003609360001064488
7,11,17,41,0.6,ILP,0.976,True,2.611884355545044
7,11,17,41,0.6,MILP,0.976,False,0.37195348739624023
7,11,17,41,0.6,Dijkstra,0.974,False,0.0002918290001616697
7,11,17,41,0.7,ILP,0.984,True,1.2469220161437988
7,11,17,41,0.7,MILP,0.984,True,0.31557726860046387
7,11,17,41,0.7,Dijkstra,0.984,False,0.00028484599988587433
7,11,17,41,0.8,ILP,0.996,True,0.3130350112915039
7,11,17,41,0.8,MILP,0.996,True,0.4621415138244629
7,11,17,41,0.8,Dijkstra,0.992,False,0.00030397699993045535
7,11,17,41,0.9,ILP,0.996,True,0.42965126037597656
7,11,17,41,0.9,MILP,0.996,True,0.4263758659362793
7,11,17,41,0.9,Dijkstra,0.994,False,0.00037150500020288746
7,12,45,23,0.5,ILP,0.846,True,0.928199052810669
7,12,45,23,0.5,MILP,0.846,True,0.0908806324005127
7,12,45,23,0.5,Dijkstra,0.846,True,0.00032372899977417546
7,12,45,23,0.6,ILP,0.922,True,1.3869929313659668
7,12,45,23,0.6,MILP,0.922,False,0.10796475410461426
7,12,45,23,0.6,Dijkstra,0.922,True,0.000336157999754505
7,12,45,23,0.7,ILP,0.972,True,0.7217402458190918
7,12,45,23,0.7,MILP,0.972,False,0.1112217903137207
7,12,45,23,0.7,Dijkstra,0.972,True,0.00027000199997928576
7,12,45,23,0.8,ILP,0.992,True,0.20401334762573242
7,12,45,23,0.8,MILP,0.992,True,0.11238431930541992
7,12,45,23,0.8,Dijkstra,0.992,True,0.00027345599983163993
7,12,45,23,0.9,ILP,0.998,True,0.08881473541259766
7,12,45,23,0.9,MILP,0.998,True,0.08572649955749512
7,12,45,23,0.9,Dijkstra,0.998,True,0.0002807519999805663
7,13,4,63,0.5,ILP,0.992,True,0.1421070098876953
7,13,4,63,0.5,MILP,0.992,False,0.1376502513885498
7,13,4,63,0.5,Dijkstra,0.992,True,0.0002756869998847833
7,13,4,63,0.6,ILP,0.998,True,0.09417510032653809
7,13,4,63,0.6,MILP,0.998,True,0.11108064651489258
7,13,4,63,0.6,Dijkstra,0.998,True,0.0002655619996403402
7,13,4,63,0.7,ILP,0.998,True,0.09526801109313965
7,13,4,63,0.7,MILP,0.998,True,0.11159420013427734
7,13,4,63,0.7,Dijkstra,0.998,True,0.0002846240004146239
7,13,4,63,0.8,ILP,0.998,True,0.09459590911865234
7,13,4,63,0.8,MILP,0.998,True,0.11386537551879883
7,13,4,63,0.8,Dijkstra,0.998,True,0.0002851180001925968
7,13,4,63,0.9,ILP,0.998,True,0.09399056434631348
7,13,4,63,0.9,MILP,0.998,True,0.11086463928222656
7,13,4,63,0.9,Dijkstra,0.998,True,0.0002714219999688794
7,14,44,50,0.5,ILP,0.97,True,0.17836451530456543
7,14,44,50,0.5,MILP,0.97,False,0.10016918182373047
7,14,44,50,0.5,Dijkstra,0.97,False,0.0002671360002750589
7,14,44,50,0.6,ILP,0.984,True,0.13181161880493164
7,14,44,50,0.6,MILP,0.984,True,0.09706544876098633
7,14,44,50,0.6,Dijkstra,0.984,True,0.00029451599993990385
7,14,44,50,0.7,ILP,0.99,True,0.11817359924316406
7,14,44,50,0.7,MILP,0.99,True,0.09440064430236816
7,14,44,50,0.7,Dijkstra,0.99,True,0.00047951099986676127
7,14,44,50,0.8,ILP,0.992,True,0.11794400215148926
7,14,44,50,0.8,MILP,0.992,True,0.08904385566711426
7,14,44,50,0.8,Dijkstra,0.992,True,0.00032164800040845876
7,14,44,50,0.9,ILP,0.996,True,0.13602185249328613
7,14,44,50,0.9,MILP,0.996,True,0.11334919929504395
7,14,44,50,0.9,Dijkstra,0.996,True,0.00027541400004338357
7,15,49,12,0.5,ILP,0.96,True,0.13496017456054688
7,15,49,12,0.5,MILP,0.96,False,0.140824556350708
7,15,49,12,0.5,Dijkstra,0.96,False,0.0002945770002042991
7,15,49,12,0.6,ILP,0.978,True,0.12337803840637207
7,15,49,12,0.6,MILP,0.978,True,0.1264662742614746
7,15,49,12,0.6,Dijkstra,0.978,True,0.00028122699995947187
7,15,49,12,0.7,ILP,0.986,True,0.11526823043823242
7,15,49,12,0.7,MILP,0.986,True,0.09464216232299805
7,15,49,12,0.7,Dijkstra,0.986,True,0.0002779510000436858
7,15,49,12,0.8,ILP,0.994,True,0.10455489158630371
7,15,49,12,0.8,MILP,0.994,True,0.09421968460083008
7,15,49,12,0.8,Dijkstra,0.994,True,0.0002755089999482152
7,15,49,12,0.9,ILP,0.996,True,0.09738731384277344
7,15,49,12,0.9,MILP,0.996,True,0.09355878829956055
7,15,49,12,0.9,Dijkstra,0.996,True,0.0002693530000215105
7,16,32,2,0.5,ILP,0.996,True,0.10332083702087402
7,16,32,2,0.5,MILP,0.996,True,0.09356832504272461
7,16,32,2,0.5,Dijkstra,0.996,True,0.00030648499978269683
7,16,32,2,0.6,ILP,0.998,True,0.09504985809326172
7,16,32,2,0.6,MILP,0.998,True,0.09653997421264648
7,16,32,2,0.6,Dijkstra,0.998,True,0.000290015999780735
7,16,32,2,0.7,ILP,0.998,True,0.09421825408935547
7,16,32,2,0.7,MILP,0.998,True,0.09366941452026367
7,16,32,2,0.7,Dijkstra,0.998,True,0.00028267700008655083
7,16,32,2,0.8,ILP,0.998,True,0.0956430435180664
7,16,32,2,0.8,MILP,0.998,True,0.09502005577087402
7,16,32,2,0.8,Dijkstra,0.998,True,0.00027515200008565444
7,16,32,2,0.9,ILP,0.998,True,0.09967184066772461
7,16,32,2,0.9,MILP,0.998,True,0.11656713485717773
7,16,32,2,0.9,Dijkstra,0.998,True,0.0003322210000078485
7,17,35,10,0.5,ILP,0.856,True,1.20121431350708
7,17,35,10,0.5,MILP,0.856,True,0.3156404495239258
7,17,35,10,0.5,Dijkstra,0.856,False,0.0003046319998247782
7,17,35,10,0.6,ILP,0.946,True,0.621593713760376
7,17,35,10,0.6,MILP,0.946,True,0.2658858299255371
7,17,35,10,0.6,Dijkstra,0.916,False,0.0003368960001353116
7,17,35,10,0.7,ILP,0.98,True,0.3300495147705078
7,17,35,10,0.7,MILP,0.98,False,0.1364595890045166
7,17,35,10,0.7,Dijkstra,0.968,False,0.00031066700012161164
7,17,35,10,0.8,ILP,0.99,True,0.17801642417907715
7,17,35,10,0.8,MILP,0.99,True,0.10276603698730469
7,17,35,10,0.8,Dijkstra,0.986,False,0.0003055240003959625
7,17,35,10,0.9,ILP,0.992,True,0.22284913063049316
7,17,35,10,0.9,MILP,0.992,False,0.10692620277404785
7,17,35,10,0.9,Dijkstra,0.99,False,0.0002870319999601634
7,18,48,44,0.5,ILP,0.832,True,0.4856593608856201
7,18,48,44,0.5,MILP,0.832,True,0.5968859195709229
7,18,48,44,0.5,Dijkstra,0.832,True,0.00030363899986696197
7,18,48,44,0.6,ILP,0.924,True,0.4810514450073242
7,18,48,44,0.6,MILP,0.924,False,0.3593900203704834
7,18,48,44,0.6,Dijkstra,0.924,True,0.00031254999976226827
7,18,48,44,0.7,ILP,0.958,True,0.3019554615020752
7,18,48,44,0.7,MILP,0.952,False,0.2574946880340576
7,18,48,44,0.7,Dijkstra,0.958,True,0.0003085019998252392
7,18,48,44,0.8,ILP,0.98,True,0.3320181369781494
7,18,48,44,0.8,MILP,0.978,False,0.19433331489562988
7,18,48,44,0.8,Dijkstra,0.98,True,0.0002804999999170832
7,18,48,44,0.9,ILP,0.988,True,0.35471153259277344
7,18,48,44,0.9,MILP,0.988,False,0.1454331874847412
7,18,48,44,0.9,Dijkstra,0.988,True,0.00029064299997116905
7,19,26,21,0.5,ILP,0.8220000000000001,True,0.9080469608306885
7,19,26,21,0.5,MILP,0.8220000000000001,False,0.10843610763549805
7,19,26,21,0.5,Dijkstra,0.8220000000000001,True,0.000312145999942004
7,19,26,21,0.6,ILP,0.906,True,0.5562121868133545
7,19,26,21,0.6,MILP,0.906,True,0.13213491439819336
7,19,26,21,0.6,Dijkstra,0.906,True,0.0003017760000147973
7,19,26,21,0.7,ILP,0.954,True,0.6166732311248779
7,19,26,21,0.7,MILP,0.954,True,0.11400508880615234
7,19,26,21,0.7,Dijkstra,0.954,True,0.0003251050002290867
7,19,26,21,0.8,ILP,0.974,True,0.5994307994842529
7,19,26,21,0.8,MILP,0.974,True,0.10295319557189941
7,19,26,21,0.8,Dijkstra,0.974,True,0.0002867369998966751
7,19,26,21,0.9,ILP,0.994,True,0.16070103645324707
7,19,26,21,0.9,MILP,0.994,False,0.0991966724395752
7,19,26,21,0.9,Dijkstra,0.994,False,0.00036326500003269757
8,0,34,63,0.5,ILP,0.9319999999999999,True,1.7486751079559326
8,0,34,63,0.5,MILP,0.9319999999999999,True,0.6447100639343262
8,0,34,63,0.5,Dijkstra,0.9319999999999999,True,0.00029696800038436777
8,0,34,63,0.6,ILP,0.972,True,0.9292497634887695
8,0,34,63,0.6,MILP,0.972,False,0.27402520179748535
8,0,34,63,0.6,Dijkstra,0.972,False,0.0003056349996768404
8,0,34,63,0.7,ILP,0.986,True,0.46775317192077637
8,0,34,63,0.7,MILP,0.986,False,0.39159369468688965
8,0,34,63,0.7,Dijkstra,0.986,False,0.0002991880000990932
8,0,34,63,0.8,ILP,0.992,True,0.2951314449310303
8,0,34,63,0.8,MILP,0.99,False,0.2528085708618164
8,0,34,63,0.8,Dijkstra,0.992,True,0.00032654799997544615
8,0,34,63,0.9,ILP,0.998,True,0.14242935180664062
8,0,34,63,0.9,MILP,0.996,False,0.13696813583374023
8,0,34,63,0.9,Dijkstra,0.996,False,0.0002888170001824619
8,1,47,49,0.5,ILP,0.918,True,0.10225820541381836
8,1,47,49,0.5,MILP,0.918,True,0.09194135665893555
8,1,47,49,0.5,Dijkstra,0.918,True,0.00027498400004333234
8,1,47,49,0.6,ILP,0.95,True,0.1005702018737793
8,1,47,49,0.6,MILP,0.95,True,0.09211325645446777
8,1,47,49,0.6,Dijkstra,0.95,True,0.0002919220000876521
8,1,47,49,0.7,ILP,0.978,True,0.09957432746887207
8,1,47,49,0.7,MILP,0.978,True,0.08920788764953613
8,1,47,49,0.7,Dijkstra,0.978,True,0.0002501730000403768
8,1,47,49,0.8,ILP,0.992,True,0.09479117393493652
8,1,47,49,0.8,MILP,0.992,True,0.09500551223754883
8,1,47,49,0.8,Dijkstra,0.992,True,0.00026285800004188786
8,1,47,49,0.9,ILP,0.998,True,0.09073400497436523
8,1,47,49,0.9,MILP,0.998,True,0.09020256996154785
8,1,47,49,0.9,Dijkstra,0.998,True,0.00026359499997852254
8,2,46,51,0.5,ILP,0.966,True,0.44611215591430664
8,2,46,51,0.5,MILP,0.966,False,0.18557190895080566
8,2,46,51,0.5,Dijkstra,0.964,False,0.00030025800015209825
8,2,46,51,0.6,ILP,0.984,True,0.32213854789733887
8,2,46,51,0.6,MILP,0.984,False,0.11989927291870117
8,2,46,51,0.6,Dijkstra,0.98,False,0.0002730060000430967
8,2,46,51,0.7,ILP,0.996,True,0.09827160835266113
8,2,46,51,0.7,MILP,0.996,True,0.1072227954864502
8,2,46,51,0.7,Dijkstra,0.986,False,0.00029953600005683256
8,2,46,51,0.8,ILP,0.996,True,0.1159517765045166
8,2,46,51,0.8,MILP,0.996,False,0.1133885383605957
8,2,46,51,0.8,Dijkstra,0.996,False,0.00032134100001712795
8,2,46,51,0.9,ILP,0.996,True,0.22609615325927734
8,2,46,51,0.9,MILP,0.996,False,0.12043642997741699
8,2,46,51,0.9,Dijkstra,0.996,False,0.0002758569999059546
8,3,33,8,0.5,ILP,0.946,True,0.6194882392883301
8,3,33,8,0.5,MILP,0.946,True,0.7364275455474854
8,3,33,8,0.5,Dijkstra,0.946,True,0.0003037799997400725
8,3,33,8,0.6,ILP,0.964,True,0.7714076042175293
8,3,33,8,0.6,MILP,0.964,True,0.6225588321685791
8,3,33,8,0.6,Dijkstra,0.964,True,0.0003089549995820562
8,3,33,8,0.7,ILP,0.984,True,0.6005382537841797
8,3,33,8,0.7,MILP,0.97,False,0.5548849105834961
8,3,33,8,0.7,Dijkstra,0.984,True,0.0003160779997415375
8,3,33,8,0.8,ILP,0.994,True,0.1590275764465332
8,3,33,8,0.8,MILP,0.994,False,0.1713848114013672
8,3,33,8,0.8,Dijkstra,0.99,False,0.0002928439998868271
8,3,33,8,0.9,ILP,0.996,True,0.21003174781799316
8,3,33,8,0.9,MILP,0.996,False,0.12281155586242676
8,3,33,8,0.9,Dijkstra,0.992,False,0.0002812460002132866
8,4,54,29,0.5,ILP,0.854,True,0.739802360534668
8,4,54,29,0.5,MILP,0.854,True,0.08211278915405273
8,4,54,29,0.5,Dijkstra,0.854,True,0.0002913779999289545
8,4,54,29,0.6,ILP,0.9359999999999999,True,0.502234935760498
8,4,54,29,0.6,MILP,0.9359999999999999,True,0.08334970474243164
8,4,54,29,0.6,Dijkstra,0.9359999999999999,True,0.000308359999962704
8,4,54,29,0.7,ILP,0.968,True,0.358689546585083
8,4,54,29,0.7,MILP,0.968,True,0.08753490447998047
8,4,54,29,0.7,Dijkstra,0.968,True,0.0002832940003827389
8,4,54,29,0.8,ILP,0.99,True,0.13629579544067383
8,4,54,29,0.8,MILP,0.99,True,0.08108377456665039
8,4,54,29,0.8,Dijkstra,0.99,True,0.0002892210000027262
8,4,54,29,0.9,ILP,0.998,True,0.0826406478881836
8,4,54,29,0.9,MILP,0.998,True,0.08476877212524414
8,4,54,29,0.9,Dijkstra,0.998,True,0.0002786709997053549
8,5,32,24,0.5,ILP,0.904,True,2.0032379627227783
8,5,32,24,0.5,MILP,0.904,True,0.2107856273651123
8,5,32,24,0.5,Dijkstra,0.904,True,0.0003364120002515847
8,5,32,24,0.6,ILP,0.952,True,1.5182509422302246
8,5,32,24,0.6,MILP,0.952,True,0.22929096221923828
8,5,32,24,0.6,Dijkstra,0.952,True,0.00033077500029321527
8,5,32,24,0.7,ILP,0.978,True,0.6183335781097412
8,5,32,24,0.7,MILP,0.978,True,0.1222832202911377
8,5,32,24,0.7,Dijkstra,0.978,True,0.0002770729997791932
8,5,32,24,0.8,ILP,0.992,True,0.19232916831970215
8,5,32,24,0.8,MILP,0.992,True,0.10545802116394043
8,5,32,24,0.8,Dijkstra,0.992,True,0.00027735300000131247
8,5,32,24,0.9,ILP,0.996,True,0.19288372993469238
8,5,32,24,0.9,MILP,0.996,True,0.09726238250732422
8,5,32,24,0.9,Dijkstra,0.996,True,0.0002831460001289088
8,6,50,41,0.5,ILP,0.984,True,0.09845757484436035
8,6,50,41,0.5,MILP,0.984,False,0.13174986839294434
8,6,50,41,0.5,Dijkstra,0.984,True,0.0002715810001063801
8,6,50,41,0.6,ILP,0.994,True,0.09426665306091309
8,6,50,41,0.6,MILP,0.992,False,0.11345338821411133
8,6,50,41,0.6,Dijkstra,0.994,True,0.0002613490000840102
8,6,50,41,0.7,ILP,0.996,True,0.0936739444732666
8,6,50,41,0.7,MILP,0.994,False,0.1158132553100586
8,6,50,41,0.7,Dijkstra,0.996,True,0.00026418500010549906
8,6,50,41,0.8,ILP,0.998,True,0.09869670867919922
8,6,50,41,0.8,MILP,0.996,False,0.10662317276000977
8,6,50,41,0.8,Dijkstra,0.998,True,0.00033010199967975495
8,6,50,41,0.9,ILP,0.998,True,0.09786629676818848
8,6,50,41,0.9,MILP,0.998,True,0.10376143455505371
8,6,50,41,0.9,Dijkstra,0.998,False,0.00026937500024359906
8,7,26,53,0.5,ILP,0.942,True,0.2506992816925049
8,7,26,53,0.5,MILP,0.942,True,0.14095115661621094
8,7,26,53,0.5,Dijkstra,0.942,True,0.0002875770001082856
8,7,26,53,0.6,ILP,0.974,True,0.1958169937133789
8,7,26,53,0.6,MILP,0.972,False,0.11290264129638672
8,7,26,53,0.6,Dijkstra,0.974,True,0.0003002919997925346
8,7,26,53,0.7,ILP,0.988,True,0.10333418846130371
8,7,26,53,0.7,MILP,0.98,False,0.1152963638305664
8,7,26,53,0.7,Dijkstra,0.988,True,0.00028430299971660133
8,7,26,53,0.8,ILP,0.994,True,0.10902857780456543
8,7,26,53,0.8,MILP,0.99,False,0.09961676597595215
8,7,26,53,0.8,Dijkstra,0.994,True,0.0003371369998603768
8,7,26,53,0.9,ILP,0.996,True,0.09363293647766113
8,7,26,53,0.9,MILP,0.996,False,0.09917831420898438
8,7,26,53,0.9,Dijkstra,0.996,True,0.0002959130001727317
8,8,35,28,0.5,ILP,0.83,True,0.8446507453918457
8,8,35,28,0.5,MILP,0.83,True,0.18333101272583008
8,8,35,28,0.5,Dijkstra,0.83,True,0.0002772620000541792
8,8,35,28,0.6,ILP,0.912,True,0.8123810291290283
8,8,35,28,0.6,MILP,0.912,True,0.20414257049560547
8,8,35,28,0.6,Dijkstra,0.912,True,0.0003405590000511438
8,8,35,28,0.7,ILP,0.962,True,0.5280284881591797
8,8,35,28,0.7,MILP,0.962,True,0.1754896640777588
8,8,35,28,0.7,Dijkstra,0.962,True,0.0002749400000539026
8,8,35,28,0.8,ILP,0.974,True,0.5645201206207275
8,8,35,28,0.8,MILP,0.974,True,0.17717194557189941
8,8,35,28,0.8,Dijkstra,0.974,True,0.00027827700023408397
8,8,35,28,0.9,ILP,0.994,True,0.1302487850189209
8,8,35,28,0.9,MILP,0.994,True,0.10084700584411621
8,8,35,28,0.9,Dijkstra,0.994,True,0.0002705519996197836
8,9,57,4,0.5,ILP,0.968,True,0.20836186408996582
8,9,57,4,0.5,MILP,0.968,True,0.09406590461730957
8,9,57,4,0.5,Dijkstra,0.968,True,0.0002633110002534522
8,9,57,4,0.6,ILP,0.992,True,0.11432290077209473
8,9,57,4,0.6,MILP,0.992,True,0.09308886528015137
8,9,57,4,0.6,Dijkstra,0.992,True,0.0002633809999679215
8,9,57,4,0.7,ILP,0.996,True,0.08861708641052246
8,9,57,4,0.7,MILP,0.996,True,0.09153246879577637
8,9,57,4,0.7,Dijkstra,0.996,True,0.0002586250002423185
8,9,57,4,0.8,ILP,0.996,True,0.12299108505249023
8,9,57,4,0.8,MILP,0.996,True,0.09360527992248535
8,9,57,4,0.8,Dijkstra,0.996,True,0.000265664999915316
8,9,57,4,0.9,ILP,0.998,True,0.08858156204223633
8,9,57,4,0.9,MILP,0.998,True,0.09178686141967773
8,9,57,4,0.9,Dijkstra,0.998,True,0.0002614039999571105
8,10,55,53,0.5,ILP,0.9319999999999999,True,0.1308603286743164
8,10,55,53,0.5,MILP,0.9319999999999999,True,0.10040283203125
8,10,55,53,0.5,Dijkstra,0.9319999999999999,True,0.0002763800002867356
8,10,55,53,0.6,ILP,0.982,True,0.08764433860778809
8,10,55,53,0.6,MILP,0.982,True,0.09838080406188965
8,10,55,53,0.6,Dijkstra,0.982,True,0.00027112699990539113
8,10,55,53,0.7,ILP,0.992,True,0.09191226959228516
8,10,55,53,0.7,MILP,0.992,True,0.09178709983825684
8,10,55,53,0.7,Dijkstra,0.992,True,0.00026689900005294476
8,10,55,53,0.8,ILP,0.996,True,0.08985018730163574
8,10,55,53,0.8,MILP,0.996,True,0.08630490303039551
8,10,55,53,0.8,Dijkstra,0.996,True,0.0002903939998759597
8,10,55,53,0.9,ILP,0.996,True,0.10264086723327637
8,10,55,53,0.9,MILP,0.996,True,0.08660197257995605
8,10,55,53,0.9,Dijkstra,0.996,True,0.0002646849998200196
8,11,17,41,0.5,ILP,0.996,True,0.1375586986541748
8,11,17,41,0.5,MILP,0.996,True,0.17305660247802734
8,11,17,41,0.5,Dijkstra,0.996,True,0.00026170000001002336
8,11,17,41,0.6,ILP,0.996,True,0.4376375675201416
8,11,17,41,0.6,MILP,0.996,True,0.29954957962036133
8,11,17,41,0.6,Dijkstra,0.996,True,0.0002710379999371071
8,11,17,41,0.7,ILP,0.998,True,0.2760658264160156
8,11,17,41,0.7,MILP,0.998,False,0.6414039134979248
8,11,17,41,0.7,Dijkstra,0.998,False,0.00027382300004319404
8,11,17,41,0.8,ILP,0.998,True,0.09089946746826172
8,11,17,41,0.8,MILP,0.998,True,0.13800978660583496
8,11,17,41,0.8,Dijkstra,0.998,True,0.00038314999983413145
8,11,17,41,0.9,ILP,0.998,True,0.09352493286132812
8,11,17,41,0.9,MILP,0.996,False,0.12212443351745605
8,11,17,41,0.9,Dijkstra,0.998,True,0.00033049499961634865
8,12,45,23,0.5,ILP,0.928,True,0.42726969718933105
8,12,45,23,0.5,MILP,0.928,True,0.08787727355957031
8,12,45,23,0.5,Dijkstra,0.928,True,0.0002552539999669534
8,12,45,23,0.6,ILP,0.96,True,0.32097530364990234
8,12,45,23,0.6,MILP,0.96,False,0.10364317893981934
8,12,45,23,0.6,Dijkstra,0.96,False,0.00026166799989368883
8,12,45,23,0.7,ILP,0.978,True,0.16413068771362305
8,12,45,23,0.7,MILP,0.978,False,0.11313295364379883
8,12,45,23,0.7,Dijkstra,0.978,False,0.0002557500001785229
8,12,45,23,0.8,ILP,0.984,True,0.1737198829650879
8,12,45,23,0.8,MILP,0.984,False,0.11249780654907227
8,12,45,23,0.8,Dijkstra,0.984,True,0.00025475299980826094
8,12,45,23,0.9,ILP,0.994,True,0.13788795471191406
8,12,45,23,0.9,MILP,0.994,True,0.10273337364196777
8,12,45,23,0.9,Dijkstra,0.994,True,0.00027187500018044375
8,13,4,63,0.5,ILP,0.96,True,0.17090249061584473
8,13,4,63,0.5,MILP,0.96,True,0.11514139175415039
8,13,4,63,0.5,Dijkstra,0.96,True,0.000284940999790706
8,13,4,63,0.6,ILP,0.988,True,0.10074925422668457
8,13,4,63,0.6,MILP,0.988,True,0.11170363426208496
8,13,4,63,0.6,Dijkstra,0.988,True,0.000271956000233331
8,13,4,63,0.7,ILP,0.99,True,0.11567997932434082
8,13,4,63,0.7,MILP,0.99,True,0.11244821548461914
8,13,4,63,0.7,Dijkstra,0.99,True,0.0002684890000637097
8,13,4,63,0.8,ILP,0.996,True,0.09229254722595215
8,13,4,63,0.8,MILP,0.996,True,0.11080169677734375
8,13,4,63,0.8,Dijkstra,0.996,True,0.0002553160002207733
8,13,4,63,0.9,ILP,0.996,True,0.09970593452453613
8,13,4,63,0.9,MILP,0.996,True,0.11100363731384277
8,13,4,63,0.9,Dijkstra,0.996,True,0.0002603550001367694
8,14,44,50,0.5,ILP,0.84,True,0.726203441619873
8,14,44,50,0.5,MILP,0.84,True,0.08655381202697754
8,14,44,50,0.5,Dijkstra,0.84,True,0.00025700500009406824
8,14,44,50,0.6,ILP,0.916,True,0.5856726169586182
8,14,44,50,0.6,MILP,0.916,True,0.08585214614868164
8,14,44,50,0.6,Dijkstra,0.916,True,0.00026137599979847437
8,14,44,50,0.7,ILP,0.952,True,0.4627103805541992
8,14,44,50,0.7,MILP,0.952,True,0.11536598205566406
8,14,44,50,0.7,Dijkstra,0.952,True,0.00029450300007738406
8,14,44,50,0.8,ILP,0.97,True,0.3976106643676758
8,14,44,50,0.8,MILP,0.97,False,0.1224679946899414
8,14,44,50,0.8,Dijkstra,0.97,False,0.0003130879999844183
8,14,44,50,0.9,ILP,0.984,True,0.24829864501953125
8,14,44,50,0.9,MILP,0.984,True,0.12972116470336914
8,14,44,50,0.9,Dijkstra,0.984,True,0.00041830299960565753
8,15,49,12,0.5,ILP,0.994,True,0.10557961463928223
8,15,49,12,0.5,MILP,0.994,True,0.12966108322143555
8,15,49,12,0.5,Dijkstra,0.994,True,0.0002846760003194504
8,15,49,12,0.6,ILP,0.994,True,0.12392163276672363
8,15,49,12,0.6,MILP,0.994,False,0.1558082103729248
8,15,49,12,0.6,Dijkstra,0.994,False,0.0002917169999818725
8,15,49,12,0.7,ILP,0.998,True,0.10317087173461914
8,15,49,12,0.7,MILP,0.998,True,0.1183011531829834
8,15,49,12,0.7,Dijkstra,0.998,True,0.00027209300014874316
8,15,49,12,0.8,ILP,0.998,True,0.1334240436553955
8,15,49,12,0.8,MILP,0.998,True,0.2045609951019287
8,15,49,12,0.8,Dijkstra,0.998,True,0.0002920940000876726
8,15,49,12,0.9,ILP,0.998,True,0.0925741195678711
8,15,49,12,0.9,MILP,0.994,False,0.20593929290771484
8,15,49,12,0.9,Dijkstra,0.998,True,0.00026688000025387737
8,16,32,2,0.5,ILP,0.974,True,0.5172586441040039
8,16,32,2,0.5,MILP,0.974,True,0.18778657913208008
8,16,32,2,0.5,Dijkstra,0.974,True,0.0003118259996881534
8,16,32,2,0.6,ILP,0.99,True,0.41676759719848633
8,16,32,2,0.6,MILP,0.99,False,0.12169837951660156
8,16,32,2,0.6,Dijkstra,0.99,True,0.00028100100007577566
8,16,32,2,0.7,ILP,0.996,True,0.09559488296508789
8,16,32,2,0.7,MILP,0.996,False,0.11430811882019043
8,16,32,2,0.7,Dijkstra,0.996,True,0.00029627399999299087
8,16,32,2,0.8,ILP,0.998,True,0.11329150199890137
8,16,32,2,0.8,MILP,0.996,False,0.13278675079345703
8,16,32,2,0.8,Dijkstra,0.998,True,0.0002828050000971416
8,16,32,2,0.9,ILP,0.998,True,0.11101794242858887
8,16,32,2,0.9,MILP,0.996,False,0.12096762657165527
8,16,32,2,0.9,Dijkstra,0.998,True,0.00029174200017223484
8,17,35,10,0.5,ILP,0.84,True,1.0249049663543701
8,17,35,10,0.5,MILP,0.84,True,0.1683211326599121
8,17,35,10,0.5,Dijkstra,0.84,True,0.00031231999992087367
8,17,35,10,0.6,ILP,0.918,True,0.920490026473999
8,17,35,10,0.6,MILP,0.918,False,0.12689566612243652
8,17,35,10,0.6,Dijkstra,0.918,False,0.000285479000012856
8,17,35,10,0.7,ILP,0.968,True,0.5585982799530029
8,17,35,10,0.7,MILP,0.968,False,0.13445544242858887
8,17,35,10,0.7,Dijkstra,0.968,True,0.00034468500007278635
8,17,35,10,0.8,ILP,0.986,True,0.6017482280731201
8,17,35,10,0.8,MILP,0.986,True,0.12876582145690918
8,17,35,10,0.8,Dijkstra,0.986,True,0.0002837079996425018
8,17,35,10,0.9,ILP,0.992,True,0.2426471710205078
8,17,35,10,0.9,MILP,0.992,False,0.11558222770690918
8,17,35,10,0.9,Dijkstra,0.992,False,0.00029020800002399483
8,18,48,44,0.5,ILP,0.966,True,0.46762871742248535
8,18,48,44,0.5,MILP,0.966,False,0.15993833541870117
8,18,48,44,0.5,Dijkstra,0.962,False,0.00032351999971069745
8,18,48,44,0.6,ILP,0.984,True,0.34311890602111816
8,18,48,44,0.6,MILP,0.984,False,0.12539291381835938
8,18,48,44,0.6,Dijkstra,0.978,False,0.0002802829999382084
8,18,48,44,0.7,ILP,0.996,True,0.10818195343017578
8,18,48,44,0.7,MILP,0.996,True,0.09552407264709473
8,18,48,44,0.7,Dijkstra,0.992,False,0.0005581330001405149
8,18,48,44,0.8,ILP,0.996,True,0.11126518249511719
8,18,48,44,0.8,MILP,0.996,False,0.09989356994628906
8,18,48,44,0.8,Dijkstra,0.996,True,0.0002868760002456838
8,18,48,44,0.9,ILP,0.998,True,0.1272742748260498
8,18,48,44,0.9,MILP,0.998,False,0.10595107078552246
8,18,48,44,0.9,Dijkstra,0.996,False,0.0002816639998854953
8,19,26,21,0.5,ILP,0.916,True,0.48137617111206055
8,19,26,21,0.5,MILP,0.916,True,0.1432633399963379
8,19,26,21,0.5,Dijkstra,0.916,True,0.0003226479998374998
8,19,26,21,0.6,ILP,0.952,True,0.49686622619628906
8,19,26,21,0.6,MILP,0.952,True,0.12112855911254883
8,19,26,21,0.6,Dijkstra,0.952,True,0.00029967700038469047
8,19,26,21,0.7,ILP,0.976,True,0.3191087245941162
8,19,26,21,0.7,MILP,0.968,False,0.1121206283569336
8,19,26,21,0.7,Dijkstra,0.976,False,0.0003220809999220364
8,19,26,21,0.8,ILP,0.988,True,0.17533493041992188
8,19,26,21,0.8,MILP,0.982,False,0.10737848281860352
8,19,26,21,0.8,Dijkstra,0.988,True,0.00028843899963248987
8,19,26,21,0.9,ILP,0.992,True,0.3051893711090088
8,19,26,21,0.9,MILP,0.99,False,0.10605096817016602
8,19,26,21,0.9,Dijkstra,0.992,True,0.0002946209997389815
9,0,34,63,0.5,ILP,0.97,True,0.48632001876831055
9,0,34,63,0.5,MILP,0.97,True,0.6349437236785889
9,0,34,63,0.5,Dijkstra,0.97,True,0.0003045550001843367
9,0,34,63,0.6,ILP,0.98,True,0.38138508796691895
9,0,34,63,0.6,MILP,0.978,False,0.3324892520904541
9,0,34,63,0.6,Dijkstra,0.978,False,0.0002952649997496337
9,0,34,63,0.7,ILP,0.984,True,0.4729328155517578
9,0,34,63,0.7,MILP,0.984,False,0.2612428665161133
9,0,34,63,0.7,Dijkstra,0.984,False,0.0002895370002988784
9,0,34,63,0.8,ILP,0.992,True,0.43776464462280273
9,0,34,63,0.8,MILP,0.992,True,0.12753939628601074
9,0,34,63,0.8,Dijkstra,0.992,True,0.0003226329999961308
9,0,34,63,0.9,ILP,0.996,True,0.1986255645751953
9,0,34,63,0.9,MILP,0.994,False,0.11050653457641602
9,0,34,63,0.9,Dijkstra,0.994,False,0.0002804410000862845
9,1,47,49,0.5,ILP,0.962,True,0.10576128959655762
9,1,47,49,0.5,MILP,0.962,True,0.09302997589111328
9,1,47,49,0.5,Dijkstra,0.962,True,0.0002534479999667383
9,1,47,49,0.6,ILP,0.976,True,0.10438060760498047
9,1,47,49,0.6,MILP,0.976,True,0.09222173690795898
9,1,47,49,0.6,Dijkstra,0.976,True,0.000272627999947872
9,1,47,49,0.7,ILP,0.988,True,0.09597182273864746
9,1,47,49,0.7,MILP,0.988,True,0.09302306175231934
9,1,47,49,0.7,Dijkstra,0.988,True,0.00027503899991643266
9,1,47,49,0.8,ILP,0.992,True,0.0938405990600586
9,1,47,49,0.8,MILP,0.992,True,0.09089398384094238
9,1,47,49,0.8,Dijkstra,0.992,True,0.0002793359999486711
9,1,47,49,0.9,ILP,0.996,True,0.09658479690551758
9,1,47,49,0.9,MILP,0.996,True,0.08923149108886719
9,1,47,49,0.9,Dijkstra,0.996,True,0.00026506000040171784
9,2,46,51,0.5,ILP,0.966,True,0.36272668838500977
9,2,46,51,0.5,MILP,0.966,False,0.21263837814331055
9,2,46,51,0.5,Dijkstra,0.966,True,0.00030397199998333235
9,2,46,51,0.6,ILP,0.988,True,0.14146947860717773
9,2,46,51,0.6,MILP,0.988,False,0.17591214179992676
9,2,46,51,0.6,Dijkstra,0.988,True,0.0003493159997560724
9,2,46,51,0.7,ILP,0.99,True,0.2917346954345703
9,2,46,51,0.7,MILP,0.99,True,0.1651005744934082
9,2,46,51,0.7,Dijkstra,0.99,True,0.00028632700013986323
9,2,46,51,0.8,ILP,0.994,True,0.13824939727783203
9,2,46,51,0.8,MILP,0.994,True,0.12024688720703125
9,2,46,51,0.8,Dijkstra,0.994,True,0.0002969229999507661
9,2,46,51,0.9,ILP,0.998,True,0.11005878448486328
9,2,46,51,0.9,MILP,0.996,False,0.0949714183807373
9,2,46,51,0.9,Dijkstra,0.996,False,0.0002916069997809245
9,3,33,8,0.5,ILP,0.976,True,0.1665513515472412
9,3,33,8,0.5,MILP,0.976,True,0.09761834144592285
9,3,33,8,0.5,Dijkstra,0.976,True,0.00027696000006471877
9,3,33,8,0.6,ILP,0.988,True,0.12971210479736328
9,3,33,8,0.6,MILP,0.988,True,0.09843134880065918
9,3,33,8,0.6,Dijkstra,0.988,True,0.00030220100006772554
9,3,33,8,0.7,ILP,0.99,True,0.1138911247253418
9,3,33,8,0.7,MILP,0.99,True,0.09358453750610352
9,3,33,8,0.7,Dijkstra,0.99,True,0.0002783230002023629
9,3,33,8,0.8,ILP,0.994,True,0.11089730262756348
9,3,33,8,0.8,MILP,0.994,False,0.11643195152282715
9,3,33,8,0.8,Dijkstra,0.994,True,0.0002737449999585806
9,3,33,8,0.9,ILP,0.998,True,0.11174869537353516
9,3,33,8,0.9,MILP,0.998,True,0.11612653732299805
9,3,33,8,0.9,Dijkstra,0.998,True,0.00027360100011719624
9,4,54,29,0.5,ILP,0.806,True,1.9793992042541504
9,4,54,29,0.5,MILP,0.806,False,0.22386550903320312
9,4,54,29,0.5,Dijkstra,0.806,True,0.0003107600000475941
9,4,54,29,0.6,ILP,0.888,True,1.8603508472442627
9,4,54,29,0.6,MILP,0.888,False,0.18764710426330566
9,4,54,29,0.6,Dijkstra,0.888,True,0.0003115810000053898
9,4,54,29,0.7,ILP,0.946,True,1.3180568218231201
9,4,54,29,0.7,MILP,0.946,False,0.15861964225769043
9,4,54,29,0.7,Dijkstra,0.946,True,0.0003184950001013931
9,4,54,29,0.8,ILP,0.982,True,0.4037668704986572
9,4,54,29,0.8,MILP,0.982,True,0.1272118091583252
9,4,54,29,0.8,Dijkstra,0.982,True,0.0003129639999315259
9,4,54,29,0.9,ILP,0.994,True,0.1468055248260498
9,4,54,29,0.9,MILP,0.994,True,0.09952449798583984
9,4,54,29,0.9,Dijkstra,0.994,True,0.0002842900003088289
9,5,32,24,0.5,ILP,0.994,True,0.1252455711364746
9,5,32,24,0.5,MILP,0.994,True,0.16945457458496094
9,5,32,24,0.5,Dijkstra,0.994,True,0.0002891220001401962
9,5,32,24,0.6,ILP,0.998,True,0.09651994705200195
9,5,32,24,0.6,MILP,0.998,True,0.15468811988830566
9,5,32,24,0.6,Dijkstra,0.998,True,0.0002727740002228529
9,5,32,24,0.7,ILP,0.998,True,0.1168515682220459
9,5,32,24,0.7,MILP,0.998,True,0.13641571998596191
9,5,32,24,0.7,Dijkstra,0.998,True,0.0002683899997464323
9,5,32,24,0.8,ILP,0.998,True,0.09485054016113281
9,5,32,24,0.8,MILP,0.998,True,0.13927030563354492
9,5,32,24,0.8,Dijkstra,0.998,True,0.00028083600000172737
9,5,32,24,0.9,ILP,0.998,True,0.0929098129272461
9,5,32,24,0.9,MILP,0.994,False,0.2679882049560547
9,5,32,24,0.9,Dijkstra,0.998,True,0.00027947199987465865
9,6,50,41,0.5,ILP,0.968,True,0.12318062782287598
9,6,50,41,0.5,MILP,0.968,True,0.2117147445678711
9,6,50,41,0.5,Dijkstra,0.968,True,0.00032905799980653683
9,6,50,41,0.6,ILP,0.976,True,0.1055762767791748
9,6,50,41,0.6,MILP,0.974,False,0.18277645111083984
9,6,50,41,0.6,Dijkstra,0.974,False,0.00031359100012195995
9,6,50,41,0.7,ILP,0.99,True,0.10472893714904785
9,6,50,41,0.7,MILP,0.982,False,0.1053314208984375
9,6,50,41,0.7,Dijkstra,0.99,True,0.00026866799998970237
9,6,50,41,0.8,ILP,0.994,True,0.09509420394897461
9,6,50,41,0.8,MILP,0.994,True,0.10116124153137207
9,6,50,41,0.8,Dijkstra,0.992,False,0.0003559580000001006
9,6,50,41,0.9,ILP,0.996,True,0.1013028621673584
9,6,50,41,0.9,MILP,0.996,True,0.09647369384765625
9,6,50,41,0.9,Dijkstra,0.994,False,0.0002837590000126511
9,7,26,53,0.5,ILP,0.96,True,0.2884068489074707
9,7,26,53,0.5,MILP,0.96,False,0.1272296905517578
9,7,26,53,0.5,Dijkstra,0.96,True,0.0002837020001607016
9,7,26,53,0.6,ILP,0.982,True,0.16733598709106445
9,7,26,53,0.6,MILP,0.982,True,0.09937095642089844
9,7,26,53,0.6,Dijkstra,0.982,True,0.00029468799993992434
9,7,26,53,0.7,ILP,0.994,True,0.09018301963806152
9,7,26,53,0.7,MILP,0.994,True,0.09434986114501953
9,7,26,53,0.7,Dijkstra,0.994,True,0.0002969349998238613
9,7,26,53,0.8,ILP,0.996,True,0.0878610610961914
9,7,26,53,0.8,MILP,0.996,True,0.09467530250549316
9,7,26,53,0.8,Dijkstra,0.996,True,0.00030379800000446266
9,7,26,53,0.9,ILP,0.998,True,0.08393478393554688
9,7,26,53,0.9,MILP,0.998,True,0.08589315414428711
9,7,26,53,0.9,Dijkstra,0.998,True,0.0003081019999626733
9,8,35,28,0.5,ILP,0.996,True,0.11444377899169922
9,8,35,28,0.5,MILP,0.996,True,0.13510489463806152
9,8,35,28,0.5,Dijkstra,0.996,True,0.0002710439998736547
9,8,35,28,0.6,ILP,0.996,True,0.11933183670043945
9,8,35,28,0.6,MILP,0.996,True,0.17892932891845703
9,8,35,28,0.6,Dijkstra,0.996,True,0.0003106009999100934
9,8,35,28,0.7,ILP,0.996,True,0.12149786949157715
9,8,35,28,0.7,MILP,0.996,True,0.18634557723999023
9,8,35,28,0.7,Dijkstra,0.996,True,0.0002851310000551166
9,8,35,28,0.8,ILP,0.998,True,0.1322636604309082
9,8,35,28,0.8,MILP,0.998,False,0.5115118026733398
9,8,35,28,0.8,Dijkstra,0.998,False,0.0002893900000344729
9,8,35,28,0.9,ILP,0.998,True,0.12136650085449219
9,8,35,28,0.9,MILP,0.994,False,0.4399540424346924
9,8,35,28,0.9,Dijkstra,0.998,True,0.0002762710000752122
9,9,57,4,0.5,ILP,0.982,True,0.16762185096740723
9,9,57,4,0.5,MILP,0.982,True,0.17572999000549316
9,9,57,4,0.5,Dijkstra,0.982,True,0.0003157760002068244
9,9,57,4,0.6,ILP,0.986,True,0.2263798713684082
9,9,57,4,0.6,MILP,0.986,True,0.18506979942321777
9,9,57,4,0.6,Dijkstra,0.986,True,0.0003156040002068039
9,9,57,4,0.7,ILP,0.99,True,0.16576766967773438
9,9,57,4,0.7,MILP,0.99,False,0.20192193984985352
9,9,57,4,0.7,Dijkstra,0.99,False,0.0003438110002207395
9,9,57,4,0.8,ILP,0.996,True,0.15242934226989746
9,9,57,4,0.8,MILP,0.996,True,0.15605664253234863
9,9,57,4,0.8,Dijkstra,0.996,True,0.0003021249999619613
9,9,57,4,0.9,ILP,0.998,True,0.10630106925964355
9,9,57,4,0.9,MILP,0.998,True,0.11197614669799805
9,9,57,4,0.9,Dijkstra,0.998,True,0.00028438500021366053
9,10,55,53,0.5,ILP,0.96,True,0.293842077255249
9,10,55,53,0.5,MILP,0.96,True,0.1316688060760498
9,10,55,53,0.5,Dijkstra,0.96,True,0.0002824909997798386
9,10,55,53,0.6,ILP,0.976,True,0.14540505409240723
9,10,55,53,0.6,MILP,0.976,True,0.09961843490600586
9,10,55,53,0.6,Dijkstra,0.976,True,0.0002869579998332483
9,10,55,53,0.7,ILP,0.994,True,0.08136963844299316
9,10,55,53,0.7,MILP,0.994,True,0.08938169479370117
9,10,55,53,0.7,Dijkstra,0.994,True,0.000294180000310007
9,10,55,53,0.8,ILP,0.998,True,0.0827035903930664
9,10,55,53,0.8,MILP,0.998,True,0.0948021411895752
9,10,55,53,0.8,Dijkstra,0.998,True,0.0002858049997485068
9,10,55,53,0.9,ILP,0.998,True,0.10490679740905762
9,10,55,53,0.9,MILP,0.998,False,0.09591245651245117
9,10,55,53,0.9,Dijkstra,0.998,True,0.0002876499997910287
9,11,17,41,0.5,ILP,0.948,True,0.4161660671234131
9,11,17,41,0.5,MILP,0.948,True,0.10100436210632324
9,11,17,41,0.5,Dijkstra,0.948,True,0.0002969399997709843
9,11,17,41,0.6,ILP,0.974,True,0.2901334762573242
9,11,17,41,0.6,MILP,0.974,True,0.11008143424987793
9,11,17,41,0.6,Dijkstra,0.974,True,0.0002982679998240201
9,11,17,41,0.7,ILP,0.984,True,0.23291230201721191
9,11,17,41,0.7,MILP,0.984,True,0.09793829917907715
9,11,17,41,0.7,Dijkstra,0.984,True,0.0002734650001912087
9,11,17,41,0.8,ILP,0.994,True,0.15146255493164062
9,11,17,41,0.8,MILP,0.994,True,0.0968010425567627
9,11,17,41,0.8,Dijkstra,0.994,True,0.00028410699997039046
9,11,17,41,0.9,ILP,0.998,True,0.09775447845458984
9,11,17,41,0.9,MILP,0.998,True,0.09850144386291504
9,11,17,41,0.9,Dijkstra,0.998,True,0.0002749420000327518
9,12,45,23,0.5,ILP,0.892,True,2.051002264022827
9,12,45,23,0.5,MILP,0.892,False,0.6108810901641846
9,12,45,23,0.5,Dijkstra,0.892,True,0.00032655199993314454
9,12,45,23,0.6,ILP,0.944,True,0.7067608833312988
9,12,45,23,0.6,MILP,0.944,True,0.3070259094238281
9,12,45,23,0.6,Dijkstra,0.944,True,0.0003304550000393647
9,12,45,23,0.7,ILP,0.974,True,0.8987066745758057
9,12,45,23,0.7,MILP,0.974,True,0.31084275245666504
9,12,45,23,0.7,Dijkstra,0.974,True,0.00035150699977748445
9,12,45,23,0.8,ILP,0.988,True,1.008293867111206
9,12,45,23,0.8,MILP,0.988,True,0.1157534122467041
9,12,45,23,0.8,Dijkstra,0.988,True,0.0002973149998979352
9,12,45,23,0.9,ILP,0.998,True,0.15786361694335938
9,12,45,23,0.9,MILP,0.998,True,0.09939074516296387
9,12,45,23,0.9,Dijkstra,0.998,True,0.00027559199997995165
9,13,4,63,0.5,ILP,0.998,True,0.09510326385498047
9,13,4,63,0.5,MILP,0.998,True,0.11141085624694824
9,13,4,63,0.5,Dijkstra,0.998,True,0.00030201600020518526
9,13,4,63,0.6,ILP,0.998,True,0.09702944755554199
9,13,4,63,0.6,MILP,0.998,True,0.1111762523651123
9,13,4,63,0.6,Dijkstra,0.998,True,0.00028225099958945066
9,13,4,63,0.7,ILP,0.998,True,0.09659099578857422
9,13,4,63,0.7,MILP,0.998,True,0.11272096633911133
9,13,4,63,0.7,Dijkstra,0.998,True,0.00029822199985574116
9,13,4,63,0.8,ILP,0.998,True,0.09268307685852051
9,13,4,63,0.8,MILP,0.998,True,0.11156797409057617
9,13,4,63,0.8,Dijkstra,0.998,True,0.00027403500007494586
9,13,4,63,0.9,ILP,0.998,True,0.09375452995300293
9,13,4,63,0.9,MILP,0.998,False,0.11213374137878418
9,13,4,63,0.9,Dijkstra,0.998,False,0.00028477400019255583
9,14,44,50,0.5,ILP,0.998,True,0.08643937110900879
9,14,44,50,0.5,MILP,0.998,True,0.08943009376525879
9,14,44,50,0.5,Dijkstra,0.998,True,0.00037316900034056744
9,14,44,50,0.6,ILP,0.998,True,0.08923840522766113
9,14,44,50,0.6,MILP,0.998,False,0.0855414867401123
9,14,44,50,0.6,Dijkstra,0.998,True,0.00029062400017210166
9,14,44,50,0.7,ILP,0.998,True,0.08666157722473145
9,14,44,50,0.7,MILP,0.998,False,0.08554506301879883
9,14,44,50,0.7,Dijkstra,0.998,True,0.00029888100016250974
9,14,44,50,0.8,ILP,0.998,True,0.08581280708312988
9,14,44,50,0.8,MILP,0.998,False,0.08759737014770508
9,14,44,50,0.8,Dijkstra,0.998,True,0.0002870839998649899
9,14,44,50,0.9,ILP,0.998,True,0.08646082878112793
9,14,44,50,0.9,MILP,0.998,False,0.10486149787902832
9,14,44,50,0.9,Dijkstra,0.998,True,0.0002622199999677832
9,15,49,12,0.5,ILP,0.986,True,0.11542844772338867
9,15,49,12,0.5,MILP,0.986,True,0.10756206512451172
9,15,49,12,0.5,Dijkstra,0.986,True,0.0002675310001905018
9,15,49,12,0.6,ILP,0.992,True,0.10592317581176758
9,15,49,12,0.6,MILP,0.992,True,0.10410428047180176
9,15,49,12,0.6,Dijkstra,0.992,True,0.00026127299997824593
9,15,49,12,0.7,ILP,0.996,True,0.10050392150878906
9,15,49,12,0.7,MILP,0.996,True,0.09281516075134277
9,15,49,12,0.7,Dijkstra,0.996,True,0.00026336600012655254
9,15,49,12,0.8,ILP,0.996,True,0.10520076751708984
9,15,49,12,0.8,MILP,0.996,True,0.09247970581054688
9,15,49,12,0.8,Dijkstra,0.996,True,0.0002528310001252976
9,15,49,12,0.9,ILP,0.998,True,0.09438180923461914
9,15,49,12,0.9,MILP,0.998,True,0.09167671203613281
9,15,49,12,0.9,Dijkstra,0.998,True,0.0002612529997350066
9,16,32,2,0.5,ILP,0.914,True,0.7514040470123291
9,16,32,2,0.5,MILP,0.914,True,0.09494709968566895
9,16,32,2,0.5,Dijkstra,0.914,True,0.00027905600018129917
9,16,32,2,0.6,ILP,0.972,True,0.2032637596130371
9,16,32,2,0.6,MILP,0.972,True,0.13260459899902344
9,16,32,2,0.6,Dijkstra,0.972,True,0.00031115499996303697
9,16,32,2,0.7,ILP,0.984,True,0.19472169876098633
9,16,32,2,0.7,MILP,0.984,True,0.1258690357208252
9,16,32,2,0.7,Dijkstra,0.984,True,0.00026098699981957907
9,16,32,2,0.8,ILP,0.99,True,0.1704409122467041
9,16,32,2,0.8,MILP,0.99,True,0.11595034599304199
9,16,32,2,0.8,Dijkstra,0.99,True,0.0003293629997642711
9,16,32,2,0.9,ILP,0.996,True,0.12941670417785645
9,16,32,2,0.9,MILP,0.996,False,0.13535571098327637
9,16,32,2,0.9,Dijkstra,0.996,True,0.0004521360001490393
9,17,35,10,0.5,ILP,0.946,True,0.38648295402526855
9,17,35,10,0.5,MILP,0.946,False,0.7605550289154053
9,17,35,10,0.5,Dijkstra,0.946,True,0.0003949490001105005
9,17,35,10,0.6,ILP,0.97,True,0.4127171039581299
9,17,35,10,0.6,MILP,0.97,False,0.8721921443939209
9,17,35,10,0.6,Dijkstra,0.97,True,0.0003528629999891564
9,17,35,10,0.7,ILP,0.974,True,0.4902670383453369
9,17,35,10,0.7,MILP,0.964,False,0.49616432189941406
9,17,35,10,0.7,Dijkstra,0.974,True,0.0003012279998984013
9,17,35,10,0.8,ILP,0.984,True,0.4359865188598633
9,17,35,10,0.8,MILP,0.984,True,0.22143268585205078
9,17,35,10,0.8,Dijkstra,0.982,False,0.00032044400040831533
9,17,35,10,0.9,ILP,0.992,True,0.3264439105987549
9,17,35,10,0.9,MILP,0.992,False,0.16260361671447754
9,17,35,10,0.9,Dijkstra,0.99,False,0.00029545500001404434
9,18,48,44,0.5,ILP,0.968,True,0.31872057914733887
9,18,48,44,0.5,MILP,0.968,False,0.14011335372924805
9,18,48,44,0.5,Dijkstra,0.968,True,0.0003084919999309932
9,18,48,44,0.6,ILP,0.99,True,0.13785982131958008
9,18,48,44,0.6,MILP,0.99,True,0.10729861259460449
9,18,48,44,0.6,Dijkstra,0.99,True,0.0002914860001510533
9,18,48,44,0.7,ILP,0.992,True,0.16790771484375
9,18,48,44,0.7,MILP,0.992,False,0.21925950050354004
9,18,48,44,0.7,Dijkstra,0.992,True,0.0003291389998594241
9,18,48,44,0.8,ILP,0.994,True,0.14574742317199707
9,18,48,44,0.8,MILP,0.994,False,0.12695097923278809
9,18,48,44,0.8,Dijkstra,0.994,False,0.00029729099969699746
9,18,48,44,0.9,ILP,0.998,True,0.09926080703735352
9,18,48,44,0.9,MILP,0.996,False,0.09864497184753418
9,18,48,44,0.9,Dijkstra,0.996,False,0.00028904500004500733
9,19,26,21,0.5,ILP,0.946,True,0.7041645050048828
9,19,26,21,0.5,MILP,0.946,False,0.11289024353027344
9,19,26,21,0.5,Dijkstra,0.946,True,0.00031460299987884355
9,19,26,21,0.6,ILP,0.972,True,0.4830965995788574
9,19,26,21,0.6,MILP,0.972,False,0.1057283878326416
9,19,26,21,0.6,Dijkstra,0.972,True,0.00037167700020290795
9,19,26,21,0.7,ILP,0.986,True,0.3812439441680908
9,19,26,21,0.7,MILP,0.986,True,0.11006450653076172
9,19,26,21,0.7,Dijkstra,0.986,True,0.0002911000001404318
9,19,26,21,0.8,ILP,0.996,True,0.16451668739318848
9,19,26,21,0.8,MILP,0.994,False,0.10482215881347656
9,19,26,21,0.8,Dijkstra,0.994,False,0.0003208989996892342
9,19,26,21,0.9,ILP,0.996,True,0.2103257179260254
9,19,26,21,0.9,MILP,0.996,False,0.0962679386138916
9,19,26,21,0.9,Dijkstra,0.996,False,0.0003166619999319664
