repeat,od_idx,origin,dest,alpha,method,punctuality_prob,correct,objective_gap,tie_aware_correct,tie_aware_correct_strict,late_count,delay_sum,max_delay,path_length,mean_time,status,reference_available,reference_status,deadline_mode,solve_time
0,0,11,32,0.5,ILP,0.916,True,0.0,True,True,42,1779.4391918442875,168.8762129521715,3,168.61501764489734,Optimal,True,Optimal,heuristic,1.2314629949978553
0,0,11,32,0.5,MILP,0.916,True,0.0,True,,42,1779.4391918442875,168.8762129521715,3,168.61501764489734,Optimal,True,Optimal,heuristic,0.35612335299811093
0,0,11,32,0.5,Dijkstra,0.916,True,0.0,True,,42,1779.4391918442875,168.8762129521715,3,168.61501764489734,Optimal,True,Optimal,heuristic,0.00033902500581461936
0,0,11,32,0.6,ILP,0.964,True,0.0,True,True,18,805.0018244597522,135.1009703617372,3,168.61501764489734,Optimal,True,Optimal,heuristic,0.7689784839967615
0,0,11,32,0.6,MILP,0.964,True,0.0,True,,18,805.0018244597522,135.1009703617372,3,168.61501764489734,Optimal,True,Optimal,heuristic,0.1881735490023857
0,0,11,32,0.6,Dijkstra,0.964,True,0.0,True,,18,805.0018244597522,135.1009703617372,3,168.61501764489734,Optimal,True,Optimal,heuristic,0.00047240699495887384
0,0,11,32,0.7,ILP,0.98,True,0.0,True,True,10,393.28561488211733,101.32572777130292,3,168.61501764489734,Optimal,True,Optimal,heuristic,0.5362528539990308
0,0,11,32,0.7,MILP,0.98,True,0.0,True,,10,393.28561488211733,101.32572777130292,3,168.61501764489734,Optimal,True,Optimal,heuristic,0.16018130899465177
0,0,11,32,0.7,Dijkstra,0.98,True,0.0,True,,10,393.28561488211733,101.32572777130292,3,168.61501764489734,Optimal,True,Optimal,heuristic,0.00035376899904804304
0,0,11,32,0.8,ILP,0.992,True,0.0,True,True,4,153.16513803050572,67.55048518086858,3,168.61501764489734,Optimal,True,Optimal,heuristic,0.21362775599845918
0,0,11,32,0.8,MILP,0.992,True,0.0,True,,4,153.16513803050572,67.55048518086858,3,168.61501764489734,Optimal,True,Optimal,heuristic,0.1568340250014444
0,0,11,32,0.8,Dijkstra,0.992,True,0.0,True,,4,153.16513803050572,67.55048518086858,3,168.61501764489734,Optimal,True,Optimal,heuristic,0.0003868769999826327
0,0,11,32,0.9,ILP,0.994,True,0.0,True,True,3,36.37065752236822,33.77524259043429,3,168.61501764489734,Optimal,True,Optimal,heuristic,0.19261199299944565
0,0,11,32,0.9,MILP,0.994,True,0.0,True,,3,36.37065752236822,33.77524259043429,3,168.61501764489734,Optimal,True,Optimal,heuristic,0.1258176299961633
0,0,11,32,0.9,Dijkstra,0.994,True,0.0,True,,3,36.37065752236822,33.77524259043429,3,168.61501764489734,Optimal,True,Optimal,heuristic,0.00033757199707906693
0,1,47,24,0.5,ILP,0.838,True,0.0,True,True,81,1803.8053204302498,98.98842340484,2,120.60478592425451,Optimal,True,Optimal,heuristic,0.10495570900093298
0,1,47,24,0.5,MILP,0.838,True,0.0,True,,81,1803.8053204302498,98.98842340484,2,120.60478592425451,Optimal,True,Optimal,heuristic,0.08851265200064518
0,1,47,24,0.5,Dijkstra,0.838,True,0.0,True,,81,1803.8053204302498,98.98842340484,2,120.60478592425451,Optimal,True,Optimal,heuristic,0.00033872099447762594
0,1,47,24,0.6,ILP,0.922,True,0.0,True,True,39,680.0100391142942,79.19073872387202,2,120.60478592425451,Optimal,True,Optimal,heuristic,0.10530945100617828
0,1,47,24,0.6,MILP,0.922,True,0.0,True,,39,680.0100391142942,79.19073872387202,2,120.60478592425451,Optimal,True,Optimal,heuristic,0.09086918400134891
0,1,47,24,0.6,Dijkstra,0.922,True,0.0,True,,39,680.0100391142942,79.19073872387202,2,120.60478592425451,Optimal,True,Optimal,heuristic,0.00037028999940957874
0,1,47,24,0.7,ILP,0.98,True,0.0,True,True,10,242.38695627387017,59.393054042904026,2,120.60478592425451,Optimal,True,Optimal,heuristic,0.09927287900063675
0,1,47,24,0.7,MILP,0.98,True,0.0,True,,10,242.38695627387017,59.393054042904026,2,120.60478592425451,Optimal,True,Optimal,heuristic,0.08846015299786814
0,1,47,24,0.7,Dijkstra,0.98,True,0.0,True,,10,242.38695627387017,59.393054042904026,2,120.60478592425451,Optimal,True,Optimal,heuristic,0.0003632379957707599
0,1,47,24,0.8,ILP,0.992,True,0.0,True,True,4,94.81771079653763,39.59536936193598,2,120.60478592425451,Optimal,True,Optimal,heuristic,0.09846669000398833
0,1,47,24,0.8,MILP,0.992,True,0.0,True,,4,94.81771079653763,39.59536936193598,2,120.60478592425451,Optimal,True,Optimal,heuristic,0.09229059700010112
0,1,47,24,0.8,Dijkstra,0.992,True,0.0,True,,4,94.81771079653763,39.59536936193598,2,120.60478592425451,Optimal,True,Optimal,heuristic,0.0003827379987342283
0,1,47,24,0.9,ILP,0.996,True,0.0,True,True,2,39.28742141170355,19.79768468096799,2,120.60478592425451,Optimal,True,Optimal,heuristic,0.09842146500159288
0,1,47,24,0.9,MILP,0.996,True,0.0,True,,2,39.28742141170355,19.79768468096799,2,120.60478592425451,Optimal,True,Optimal,heuristic,0.0952657080051722
0,1,47,24,0.9,Dijkstra,0.996,True,0.0,True,,2,39.28742141170355,19.79768468096799,2,120.60478592425451,Optimal,True,Optimal,heuristic,0.00034281599801033735
0,2,24,16,0.5,ILP,0.976,True,0.0,True,True,12,792.7575170076971,291.7050643450444,7,213.39289231875324,Optimal,True,Optimal,heuristic,0.09817045299860183
0,2,24,16,0.5,MILP,0.976,True,0.0,True,,12,792.7575170076971,291.7050643450444,7,213.39289231875324,Optimal,True,Optimal,heuristic,0.08069787400017958
0,2,24,16,0.5,Dijkstra,0.976,True,0.0,True,,12,792.7575170076971,291.7050643450444,7,213.39289231875324,Optimal,True,Optimal,heuristic,0.00041541199607308954
0,2,24,16,0.6,ILP,0.992,True,0.0,True,True,4,360.126280681865,233.3640514760355,7,213.39289231875324,Optimal,True,Optimal,heuristic,0.09127775300294161
0,2,24,16,0.6,MILP,0.992,True,0.0,True,,4,360.126280681865,233.3640514760355,7,213.39289231875324,Optimal,True,Optimal,heuristic,0.07689472399943043
0,2,24,16,0.6,Dijkstra,0.992,True,0.0,True,,4,360.126280681865,233.3640514760355,7,213.39289231875324,Optimal,True,Optimal,heuristic,0.00033709599665598944
0,2,24,16,0.7,ILP,0.996,True,0.0,True,True,2,187.75091229057335,175.02303860702665,7,213.39289231875324,Optimal,True,Optimal,heuristic,0.08825225299369777
0,2,24,16,0.7,MILP,0.996,True,0.0,True,,2,187.75091229057335,175.02303860702665,7,213.39289231875324,Optimal,True,Optimal,heuristic,0.07830337699851952
0,2,24,16,0.7,Dijkstra,0.996,True,0.0,True,,2,187.75091229057335,175.02303860702665,7,213.39289231875324,Optimal,True,Optimal,heuristic,0.00034478799352655187
0,2,24,16,0.8,ILP,0.998,True,0.0,True,True,1,116.68202573801773,116.68202573801773,7,213.39289231875324,Optimal,True,Optimal,heuristic,0.0849747030006256
0,2,24,16,0.8,MILP,0.998,True,0.0,True,,1,116.68202573801773,116.68202573801773,7,213.39289231875324,Optimal,True,Optimal,heuristic,0.07622606099903351
0,2,24,16,0.8,Dijkstra,0.998,True,0.0,True,,1,116.68202573801773,116.68202573801773,7,213.39289231875324,Optimal,True,Optimal,heuristic,0.0004152819965383969
0,2,24,16,0.9,ILP,0.998,True,0.0,True,True,1,58.341012869008864,58.341012869008864,7,213.39289231875324,Optimal,True,Optimal,heuristic,0.08728823200362967
0,2,24,16,0.9,MILP,0.998,True,0.0,True,,1,58.341012869008864,58.341012869008864,7,213.39289231875324,Optimal,True,Optimal,heuristic,0.07253014000161784
0,2,24,16,0.9,Dijkstra,0.998,True,0.0,True,,1,58.341012869008864,58.341012869008864,7,213.39289231875324,Optimal,True,Optimal,heuristic,0.000341484003001824
0,3,61,47,0.5,ILP,0.946,True,0.0,True,True,27,3143.131726389243,1132.4654900302996,8,325.99027875290386,Optimal,True,Optimal,heuristic,0.8991663260021596
0,3,61,47,0.5,MILP,0.946,True,0.0,True,,27,3143.131726389243,1132.4654900302996,8,325.99027875290386,Optimal,True,Optimal,heuristic,0.710340065001219
0,3,61,47,0.5,Dijkstra,0.912,False,0.03399999999999992,False,,44,5046.220698919477,1167.5663141732434,9,323.9139445489475,Optimal,True,Optimal,heuristic,0.00036320499930297956
0,3,61,47,0.6,ILP,0.978,True,0.0,True,True,11,2071.8982070439474,1073.7658547172255,8,325.99027875290386,Optimal,True,Optimal,heuristic,0.3810061920012231
0,3,61,47,0.6,MILP,0.954,False,0.02400000000000002,False,,23,1519.8708299794753,329.7004861479677,8,362.3066644918936,Optimal,True,Optimal,heuristic,0.4938235410008929
0,3,61,47,0.6,Dijkstra,0.948,False,0.030000000000000027,False,,26,3056.5125960557875,1108.8666788601695,9,323.9139445489475,Optimal,True,Optimal,heuristic,0.0003725869974005036
0,3,61,47,0.7,ILP,0.986,True,0.0,True,True,7,740.3989372812905,271.00085083489375,8,362.3066644918936,Optimal,True,Optimal,heuristic,0.4813407549954718
0,3,61,47,0.7,MILP,0.986,True,0.0,True,,7,740.3989372812905,271.00085083489375,8,362.3066644918936,Optimal,True,Optimal,heuristic,0.4978588800004218
0,3,61,47,0.7,Dijkstra,0.974,False,0.01200000000000001,False,,13,1974.4391738570225,1050.1670435470955,9,323.9139445489475,Optimal,True,Optimal,heuristic,0.00037413599784485996
0,3,61,47,0.8,ILP,0.994,True,0.0,True,True,3,1201.15744842026,956.3665840910776,8,325.99027875290386,Optimal,True,Optimal,heuristic,0.3506627419992583
0,3,61,47,0.8,MILP,0.986,False,0.008000000000000007,False,,7,326.0604004235099,117.39927062614788,10,373.0016043437098,Optimal,True,Optimal,heuristic,0.44842418700136477
0,3,61,47,0.8,Dijkstra,0.98,False,0.014000000000000012,False,,10,1350.9060225048884,991.4674082340214,9,323.9139445489475,Optimal,True,Optimal,heuristic,0.0003769850009121001
0,3,61,47,0.9,ILP,0.996,True,0.0,True,True,2,1029.0886874961523,897.6669487780036,8,325.99027875290386,Optimal,True,Optimal,heuristic,0.3459666290000314
0,3,61,47,0.9,MILP,0.994,False,0.0020000000000000018,False,,3,77.37698058533897,58.69963531307394,10,373.0016043437098,Optimal,True,Optimal,heuristic,0.36857178900390863
0,3,61,47,0.9,Dijkstra,0.994,False,0.0020000000000000018,False,,3,975.8192645422733,932.7677729209474,9,323.9139445489475,Optimal,True,Optimal,heuristic,0.000369207002222538
0,4,50,35,0.5,ILP,0.966,True,0.0,True,True,17,448.04997832888705,120.90736297173254,3,59.59352801945239,Optimal,True,Optimal,heuristic,0.0906170119997114
0,4,50,35,0.5,MILP,0.966,True,0.0,True,,17,448.04997832888705,120.90736297173254,3,59.59352801945239,Optimal,True,Optimal,heuristic,0.08136677899892675
0,4,50,35,0.5,Dijkstra,0.966,True,0.0,True,,17,448.04997832888705,120.90736297173254,3,59.59352801945239,Optimal,True,Optimal,heuristic,0.00037700699613196775
0,4,50,35,0.6,ILP,0.988,True,0.0,True,True,6,236.00129400400218,96.72589037738604,3,59.59352801945239,Optimal,True,Optimal,heuristic,0.13623056500364328
0,4,50,35,0.6,MILP,0.988,True,0.0,True,,6,236.00129400400218,96.72589037738604,3,59.59352801945239,Optimal,True,Optimal,heuristic,0.08209536199865397
0,4,50,35,0.6,Dijkstra,0.988,True,0.0,True,,6,236.00129400400218,96.72589037738604,3,59.59352801945239,Optimal,True,Optimal,heuristic,0.0003541269979905337
0,4,50,35,0.7,ILP,0.996,True,0.0,True,True,2,131.62541232561685,72.54441778303953,3,59.59352801945239,Optimal,True,Optimal,heuristic,0.08985125900653657
0,4,50,35,0.7,MILP,0.996,True,0.0,True,,2,131.62541232561685,72.54441778303953,3,59.59352801945239,Optimal,True,Optimal,heuristic,0.08142560000123922
0,4,50,35,0.7,Dijkstra,0.996,True,0.0,True,,2,131.62541232561685,72.54441778303953,3,59.59352801945239,Optimal,True,Optimal,heuristic,0.00033609900128794834
0,4,50,35,0.8,ILP,0.996,True,0.0,True,True,2,83.26246713692379,48.362945188693004,3,59.59352801945239,Optimal,True,Optimal,heuristic,0.09061323599598836
0,4,50,35,0.8,MILP,0.996,True,0.0,True,,2,83.26246713692379,48.362945188693004,3,59.59352801945239,Optimal,True,Optimal,heuristic,0.08237489900056971
0,4,50,35,0.8,Dijkstra,0.996,True,0.0,True,,2,83.26246713692379,48.362945188693004,3,59.59352801945239,Optimal,True,Optimal,heuristic,0.0003725549977389164
0,4,50,35,0.9,ILP,0.996,True,0.0,True,True,2,34.899521948230785,24.181472594346502,3,59.59352801945239,Optimal,True,Optimal,heuristic,0.08785293999972055
0,4,50,35,0.9,MILP,0.996,True,0.0,True,,2,34.899521948230785,24.181472594346502,3,59.59352801945239,Optimal,True,Optimal,heuristic,0.08088079300068785
0,4,50,35,0.9,Dijkstra,0.996,True,0.0,True,,2,34.899521948230785,24.181472594346502,3,59.59352801945239,Optimal,True,Optimal,heuristic,0.00032976199872791767
0,5,62,50,0.5,ILP,0.862,True,0.0,True,True,69,3035.4554961678623,181.49412385036067,3,178.82053449736293,Optimal,True,Optimal,heuristic,0.10733095699833939
0,5,62,50,0.5,MILP,0.862,True,0.0,True,,69,3035.4554961678623,181.49412385036067,3,178.82053449736293,Optimal,True,Optimal,heuristic,0.09116392199939582
0,5,62,50,0.5,Dijkstra,0.862,True,0.0,True,,69,3035.4554961678623,181.49412385036067,3,178.82053449736293,Optimal,True,Optimal,heuristic,0.00040995200106408447
0,5,62,50,0.6,ILP,0.942,True,0.0,True,True,29,1282.7116281880817,145.19529908028852,3,178.82053449736293,Optimal,True,Optimal,heuristic,0.1023939770020661
0,5,62,50,0.6,MILP,0.942,True,0.0,True,,29,1282.7116281880817,145.19529908028852,3,178.82053449736293,Optimal,True,Optimal,heuristic,0.08797645299637225
0,5,62,50,0.6,Dijkstra,0.942,True,0.0,True,,29,1282.7116281880817,145.19529908028852,3,178.82053449736293,Optimal,True,Optimal,heuristic,0.0003421770015847869
0,5,62,50,0.7,ILP,0.974,True,0.0,True,True,13,639.7410194360755,108.89647431021638,3,178.82053449736293,Optimal,True,Optimal,heuristic,0.09924214399507036
0,5,62,50,0.7,MILP,0.974,True,0.0,True,,13,639.7410194360755,108.89647431021638,3,178.82053449736293,Optimal,True,Optimal,heuristic,0.08863635500165401
0,5,62,50,0.7,Dijkstra,0.974,True,0.0,True,,13,639.7410194360755,108.89647431021638,3,178.82053449736293,Optimal,True,Optimal,heuristic,0.00034165700344601646
0,5,62,50,0.8,ILP,0.984,True,0.0,True,True,8,288.027064710694,72.59764954014423,3,178.82053449736293,Optimal,True,Optimal,heuristic,0.10198096300155157
0,5,62,50,0.8,MILP,0.984,True,0.0,True,,8,288.027064710694,72.59764954014423,3,178.82053449736293,Optimal,True,Optimal,heuristic,0.08622808300424367
0,5,62,50,0.8,Dijkstra,0.984,True,0.0,True,,8,288.027064710694,72.59764954014423,3,178.82053449736293,Optimal,True,Optimal,heuristic,0.00033308799902442843
0,5,62,50,0.9,ILP,0.992,True,0.0,True,True,4,63.37220746847743,36.298824770072144,3,178.82053449736293,Optimal,True,Optimal,heuristic,0.09635366500151576
0,5,62,50,0.9,MILP,0.992,True,0.0,True,,4,63.37220746847743,36.298824770072144,3,178.82053449736293,Optimal,True,Optimal,heuristic,0.086711939999077
0,5,62,50,0.9,Dijkstra,0.992,True,0.0,True,,4,63.37220746847743,36.298824770072144,3,178.82053449736293,Optimal,True,Optimal,heuristic,0.0003597489994717762
0,6,32,44,0.5,ILP,0.892,True,0.0,True,True,54,3741.9307243399544,807.3968574711604,9,340.1290793071834,Optimal,True,Optimal,heuristic,0.23810088000027463
0,6,32,44,0.5,MILP,0.892,True,0.0,True,,54,3741.9307243399544,807.3968574711604,9,340.1290793071834,Optimal,True,Optimal,heuristic,0.08767930000612978
0,6,32,44,0.5,Dijkstra,0.892,True,0.0,True,,54,3741.9307243399544,807.3968574711604,9,340.1290793071834,Optimal,True,Optimal,heuristic,0.000362164995749481
0,6,32,44,0.6,ILP,0.96,True,0.0,True,True,20,2060.070365227086,758.2435795944701,9,340.1290793071834,Optimal,True,Optimal,heuristic,0.14674161999573698
0,6,32,44,0.6,MILP,0.918,False,0.041999999999999926,False,,41,2053.113174084304,196.6131115067609,10,382.4463462491417,Optimal,True,Optimal,heuristic,0.17270508799992967
0,6,32,44,0.6,Dijkstra,0.96,True,0.0,True,,20,2060.070365227086,758.2435795944701,9,340.1290793071834,Optimal,True,Optimal,heuristic,0.0005179069994483143
0,6,32,44,0.7,ILP,0.982,True,0.0,True,True,9,1411.769827705932,709.09030171778,9,340.1290793071834,Optimal,True,Optimal,heuristic,0.12588480900012655
0,6,32,44,0.7,MILP,0.978,False,0.0040000000000000036,False,,11,849.5299628235125,147.45983363007076,10,382.4463462491417,Optimal,True,Optimal,heuristic,0.08538111799862236
0,6,32,44,0.7,Dijkstra,0.982,True,0.0,True,,9,1411.769827705932,709.09030171778,9,340.1290793071834,Optimal,True,Optimal,heuristic,0.00040574799641035497
0,6,32,44,0.8,ILP,0.988,True,0.0,True,True,6,996.8580325823029,659.9370238410897,9,340.1290793071834,Optimal,True,Optimal,heuristic,0.11490558800142026
0,6,32,44,0.8,MILP,0.988,False,0.0,True,,6,492.0946499931781,98.30655575338051,10,382.4463462491417,Optimal,True,Optimal,heuristic,0.08548641499510268
0,6,32,44,0.8,Dijkstra,0.988,True,0.0,True,,6,996.8580325823029,659.9370238410897,9,340.1290793071834,Optimal,True,Optimal,heuristic,0.00041283300379291177
0,6,32,44,0.9,ILP,0.99,True,0.0,True,True,5,222.05501551700888,49.153277876690254,10,382.4463462491417,Optimal,True,Optimal,heuristic,0.12333411299914587
0,6,32,44,0.9,MILP,0.99,True,0.0,True,,5,222.05501551700888,49.153277876690254,10,382.4463462491417,Optimal,True,Optimal,heuristic,0.08561467599793104
0,6,32,44,0.9,Dijkstra,0.99,False,0.0,True,,5,742.1859377004506,610.7837459643995,9,340.1290793071834,Optimal,True,Optimal,heuristic,0.00042315800237702206
0,7,50,22,0.5,ILP,0.998,True,0.0,True,True,1,783.2465537802293,783.2465537802293,7,206.20520775418174,Optimal,True,Optimal,heuristic,0.08641525900020497
0,7,50,22,0.5,MILP,0.998,True,0.0,True,,1,783.2465537802293,783.2465537802293,7,206.20520775418174,Optimal,True,Optimal,heuristic,0.09141270300460747
0,7,50,22,0.5,Dijkstra,0.998,True,0.0,True,,1,783.2465537802293,783.2465537802293,7,206.20520775418174,Optimal,True,Optimal,heuristic,0.00035503700200933963
0,7,50,22,0.6,ILP,0.998,True,0.0,True,True,1,726.0645492125168,726.0645492125168,7,206.20520775418174,Optimal,True,Optimal,heuristic,0.08677321999857668
0,7,50,22,0.6,MILP,0.984,False,0.014000000000000012,False,,8,387.5904856810886,228.72801827085027,9,342.0762441438805,Optimal,True,Optimal,heuristic,0.08450259399978677
0,7,50,22,0.6,Dijkstra,0.998,True,0.0,True,,1,726.0645492125168,726.0645492125168,7,206.20520775418174,Optimal,True,Optimal,heuristic,0.0003527289954945445
0,7,50,22,0.7,ILP,0.998,True,0.0,True,True,1,668.8825446448043,668.8825446448043,7,206.20520775418174,Optimal,True,Optimal,heuristic,0.08862200300063705
0,7,50,22,0.7,MILP,0.996,False,0.0020000000000000018,False,,2,181.2616874408419,171.54601370313776,9,342.0762441438805,Optimal,True,Optimal,heuristic,0.08723558999918168
0,7,50,22,0.7,Dijkstra,0.998,True,0.0,True,,1,668.8825446448043,668.8825446448043,7,206.20520775418174,Optimal,True,Optimal,heuristic,0.00034142599906772375
0,7,50,22,0.8,ILP,0.998,True,0.0,True,True,1,114.36400913542514,114.36400913542514,9,342.0762441438805,Optimal,True,Optimal,heuristic,0.08778823399916291
0,7,50,22,0.8,MILP,0.998,True,0.0,True,,1,114.36400913542514,114.36400913542514,9,342.0762441438805,Optimal,True,Optimal,heuristic,0.0839691529981792
0,7,50,22,0.8,Dijkstra,0.998,False,0.0,True,,1,611.7005400770917,611.7005400770917,7,206.20520775418174,Optimal,True,Optimal,heuristic,0.00032833700242917985
0,7,50,22,0.9,ILP,0.998,True,0.0,True,True,1,57.18200456771251,57.18200456771251,9,342.0762441438805,Optimal,True,Optimal,heuristic,0.08417327699862653
0,7,50,22,0.9,MILP,0.998,True,0.0,True,,1,57.18200456771251,57.18200456771251,9,342.0762441438805,Optimal,True,Optimal,heuristic,0.07841303199529648
0,7,50,22,0.9,Dijkstra,0.998,False,0.0,True,,1,554.518535509379,554.518535509379,7,206.20520775418174,Optimal,True,Optimal,heuristic,0.000352738999936264
0,8,61,4,0.5,ILP,0.964,True,0.0,True,True,18,2110.7915785823325,816.0466827098951,8,312.666164157781,Optimal,True,Optimal,heuristic,0.5768131849981728
0,8,61,4,0.5,MILP,0.964,False,0.0,True,,18,2110.791578582333,816.0466827098951,7,312.66616415778105,Optimal,True,Optimal,heuristic,0.7752641420011059
0,8,61,4,0.5,Dijkstra,0.9359999999999999,False,0.028000000000000025,False,,32,3295.2346766286123,851.1475068528389,9,310.5898299538246,Optimal,True,Optimal,heuristic,0.00037130899727344513
0,8,61,4,0.6,ILP,0.978,True,0.0,True,True,11,1421.4671018449135,766.6486004863758,8,312.666164157781,Optimal,True,Optimal,heuristic,0.657103316996654
0,8,61,4,0.6,MILP,0.97,False,0.008000000000000007,False,,15,828.2963327330901,211.71494336591672,9,354.9834310997393,Optimal,True,Optimal,heuristic,0.47062518000166165
0,8,61,4,0.6,Dijkstra,0.96,False,0.018000000000000016,False,,20,2028.7275183757847,801.7494246293196,9,310.5898299538246,Optimal,True,Optimal,heuristic,0.0004826880031032488
0,8,61,4,0.7,ILP,0.99,True,0.0,True,True,5,389.4489932713776,162.31686114239744,9,354.9834310997393,Optimal,True,Optimal,heuristic,0.3407054560011602
0,8,61,4,0.7,MILP,0.99,True,0.0,True,,5,389.4489932713776,162.31686114239744,9,354.9834310997393,Optimal,True,Optimal,heuristic,0.36169558799883816
0,8,61,4,0.7,Dijkstra,0.978,False,0.01200000000000001,False,,11,1283.604516351727,752.3513424058003,9,310.5898299538246,Optimal,True,Optimal,heuristic,0.0003672539969556965
0,8,61,4,0.8,ILP,0.994,True,0.0,True,True,3,220.55095947781933,112.91877891887805,9,354.9834310997393,Optimal,True,Optimal,heuristic,0.5116740919984295
0,8,61,4,0.8,MILP,0.994,True,0.0,True,,3,220.55095947781933,112.91877891887805,9,354.9834310997393,Optimal,True,Optimal,heuristic,0.37722243000462186
0,8,61,4,0.8,Dijkstra,0.99,False,0.0040000000000000036,False,,5,902.8158595038254,702.9532601822809,9,310.5898299538246,Optimal,True,Optimal,heuristic,0.00035635800304589793
0,8,61,4,0.9,ILP,0.996,True,0.0,True,True,2,672.0787560679754,668.2513664006868,10,323.3611040095971,Optimal,True,Optimal,heuristic,0.3925575260000187
0,8,61,4,0.9,MILP,0.996,False,0.0,True,,2,86.51080231547132,63.520696695358765,9,354.9834310997393,Optimal,True,Optimal,heuristic,0.3811608059986611
0,8,61,4,0.9,Dijkstra,0.994,False,0.0020000000000000018,False,,3,680.7236264630992,653.5551779587616,9,310.5898299538246,Optimal,True,Optimal,heuristic,0.0003696509957080707
0,9,45,16,0.5,ILP,0.83,True,0.0,True,True,85,2996.530797813567,137.9721964372987,5,218.1860042747917,Optimal,True,Optimal,heuristic,0.8244009269983508
0,9,45,16,0.5,MILP,0.83,False,0.0,True,,85,2996.5307978135706,137.97219643729898,4,218.18600427479163,Optimal,True,Optimal,heuristic,0.17445535300066695
0,9,45,16,0.5,Dijkstra,0.83,True,0.0,True,,85,2996.530797813567,137.9721964372987,5,218.1860042747917,Optimal,True,Optimal,heuristic,0.0004876710008829832
0,9,45,16,0.6,ILP,0.928,True,0.0,True,True,36,1378.7669116574739,110.37775714983894,5,218.1860042747917,Optimal,True,Optimal,heuristic,0.5608114759961609
0,9,45,16,0.6,MILP,0.928,True,0.0,True,,36,1378.7669116574739,110.37775714983894,5,218.1860042747917,Optimal,True,Optimal,heuristic,0.15232565499900375
0,9,45,16,0.6,Dijkstra,0.928,True,0.0,True,,36,1378.7669116574739,110.37775714983894,5,218.1860042747917,Optimal,True,Optimal,heuristic,0.0003539199969964102
0,9,45,16,0.7,ILP,0.96,True,0.0,True,True,20,667.5562524216001,82.78331786237919,5,218.1860042747917,Optimal,True,Optimal,heuristic,0.36707360800210154
0,9,45,16,0.7,MILP,0.96,False,0.0,True,,20,667.5562524216004,82.78331786237925,5,218.18600427479169,Optimal,True,Optimal,heuristic,0.14151132800179766
0,9,45,16,0.7,Dijkstra,0.96,True,0.0,True,,20,667.5562524216001,82.78331786237919,5,218.1860042747917,Optimal,True,Optimal,heuristic,0.0003500640013953671
0,9,45,16,0.8,ILP,0.978,True,0.0,True,True,11,275.2239182120633,55.18887857491944,5,218.1860042747917,Optimal,True,Optimal,heuristic,0.26897385499614757
0,9,45,16,0.8,MILP,0.978,False,0.0,True,,11,275.2239182120631,55.18887857491944,5,218.1860042747917,Optimal,True,Optimal,heuristic,0.1172456839994993
0,9,45,16,0.8,Dijkstra,0.978,True,0.0,True,,11,275.2239182120633,55.18887857491944,5,218.1860042747917,Optimal,True,Optimal,heuristic,0.0003494569973554462
0,9,45,16,0.9,ILP,0.994,True,0.0,True,True,3,61.338608367784445,27.594439287459693,5,218.1860042747917,Optimal,True,Optimal,heuristic,0.1423701820021961
0,9,45,16,0.9,MILP,0.994,True,0.0,True,,3,61.338608367784445,27.594439287459693,5,218.1860042747917,Optimal,True,Optimal,heuristic,0.11036071200214792
0,9,45,16,0.9,Dijkstra,0.994,True,0.0,True,,3,61.338608367784445,27.594439287459693,5,218.1860042747917,Optimal,True,Optimal,heuristic,0.0003563369973562658
0,10,53,49,0.5,ILP,0.91,True,0.0,True,True,45,1779.2467632244982,145.62129671229692,5,167.28144811612677,Optimal,True,Optimal,heuristic,0.3192382589986664
0,10,53,49,0.5,MILP,0.91,True,0.0,True,,45,1779.2467632244982,145.62129671229692,5,167.28144811612677,Optimal,True,Optimal,heuristic,0.11862078600097448
0,10,53,49,0.5,Dijkstra,0.91,True,0.0,True,,45,1779.2467632244982,145.62129671229692,5,167.28144811612677,Optimal,True,Optimal,heuristic,0.00033653300488367677
0,10,53,49,0.6,ILP,0.956,True,0.0,True,True,22,873.3915648106292,116.49703736983753,5,167.28144811612677,Optimal,True,Optimal,heuristic,0.1953707300053793
0,10,53,49,0.6,MILP,0.956,True,0.0,True,,22,873.3915648106292,116.49703736983753,5,167.28144811612677,Optimal,True,Optimal,heuristic,0.11831902799895033
0,10,53,49,0.6,Dijkstra,0.956,True,0.0,True,,22,873.3915648106292,116.49703736983753,5,167.28144811612677,Optimal,True,Optimal,heuristic,0.0003870489963446744
0,10,53,49,0.7,ILP,0.98,True,0.0,True,True,10,403.17202064945434,87.37277802737816,5,167.28144811612677,Optimal,True,Optimal,heuristic,0.14699832600308582
0,10,53,49,0.7,MILP,0.98,True,0.0,True,,10,403.17202064945434,87.37277802737816,5,167.28144811612677,Optimal,True,Optimal,heuristic,0.10894467699836241
0,10,53,49,0.7,Dijkstra,0.98,True,0.0,True,,10,403.17202064945434,87.37277802737816,5,167.28144811612677,Optimal,True,Optimal,heuristic,0.0003576259987312369
0,10,53,49,0.8,ILP,0.988,True,0.0,True,True,6,183.37659710385492,58.248518684918736,5,167.28144811612677,Optimal,True,Optimal,heuristic,0.11058512599993264
0,10,53,49,0.8,MILP,0.988,True,0.0,True,,6,183.37659710385492,58.248518684918736,5,167.28144811612677,Optimal,True,Optimal,heuristic,0.08986977399763418
0,10,53,49,0.8,Dijkstra,0.988,True,0.0,True,,6,183.37659710385492,58.248518684918736,5,167.28144811612677,Optimal,True,Optimal,heuristic,0.0002945449959952384
0,10,53,49,0.9,ILP,0.992,True,0.0,True,True,4,54.52895139551606,29.124259342459368,5,167.28144811612677,Optimal,True,Optimal,heuristic,0.11336601800576318
0,10,53,49,0.9,MILP,0.992,True,0.0,True,,4,54.52895139551606,29.124259342459368,5,167.28144811612677,Optimal,True,Optimal,heuristic,0.11790987499989569
0,10,53,49,0.9,Dijkstra,0.992,True,0.0,True,,4,54.52895139551606,29.124259342459368,5,167.28144811612677,Optimal,True,Optimal,heuristic,0.00029666899354197085
0,11,1,32,0.5,ILP,0.998,True,0.0,True,True,1,547.7535943864228,547.7535943864228,3,110.95738649321062,Optimal,True,Optimal,heuristic,0.1289355980043183
0,11,1,32,0.5,MILP,0.998,True,0.0,True,,1,547.7535943864228,547.7535943864228,3,110.95738649321062,Optimal,True,Optimal,heuristic,0.18130727800598834
0,11,1,32,0.5,Dijkstra,0.992,False,0.006000000000000005,False,,4,1016.7959603886287,687.3076080219067,3,105.40104170386888,Optimal,True,Optimal,heuristic,0.00030899199919076636
0,11,1,32,0.6,ILP,0.998,True,0.0,True,True,1,504.9485533939214,504.9485533939214,3,110.95738649321062,Optimal,True,Optimal,heuristic,0.11422583700186806
0,11,1,32,0.6,MILP,0.998,True,0.0,True,,1,504.9485533939214,504.9485533939214,3,110.95738649321062,Optimal,True,Optimal,heuristic,0.4223689690043102
0,11,1,32,0.6,Dijkstra,0.992,False,0.006000000000000005,False,,4,845.5757964186229,644.5025670294053,3,105.40104170386888,Optimal,True,Optimal,heuristic,0.0003099040040979162
0,11,1,32,0.7,ILP,0.998,True,0.0,True,True,1,462.1435124014199,462.1435124014199,3,110.95738649321062,Optimal,True,Optimal,heuristic,0.14822003599692835
0,11,1,32,0.7,MILP,0.98,False,0.018000000000000016,False,,10,393.98463612479077,128.41512297750444,7,397.94795238305835,Optimal,True,Optimal,heuristic,0.415861789995688
0,11,1,32,0.7,Dijkstra,0.994,False,0.0040000000000000036,False,,3,686.4064945714304,601.6975260369038,3,105.40104170386888,Optimal,True,Optimal,heuristic,0.00031550200219498947
0,11,1,32,0.8,ILP,0.998,True,0.0,True,True,1,419.3384714089184,419.3384714089184,3,110.95738649321062,Optimal,True,Optimal,heuristic,0.2918273569957819
0,11,1,32,0.8,MILP,0.994,False,0.0040000000000000036,False,,3,173.8229755383502,85.61008198500292,7,397.94795238305835,Optimal,True,Optimal,heuristic,0.293203708002693
0,11,1,32,0.8,Dijkstra,0.996,False,0.0020000000000000018,False,,2,565.5551455972073,558.8924850444023,3,105.40104170386888,Optimal,True,Optimal,heuristic,0.0002897950034821406
0,11,1,32,0.9,ILP,0.998,True,0.0,True,True,1,516.0874440519008,516.0874440519008,3,105.40104170386888,Optimal,True,Optimal,heuristic,0.1743827530008275
0,11,1,32,0.9,MILP,0.996,False,0.0020000000000000018,False,,2,68.40882858427233,42.805040992501404,7,397.94795238305835,Optimal,True,Optimal,heuristic,0.16527113600022858
0,11,1,32,0.9,Dijkstra,0.998,False,0.0,True,,1,516.0874440519008,516.0874440519008,3,105.40104170386888,Optimal,True,Optimal,heuristic,0.0002940240010502748
0,12,59,32,0.5,ILP,0.956,True,0.0,True,True,22,1004.9795730971769,161.65299204894418,2,73.71742888847014,Optimal,True,Optimal,heuristic,0.35911462800140725
0,12,59,32,0.5,MILP,0.956,True,0.0,True,,22,1004.9795730971769,161.65299204894418,2,73.71742888847014,Optimal,True,Optimal,heuristic,0.10306974400009494
0,12,59,32,0.5,Dijkstra,0.956,True,0.0,True,,22,1004.9795730971769,161.65299204894418,2,73.71742888847014,Optimal,True,Optimal,heuristic,0.0003009260035469197
0,12,59,32,0.6,ILP,0.978,True,0.0,True,True,11,468.09605411157645,129.32239363915537,2,73.71742888847014,Optimal,True,Optimal,heuristic,0.33210368000436574
0,12,59,32,0.6,MILP,0.978,False,0.0,True,,11,468.09605411157645,129.32239363915537,2,73.71742888847014,Optimal,True,Optimal,heuristic,0.13816608100023586
0,12,59,32,0.6,Dijkstra,0.978,False,0.0,True,,11,468.09605411157645,129.32239363915537,2,73.71742888847014,Optimal,True,Optimal,heuristic,0.00029855000320822
0,12,59,32,0.7,ILP,0.992,True,0.0,True,True,4,243.81650904242218,96.99179522936652,2,73.71742888847014,Optimal,True,Optimal,heuristic,0.1987422370002605
0,12,59,32,0.7,MILP,0.992,False,0.0,True,,4,243.81650904242204,96.99179522936646,2,73.71742888847014,Optimal,True,Optimal,heuristic,0.13378221099992516
0,12,59,32,0.7,Dijkstra,0.992,True,0.0,True,,4,243.81650904242218,96.99179522936652,2,73.71742888847014,Optimal,True,Optimal,heuristic,0.00038085800042608753
0,12,59,32,0.8,ILP,0.994,True,0.0,True,True,3,132.10133110175332,64.66119681957764,2,73.71742888847014,Optimal,True,Optimal,heuristic,0.14339873700373573
0,12,59,32,0.8,MILP,0.994,False,0.0,True,,3,132.10133110175292,64.66119681957741,2,73.7174288884704,Optimal,True,Optimal,heuristic,0.1284205489937449
0,12,59,32,0.8,Dijkstra,0.994,True,0.0,True,,3,132.10133110175332,64.66119681957764,2,73.71742888847014,Optimal,True,Optimal,heuristic,0.00033177300065290183
0,12,59,32,0.9,ILP,0.996,True,0.0,True,True,2,52.8221530507185,32.33059840978882,2,73.71742888847014,Optimal,True,Optimal,heuristic,0.17271708600310376
0,12,59,32,0.9,MILP,0.996,True,0.0,True,,2,52.8221530507185,32.33059840978882,2,73.71742888847014,Optimal,True,Optimal,heuristic,0.10798142899875529
0,12,59,32,0.9,Dijkstra,0.996,True,0.0,True,,2,52.8221530507185,32.33059840978882,2,73.71742888847014,Optimal,True,Optimal,heuristic,0.00032651100627845153
0,13,32,16,0.5,ILP,0.99,True,0.0,True,True,5,1250.7289054814848,750.1359860950195,8,319.6633769171034,Optimal,True,Optimal,heuristic,0.09522106200165581
0,13,32,16,0.5,MILP,0.99,True,0.0,True,,5,1250.7289054814848,750.1359860950195,8,319.6633769171034,Optimal,True,Optimal,heuristic,0.08995017899724189
0,13,32,16,0.5,Dijkstra,0.99,True,0.0,True,,5,1250.7289054814848,750.1359860950195,8,319.6633769171034,Optimal,True,Optimal,heuristic,0.000395716997445561
0,13,32,16,0.6,ILP,0.992,True,0.0,True,True,4,1023.1384988113656,694.2893269801862,8,319.6633769171034,Optimal,True,Optimal,heuristic,0.0849240839961567
0,13,32,16,0.6,MILP,0.992,True,0.0,True,,4,1023.1384988113656,694.2893269801862,8,319.6633769171034,Optimal,True,Optimal,heuristic,0.08990171199548058
0,13,32,16,0.6,Dijkstra,0.992,True,0.0,True,,4,1023.1384988113656,694.2893269801862,8,319.6633769171034,Optimal,True,Optimal,heuristic,0.0005807090055895969
0,13,32,16,0.7,ILP,0.994,True,0.0,True,True,3,824.3709425390375,638.4426678653529,8,319.6633769171034,Optimal,True,Optimal,heuristic,0.09072130099957576
0,13,32,16,0.7,MILP,0.994,True,0.0,True,,3,824.3709425390375,638.4426678653529,8,319.6633769171034,Optimal,True,Optimal,heuristic,0.10233139600313734
0,13,32,16,0.7,Dijkstra,0.994,True,0.0,True,,3,824.3709425390375,638.4426678653529,8,319.6633769171034,Optimal,True,Optimal,heuristic,0.00037685500137740746
0,13,32,16,0.8,ILP,0.996,True,0.0,True,True,2,673.5104999229561,582.5960087505196,8,319.6633769171034,Optimal,True,Optimal,heuristic,0.09427868499915348
0,13,32,16,0.8,MILP,0.99,False,0.006000000000000005,False,,5,406.7099596254387,111.6933182296666,10,455.53441330680215,Optimal,True,Optimal,heuristic,0.08660087500174996
0,13,32,16,0.8,Dijkstra,0.996,True,0.0,True,,2,673.5104999229561,582.5960087505196,8,319.6633769171034,Optimal,True,Optimal,heuristic,0.0003889459985657595
0,13,32,16,0.9,ILP,0.996,True,0.0,True,True,2,561.8171816932895,526.7493496356863,8,319.6633769171034,Optimal,True,Optimal,heuristic,0.09525132000271697
0,13,32,16,0.9,MILP,0.992,False,0.0040000000000000036,False,,4,180.886433855659,55.8466591148333,10,455.53441330680215,Optimal,True,Optimal,heuristic,0.08343040999898221
0,13,32,16,0.9,Dijkstra,0.996,True,0.0,True,,2,561.8171816932895,526.7493496356863,8,319.6633769171034,Optimal,True,Optimal,heuristic,0.0003766709996853024
0,14,19,21,0.5,ILP,0.966,True,0.0,True,True,17,1155.8503827987533,310.2089558271732,9,375.50351512536884,Optimal,True,Optimal,heuristic,0.18743220599571941
0,14,19,21,0.5,MILP,0.966,True,0.0,True,,17,1155.8503827987533,310.2089558271732,9,375.50351512536884,Optimal,True,Optimal,heuristic,0.09708466700249119
0,14,19,21,0.5,Dijkstra,0.966,True,0.0,True,,17,1155.8503827987533,310.2089558271732,9,375.50351512536884,Optimal,True,Optimal,heuristic,0.0005693890052498318
0,14,19,21,0.6,ILP,0.986,True,0.0,True,True,7,575.1736732590638,248.1671646617391,9,375.503515125369,Optimal,True,Optimal,heuristic,0.12813797700073337
0,14,19,21,0.6,MILP,0.986,False,0.0,True,,7,575.1736732590629,248.16716466173852,9,375.50351512536884,Optimal,True,Optimal,heuristic,0.08882046600047033
0,14,19,21,0.6,Dijkstra,0.986,False,0.0,True,,7,575.1736732590629,248.16716466173852,9,375.50351512536884,Optimal,True,Optimal,heuristic,0.00037493800482479855
0,14,19,21,0.7,ILP,0.992,True,0.0,True,True,4,308.65484681777184,186.12537349630395,9,375.50351512536884,Optimal,True,Optimal,heuristic,0.11666232100105844
0,14,19,21,0.7,MILP,0.992,True,0.0,True,,4,308.65484681777184,186.12537349630395,9,375.50351512536884,Optimal,True,Optimal,heuristic,0.09391921300266404
0,14,19,21,0.7,Dijkstra,0.992,True,0.0,True,,4,308.65484681777184,186.12537349630395,9,375.50351512536884,Optimal,True,Optimal,heuristic,0.0003706150018842891
0,14,19,21,0.8,ILP,0.996,True,0.0,True,True,2,139.62230406272658,124.08358233086926,9,375.50351512536884,Optimal,True,Optimal,heuristic,0.09901924400037387
0,14,19,21,0.8,MILP,0.996,True,0.0,True,,2,139.62230406272658,124.08358233086926,9,375.50351512536884,Optimal,True,Optimal,heuristic,0.10041333499975735
0,14,19,21,0.8,Dijkstra,0.996,True,0.0,True,,2,139.62230406272658,124.08358233086926,9,375.50351512536884,Optimal,True,Optimal,heuristic,0.0005457070001284592
0,14,19,21,0.9,ILP,0.998,True,0.0,True,True,1,62.041791165434574,62.041791165434574,9,375.50351512536884,Optimal,True,Optimal,heuristic,0.09966887600603513
0,14,19,21,0.9,MILP,0.998,True,0.0,True,,1,62.041791165434574,62.041791165434574,9,375.50351512536884,Optimal,True,Optimal,heuristic,0.09155463799834251
0,14,19,21,0.9,Dijkstra,0.998,True,0.0,True,,1,62.041791165434574,62.041791165434574,9,375.50351512536884,Optimal,True,Optimal,heuristic,0.00038415699964389205
0,15,41,63,0.5,ILP,0.9299999999999999,True,0.0,True,True,35,2842.3643756424517,886.439327473298,7,308.3464004939954,Optimal,True,Optimal,heuristic,0.5717025600024499
0,15,41,63,0.5,MILP,0.9299999999999999,True,0.0,True,,35,2842.3643756424517,886.439327473298,7,308.3464004939954,Optimal,True,Optimal,heuristic,0.14370748399960576
0,15,41,63,0.5,Dijkstra,0.9299999999999999,True,0.0,True,,35,2842.3643756424517,886.439327473298,7,308.3464004939954,Optimal,True,Optimal,heuristic,0.00046627599658677354
0,15,41,63,0.6,ILP,0.964,True,0.0,True,True,18,1615.1697755694067,840.1410900326343,7,308.3464004939954,Optimal,True,Optimal,heuristic,0.4970612839970272
0,15,41,63,0.6,MILP,0.964,True,0.0,True,,18,1615.1697755694067,840.1410900326343,7,308.3464004939954,Optimal,True,Optimal,heuristic,0.14274028700310737
0,15,41,63,0.6,Dijkstra,0.964,True,0.0,True,,18,1615.1697755694067,840.1410900326343,7,308.3464004939954,Optimal,True,Optimal,heuristic,0.00043115300650242716
0,15,41,63,0.7,ILP,0.992,True,0.0,True,True,4,1094.0799169631518,793.8428525919707,7,308.3464004939954,Optimal,True,Optimal,heuristic,0.15176093500485877
0,15,41,63,0.7,MILP,0.992,True,0.0,True,,4,1094.0799169631518,793.8428525919707,7,308.3464004939954,Optimal,True,Optimal,heuristic,0.3257048390005366
0,15,41,63,0.7,Dijkstra,0.992,True,0.0,True,,4,1094.0799169631518,793.8428525919707,7,308.3464004939954,Optimal,True,Optimal,heuristic,0.0003842109945253469
0,15,41,63,0.8,ILP,0.994,True,0.0,True,True,3,930.9250236536403,747.544615151307,7,308.3464004939954,Optimal,True,Optimal,heuristic,0.14591130099870497
0,15,41,63,0.8,MILP,0.96,False,0.03400000000000003,False,,20,772.1031646660947,92.59647488132737,7,370.6376465895899,Optimal,True,Optimal,heuristic,0.38733944600244286
0,15,41,63,0.8,Dijkstra,0.994,True,0.0,True,,3,930.9250236536403,747.544615151307,7,308.3464004939954,Optimal,True,Optimal,heuristic,0.00039674500294495374
0,15,41,63,0.9,ILP,0.994,True,0.0,True,True,3,792.0303113316493,701.2463777106433,7,308.3464004939954,Optimal,True,Optimal,heuristic,0.2849122389961849
0,15,41,63,0.9,MILP,0.982,False,0.01200000000000001,False,,9,135.86256296632143,46.298237440663684,7,370.6376465895899,Optimal,True,Optimal,heuristic,0.16109451700322097
0,15,41,63,0.9,Dijkstra,0.994,True,0.0,True,,3,792.0303113316493,701.2463777106433,7,308.3464004939954,Optimal,True,Optimal,heuristic,0.0003707229989231564
0,16,41,60,0.5,ILP,0.976,True,0.0,True,True,12,1396.1318420947966,876.0406683284731,6,230.30049627593434,Optimal,True,Optimal,heuristic,0.4001186970053823
0,16,41,60,0.5,MILP,0.976,False,0.0,True,,12,1396.1318420947964,876.0406683284729,6,230.30049627593436,Optimal,True,Optimal,heuristic,0.26788234900595853
0,16,41,60,0.5,Dijkstra,0.976,True,0.0,True,,12,1396.1318420947966,876.0406683284731,6,230.30049627593434,Optimal,True,Optimal,heuristic,0.00039099300192901865
0,16,41,60,0.6,ILP,0.988,True,0.0,True,True,6,1040.2405105124822,833.3060762455492,6,230.30049627593434,Optimal,True,Optimal,heuristic,0.19872461799968733
0,16,41,60,0.6,MILP,0.988,False,0.0,True,,6,1040.2405105124817,833.3060762455488,6,230.30049627593445,Optimal,True,Optimal,heuristic,0.3465729489980731
0,16,41,60,0.6,Dijkstra,0.988,True,0.0,True,,6,1040.2405105124822,833.3060762455492,6,230.30049627593434,Optimal,True,Optimal,heuristic,0.00036875200021313503
0,16,41,60,0.7,ILP,0.996,True,0.0,True,True,2,876.781052712822,790.5714841626253,6,230.30049627593434,Optimal,True,Optimal,heuristic,0.14388438400055747
0,16,41,60,0.7,MILP,0.996,True,0.0,True,,2,876.781052712822,790.5714841626253,6,230.30049627593434,Optimal,True,Optimal,heuristic,0.2816694159992039
0,16,41,60,0.7,Dijkstra,0.996,True,0.0,True,,2,876.781052712822,790.5714841626253,6,230.30049627593434,Optimal,True,Optimal,heuristic,0.0004451060012797825
0,16,41,60,0.8,ILP,0.996,True,0.0,True,True,2,791.311868546974,747.8368920797013,6,230.30049627593434,Optimal,True,Optimal,heuristic,0.1690641000022879
0,16,41,60,0.8,MILP,0.974,False,0.02200000000000002,False,,13,455.94484573483265,85.46918416584771,6,292.59174237152877,Optimal,True,Optimal,heuristic,0.2860475870038499
0,16,41,60,0.8,Dijkstra,0.996,True,0.0,True,,2,791.311868546974,747.8368920797013,6,230.30049627593434,Optimal,True,Optimal,heuristic,0.0004025739981443621
0,16,41,60,0.9,ILP,0.996,True,0.0,True,True,2,705.8426843811264,705.1022999967776,6,230.30049627593434,Optimal,True,Optimal,heuristic,0.2529506130013033
0,16,41,60,0.9,MILP,0.99,False,0.006000000000000005,False,,5,138.97701997542197,42.73459208292388,6,292.59174237152877,Optimal,True,Optimal,heuristic,0.15932059600163484
0,16,41,60,0.9,Dijkstra,0.996,False,0.0,True,,2,705.8426843811264,705.1022999967776,6,230.30049627593434,Optimal,True,Optimal,heuristic,0.00039575900154886767
0,17,44,45,0.5,ILP,0.908,True,0.0,True,True,46,2761.841874399209,199.79295231457763,7,240.38056156439498,Optimal,True,Optimal,heuristic,0.1778985909986659
0,17,44,45,0.5,MILP,0.908,False,0.0,True,,46,2761.8418743992097,199.79295231457763,7,240.3805615643951,Optimal,True,Optimal,heuristic,0.09465141900000162
0,17,44,45,0.5,Dijkstra,0.908,True,0.0,True,,46,2761.841874399209,199.79295231457763,7,240.38056156439498,Optimal,True,Optimal,heuristic,0.0003588499967008829
0,17,44,45,0.6,ILP,0.946,True,0.0,True,True,27,1321.5705703399708,159.83436185166215,7,240.38056156439498,Optimal,True,Optimal,heuristic,0.20379101599974092
0,17,44,45,0.6,MILP,0.946,True,0.0,True,,27,1321.5705703399708,159.83436185166215,7,240.38056156439498,Optimal,True,Optimal,heuristic,0.11696439400111558
0,17,44,45,0.6,Dijkstra,0.946,True,0.0,True,,27,1321.5705703399708,159.83436185166215,7,240.38056156439498,Optimal,True,Optimal,heuristic,0.0005607969942502677
0,17,44,45,0.7,ILP,0.976,True,0.0,True,True,12,609.2685877352187,119.87577138874661,7,240.38056156439498,Optimal,True,Optimal,heuristic,0.167210082996462
0,17,44,45,0.7,MILP,0.976,True,0.0,True,,12,609.2685877352187,119.87577138874661,7,240.38056156439498,Optimal,True,Optimal,heuristic,0.10910024600161705
0,17,44,45,0.7,Dijkstra,0.976,True,0.0,True,,12,609.2685877352187,119.87577138874661,7,240.38056156439498,Optimal,True,Optimal,heuristic,0.0003812319991993718
0,17,44,45,0.8,ILP,0.986,True,0.0,True,True,7,289.802849230607,79.91718092583102,7,240.38056156439498,Optimal,True,Optimal,heuristic,0.1266293640001095
0,17,44,45,0.8,MILP,0.986,True,0.0,True,,7,289.802849230607,79.91718092583102,7,240.38056156439498,Optimal,True,Optimal,heuristic,0.10042788400460267
0,17,44,45,0.8,Dijkstra,0.986,True,0.0,True,,7,289.802849230607,79.91718092583102,7,240.38056156439498,Optimal,True,Optimal,heuristic,0.0004907270049443468
0,17,44,45,0.9,ILP,0.994,True,0.0,True,True,3,99.14621072505071,39.95859046291554,7,240.38056156439498,Optimal,True,Optimal,heuristic,0.15037088499957463
0,17,44,45,0.9,MILP,0.994,True,0.0,True,,3,99.14621072505071,39.95859046291554,7,240.38056156439498,Optimal,True,Optimal,heuristic,0.09877289999712957
0,17,44,45,0.9,Dijkstra,0.994,True,0.0,True,,3,99.14621072505071,39.95859046291554,7,240.38056156439498,Optimal,True,Optimal,heuristic,0.00046953599667176604
0,18,13,35,0.5,ILP,0.8280000000000001,True,0.0,True,True,86,656.4969591878852,37.731960004765604,1,50.35067326167392,Optimal,True,Optimal,heuristic,0.5210352040012367
0,18,13,35,0.5,MILP,0.8280000000000001,True,0.0,True,,86,656.4969591878852,37.731960004765604,1,50.35067326167392,Optimal,True,Optimal,heuristic,0.12215803499566391
0,18,13,35,0.5,Dijkstra,0.8280000000000001,True,0.0,True,,86,656.4969591878852,37.731960004765604,1,50.35067326167392,Optimal,True,Optimal,heuristic,0.00040951799746835604
0,18,13,35,0.6,ILP,0.924,True,0.0,True,True,38,226.8049155853579,30.18556800381249,1,50.35067326167392,Optimal,True,Optimal,heuristic,0.19576169000356458
0,18,13,35,0.6,MILP,0.924,True,0.0,True,,38,226.8049155853579,30.18556800381249,1,50.35067326167392,Optimal,True,Optimal,heuristic,0.13131352399796015
0,18,13,35,0.6,Dijkstra,0.924,True,0.0,True,,38,226.8049155853579,30.18556800381249,1,50.35067326167392,Optimal,True,Optimal,heuristic,0.0005735270024160855
0,18,13,35,0.7,ILP,0.976,True,0.0,True,True,12,63.14112788208594,22.639176002859372,1,50.35067326167392,Optimal,True,Optimal,heuristic,0.18096631499793148
0,18,13,35,0.7,MILP,0.976,True,0.0,True,,12,63.14112788208594,22.639176002859372,1,50.35067326167392,Optimal,True,Optimal,heuristic,0.12150171400571708
0,18,13,35,0.7,Dijkstra,0.976,True,0.0,True,,12,63.14112788208594,22.639176002859372,1,50.35067326167392,Optimal,True,Optimal,heuristic,0.000508130993694067
0,18,13,35,0.8,ILP,0.996,True,0.0,True,True,2,20.903221090467014,15.092784001906224,1,50.35067326167392,Optimal,True,Optimal,heuristic,0.13864215800276725
0,18,13,35,0.8,MILP,0.996,True,0.0,True,,2,20.903221090467014,15.092784001906224,1,50.35067326167392,Optimal,True,Optimal,heuristic,0.12403825399815105
0,18,13,35,0.8,Dijkstra,0.996,True,0.0,True,,2,20.903221090467014,15.092784001906224,1,50.35067326167392,Optimal,True,Optimal,heuristic,0.00039417800144292414
0,18,13,35,0.9,ILP,0.998,True,0.0,True,True,1,7.546392000953105,7.546392000953105,1,50.35067326167392,Optimal,True,Optimal,heuristic,0.16578823499730788
0,18,13,35,0.9,MILP,0.998,True,0.0,True,,1,7.546392000953105,7.546392000953105,1,50.35067326167392,Optimal,True,Optimal,heuristic,0.17349586600175826
0,18,13,35,0.9,Dijkstra,0.998,True,0.0,True,,1,7.546392000953105,7.546392000953105,1,50.35067326167392,Optimal,True,Optimal,heuristic,0.000439137002103962
0,19,11,24,0.5,ILP,0.966,True,0.0,True,True,17,567.3523890144373,113.34996467823379,1,52.858948051801526,Optimal,True,Optimal,heuristic,0.1920166759955464
0,19,11,24,0.5,MILP,0.966,True,0.0,True,,17,567.3523890144373,113.34996467823379,1,52.858948051801526,Optimal,True,Optimal,heuristic,0.11796109299757518
0,19,11,24,0.5,Dijkstra,0.966,True,0.0,True,,17,567.3523890144373,113.34996467823379,1,52.858948051801526,Optimal,True,Optimal,heuristic,0.00033760700171114877
0,19,11,24,0.6,ILP,0.982,True,0.0,True,True,9,306.89580079291164,90.67997174258701,1,52.858948051801526,Optimal,True,Optimal,heuristic,0.1529594269959489
0,19,11,24,0.6,MILP,0.982,False,0.0,True,,9,306.89580079291164,90.67997174258701,1,52.858948051801526,Optimal,True,Optimal,heuristic,0.12027181799930986
0,19,11,24,0.6,Dijkstra,0.982,False,0.0,True,,9,306.89580079291164,90.67997174258701,1,52.858948051801526,Optimal,True,Optimal,heuristic,0.0003417770058149472
0,19,11,24,0.7,ILP,0.992,True,0.0,True,True,4,179.82939998944278,68.00997880694027,1,52.858948051801526,Optimal,True,Optimal,heuristic,0.13228480200632475
0,19,11,24,0.7,MILP,0.992,True,0.0,True,,4,179.82939998944278,68.00997880694027,1,52.858948051801526,Optimal,True,Optimal,heuristic,0.13557381099963095
0,19,11,24,0.7,Dijkstra,0.992,True,0.0,True,,4,179.82939998944278,68.00997880694027,1,52.858948051801526,Optimal,True,Optimal,heuristic,0.00036173600528854877
0,19,11,24,0.8,ILP,0.992,True,0.0,True,True,4,89.14942824685568,45.33998587129349,1,52.858948051801526,Optimal,True,Optimal,heuristic,0.14942155700555304
0,19,11,24,0.8,MILP,0.992,True,0.0,True,,4,89.14942824685568,45.33998587129349,1,52.858948051801526,Optimal,True,Optimal,heuristic,0.12772650300030364
0,19,11,24,0.8,Dijkstra,0.992,True,0.0,True,,4,89.14942824685568,45.33998587129349,1,52.858948051801526,Optimal,True,Optimal,heuristic,0.00036506699689198285
0,19,11,24,0.9,ILP,0.996,True,0.0,True,True,2,23.375221558215287,22.669992935646746,1,52.858948051801526,Optimal,True,Optimal,heuristic,0.12898242399387527
0,19,11,24,0.9,MILP,0.996,True,0.0,True,,2,23.375221558215287,22.669992935646746,1,52.858948051801526,Optimal,True,Optimal,heuristic,0.11490469399723224
0,19,11,24,0.9,Dijkstra,0.996,True,0.0,True,,2,23.375221558215287,22.669992935646746,1,52.858948051801526,Optimal,True,Optimal,heuristic,0.0003582980061764829
1,0,11,32,0.5,ILP,0.972,True,0.0,True,True,14,841.0844583341429,218.4313748891633,3,137.64770226246557,Optimal,True,Optimal,heuristic,0.4981161979958415
1,0,11,32,0.5,MILP,0.972,True,0.0,True,,14,841.0844583341429,218.4313748891633,3,137.64770226246557,Optimal,True,Optimal,heuristic,0.20561622099921806
1,0,11,32,0.5,Dijkstra,0.972,True,0.0,True,,14,841.0844583341429,218.4313748891633,3,137.64770226246557,Optimal,True,Optimal,heuristic,0.00045639299787580967
1,0,11,32,0.6,ILP,0.986,True,0.0,True,True,7,393.1343748216202,174.74509991133067,3,137.64770226246557,Optimal,True,Optimal,heuristic,0.3808646219986258
1,0,11,32,0.6,MILP,0.986,True,0.0,True,,7,393.1343748216202,174.74509991133067,3,137.64770226246557,Optimal,True,Optimal,heuristic,0.19309570400218945
1,0,11,32,0.6,Dijkstra,0.986,True,0.0,True,,7,393.1343748216202,174.74509991133067,3,137.64770226246557,Optimal,True,Optimal,heuristic,0.0004072659939993173
1,0,11,32,0.7,ILP,0.994,True,0.0,True,True,3,165.54065792077347,131.058824933498,3,137.64770226246557,Optimal,True,Optimal,heuristic,0.2717055609973613
1,0,11,32,0.7,MILP,0.994,True,0.0,True,,3,165.54065792077347,131.058824933498,3,137.64770226246557,Optimal,True,Optimal,heuristic,0.1284686650033109
1,0,11,32,0.7,Dijkstra,0.994,True,0.0,True,,3,165.54065792077347,131.058824933498,3,137.64770226246557,Optimal,True,Optimal,heuristic,0.00037837400304852054
1,0,11,32,0.8,ILP,0.998,True,0.0,True,True,1,87.3725499556653,87.3725499556653,3,137.64770226246557,Optimal,True,Optimal,heuristic,0.13614546700409846
1,0,11,32,0.8,MILP,0.998,True,0.0,True,,1,87.3725499556653,87.3725499556653,3,137.64770226246557,Optimal,True,Optimal,heuristic,0.1227984099969035
1,0,11,32,0.8,Dijkstra,0.998,True,0.0,True,,1,87.3725499556653,87.3725499556653,3,137.64770226246557,Optimal,True,Optimal,heuristic,0.00034488699748180807
1,0,11,32,0.9,ILP,0.998,True,0.0,True,True,1,43.686274977832625,43.686274977832625,3,137.64770226246557,Optimal,True,Optimal,heuristic,0.1755791660034447
1,0,11,32,0.9,MILP,0.998,True,0.0,True,,1,43.686274977832625,43.686274977832625,3,137.64770226246557,Optimal,True,Optimal,heuristic,0.1278978099944652
1,0,11,32,0.9,Dijkstra,0.998,True,0.0,True,,1,43.686274977832625,43.686274977832625,3,137.64770226246557,Optimal,True,Optimal,heuristic,0.0003577679963200353
1,1,47,24,0.5,ILP,0.632,True,0.0,True,True,184,3256.348275401251,67.52111466310029,2,160.08583930836846,Optimal,True,Optimal,heuristic,0.09022596999420784
1,1,47,24,0.5,MILP,0.632,True,0.0,True,,184,3256.348275401251,67.52111466310029,2,160.08583930836846,Optimal,True,Optimal,heuristic,0.08196500099438708
1,1,47,24,0.5,Dijkstra,0.632,True,0.0,True,,184,3256.348275401251,67.52111466310029,2,160.08583930836846,Optimal,True,Optimal,heuristic,0.00032781399931991473
1,1,47,24,0.6,ILP,0.8160000000000001,True,0.0,True,True,92,1395.9598142314424,54.01689173048024,2,160.08583930836846,Optimal,True,Optimal,heuristic,0.09788242500508204
1,1,47,24,0.6,MILP,0.8160000000000001,True,0.0,True,,92,1395.9598142314424,54.01689173048024,2,160.08583930836846,Optimal,True,Optimal,heuristic,0.08782549000170548
1,1,47,24,0.6,Dijkstra,0.8160000000000001,True,0.0,True,,92,1395.9598142314424,54.01689173048024,2,160.08583930836846,Optimal,True,Optimal,heuristic,0.0003401849971851334
1,1,47,24,0.7,ILP,0.928,True,0.0,True,True,36,566.4686141265854,40.51266879786019,2,160.08583930836846,Optimal,True,Optimal,heuristic,0.10205648800183553
1,1,47,24,0.7,MILP,0.928,True,0.0,True,,36,566.4686141265854,40.51266879786019,2,160.08583930836846,Optimal,True,Optimal,heuristic,0.09214518500084523
1,1,47,24,0.7,Dijkstra,0.928,True,0.0,True,,36,566.4686141265854,40.51266879786019,2,160.08583930836846,Optimal,True,Optimal,heuristic,0.00041247600165661424
1,1,47,24,0.8,ILP,0.958,True,0.0,True,True,21,198.02637542788528,27.008445865240105,2,160.08583930836846,Optimal,True,Optimal,heuristic,0.10225081099633826
1,1,47,24,0.8,MILP,0.958,True,0.0,True,,21,198.02637542788528,27.008445865240105,2,160.08583930836846,Optimal,True,Optimal,heuristic,0.11047456300002523
1,1,47,24,0.8,Dijkstra,0.958,True,0.0,True,,21,198.02637542788528,27.008445865240105,2,160.08583930836846,Optimal,True,Optimal,heuristic,0.00040719200478633866
1,1,47,24,0.9,ILP,0.99,True,0.0,True,True,5,50.02474285095025,13.504222932620053,2,160.08583930836846,Optimal,True,Optimal,heuristic,0.10183067799516721
1,1,47,24,0.9,MILP,0.99,True,0.0,True,,5,50.02474285095025,13.504222932620053,2,160.08583930836846,Optimal,True,Optimal,heuristic,0.09147211199888261
1,1,47,24,0.9,Dijkstra,0.99,True,0.0,True,,5,50.02474285095025,13.504222932620053,2,160.08583930836846,Optimal,True,Optimal,heuristic,0.00032621999707771465
1,2,24,16,0.5,ILP,0.978,True,0.0,True,True,11,763.4338334908555,324.43120032482085,7,202.26327353280666,Optimal,True,Optimal,heuristic,0.08537823700316949
1,2,24,16,0.5,MILP,0.978,True,0.0,True,,11,763.4338334908555,324.43120032482085,7,202.26327353280666,Optimal,True,Optimal,heuristic,0.07634932899964042
1,2,24,16,0.5,Dijkstra,0.978,True,0.0,True,,11,763.4338334908555,324.43120032482085,7,202.26327353280666,Optimal,True,Optimal,heuristic,0.0004609300012816675
1,2,24,16,0.6,ILP,0.994,True,0.0,True,True,3,334.7827753850168,259.5449602598567,7,202.26327353280666,Optimal,True,Optimal,heuristic,0.08265774600295117
1,2,24,16,0.6,MILP,0.994,True,0.0,True,,3,334.7827753850168,259.5449602598567,7,202.26327353280666,Optimal,True,Optimal,heuristic,0.07324516199878417
1,2,24,16,0.6,Dijkstra,0.994,True,0.0,True,,3,334.7827753850168,259.5449602598567,7,202.26327353280666,Optimal,True,Optimal,heuristic,0.00034600700018927455
1,2,24,16,0.7,ILP,0.996,True,0.0,True,True,2,199.48588139657818,194.65872019489257,7,202.26327353280666,Optimal,True,Optimal,heuristic,0.08322712600056548
1,2,24,16,0.7,MILP,0.996,True,0.0,True,,2,199.48588139657818,194.65872019489257,7,202.26327353280666,Optimal,True,Optimal,heuristic,0.07626417100254912
1,2,24,16,0.7,Dijkstra,0.996,True,0.0,True,,2,199.48588139657818,194.65872019489257,7,202.26327353280666,Optimal,True,Optimal,heuristic,0.0003563410064089112
1,2,24,16,0.8,ILP,0.998,True,0.0,True,True,1,129.77248012992834,129.77248012992834,7,202.26327353280666,Optimal,True,Optimal,heuristic,0.08110490199760534
1,2,24,16,0.8,MILP,0.998,True,0.0,True,,1,129.77248012992834,129.77248012992834,7,202.26327353280666,Optimal,True,Optimal,heuristic,0.07250337099685566
1,2,24,16,0.8,Dijkstra,0.998,True,0.0,True,,1,129.77248012992834,129.77248012992834,7,202.26327353280666,Optimal,True,Optimal,heuristic,0.00034332099312450737
1,2,24,16,0.9,ILP,0.998,True,0.0,True,True,1,64.88624006496411,64.88624006496411,7,202.26327353280666,Optimal,True,Optimal,heuristic,0.08087853900360642
1,2,24,16,0.9,MILP,0.998,True,0.0,True,,1,64.88624006496411,64.88624006496411,7,202.26327353280666,Optimal,True,Optimal,heuristic,0.07082540699775564
1,2,24,16,0.9,Dijkstra,0.998,True,0.0,True,,1,64.88624006496411,64.88624006496411,7,202.26327353280666,Optimal,True,Optimal,heuristic,0.00034041499748127535
1,3,61,47,0.5,ILP,0.914,True,0.0,True,True,43,4274.866434008745,326.27935814271024,9,308.08801678998304,Optimal,True,Optimal,heuristic,1.1202936269983184
1,3,61,47,0.5,MILP,0.914,False,0.0,True,,43,4274.866434008745,326.27935814271024,9,308.08801678998304,Optimal,True,Optimal,heuristic,0.5299973889996181
1,3,61,47,0.5,Dijkstra,0.914,True,0.0,True,,43,4274.866434008745,326.27935814271024,9,308.08801678998304,Optimal,True,Optimal,heuristic,0.00042160799785051495
1,3,61,47,0.6,ILP,0.958,True,0.0,True,True,21,2229.2856419883615,261.0234865141682,9,308.08801678998304,Optimal,True,Optimal,heuristic,0.7816314430019702
1,3,61,47,0.6,MILP,0.958,True,0.0,True,,21,2229.2856419883615,261.0234865141682,9,308.08801678998304,Optimal,True,Optimal,heuristic,0.46270451699820114
1,3,61,47,0.6,Dijkstra,0.958,True,0.0,True,,21,2229.2856419883615,261.0234865141682,9,308.08801678998304,Optimal,True,Optimal,heuristic,0.0004402410049806349
1,3,61,47,0.7,ILP,0.978,True,0.0,True,True,11,1179.6471676566996,239.95074403137312,9,333.77872805343617,Optimal,True,Optimal,heuristic,0.4977360230041086
1,3,61,47,0.7,MILP,0.972,False,0.006000000000000005,False,,14,1153.960137040105,195.76761488562624,9,308.08801678998304,Optimal,True,Optimal,heuristic,0.36376808800559957
1,3,61,47,0.7,Dijkstra,0.972,False,0.006000000000000005,False,,14,1153.960137040105,195.76761488562624,9,308.08801678998304,Optimal,True,Optimal,heuristic,0.0003691419988172129
1,3,61,47,0.8,ILP,0.988,True,0.0,True,True,6,741.4542914661913,478.66514039942126,8,416.88575557634806,Optimal,True,Optimal,heuristic,0.596762535002199
1,3,61,47,0.8,MILP,0.986,False,0.0020000000000000018,False,,7,461.5195638883697,130.51174325708416,9,308.08801678998304,Optimal,True,Optimal,heuristic,0.43716117199801374
1,3,61,47,0.8,Dijkstra,0.986,False,0.0020000000000000018,False,,7,461.5195638883697,130.51174325708416,9,308.08801678998304,Optimal,True,Optimal,heuristic,0.0003758590028155595
1,3,61,47,0.9,ILP,0.994,True,0.0,True,True,3,496.21829281405076,413.4092687708792,8,416.88575557634806,Optimal,True,Optimal,heuristic,0.3644557959996746
1,3,61,47,0.9,MILP,0.994,False,0.0,True,,3,135.29649101736243,65.2558716285422,9,308.0880167899831,Optimal,True,Optimal,heuristic,0.16258716599986656
1,3,61,47,0.9,Dijkstra,0.994,False,0.0,True,,3,135.296491017363,65.25587162854208,9,308.08801678998304,Optimal,True,Optimal,heuristic,0.0003676249980344437
1,4,50,35,0.5,ILP,0.998,True,0.0,True,True,1,365.3266418669451,365.3266418669451,3,101.89086160691134,Optimal,True,Optimal,heuristic,0.08466952700109687
1,4,50,35,0.5,MILP,0.998,True,0.0,True,,1,365.3266418669451,365.3266418669451,3,101.89086160691134,Optimal,True,Optimal,heuristic,0.08282145900011528
1,4,50,35,0.5,Dijkstra,0.998,True,0.0,True,,1,365.3266418669451,365.3266418669451,3,101.89086160691134,Optimal,True,Optimal,heuristic,0.0003342359996167943
1,4,50,35,0.6,ILP,0.998,True,0.0,True,True,1,292.26131349355614,292.26131349355614,3,101.89086160691134,Optimal,True,Optimal,heuristic,0.0831293130031554
1,4,50,35,0.6,MILP,0.998,True,0.0,True,,1,292.26131349355614,292.26131349355614,3,101.89086160691134,Optimal,True,Optimal,heuristic,0.08195201800117502
1,4,50,35,0.6,Dijkstra,0.998,True,0.0,True,,1,292.26131349355614,292.26131349355614,3,101.89086160691134,Optimal,True,Optimal,heuristic,0.0003457849961705506
1,4,50,35,0.7,ILP,0.998,True,0.0,True,True,1,219.19598512016705,219.19598512016705,3,101.89086160691134,Optimal,True,Optimal,heuristic,0.09050533900153823
1,4,50,35,0.7,MILP,0.998,True,0.0,True,,1,219.19598512016705,219.19598512016705,3,101.89086160691134,Optimal,True,Optimal,heuristic,0.08249324399366742
1,4,50,35,0.7,Dijkstra,0.998,True,0.0,True,,1,219.19598512016705,219.19598512016705,3,101.89086160691134,Optimal,True,Optimal,heuristic,0.0003473229953669943
1,4,50,35,0.8,ILP,0.998,True,0.0,True,True,1,146.13065674677796,146.13065674677796,3,101.89086160691134,Optimal,True,Optimal,heuristic,0.08217176900507184
1,4,50,35,0.8,MILP,0.998,True,0.0,True,,1,146.13065674677796,146.13065674677796,3,101.89086160691134,Optimal,True,Optimal,heuristic,0.07898460399883334
1,4,50,35,0.8,Dijkstra,0.998,True,0.0,True,,1,146.13065674677796,146.13065674677796,3,101.89086160691134,Optimal,True,Optimal,heuristic,0.0003240849982830696
1,4,50,35,0.9,ILP,0.998,True,0.0,True,True,1,73.06532837338898,73.06532837338898,3,101.89086160691134,Optimal,True,Optimal,heuristic,0.09284318999561947
1,4,50,35,0.9,MILP,0.998,True,0.0,True,,1,73.06532837338898,73.06532837338898,3,101.89086160691134,Optimal,True,Optimal,heuristic,0.08308996100095101
1,4,50,35,0.9,Dijkstra,0.998,True,0.0,True,,1,73.06532837338898,73.06532837338898,3,101.89086160691134,Optimal,True,Optimal,heuristic,0.00031894999847281724
1,5,62,50,0.5,ILP,0.98,True,0.0,True,True,10,579.8894953072161,243.30456500956234,3,139.11883388980175,Optimal,True,Optimal,heuristic,0.1006072119998862
1,5,62,50,0.5,MILP,0.98,True,0.0,True,,10,579.8894953072161,243.30456500956234,3,139.11883388980175,Optimal,True,Optimal,heuristic,0.09067167299508583
1,5,62,50,0.5,Dijkstra,0.98,True,0.0,True,,10,579.8894953072161,243.30456500956234,3,139.11883388980175,Optimal,True,Optimal,heuristic,0.0003568239990272559
1,5,62,50,0.6,ILP,0.994,True,0.0,True,True,3,361.1894034725993,194.6436520076499,3,139.11883388980175,Optimal,True,Optimal,heuristic,0.09797327099659014
1,5,62,50,0.6,MILP,0.994,True,0.0,True,,3,361.1894034725993,194.6436520076499,3,139.11883388980175,Optimal,True,Optimal,heuristic,0.09033927800192032
1,5,62,50,0.6,Dijkstra,0.994,True,0.0,True,,3,361.1894034725993,194.6436520076499,3,139.11883388980175,Optimal,True,Optimal,heuristic,0.00036489500052994117
1,5,62,50,0.7,ILP,0.996,True,0.0,True,True,2,229.4399621452411,145.98273900573741,3,139.11883388980175,Optimal,True,Optimal,heuristic,0.09560248400521232
1,5,62,50,0.7,MILP,0.996,True,0.0,True,,2,229.4399621452411,145.98273900573741,3,139.11883388980175,Optimal,True,Optimal,heuristic,0.09863071000290802
1,5,62,50,0.7,Dijkstra,0.996,True,0.0,True,,2,229.4399621452411,145.98273900573741,3,139.11883388980175,Optimal,True,Optimal,heuristic,0.00039115500112529844
1,5,62,50,0.8,ILP,0.996,True,0.0,True,True,2,132.11813614141613,97.32182600382492,3,139.11883388980175,Optimal,True,Optimal,heuristic,0.09568820499407593
1,5,62,50,0.8,MILP,0.996,True,0.0,True,,2,132.11813614141613,97.32182600382492,3,139.11883388980175,Optimal,True,Optimal,heuristic,0.10592605500278296
1,5,62,50,0.8,Dijkstra,0.996,True,0.0,True,,2,132.11813614141613,97.32182600382492,3,139.11883388980175,Optimal,True,Optimal,heuristic,0.00046081500477157533
1,5,62,50,0.9,ILP,0.998,True,0.0,True,True,1,48.66091300191249,48.66091300191249,3,139.11883388980175,Optimal,True,Optimal,heuristic,0.10102718500274932
1,5,62,50,0.9,MILP,0.998,True,0.0,True,,1,48.66091300191249,48.66091300191249,3,139.11883388980175,Optimal,True,Optimal,heuristic,0.08940265500132227
1,5,62,50,0.9,Dijkstra,0.998,True,0.0,True,,1,48.66091300191249,48.66091300191249,3,139.11883388980175,Optimal,True,Optimal,heuristic,0.0003956619984819554
1,6,32,44,0.5,ILP,0.968,True,0.0,True,True,16,2019.752130985527,434.49042580801756,9,451.90050911395974,Optimal,True,Optimal,heuristic,0.144062038998527
1,6,32,44,0.5,MILP,0.964,False,0.0040000000000000036,False,,18,1741.3341732081508,479.39538936631106,10,474.9664352104962,Optimal,True,Optimal,heuristic,0.08922539500053972
1,6,32,44,0.5,Dijkstra,0.968,True,0.0,True,,16,2019.752130985527,434.49042580801756,9,451.90050911395974,Optimal,True,Optimal,heuristic,0.00044311300007393584
1,6,32,44,0.6,ILP,0.99,True,0.0,True,True,5,761.2961483879161,392.4973042047076,10,474.9664352104962,Optimal,True,Optimal,heuristic,0.08957301200280199
1,6,32,44,0.6,MILP,0.99,True,0.0,True,,5,761.2961483879161,392.4973042047076,10,474.9664352104962,Optimal,True,Optimal,heuristic,0.09753988699958427
1,6,32,44,0.6,Dijkstra,0.982,False,0.008000000000000007,False,,9,965.156509681653,347.5923406464141,9,451.90050911395974,Optimal,True,Optimal,heuristic,0.00039392900362145156
1,6,32,44,0.7,ILP,0.992,True,0.0,True,True,4,344.11930434769135,305.5992190431041,10,474.9664352104962,Optimal,True,Optimal,heuristic,0.10640500999579672
1,6,32,44,0.7,MILP,0.992,True,0.0,True,,4,344.11930434769135,305.5992190431041,10,474.9664352104962,Optimal,True,Optimal,heuristic,0.08982584399927873
1,6,32,44,0.7,Dijkstra,0.992,False,0.0,True,,4,352.8555540749594,260.6942554848106,9,451.90050911395974,Optimal,True,Optimal,heuristic,0.0003736159997060895
1,6,32,44,0.8,ILP,0.998,True,0.0,True,True,1,218.70113388150048,218.70113388150048,10,474.9664352104962,Optimal,True,Optimal,heuristic,0.12484337500063702
1,6,32,44,0.8,MILP,0.998,False,0.0,True,,1,173.79617032320698,173.79617032320698,9,451.90050911395974,Optimal,True,Optimal,heuristic,0.08270507200359134
1,6,32,44,0.8,Dijkstra,0.998,False,0.0,True,,1,173.79617032320698,173.79617032320698,9,451.90050911395974,Optimal,True,Optimal,heuristic,0.00037285700091160834
1,6,32,44,0.9,ILP,0.998,True,0.0,True,True,1,131.80304871989688,131.80304871989688,10,474.9664352104962,Optimal,True,Optimal,heuristic,0.08972956700017676
1,6,32,44,0.9,MILP,0.998,False,0.0,True,,1,86.89808516160338,86.89808516160338,9,451.90050911395974,Optimal,True,Optimal,heuristic,0.08702184499998111
1,6,32,44,0.9,Dijkstra,0.998,False,0.0,True,,1,86.89808516160338,86.89808516160338,9,451.90050911395974,Optimal,True,Optimal,heuristic,0.0004005920054623857
1,7,50,22,0.5,ILP,0.988,True,0.0,True,True,6,755.8194855558429,400.1849443464106,7,242.35951340311107,Optimal,True,Optimal,heuristic,0.09919916700164322
1,7,50,22,0.5,MILP,0.988,False,0.0,True,,6,755.8194855558429,400.1849443464106,7,242.3595134031111,Optimal,True,Optimal,heuristic,0.09127436400012812
1,7,50,22,0.5,Dijkstra,0.988,False,0.0,True,,6,755.8194855558429,400.1849443464106,7,242.3595134031111,Optimal,True,Optimal,heuristic,0.00035238299460615963
1,7,50,22,0.6,ILP,0.996,True,0.0,True,True,2,458.4586664889008,320.14795547712856,7,242.3595134031111,Optimal,True,Optimal,heuristic,0.09364308200019877
1,7,50,22,0.6,MILP,0.996,True,0.0,True,,2,458.4586664889008,320.14795547712856,7,242.3595134031111,Optimal,True,Optimal,heuristic,0.08657296800083714
1,7,50,22,0.6,Dijkstra,0.996,True,0.0,True,,2,458.4586664889008,320.14795547712856,7,242.3595134031111,Optimal,True,Optimal,heuristic,0.0003962800037697889
1,7,50,22,0.7,ILP,0.996,True,0.0,True,True,2,298.3846887503365,240.11096660784642,7,242.3595134031111,Optimal,True,Optimal,heuristic,0.0917939290011418
1,7,50,22,0.7,MILP,0.996,True,0.0,True,,2,298.3846887503365,240.11096660784642,7,242.3595134031111,Optimal,True,Optimal,heuristic,0.08723765300237574
1,7,50,22,0.7,Dijkstra,0.996,True,0.0,True,,2,298.3846887503365,240.11096660784642,7,242.3595134031111,Optimal,True,Optimal,heuristic,0.00034799500281224027
1,7,50,22,0.8,ILP,0.998,True,0.0,True,True,1,160.07397773856417,160.07397773856417,7,242.3595134031111,Optimal,True,Optimal,heuristic,0.08826486299949465
1,7,50,22,0.8,MILP,0.998,True,0.0,True,,1,160.07397773856417,160.07397773856417,7,242.3595134031111,Optimal,True,Optimal,heuristic,0.08046789500076557
1,7,50,22,0.8,Dijkstra,0.998,True,0.0,True,,1,160.07397773856417,160.07397773856417,7,242.3595134031111,Optimal,True,Optimal,heuristic,0.00035855700116371736
1,7,50,22,0.9,ILP,0.998,True,0.0,True,True,1,234.57130711970558,234.57130711970558,9,373.6671673770817,Optimal,True,Optimal,heuristic,0.08694873600325081
1,7,50,22,0.9,MILP,0.998,False,0.0,True,,1,80.03698886928214,80.03698886928214,7,242.3595134031111,Optimal,True,Optimal,heuristic,0.07847565099655185
1,7,50,22,0.9,Dijkstra,0.998,False,0.0,True,,1,80.03698886928214,80.03698886928214,7,242.3595134031111,Optimal,True,Optimal,heuristic,0.00033784400147851557
1,8,61,4,0.5,ILP,0.9319999999999999,True,0.0,True,True,34,4078.982076618911,340.2958835699049,9,303.39414186726896,Optimal,True,Optimal,heuristic,1.085221356996044
1,8,61,4,0.5,MILP,0.916,False,0.015999999999999903,False,,42,3711.164891358345,362.67499500295054,10,326.4600679638055,Optimal,True,Optimal,heuristic,0.43173807299899636
1,8,61,4,0.5,Dijkstra,0.9319999999999999,True,0.0,True,,34,4078.982076618911,340.2958835699049,9,303.39414186726896,Optimal,True,Optimal,heuristic,0.0003690779994940385
1,8,61,4,0.6,ILP,0.968,True,0.0,True,True,16,1860.7603186198846,294.61581828896954,10,326.4600679638055,Optimal,True,Optimal,heuristic,0.6451584000024013
1,8,61,4,0.6,MILP,0.968,True,0.0,True,,16,1860.7603186198846,294.61581828896954,10,326.4600679638055,Optimal,True,Optimal,heuristic,0.48791001700010384
1,8,61,4,0.6,Dijkstra,0.96,False,0.008000000000000007,False,,20,2265.383257528805,272.2367068559239,9,303.39414186726896,Optimal,True,Optimal,heuristic,0.0005160899963811971
1,8,61,4,0.7,ILP,0.978,True,0.0,True,True,11,1030.8085119353966,226.5566415749886,10,326.4600679638055,Optimal,True,Optimal,heuristic,0.8225819930012221
1,8,61,4,0.7,MILP,0.978,True,0.0,True,,11,1030.8085119353966,226.5566415749886,10,326.4600679638055,Optimal,True,Optimal,heuristic,0.5078396730023087
1,8,61,4,0.7,Dijkstra,0.974,False,0.0040000000000000036,False,,13,1102.2664738359372,204.17753014194295,9,303.39414186726896,Optimal,True,Optimal,heuristic,0.0003749270035768859
1,8,61,4,0.8,ILP,0.992,True,0.0,True,True,4,663.2064599600885,457.76818069099727,9,409.5670954867174,Optimal,True,Optimal,heuristic,0.4860819979949156
1,8,61,4,0.8,MILP,0.986,False,0.006000000000000005,False,,7,491.5463654150328,158.49746486100764,10,326.4600679638055,Optimal,True,Optimal,heuristic,0.5270686310032033
1,8,61,4,0.8,Dijkstra,0.986,False,0.006000000000000005,False,,7,506.52257889992495,136.118353427962,9,303.39414186726896,Optimal,True,Optimal,heuristic,0.00039327899867203087
1,8,61,4,0.9,ILP,0.994,True,0.0,True,True,3,170.87759179821,90.43828814702658,10,326.4600679638055,Optimal,True,Optimal,heuristic,0.3932159399992088
1,8,61,4,0.9,MILP,0.994,False,0.0,True,,3,147.07571144269173,78.15117844001895,10,382.17980556304747,Optimal,True,Optimal,heuristic,0.379604734996974
1,8,61,4,0.9,Dijkstra,0.992,False,0.0020000000000000018,False,,4,153.18144306128193,68.05917671398095,9,303.39414186726896,Optimal,True,Optimal,heuristic,0.0004438739997567609
1,9,45,16,0.5,ILP,0.896,True,0.0,True,True,52,2273.774551515944,155.54952499718922,5,213.76201060550937,Optimal,True,Optimal,heuristic,0.5959756060037762
1,9,45,16,0.5,MILP,0.896,True,0.0,True,,52,2273.774551515944,155.54952499718922,5,213.76201060550937,Optimal,True,Optimal,heuristic,0.1199900540013914
1,9,45,16,0.5,Dijkstra,0.896,True,0.0,True,,52,2273.774551515944,155.54952499718922,5,213.76201060550937,Optimal,True,Optimal,heuristic,0.00034357800177531317
1,9,45,16,0.6,ILP,0.944,True,0.0,True,True,28,1075.368681965239,124.43961999775138,5,213.76201060550937,Optimal,True,Optimal,heuristic,0.37602334700204665
1,9,45,16,0.6,MILP,0.944,False,0.0,True,,28,1075.368681965239,124.43961999775132,5,213.76201060550937,Optimal,True,Optimal,heuristic,0.10839643099461682
1,9,45,16,0.6,Dijkstra,0.944,True,0.0,True,,28,1075.368681965239,124.43961999775138,5,213.76201060550937,Optimal,True,Optimal,heuristic,0.00033738600177457556
1,9,45,16,0.7,ILP,0.974,True,0.0,True,True,13,476.5286705906654,93.32971499831353,5,213.76201060550937,Optimal,True,Optimal,heuristic,0.2214375320036197
1,9,45,16,0.7,MILP,0.974,False,0.0,True,,13,476.52867059066494,93.32971499831348,5,213.7620106055094,Optimal,True,Optimal,heuristic,0.10740326800441835
1,9,45,16,0.7,Dijkstra,0.974,True,0.0,True,,13,476.5286705906654,93.32971499831353,5,213.76201060550937,Optimal,True,Optimal,heuristic,0.0003910079976776615
1,9,45,16,0.8,ILP,0.988,True,0.0,True,True,6,191.01807071083408,62.21980999887569,5,213.76201060550937,Optimal,True,Optimal,heuristic,0.1365629989959416
1,9,45,16,0.8,MILP,0.988,True,0.0,True,,6,191.01807071083408,62.21980999887569,5,213.76201060550937,Optimal,True,Optimal,heuristic,0.09738794899749337
1,9,45,16,0.8,Dijkstra,0.988,True,0.0,True,,6,191.01807071083408,62.21980999887569,5,213.76201060550937,Optimal,True,Optimal,heuristic,0.0004152059991611168
1,9,45,16,0.9,ILP,0.994,True,0.0,True,True,3,83.36136417728244,31.109904999437845,5,213.76201060550937,Optimal,True,Optimal,heuristic,0.12453015399660217
1,9,45,16,0.9,MILP,0.994,True,0.0,True,,3,83.36136417728244,31.109904999437845,5,213.76201060550937,Optimal,True,Optimal,heuristic,0.10679317399626598
1,9,45,16,0.9,Dijkstra,0.994,True,0.0,True,,3,83.36136417728244,31.109904999437845,5,213.76201060550937,Optimal,True,Optimal,heuristic,0.0003563659993233159
1,10,53,49,0.5,ILP,0.948,True,0.0,True,True,26,1250.523556097016,219.61646409922798,5,211.20452024665883,Optimal,True,Optimal,heuristic,0.33591561899811495
1,10,53,49,0.5,MILP,0.948,True,0.0,True,,26,1250.523556097016,219.61646409922798,5,211.20452024665883,Optimal,True,Optimal,heuristic,0.12047906299994793
1,10,53,49,0.5,Dijkstra,0.948,True,0.0,True,,26,1250.523556097016,219.61646409922798,5,211.20452024665883,Optimal,True,Optimal,heuristic,0.00034533000143710524
1,10,53,49,0.6,ILP,0.98,True,0.0,True,True,10,572.9833706905656,175.69317127938245,5,211.20452024665883,Optimal,True,Optimal,heuristic,0.1628407519965549
1,10,53,49,0.6,MILP,0.98,True,0.0,True,,10,572.9833706905656,175.69317127938245,5,211.20452024665883,Optimal,True,Optimal,heuristic,0.11728802899597213
1,10,53,49,0.6,Dijkstra,0.98,True,0.0,True,,10,572.9833706905656,175.69317127938245,5,211.20452024665883,Optimal,True,Optimal,heuristic,0.000378857999749016
1,10,53,49,0.7,ILP,0.99,True,0.0,True,True,5,222.7024589861541,131.7698784595368,5,211.20452024665883,Optimal,True,Optimal,heuristic,0.1584118499959004
1,10,53,49,0.7,MILP,0.99,True,0.0,True,,5,222.7024589861541,131.7698784595368,5,211.20452024665883,Optimal,True,Optimal,heuristic,0.11160254700371297
1,10,53,49,0.7,Dijkstra,0.99,True,0.0,True,,5,222.7024589861541,131.7698784595368,5,211.20452024665883,Optimal,True,Optimal,heuristic,0.0004134209957555868
1,10,53,49,0.8,ILP,0.996,True,0.0,True,True,2,106.60815909356347,87.84658563969117,5,211.20452024665883,Optimal,True,Optimal,heuristic,0.12413961599668255
1,10,53,49,0.8,MILP,0.996,True,0.0,True,,2,106.60815909356347,87.84658563969117,5,211.20452024665883,Optimal,True,Optimal,heuristic,0.10855351999634877
1,10,53,49,0.8,Dijkstra,0.996,True,0.0,True,,2,106.60815909356347,87.84658563969117,5,211.20452024665883,Optimal,True,Optimal,heuristic,0.00036325100518297404
1,10,53,49,0.9,ILP,0.998,True,0.0,True,True,1,43.92329281984564,43.92329281984564,5,211.20452024665883,Optimal,True,Optimal,heuristic,0.1201890509983059
1,10,53,49,0.9,MILP,0.998,True,0.0,True,,1,43.92329281984564,43.92329281984564,5,211.20452024665883,Optimal,True,Optimal,heuristic,0.10322495799482567
1,10,53,49,0.9,Dijkstra,0.998,True,0.0,True,,1,43.92329281984564,43.92329281984564,5,211.20452024665883,Optimal,True,Optimal,heuristic,0.0003441990047576837
1,11,1,32,0.5,ILP,0.994,True,0.0,True,True,3,271.66441026145554,187.08512550412175,3,72.84742625925139,Optimal,True,Optimal,heuristic,0.14692192600341514
1,11,1,32,0.5,MILP,0.994,False,0.0,True,,3,271.66441026145566,187.08512550412175,3,72.84742625925146,Optimal,True,Optimal,heuristic,0.15097840600355994
1,11,1,32,0.5,Dijkstra,0.994,False,0.0,True,,3,271.66441026145554,187.08512550412175,3,72.84742625925139,Optimal,True,Optimal,heuristic,0.0003457909988355823
1,11,1,32,0.6,ILP,0.996,True,0.0,True,True,2,168.11338479085225,149.6681004032974,3,72.84742625925139,Optimal,True,Optimal,heuristic,0.1439221219989122
1,11,1,32,0.6,MILP,0.996,True,0.0,True,,2,168.11338479085225,149.6681004032974,3,72.84742625925139,Optimal,True,Optimal,heuristic,0.15061665699613513
1,11,1,32,0.6,Dijkstra,0.996,True,0.0,True,,2,168.11338479085225,149.6681004032974,3,72.84742625925139,Optimal,True,Optimal,heuristic,0.00034915799915324897
1,11,1,32,0.7,ILP,0.998,True,0.0,True,True,1,112.25107530247305,112.25107530247305,3,72.84742625925139,Optimal,True,Optimal,heuristic,0.142314652002824
1,11,1,32,0.7,MILP,0.998,True,0.0,True,,1,112.25107530247305,112.25107530247305,3,72.84742625925139,Optimal,True,Optimal,heuristic,0.12935239500075113
1,11,1,32,0.7,Dijkstra,0.998,True,0.0,True,,1,112.25107530247305,112.25107530247305,3,72.84742625925139,Optimal,True,Optimal,heuristic,0.00037636299384757876
1,11,1,32,0.8,ILP,0.998,True,0.0,True,True,1,74.83405020164872,74.83405020164872,3,72.84742625925139,Optimal,True,Optimal,heuristic,0.14712440199946286
1,11,1,32,0.8,MILP,0.998,True,0.0,True,,1,74.83405020164872,74.83405020164872,3,72.84742625925139,Optimal,True,Optimal,heuristic,0.12874870099767577
1,11,1,32,0.8,Dijkstra,0.998,True,0.0,True,,1,74.83405020164872,74.83405020164872,3,72.84742625925139,Optimal,True,Optimal,heuristic,0.0003221560036763549
1,11,1,32,0.9,ILP,0.998,True,0.0,True,True,1,37.41702510082433,37.41702510082433,3,72.84742625925139,Optimal,True,Optimal,heuristic,0.14646007800183725
1,11,1,32,0.9,MILP,0.998,True,0.0,True,,1,37.41702510082433,37.41702510082433,3,72.84742625925139,Optimal,True,Optimal,heuristic,0.1372017770045204
1,11,1,32,0.9,Dijkstra,0.998,True,0.0,True,,1,37.41702510082433,37.41702510082433,3,72.84742625925139,Optimal,True,Optimal,heuristic,0.00034690099710132927
1,12,59,32,0.5,ILP,0.956,True,0.0,True,True,22,788.8750207556684,114.15812047038982,2,59.27732689234515,Optimal,True,Optimal,heuristic,0.29774887999519706
1,12,59,32,0.5,MILP,0.956,True,0.0,True,,22,788.8750207556684,114.15812047038982,2,59.27732689234515,Optimal,True,Optimal,heuristic,0.12204149500030326
1,12,59,32,0.5,Dijkstra,0.956,True,0.0,True,,22,788.8750207556684,114.15812047038982,2,59.27732689234515,Optimal,True,Optimal,heuristic,0.00039426500006811693
1,12,59,32,0.6,ILP,0.978,True,0.0,True,True,11,454.23642565798326,91.32649637631187,2,59.27732689234515,Optimal,True,Optimal,heuristic,0.19793109000602271
1,12,59,32,0.6,MILP,0.978,True,0.0,True,,11,454.23642565798326,91.32649637631187,2,59.27732689234515,Optimal,True,Optimal,heuristic,0.11825733199657407
1,12,59,32,0.6,Dijkstra,0.978,True,0.0,True,,11,454.23642565798326,91.32649637631187,2,59.27732689234515,Optimal,True,Optimal,heuristic,0.000344050997227896
1,12,59,32,0.7,ILP,0.984,True,0.0,True,True,8,241.46398417730944,68.4948722822339,2,59.27732689234515,Optimal,True,Optimal,heuristic,0.2250197610046598
1,12,59,32,0.7,MILP,0.984,True,0.0,True,,8,241.46398417730944,68.4948722822339,2,59.27732689234515,Optimal,True,Optimal,heuristic,0.11788019400410121
1,12,59,32,0.7,Dijkstra,0.984,True,0.0,True,,8,241.46398417730944,68.4948722822339,2,59.27732689234515,Optimal,True,Optimal,heuristic,0.00036141799500910565
1,12,59,32,0.8,ILP,0.992,True,0.0,True,True,4,101.34195386640434,45.663248188155904,2,59.27732689234515,Optimal,True,Optimal,heuristic,0.17638237299979664
1,12,59,32,0.8,MILP,0.992,True,0.0,True,,4,101.34195386640434,45.663248188155904,2,59.27732689234515,Optimal,True,Optimal,heuristic,0.1145395439962158
1,12,59,32,0.8,Dijkstra,0.992,True,0.0,True,,4,101.34195386640434,45.663248188155904,2,59.27732689234515,Optimal,True,Optimal,heuristic,0.00036872999771730974
1,12,59,32,0.9,ILP,0.994,True,0.0,True,True,3,32.026881104274,22.831624094077966,2,59.27732689234515,Optimal,True,Optimal,heuristic,0.16568080999422818
1,12,59,32,0.9,MILP,0.994,True,0.0,True,,3,32.026881104274,22.831624094077966,2,59.27732689234515,Optimal,True,Optimal,heuristic,0.11477625899715349
1,12,59,32,0.9,Dijkstra,0.994,True,0.0,True,,3,32.026881104274,22.831624094077966,2,59.27732689234515,Optimal,True,Optimal,heuristic,0.0003661299997474998
1,13,32,16,0.5,ILP,0.982,True,0.0,True,True,9,1023.9589230517755,431.97267406081824,8,340.92284489131094,Optimal,True,Optimal,heuristic,0.09555698699841741
1,13,32,16,0.5,MILP,0.982,True,0.0,True,,9,1023.9589230517755,431.97267406081824,8,340.92284489131094,Optimal,True,Optimal,heuristic,0.07814512999902945
1,13,32,16,0.5,Dijkstra,0.982,True,0.0,True,,9,1023.9589230517755,431.97267406081824,8,340.92284489131094,Optimal,True,Optimal,heuristic,0.0004204059951007366
1,13,32,16,0.6,ILP,0.994,True,0.0,True,True,3,560.5669280412303,345.5781392486547,8,340.92284489131094,Optimal,True,Optimal,heuristic,0.10054446400317829
1,13,32,16,0.6,MILP,0.994,True,0.0,True,,3,560.5669280412303,345.5781392486547,8,340.92284489131094,Optimal,True,Optimal,heuristic,0.08421856000495609
1,13,32,16,0.6,Dijkstra,0.994,True,0.0,True,,3,560.5669280412303,345.5781392486547,8,340.92284489131094,Optimal,True,Optimal,heuristic,0.00038869599666213617
1,13,32,16,0.7,ILP,0.996,True,0.0,True,True,2,570.7010704779929,413.71792268691433,10,472.2304988652815,Optimal,True,Optimal,heuristic,0.09081489199888892
1,13,32,16,0.7,MILP,0.994,False,0.0020000000000000018,False,,3,301.38332360473896,259.1836044364909,8,340.92284489131094,Optimal,True,Optimal,heuristic,0.13072512700455263
1,13,32,16,0.7,Dijkstra,0.994,False,0.0020000000000000018,False,,3,301.38332360473896,259.1836044364909,8,340.92284489131094,Optimal,True,Optimal,heuristic,0.0003800189952016808
1,13,32,16,0.8,ILP,0.998,True,0.0,True,True,1,172.78906962432734,172.78906962432734,8,340.92284489131094,Optimal,True,Optimal,heuristic,0.09091617999365553
1,13,32,16,0.8,MILP,0.998,True,0.0,True,,1,172.78906962432734,172.78906962432734,8,340.92284489131094,Optimal,True,Optimal,heuristic,0.07922586699714884
1,13,32,16,0.8,Dijkstra,0.998,True,0.0,True,,1,172.78906962432734,172.78906962432734,8,340.92284489131094,Optimal,True,Optimal,heuristic,0.0003716770006576553
1,13,32,16,0.9,ILP,0.998,True,0.0,True,True,1,240.928853062587,240.928853062587,10,472.2304988652815,Optimal,True,Optimal,heuristic,0.0818807329997071
1,13,32,16,0.9,MILP,0.998,False,0.0,True,,1,86.39453481216356,86.39453481216356,8,340.92284489131094,Optimal,True,Optimal,heuristic,0.06833907200052636
1,13,32,16,0.9,Dijkstra,0.998,False,0.0,True,,1,86.39453481216356,86.39453481216356,8,340.92284489131094,Optimal,True,Optimal,heuristic,0.0003448669958743267
1,14,19,21,0.5,ILP,0.918,True,0.0,True,True,41,3563.117504891208,303.5740920382806,12,457.3921306025935,Optimal,True,Optimal,heuristic,0.47358505099691683
1,14,19,21,0.5,MILP,0.918,True,0.0,True,,41,3563.117504891208,303.5740920382806,12,457.3921306025935,Optimal,True,Optimal,heuristic,0.12823506799759343
1,14,19,21,0.5,Dijkstra,0.918,True,0.0,True,,41,3563.117504891208,303.5740920382806,12,457.3921306025935,Optimal,True,Optimal,heuristic,0.0003857060000882484
1,14,19,21,0.6,ILP,0.958,True,0.0,True,True,21,1874.039704176026,242.85927363062444,12,457.3921306025935,Optimal,True,Optimal,heuristic,0.3931134699960239
1,14,19,21,0.6,MILP,0.958,True,0.0,True,,21,1874.039704176026,242.85927363062444,12,457.3921306025935,Optimal,True,Optimal,heuristic,0.1012977630016394
1,14,19,21,0.6,Dijkstra,0.958,True,0.0,True,,21,1874.039704176026,242.85927363062444,12,457.3921306025935,Optimal,True,Optimal,heuristic,0.0004585290007526055
1,14,19,21,0.7,ILP,0.974,True,0.0,True,True,13,936.962698716872,182.1444552229683,12,457.3921306025935,Optimal,True,Optimal,heuristic,0.3310305260019959
1,14,19,21,0.7,MILP,0.974,True,0.0,True,,13,936.962698716872,182.1444552229683,12,457.3921306025935,Optimal,True,Optimal,heuristic,0.09848614899965469
1,14,19,21,0.7,Dijkstra,0.974,True,0.0,True,,13,936.962698716872,182.1444552229683,12,457.3921306025935,Optimal,True,Optimal,heuristic,0.000369629000488203
1,14,19,21,0.8,ILP,0.99,True,0.0,True,True,5,845.292001996119,421.7425918510387,9,465.673469316913,Optimal,True,Optimal,heuristic,0.12318897099612514
1,14,19,21,0.8,MILP,0.986,False,0.0040000000000000036,False,,7,381.22911484292547,121.42963681531216,12,457.3921306025935,Optimal,True,Optimal,heuristic,0.0992019750046893
1,14,19,21,0.8,Dijkstra,0.986,False,0.0040000000000000036,False,,7,381.22911484292547,121.42963681531216,12,457.3921306025935,Optimal,True,Optimal,heuristic,0.0003676140040624887
1,14,19,21,0.9,ILP,0.994,True,0.0,True,True,3,84.30620796437654,60.714818407656026,12,457.3921306025935,Optimal,True,Optimal,heuristic,0.12271393099945271
1,14,19,21,0.9,MILP,0.994,True,0.0,True,,3,84.30620796437654,60.714818407656026,12,457.3921306025935,Optimal,True,Optimal,heuristic,0.10023587600153405
1,14,19,21,0.9,Dijkstra,0.994,True,0.0,True,,3,84.30620796437654,60.714818407656026,12,457.3921306025935,Optimal,True,Optimal,heuristic,0.00042269199911970645
1,15,41,63,0.5,ILP,0.908,True,0.0,True,True,46,3000.8865580496717,231.3384752620342,7,293.9153897948348,Optimal,True,Optimal,heuristic,1.1849383030057652
1,15,41,63,0.5,MILP,0.908,False,0.0,True,,46,3000.8865580496713,231.3384752620342,7,293.9153897948348,Optimal,True,Optimal,heuristic,0.6508544769967557
1,15,41,63,0.5,Dijkstra,0.908,False,0.0,True,,46,3000.8865580496713,231.3384752620342,7,293.9153897948348,Optimal,True,Optimal,heuristic,0.0003726170034497045
1,15,41,63,0.6,ILP,0.954,True,0.0,True,True,23,1480.441221595216,185.070780209627,6,293.9153897948346,Optimal,True,Optimal,heuristic,0.6100545599983889
1,15,41,63,0.6,MILP,0.954,False,0.0,True,,23,1480.4412215952202,185.07078020962746,6,293.9153897948347,Optimal,True,Optimal,heuristic,0.5227547869944829
1,15,41,63,0.6,Dijkstra,0.954,False,0.0,True,,23,1480.4412215952195,185.07078020962734,7,293.9153897948348,Optimal,True,Optimal,heuristic,0.0004161480028415099
1,15,41,63,0.7,ILP,0.974,True,0.0,True,True,13,699.6765287007788,138.80308515722055,7,293.9153897948348,Optimal,True,Optimal,heuristic,0.7023588049996761
1,15,41,63,0.7,MILP,0.974,True,0.0,True,,13,699.6765287007788,138.80308515722055,7,293.9153897948348,Optimal,True,Optimal,heuristic,0.40344494199962355
1,15,41,63,0.7,Dijkstra,0.974,True,0.0,True,,13,699.6765287007788,138.80308515722055,7,293.9153897948348,Optimal,True,Optimal,heuristic,0.000370469999324996
1,15,41,63,0.8,ILP,0.986,True,0.0,True,True,7,281.6489611003732,92.53539010481359,7,293.9153897948348,Optimal,True,Optimal,heuristic,0.4709483509941492
1,15,41,63,0.8,MILP,0.986,True,0.0,True,,7,281.6489611003732,92.53539010481359,7,293.9153897948348,Optimal,True,Optimal,heuristic,0.4017030389950378
1,15,41,63,0.8,Dijkstra,0.986,True,0.0,True,,7,281.6489611003732,92.53539010481359,7,293.9153897948348,Optimal,True,Optimal,heuristic,0.00036769700091099367
1,15,41,63,0.9,ILP,0.996,True,0.0,True,True,2,72.3435489091978,46.26769505240691,7,293.9153897948348,Optimal,True,Optimal,heuristic,0.288600216001214
1,15,41,63,0.9,MILP,0.996,True,0.0,True,,2,72.3435489091978,46.26769505240691,7,293.9153897948348,Optimal,True,Optimal,heuristic,0.19406695599900559
1,15,41,63,0.9,Dijkstra,0.996,True,0.0,True,,2,72.3435489091978,46.26769505240691,7,293.9153897948348,Optimal,True,Optimal,heuristic,0.00041256900294683874
1,16,41,60,0.5,ILP,0.926,True,0.0,True,True,37,2399.1085141081703,224.85530893395207,6,251.6067455869496,Optimal,True,Optimal,heuristic,1.0017923719933606
1,16,41,60,0.5,MILP,0.926,True,0.0,True,,37,2399.1085141081703,224.85530893395207,6,251.6067455869496,Optimal,True,Optimal,heuristic,0.6358310240029823
1,16,41,60,0.5,Dijkstra,0.926,True,0.0,True,,37,2399.1085141081703,224.85530893395207,6,251.6067455869496,Optimal,True,Optimal,heuristic,0.0003631569998105988
1,16,41,60,0.6,ILP,0.966,True,0.0,True,True,17,1226.5152790068628,179.88424714716166,6,251.6067455869496,Optimal,True,Optimal,heuristic,0.5761356369985151
1,16,41,60,0.6,MILP,0.966,True,0.0,True,,17,1226.5152790068628,179.88424714716166,6,251.6067455869496,Optimal,True,Optimal,heuristic,0.5104295089986408
1,16,41,60,0.6,Dijkstra,0.966,True,0.0,True,,17,1226.5152790068628,179.88424714716166,6,251.6067455869496,Optimal,True,Optimal,heuristic,0.0003583770012483001
1,16,41,60,0.7,ILP,0.974,True,0.0,True,True,13,1155.4773922446075,247.15917883244856,9,256.1432155840425,Optimal,True,Optimal,heuristic,0.5386349049949786
1,16,41,60,0.7,MILP,0.972,False,0.0020000000000000018,False,,14,558.3276974017526,134.91318536037124,6,251.6067455869496,Optimal,True,Optimal,heuristic,0.34754063800210133
1,16,41,60,0.7,Dijkstra,0.972,False,0.0020000000000000018,False,,14,558.3276974017526,134.91318536037124,6,251.6067455869496,Optimal,True,Optimal,heuristic,0.0005076749948784709
1,16,41,60,0.8,ILP,0.99,True,0.0,True,True,5,185.4876281649208,89.94212357358083,6,251.6067455869496,Optimal,True,Optimal,heuristic,0.45151745100156404
1,16,41,60,0.8,MILP,0.99,True,0.0,True,,5,185.4876281649208,89.94212357358083,6,251.6067455869496,Optimal,True,Optimal,heuristic,0.24150108399771852
1,16,41,60,0.8,Dijkstra,0.99,True,0.0,True,,5,185.4876281649208,89.94212357358083,6,251.6067455869496,Optimal,True,Optimal,heuristic,0.0003894279943779111
1,16,41,60,0.9,ILP,0.996,True,0.0,True,True,2,56.70954123544459,44.971061786790415,6,251.6067455869496,Optimal,True,Optimal,heuristic,0.2920841430022847
1,16,41,60,0.9,MILP,0.996,True,0.0,True,,2,56.70954123544459,44.971061786790415,6,251.6067455869496,Optimal,True,Optimal,heuristic,0.22726344099646667
1,16,41,60,0.9,Dijkstra,0.996,True,0.0,True,,2,56.70954123544459,44.971061786790415,6,251.6067455869496,Optimal,True,Optimal,heuristic,0.00046174500312190503
1,17,44,45,0.5,ILP,0.8140000000000001,True,0.0,True,True,93,4103.153479349872,180.63916719890886,7,225.5013198916528,Optimal,True,Optimal,heuristic,0.1983824920025654
1,17,44,45,0.5,MILP,0.8140000000000001,True,0.0,True,,93,4103.153479349872,180.63916719890886,7,225.5013198916528,Optimal,True,Optimal,heuristic,0.09015381100471132
1,17,44,45,0.5,Dijkstra,0.8140000000000001,True,0.0,True,,93,4103.153479349872,180.63916719890886,7,225.5013198916528,Optimal,True,Optimal,heuristic,0.00036095199902774766
1,17,44,45,0.6,ILP,0.924,True,0.0,True,True,38,1759.2492652508417,144.51133375912713,7,225.5013198916528,Optimal,True,Optimal,heuristic,0.17164081199734937
1,17,44,45,0.6,MILP,0.924,True,0.0,True,,38,1759.2492652508417,144.51133375912713,7,225.5013198916528,Optimal,True,Optimal,heuristic,0.09282218699809164
1,17,44,45,0.6,Dijkstra,0.924,True,0.0,True,,38,1759.2492652508417,144.51133375912713,7,225.5013198916528,Optimal,True,Optimal,heuristic,0.00034361000143690035
1,17,44,45,0.7,ILP,0.962,True,0.0,True,True,19,735.3668723395855,108.38350031934539,7,225.5013198916528,Optimal,True,Optimal,heuristic,0.11609497499739518
1,17,44,45,0.7,MILP,0.962,True,0.0,True,,19,735.3668723395855,108.38350031934539,7,225.5013198916528,Optimal,True,Optimal,heuristic,0.09139303899428342
1,17,44,45,0.7,Dijkstra,0.962,True,0.0,True,,19,735.3668723395855,108.38350031934539,7,225.5013198916528,Optimal,True,Optimal,heuristic,0.00040354499651584774
1,17,44,45,0.8,ILP,0.984,True,0.0,True,True,8,245.6870757710799,72.25566687956353,7,225.5013198916528,Optimal,True,Optimal,heuristic,0.10039029300241964
1,17,44,45,0.8,MILP,0.984,True,0.0,True,,8,245.6870757710799,72.25566687956353,7,225.5013198916528,Optimal,True,Optimal,heuristic,0.08906294500047807
1,17,44,45,0.8,Dijkstra,0.984,True,0.0,True,,8,245.6870757710799,72.25566687956353,7,225.5013198916528,Optimal,True,Optimal,heuristic,0.0003410420031286776
1,17,44,45,0.9,ILP,0.996,True,0.0,True,True,2,67.28210649490859,36.127833439781796,7,225.5013198916528,Optimal,True,Optimal,heuristic,0.0917140780002228
1,17,44,45,0.9,MILP,0.996,True,0.0,True,,2,67.28210649490859,36.127833439781796,7,225.5013198916528,Optimal,True,Optimal,heuristic,0.0843760419957107
1,17,44,45,0.9,Dijkstra,0.996,True,0.0,True,,2,67.28210649490859,36.127833439781796,7,225.5013198916528,Optimal,True,Optimal,heuristic,0.0003257909993408248
1,18,13,35,0.5,ILP,0.886,True,0.0,True,True,57,1022.6258845588206,74.23106476255286,1,64.63071103094427,Optimal,True,Optimal,heuristic,0.42320105700491695
1,18,13,35,0.5,MILP,0.886,True,0.0,True,,57,1022.6258845588206,74.23106476255286,1,64.63071103094427,Optimal,True,Optimal,heuristic,0.11563900300097885
1,18,13,35,0.5,Dijkstra,0.886,True,0.0,True,,57,1022.6258845588206,74.23106476255286,1,64.63071103094427,Optimal,True,Optimal,heuristic,0.00037468500522663817
1,18,13,35,0.6,ILP,0.948,True,0.0,True,True,26,447.57100596424505,59.38485181004229,1,64.63071103094427,Optimal,True,Optimal,heuristic,0.18140060300356708
1,18,13,35,0.6,MILP,0.948,True,0.0,True,,26,447.57100596424505,59.38485181004229,1,64.63071103094427,Optimal,True,Optimal,heuristic,0.11205305299517931
1,18,13,35,0.6,Dijkstra,0.948,True,0.0,True,,26,447.57100596424505,59.38485181004229,1,64.63071103094427,Optimal,True,Optimal,heuristic,0.0003386089956620708
1,18,13,35,0.7,ILP,0.976,True,0.0,True,True,12,212.4170792645712,44.53863885753172,1,64.63071103094427,Optimal,True,Optimal,heuristic,0.1517767429977539
1,18,13,35,0.7,MILP,0.976,True,0.0,True,,12,212.4170792645712,44.53863885753172,1,64.63071103094427,Optimal,True,Optimal,heuristic,0.11420402699877741
1,18,13,35,0.7,Dijkstra,0.976,True,0.0,True,,12,212.4170792645712,44.53863885753172,1,64.63071103094427,Optimal,True,Optimal,heuristic,0.0003916100031347014
1,18,13,35,0.8,ILP,0.988,True,0.0,True,True,6,86.88238058287843,29.69242590502114,1,64.63071103094427,Optimal,True,Optimal,heuristic,0.12254298900370486
1,18,13,35,0.8,MILP,0.988,True,0.0,True,,6,86.88238058287843,29.69242590502114,1,64.63071103094427,Optimal,True,Optimal,heuristic,0.11510330800228985
1,18,13,35,0.8,Dijkstra,0.988,True,0.0,True,,6,86.88238058287843,29.69242590502114,1,64.63071103094427,Optimal,True,Optimal,heuristic,0.0004576480059768073
1,18,13,35,0.9,ILP,0.994,True,0.0,True,True,3,26.871244855426937,14.84621295251057,1,64.63071103094427,Optimal,True,Optimal,heuristic,0.11554317899572197
1,18,13,35,0.9,MILP,0.994,True,0.0,True,,3,26.871244855426937,14.84621295251057,1,64.63071103094427,Optimal,True,Optimal,heuristic,0.10780386899568839
1,18,13,35,0.9,Dijkstra,0.994,True,0.0,True,,3,26.871244855426937,14.84621295251057,1,64.63071103094427,Optimal,True,Optimal,heuristic,0.0003966730000684038
1,19,11,24,0.5,ILP,0.886,True,0.0,True,True,57,1378.326092782489,89.7813860954735,1,67.84199091792956,Optimal,True,Optimal,heuristic,0.3204388470039703
1,19,11,24,0.5,MILP,0.886,True,0.0,True,,57,1378.326092782489,89.7813860954735,1,67.84199091792956,Optimal,True,Optimal,heuristic,0.13087048799934564
1,19,11,24,0.5,Dijkstra,0.886,True,0.0,True,,57,1378.326092782489,89.7813860954735,1,67.84199091792956,Optimal,True,Optimal,heuristic,0.0003673350001918152
1,19,11,24,0.6,ILP,0.946,True,0.0,True,True,27,660.3501886991601,71.82510887637879,1,67.84199091792956,Optimal,True,Optimal,heuristic,0.22701884699927177
1,19,11,24,0.6,MILP,0.946,True,0.0,True,,27,660.3501886991601,71.82510887637879,1,67.84199091792956,Optimal,True,Optimal,heuristic,0.10429631800070638
1,19,11,24,0.6,Dijkstra,0.946,True,0.0,True,,27,660.3501886991601,71.82510887637879,1,67.84199091792956,Optimal,True,Optimal,heuristic,0.0002983169979415834
1,19,11,24,0.7,ILP,0.972,True,0.0,True,True,14,303.22934937150194,53.86883165728412,1,67.84199091792956,Optimal,True,Optimal,heuristic,0.13946077499713283
1,19,11,24,0.7,MILP,0.972,True,0.0,True,,14,303.22934937150194,53.86883165728412,1,67.84199091792956,Optimal,True,Optimal,heuristic,0.10155519600084517
1,19,11,24,0.7,Dijkstra,0.972,True,0.0,True,,14,303.22934937150194,53.86883165728412,1,67.84199091792956,Optimal,True,Optimal,heuristic,0.00034799099375959486
1,19,11,24,0.8,ILP,0.988,True,0.0,True,True,6,130.12416679764652,35.9125544381894,1,67.84199091792956,Optimal,True,Optimal,heuristic,0.10975857399898814
1,19,11,24,0.8,MILP,0.988,True,0.0,True,,6,130.12416679764652,35.9125544381894,1,67.84199091792956,Optimal,True,Optimal,heuristic,0.10518765500455629
1,19,11,24,0.8,Dijkstra,0.988,True,0.0,True,,6,130.12416679764652,35.9125544381894,1,67.84199091792956,Optimal,True,Optimal,heuristic,0.0002951629940071143
1,19,11,24,0.9,ILP,0.992,True,0.0,True,True,4,34.15170716257842,17.956277219094687,1,67.84199091792956,Optimal,True,Optimal,heuristic,0.10919406599714421
1,19,11,24,0.9,MILP,0.992,True,0.0,True,,4,34.15170716257842,17.956277219094687,1,67.84199091792956,Optimal,True,Optimal,heuristic,0.10788861699984409
1,19,11,24,0.9,Dijkstra,0.992,True,0.0,True,,4,34.15170716257842,17.956277219094687,1,67.84199091792956,Optimal,True,Optimal,heuristic,0.0002873619960155338
2,0,11,32,0.5,ILP,0.992,True,0.0,True,True,4,342.4060102476457,229.87352982835108,3,151.07142887788646,Optimal,True,Optimal,heuristic,0.19347499500145204
2,0,11,32,0.5,MILP,0.992,True,0.0,True,,4,342.4060102476457,229.87352982835108,3,151.07142887788646,Optimal,True,Optimal,heuristic,0.18970635399455205
2,0,11,32,0.5,Dijkstra,0.992,True,0.0,True,,4,342.4060102476457,229.87352982835108,3,151.07142887788646,Optimal,True,Optimal,heuristic,0.00030730000435141847
2,0,11,32,0.6,ILP,0.996,True,0.0,True,True,2,200.85565065875744,187.3425243100379,3,151.07142887788646,Optimal,True,Optimal,heuristic,0.16870709499926306
2,0,11,32,0.6,MILP,0.996,True,0.0,True,,2,200.85565065875744,187.3425243100379,3,151.07142887788646,Optimal,True,Optimal,heuristic,0.1416957879991969
2,0,11,32,0.6,Dijkstra,0.996,True,0.0,True,,2,200.85565065875744,187.3425243100379,3,151.07142887788646,Optimal,True,Optimal,heuristic,0.0003000209981109947
2,0,11,32,0.7,ILP,0.998,True,0.0,True,True,1,144.81151879172472,144.81151879172472,3,151.07142887788646,Optimal,True,Optimal,heuristic,0.12019241600501118
2,0,11,32,0.7,MILP,0.998,True,0.0,True,,1,144.81151879172472,144.81151879172472,3,151.07142887788646,Optimal,True,Optimal,heuristic,0.1728412659940659
2,0,11,32,0.7,Dijkstra,0.998,True,0.0,True,,1,144.81151879172472,144.81151879172472,3,151.07142887788646,Optimal,True,Optimal,heuristic,0.000310682000417728
2,0,11,32,0.8,ILP,0.998,True,0.0,True,True,1,102.28051327341149,102.28051327341149,3,151.07142887788646,Optimal,True,Optimal,heuristic,0.14944195999851217
2,0,11,32,0.8,MILP,0.998,True,0.0,True,,1,102.28051327341149,102.28051327341149,3,151.07142887788646,Optimal,True,Optimal,heuristic,0.19375379599659937
2,0,11,32,0.8,Dijkstra,0.998,True,0.0,True,,1,102.28051327341149,102.28051327341149,3,151.07142887788646,Optimal,True,Optimal,heuristic,0.00032396500319009647
2,0,11,32,0.9,ILP,0.998,True,0.0,True,True,1,59.749507755098364,59.749507755098364,3,151.07142887788646,Optimal,True,Optimal,heuristic,0.14750529199955054
2,0,11,32,0.9,MILP,0.998,False,0.0,True,,1,42.53100551831318,42.53100551831318,6,219.19225712009677,Optimal,True,Optimal,heuristic,0.14340861600067
2,0,11,32,0.9,Dijkstra,0.998,True,0.0,True,,1,59.749507755098364,59.749507755098364,3,151.07142887788646,Optimal,True,Optimal,heuristic,0.00037858099676668644
2,1,47,24,0.5,ILP,0.96,True,0.0,True,True,20,708.7666513429158,155.81616795237397,2,105.7002387695169,Optimal,True,Optimal,heuristic,0.08448422199580818
2,1,47,24,0.5,MILP,0.96,True,0.0,True,,20,708.7666513429158,155.81616795237397,2,105.7002387695169,Optimal,True,Optimal,heuristic,0.07934945199667709
2,1,47,24,0.5,Dijkstra,0.96,True,0.0,True,,20,708.7666513429158,155.81616795237397,2,105.7002387695169,Optimal,True,Optimal,heuristic,0.0002781040020636283
2,1,47,24,0.6,ILP,0.988,True,0.0,True,True,6,340.1465611083283,124.65293436189921,2,105.7002387695169,Optimal,True,Optimal,heuristic,0.08051394799986156
2,1,47,24,0.6,MILP,0.988,True,0.0,True,,6,340.1465611083283,124.65293436189921,2,105.7002387695169,Optimal,True,Optimal,heuristic,0.07956718800414819
2,1,47,24,0.6,Dijkstra,0.988,True,0.0,True,,6,340.1465611083283,124.65293436189921,2,105.7002387695169,Optimal,True,Optimal,heuristic,0.00031783199665369466
2,1,47,24,0.7,ILP,0.992,True,0.0,True,True,4,191.14413737092298,93.4897007714244,2,105.7002387695169,Optimal,True,Optimal,heuristic,0.08074743099859916
2,1,47,24,0.7,MILP,0.992,True,0.0,True,,4,191.14413737092298,93.4897007714244,2,105.7002387695169,Optimal,True,Optimal,heuristic,0.08140701700176578
2,1,47,24,0.7,Dijkstra,0.992,True,0.0,True,,4,191.14413737092298,93.4897007714244,2,105.7002387695169,Optimal,True,Optimal,heuristic,0.00035138299426762387
2,1,47,24,0.8,ILP,0.996,True,0.0,True,True,2,97.26361808668281,62.32646718094958,2,105.7002387695169,Optimal,True,Optimal,heuristic,0.08191067000007024
2,1,47,24,0.8,MILP,0.996,True,0.0,True,,2,97.26361808668281,62.32646718094958,2,105.7002387695169,Optimal,True,Optimal,heuristic,0.08187541499501094
2,1,47,24,0.8,Dijkstra,0.996,True,0.0,True,,2,97.26361808668281,62.32646718094958,2,105.7002387695169,Optimal,True,Optimal,heuristic,0.0003637469999375753
2,1,47,24,0.9,ILP,0.996,True,0.0,True,True,2,34.93715090573329,31.163233590474817,2,105.7002387695169,Optimal,True,Optimal,heuristic,0.09334340399800567
2,1,47,24,0.9,MILP,0.996,True,0.0,True,,2,34.93715090573329,31.163233590474817,2,105.7002387695169,Optimal,True,Optimal,heuristic,0.09197457099799067
2,1,47,24,0.9,Dijkstra,0.996,True,0.0,True,,2,34.93715090573329,31.163233590474817,2,105.7002387695169,Optimal,True,Optimal,heuristic,0.00034477799636079
2,2,24,16,0.5,ILP,0.9299999999999999,True,0.0,True,True,35,1840.7807584886364,207.4996191133448,7,211.08786542097414,Optimal,True,Optimal,heuristic,0.11453809100203216
2,2,24,16,0.5,MILP,0.9299999999999999,True,0.0,True,,35,1840.7807584886364,207.4996191133448,7,211.08786542097414,Optimal,True,Optimal,heuristic,0.07619497799896635
2,2,24,16,0.5,Dijkstra,0.9299999999999999,True,0.0,True,,35,1840.7807584886364,207.4996191133448,7,211.08786542097414,Optimal,True,Optimal,heuristic,0.0003471390009508468
2,2,24,16,0.6,ILP,0.97,True,0.0,True,True,15,766.2993386878728,165.99969529067585,7,211.08786542097414,Optimal,True,Optimal,heuristic,0.09016419600084191
2,2,24,16,0.6,MILP,0.97,True,0.0,True,,15,766.2993386878728,165.99969529067585,7,211.08786542097414,Optimal,True,Optimal,heuristic,0.07732156299607595
2,2,24,16,0.6,Dijkstra,0.97,True,0.0,True,,15,766.2993386878728,165.99969529067585,7,211.08786542097414,Optimal,True,Optimal,heuristic,0.00033302199881291017
2,2,24,16,0.7,ILP,0.982,True,0.0,True,True,9,313.0987386111486,124.49977146800688,7,211.08786542097414,Optimal,True,Optimal,heuristic,0.0942161679995479
2,2,24,16,0.7,MILP,0.982,True,0.0,True,,9,313.0987386111486,124.49977146800688,7,211.08786542097414,Optimal,True,Optimal,heuristic,0.07732673099962994
2,2,24,16,0.7,Dijkstra,0.982,True,0.0,True,,9,313.0987386111486,124.49977146800688,7,211.08786542097414,Optimal,True,Optimal,heuristic,0.0003979479952249676
2,2,24,16,0.8,ILP,0.994,True,0.0,True,True,3,136.67590969719345,82.99984764533787,7,211.08786542097414,Optimal,True,Optimal,heuristic,0.08696942499955185
2,2,24,16,0.8,MILP,0.994,True,0.0,True,,3,136.67590969719345,82.99984764533787,7,211.08786542097414,Optimal,True,Optimal,heuristic,0.07649102299910737
2,2,24,16,0.8,Dijkstra,0.994,True,0.0,True,,3,136.67590969719345,82.99984764533787,7,211.08786542097414,Optimal,True,Optimal,heuristic,0.0003671160011435859
2,2,24,16,0.9,ILP,0.996,True,0.0,True,True,2,53.52829405389235,41.49992382266896,7,211.08786542097414,Optimal,True,Optimal,heuristic,0.08799696200003382
2,2,24,16,0.9,MILP,0.996,True,0.0,True,,2,53.52829405389235,41.49992382266896,7,211.08786542097414,Optimal,True,Optimal,heuristic,0.07763118999719154
2,2,24,16,0.9,Dijkstra,0.996,True,0.0,True,,2,53.52829405389235,41.49992382266896,7,211.08786542097414,Optimal,True,Optimal,heuristic,0.00035098499938612804
2,3,61,47,0.5,ILP,0.8,True,0.0,True,True,100,5131.864423857096,235.93504970765264,9,282.8805356861528,Optimal,True,Optimal,heuristic,2.6414528360037366
2,3,61,47,0.5,MILP,0.8,False,0.0,True,,100,5131.864423857096,235.93504970765264,9,282.8805356861529,Optimal,True,Optimal,heuristic,0.7762777199968696
2,3,61,47,0.5,Dijkstra,0.8,False,0.0,True,,100,5131.864423857096,235.93504970765264,9,282.8805356861529,Optimal,True,Optimal,heuristic,0.000386291001632344
2,3,61,47,0.6,ILP,0.928,True,0.0,True,True,36,2068.4199971706603,188.74803976612208,9,282.8805356861529,Optimal,True,Optimal,heuristic,1.1339734190041781
2,3,61,47,0.6,MILP,0.928,False,0.0,True,,36,2068.419997170662,188.7480397661223,9,282.88053568615277,Optimal,True,Optimal,heuristic,0.5696911419945536
2,3,61,47,0.6,Dijkstra,0.928,True,0.0,True,,36,2068.4199971706603,188.74803976612208,9,282.8805356861529,Optimal,True,Optimal,heuristic,0.0003719039959833026
2,3,61,47,0.7,ILP,0.968,True,0.0,True,True,16,943.8858497848998,141.56102982459157,9,282.8805356861529,Optimal,True,Optimal,heuristic,0.6464020519997575
2,3,61,47,0.7,MILP,0.968,True,0.0,True,,16,943.8858497848998,141.56102982459157,9,282.8805356861529,Optimal,True,Optimal,heuristic,0.685752990997571
2,3,61,47,0.7,Dijkstra,0.968,True,0.0,True,,16,943.8858497848998,141.56102982459157,9,282.8805356861529,Optimal,True,Optimal,heuristic,0.0005446229988592677
2,3,61,47,0.8,ILP,0.986,True,0.0,True,True,7,375.3247551576366,94.37401988306101,9,282.8805356861529,Optimal,True,Optimal,heuristic,0.5486522190039977
2,3,61,47,0.8,MILP,0.986,True,0.0,True,,7,375.3247551576366,94.37401988306101,9,282.8805356861529,Optimal,True,Optimal,heuristic,0.32108818399865413
2,3,61,47,0.8,Dijkstra,0.986,True,0.0,True,,7,375.3247551576366,94.37401988306101,9,282.8805356861529,Optimal,True,Optimal,heuristic,0.00040114399598678574
2,3,61,47,0.9,ILP,0.99,True,0.0,True,True,5,285.350398575296,111.20757650933058,9,295.17298129282426,Optimal,True,Optimal,heuristic,0.5242776539962506
2,3,61,47,0.9,MILP,0.99,False,0.0,True,,5,120.40598433237108,47.187009941530164,8,282.8805356861529,Optimal,True,Optimal,heuristic,0.3122810689965263
2,3,61,47,0.9,Dijkstra,0.99,False,0.0,True,,5,120.40598433237164,47.187009941530505,9,282.8805356861529,Optimal,True,Optimal,heuristic,0.0004335039993748069
2,4,50,35,0.5,ILP,0.978,True,0.0,True,True,11,971.8223993540784,217.19761319524204,3,84.49328924877528,Optimal,True,Optimal,heuristic,0.09055908199661644
2,4,50,35,0.5,MILP,0.978,True,0.0,True,,11,971.8223993540784,217.19761319524204,3,84.49328924877528,Optimal,True,Optimal,heuristic,0.08686726500309305
2,4,50,35,0.5,Dijkstra,0.978,True,0.0,True,,11,971.8223993540784,217.19761319524204,3,84.49328924877528,Optimal,True,Optimal,heuristic,0.0003544290011632256
2,4,50,35,0.6,ILP,0.986,True,0.0,True,True,7,574.9880379077861,173.75809055619368,3,84.49328924877528,Optimal,True,Optimal,heuristic,0.09062765399721684
2,4,50,35,0.6,MILP,0.986,True,0.0,True,,7,574.9880379077861,173.75809055619368,3,84.49328924877528,Optimal,True,Optimal,heuristic,0.08334917199681513
2,4,50,35,0.6,Dijkstra,0.986,True,0.0,True,,7,574.9880379077861,173.75809055619368,3,84.49328924877528,Optimal,True,Optimal,heuristic,0.0003961609982070513
2,4,50,35,0.7,ILP,0.992,True,0.0,True,True,4,357.6230991855764,130.3185679171453,3,84.49328924877528,Optimal,True,Optimal,heuristic,0.08792501099378569
2,4,50,35,0.7,MILP,0.992,True,0.0,True,,4,357.6230991855764,130.3185679171453,3,84.49328924877528,Optimal,True,Optimal,heuristic,0.09104561099957209
2,4,50,35,0.7,Dijkstra,0.992,True,0.0,True,,4,357.6230991855764,130.3185679171453,3,84.49328924877528,Optimal,True,Optimal,heuristic,0.00036910899507347494
2,4,50,35,0.8,ILP,0.994,True,0.0,True,True,3,208.6185867495023,86.87904527809678,3,84.49328924877528,Optimal,True,Optimal,heuristic,0.0864801509960671
2,4,50,35,0.8,MILP,0.994,True,0.0,True,,3,208.6185867495023,86.87904527809678,3,84.49328924877528,Optimal,True,Optimal,heuristic,0.08491179999691667
2,4,50,35,0.8,Dijkstra,0.994,True,0.0,True,,3,208.6185867495023,86.87904527809678,3,84.49328924877528,Optimal,True,Optimal,heuristic,0.0003783069987548515
2,4,50,35,0.9,ILP,0.994,True,0.0,True,True,3,78.30001883235713,43.43952263904839,3,84.49328924877528,Optimal,True,Optimal,heuristic,0.08483153900306206
2,4,50,35,0.9,MILP,0.994,True,0.0,True,,3,78.30001883235713,43.43952263904839,3,84.49328924877528,Optimal,True,Optimal,heuristic,0.08062164099828806
2,4,50,35,0.9,Dijkstra,0.994,True,0.0,True,,3,78.30001883235713,43.43952263904839,3,84.49328924877528,Optimal,True,Optimal,heuristic,0.000330423004925251
2,5,62,50,0.5,ILP,0.998,True,0.0,True,True,1,1070.1925103378946,1070.1925103378946,3,159.32975101621565,Optimal,True,Optimal,heuristic,0.09587283300061245
2,5,62,50,0.5,MILP,0.998,True,0.0,True,,1,1070.1925103378946,1070.1925103378946,3,159.32975101621565,Optimal,True,Optimal,heuristic,0.09575809500529431
2,5,62,50,0.5,Dijkstra,0.998,True,0.0,True,,1,1070.1925103378946,1070.1925103378946,3,159.32975101621565,Optimal,True,Optimal,heuristic,0.0004176439979346469
2,5,62,50,0.6,ILP,0.998,True,0.0,True,True,1,856.1540082703157,856.1540082703157,3,159.32975101621565,Optimal,True,Optimal,heuristic,0.09788706599647412
2,5,62,50,0.6,MILP,0.998,True,0.0,True,,1,856.1540082703157,856.1540082703157,3,159.32975101621565,Optimal,True,Optimal,heuristic,0.0851042350041098
2,5,62,50,0.6,Dijkstra,0.998,True,0.0,True,,1,856.1540082703157,856.1540082703157,3,159.32975101621565,Optimal,True,Optimal,heuristic,0.0003705830022227019
2,5,62,50,0.7,ILP,0.998,True,0.0,True,True,1,642.1155062027369,642.1155062027369,3,159.32975101621565,Optimal,True,Optimal,heuristic,0.08526145200448809
2,5,62,50,0.7,MILP,0.998,True,0.0,True,,1,642.1155062027369,642.1155062027369,3,159.32975101621565,Optimal,True,Optimal,heuristic,0.07285511000372935
2,5,62,50,0.7,Dijkstra,0.998,True,0.0,True,,1,642.1155062027369,642.1155062027369,3,159.32975101621565,Optimal,True,Optimal,heuristic,0.00035169899638276547
2,5,62,50,0.8,ILP,0.998,True,0.0,True,True,1,428.0770041351577,428.0770041351577,3,159.32975101621565,Optimal,True,Optimal,heuristic,0.08066046399471816
2,5,62,50,0.8,MILP,0.998,True,0.0,True,,1,428.0770041351577,428.0770041351577,3,159.32975101621565,Optimal,True,Optimal,heuristic,0.0657016900004237
2,5,62,50,0.8,Dijkstra,0.998,True,0.0,True,,1,428.0770041351577,428.0770041351577,3,159.32975101621565,Optimal,True,Optimal,heuristic,0.00032802900386741385
2,5,62,50,0.9,ILP,0.998,True,0.0,True,True,1,214.03850206757897,214.03850206757897,3,159.32975101621565,Optimal,True,Optimal,heuristic,0.07553009299590485
2,5,62,50,0.9,MILP,0.998,True,0.0,True,,1,214.03850206757897,214.03850206757897,3,159.32975101621565,Optimal,True,Optimal,heuristic,0.06822054000076605
2,5,62,50,0.9,Dijkstra,0.998,True,0.0,True,,1,214.03850206757897,214.03850206757897,3,159.32975101621565,Optimal,True,Optimal,heuristic,0.0003411690049688332
2,6,32,44,0.5,ILP,0.808,True,0.0,True,True,96,8025.5924749657925,434.6704787994737,9,384.588599646054,Optimal,True,Optimal,heuristic,0.4344430860001012
2,6,32,44,0.5,MILP,0.808,True,0.0,True,,96,8025.5924749657925,434.6704787994737,9,384.588599646054,Optimal,True,Optimal,heuristic,0.14411489600024652
2,6,32,44,0.5,Dijkstra,0.808,True,0.0,True,,96,8025.5924749657925,434.6704787994737,9,384.588599646054,Optimal,True,Optimal,heuristic,0.00036953200469724834
2,6,32,44,0.6,ILP,0.902,True,0.0,True,True,49,4397.126990325018,381.7733121946135,9,384.588599646054,Optimal,True,Optimal,heuristic,0.23350390099949436
2,6,32,44,0.6,MILP,0.902,True,0.0,True,,49,4397.126990325018,381.7733121946135,9,384.588599646054,Optimal,True,Optimal,heuristic,0.19246844000008423
2,6,32,44,0.6,Dijkstra,0.902,True,0.0,True,,49,4397.126990325018,381.7733121946135,9,384.588599646054,Optimal,True,Optimal,heuristic,0.00040701599937165156
2,6,32,44,0.7,ILP,0.95,True,0.0,True,True,25,2428.286230913534,328.87614558975326,9,384.588599646054,Optimal,True,Optimal,heuristic,0.2642542369940202
2,6,32,44,0.7,MILP,0.908,False,0.041999999999999926,False,,46,2161.9001147435665,158.69149981458065,10,418.45244224892383,Optimal,True,Optimal,heuristic,0.15634377399692312
2,6,32,44,0.7,Dijkstra,0.95,True,0.0,True,,25,2428.286230913534,328.87614558975326,9,384.588599646054,Optimal,True,Optimal,heuristic,0.0003850880020763725
2,6,32,44,0.8,ILP,0.972,True,0.0,True,True,14,1445.096037597212,275.97897898489305,9,384.588599646054,Optimal,True,Optimal,heuristic,0.29062121199967805
2,6,32,44,0.8,MILP,0.97,False,0.0020000000000000018,False,,15,689.0006768116527,105.79433320972066,10,418.45244224892383,Optimal,True,Optimal,heuristic,0.13687478799693054
2,6,32,44,0.8,Dijkstra,0.972,True,0.0,True,,14,1445.096037597212,275.97897898489305,9,384.588599646054,Optimal,True,Optimal,heuristic,0.00036512199585558847
2,6,32,44,0.9,ILP,0.988,True,0.0,True,True,6,189.27690186744428,52.89716660486022,10,418.45244224892383,Optimal,True,Optimal,heuristic,0.17226187699998263
2,6,32,44,0.9,MILP,0.988,False,0.0,True,,6,189.27690186744405,52.897166604860104,10,418.45244224892383,Optimal,True,Optimal,heuristic,0.09648863800248364
2,6,32,44,0.9,Dijkstra,0.974,False,0.014000000000000012,False,,13,726.8228134844683,223.08181238003283,9,384.588599646054,Optimal,True,Optimal,heuristic,0.0003805390006164089
2,7,50,22,0.5,ILP,0.94,True,0.0,True,True,30,2304.7904205772866,313.7719387139685,7,268.6945296646048,Optimal,True,Optimal,heuristic,0.10146223000629107
2,7,50,22,0.5,MILP,0.94,True,0.0,True,,30,2304.7904205772866,313.7719387139685,7,268.6945296646048,Optimal,True,Optimal,heuristic,0.07672482500493061
2,7,50,22,0.5,Dijkstra,0.94,True,0.0,True,,30,2304.7904205772866,313.7719387139685,7,268.6945296646048,Optimal,True,Optimal,heuristic,0.0003461640008026734
2,7,50,22,0.6,ILP,0.972,True,0.0,True,True,14,1053.7231847750966,251.01755097117478,7,268.6945296646048,Optimal,True,Optimal,heuristic,0.09959431300376309
2,7,50,22,0.6,MILP,0.972,True,0.0,True,,14,1053.7231847750966,251.01755097117478,7,268.6945296646048,Optimal,True,Optimal,heuristic,0.08016537700314075
2,7,50,22,0.6,Dijkstra,0.972,True,0.0,True,,14,1053.7231847750966,251.01755097117478,7,268.6945296646048,Optimal,True,Optimal,heuristic,0.00035301099705975503
2,7,50,22,0.7,ILP,0.988,True,0.0,True,True,6,442.1984846866893,188.26316322838113,7,268.6945296646048,Optimal,True,Optimal,heuristic,0.08941187000164064
2,7,50,22,0.7,MILP,0.988,True,0.0,True,,6,442.1984846866893,188.26316322838113,7,268.6945296646048,Optimal,True,Optimal,heuristic,0.08277046700095525
2,7,50,22,0.7,Dijkstra,0.988,True,0.0,True,,6,442.1984846866893,188.26316322838113,7,268.6945296646048,Optimal,True,Optimal,heuristic,0.0003848609994747676
2,7,50,22,0.8,ILP,0.996,True,0.0,True,True,2,156.132685143083,125.50877548558731,7,268.6945296646048,Optimal,True,Optimal,heuristic,0.08981512099853717
2,7,50,22,0.8,MILP,0.996,True,0.0,True,,2,156.132685143083,125.50877548558731,7,268.6945296646048,Optimal,True,Optimal,heuristic,0.07800268499704544
2,7,50,22,0.8,Dijkstra,0.996,True,0.0,True,,2,156.132685143083,125.50877548558731,7,268.6945296646048,Optimal,True,Optimal,heuristic,0.0003893140019499697
2,7,50,22,0.9,ILP,0.998,True,0.0,True,True,1,62.75438774279371,62.75438774279371,7,268.6945296646048,Optimal,True,Optimal,heuristic,0.08876365199830616
2,7,50,22,0.9,MILP,0.998,True,0.0,True,,1,62.75438774279371,62.75438774279371,7,268.6945296646048,Optimal,True,Optimal,heuristic,0.08066179500019643
2,7,50,22,0.9,Dijkstra,0.998,True,0.0,True,,1,62.75438774279371,62.75438774279371,7,268.6945296646048,Optimal,True,Optimal,heuristic,0.0003505080021568574
2,8,61,4,0.5,ILP,0.9,True,0.0,True,True,50,4400.31385336887,350.9531017758443,9,302.8818254371947,Optimal,True,Optimal,heuristic,2.6701814710031613
2,8,61,4,0.5,MILP,0.9,False,0.0,True,,50,4400.313853368869,350.9531017758444,9,302.8818254371948,Optimal,True,Optimal,heuristic,0.8271735329981311
2,8,61,4,0.5,Dijkstra,0.9,True,0.0,True,,50,4400.31385336887,350.9531017758443,9,302.8818254371947,Optimal,True,Optimal,heuristic,0.0003948170051444322
2,8,61,4,0.6,ILP,0.944,True,0.0,True,True,28,2359.5170850609675,299.02550968099877,9,302.8818254371947,Optimal,True,Optimal,heuristic,1.4751222889972269
2,8,61,4,0.6,MILP,0.924,False,0.019999999999999907,False,,38,2060.1138501594405,207.7103683793822,10,336.7456680400646,Optimal,True,Optimal,heuristic,0.5089231050005765
2,8,61,4,0.6,Dijkstra,0.944,True,0.0,True,,28,2359.5170850609675,299.02550968099877,9,302.8818254371947,Optimal,True,Optimal,heuristic,0.00039636600558878854
2,8,61,4,0.7,ILP,0.966,True,0.0,True,True,17,1230.2372658732045,247.09791758615324,9,302.8818254371947,Optimal,True,Optimal,heuristic,1.0958962169970619
2,8,61,4,0.7,MILP,0.966,False,0.0,True,,17,745.7466739657849,155.78277628453668,10,336.7456680400646,Optimal,True,Optimal,heuristic,0.7709433080017334
2,8,61,4,0.7,Dijkstra,0.966,True,0.0,True,,17,1230.2372658732045,247.09791758615324,9,302.8818254371947,Optimal,True,Optimal,heuristic,0.00042672199924709275
2,8,61,4,0.8,ILP,0.988,True,0.0,True,True,6,262.4361757270681,103.85518418969104,10,336.7456680400646,Optimal,True,Optimal,heuristic,0.6569605540062184
2,8,61,4,0.8,MILP,0.988,True,0.0,True,,6,262.4361757270681,103.85518418969104,10,336.7456680400646,Optimal,True,Optimal,heuristic,0.7167969309957698
2,8,61,4,0.8,Dijkstra,0.984,False,0.0040000000000000036,False,,8,597.3685706248167,195.1703254913076,9,302.8818254371947,Optimal,True,Optimal,heuristic,0.000402161997044459
2,8,61,4,0.9,ILP,0.996,True,0.0,True,True,2,67.53938186973983,51.92759209484552,10,336.7456680400646,Optimal,True,Optimal,heuristic,0.3540235600012238
2,8,61,4,0.9,MILP,0.996,False,0.0,True,,2,67.53938186974005,51.927592094845636,10,336.7456680400645,Optimal,True,Optimal,heuristic,0.6061733320020721
2,8,61,4,0.9,Dijkstra,0.99,False,0.006000000000000005,False,,5,281.8494788893678,143.24273339646209,9,302.8818254371947,Optimal,True,Optimal,heuristic,0.0004418780008563772
2,9,45,16,0.5,ILP,0.752,True,0.0,True,True,124,6578.079244781021,188.74900070813732,5,259.0748528327702,Optimal,True,Optimal,heuristic,0.20205685799737694
2,9,45,16,0.5,MILP,0.752,True,0.0,True,,124,6578.079244781021,188.74900070813732,5,259.0748528327702,Optimal,True,Optimal,heuristic,0.32629098599863937
2,9,45,16,0.5,Dijkstra,0.752,True,0.0,True,,124,6578.079244781021,188.74900070813732,5,259.0748528327702,Optimal,True,Optimal,heuristic,0.00041823899664450437
2,9,45,16,0.6,ILP,0.856,True,0.0,True,True,72,2941.5344999259737,150.9992005665099,5,259.0748528327702,Optimal,True,Optimal,heuristic,0.6229368619970046
2,9,45,16,0.6,MILP,0.856,True,0.0,True,,72,2941.5344999259737,150.9992005665099,5,259.0748528327702,Optimal,True,Optimal,heuristic,0.23089532800076995
2,9,45,16,0.6,Dijkstra,0.856,True,0.0,True,,72,2941.5344999259737,150.9992005665099,5,259.0748528327702,Optimal,True,Optimal,heuristic,0.0004651159979403019
2,9,45,16,0.7,ILP,0.94,True,0.0,True,True,30,1191.48998224268,113.24940042488242,5,259.0748528327702,Optimal,True,Optimal,heuristic,0.41522114200051874
2,9,45,16,0.7,MILP,0.94,False,0.0,True,,30,1191.48998224268,113.24940042488242,5,259.0748528327702,Optimal,True,Optimal,heuristic,0.12728665200120304
2,9,45,16,0.7,Dijkstra,0.94,False,0.0,True,,30,1191.48998224268,113.24940042488242,5,259.0748528327702,Optimal,True,Optimal,heuristic,0.00034024300111923367
2,9,45,16,0.8,ILP,0.972,True,0.0,True,True,14,406.2224332475,75.49960028325489,5,259.0748528327702,Optimal,True,Optimal,heuristic,0.2947491520026233
2,9,45,16,0.8,MILP,0.972,False,0.0,True,,14,406.2224332475,75.49960028325489,5,259.0748528327702,Optimal,True,Optimal,heuristic,0.12328042299486697
2,9,45,16,0.8,Dijkstra,0.972,False,0.0,True,,14,406.2224332475,75.49960028325489,5,259.0748528327702,Optimal,True,Optimal,heuristic,0.00037646399869117886
2,9,45,16,0.9,ILP,0.99,True,0.0,True,True,5,104.89550258872771,37.749800141627475,5,259.0748528327702,Optimal,True,Optimal,heuristic,0.17028519599989522
2,9,45,16,0.9,MILP,0.99,True,0.0,True,,5,104.89550258872771,37.749800141627475,5,259.0748528327702,Optimal,True,Optimal,heuristic,0.11444572699838318
2,9,45,16,0.9,Dijkstra,0.99,True,0.0,True,,5,104.89550258872771,37.749800141627475,5,259.0748528327702,Optimal,True,Optimal,heuristic,0.00034679100645007566
2,10,53,49,0.5,ILP,0.928,True,0.0,True,True,36,2806.1565853415177,234.4917921941078,5,198.86740253515325,Optimal,True,Optimal,heuristic,0.2816081189957913
2,10,53,49,0.5,MILP,0.928,True,0.0,True,,36,2806.1565853415177,234.4917921941078,5,198.86740253515325,Optimal,True,Optimal,heuristic,0.11474598100176081
2,10,53,49,0.5,Dijkstra,0.928,True,0.0,True,,36,2806.1565853415177,234.4917921941078,5,198.86740253515325,Optimal,True,Optimal,heuristic,0.0003782359999604523
2,10,53,49,0.6,ILP,0.96,True,0.0,True,True,20,1587.3100085339852,187.59343375528624,5,198.86740253515325,Optimal,True,Optimal,heuristic,0.23202280300029088
2,10,53,49,0.6,MILP,0.96,True,0.0,True,,20,1587.3100085339852,187.59343375528624,5,198.86740253515325,Optimal,True,Optimal,heuristic,0.11531577999994624
2,10,53,49,0.6,Dijkstra,0.96,True,0.0,True,,20,1587.3100085339852,187.59343375528624,5,198.86740253515325,Optimal,True,Optimal,heuristic,0.00036618300509871915
2,10,53,49,0.7,ILP,0.978,True,0.0,True,True,11,807.0895302975327,140.69507531646468,5,198.86740253515325,Optimal,True,Optimal,heuristic,0.20770533800532576
2,10,53,49,0.7,MILP,0.978,True,0.0,True,,11,807.0895302975327,140.69507531646468,5,198.86740253515325,Optimal,True,Optimal,heuristic,0.123380144003022
2,10,53,49,0.7,Dijkstra,0.978,True,0.0,True,,11,807.0895302975327,140.69507531646468,5,198.86740253515325,Optimal,True,Optimal,heuristic,0.0003297930015833117
2,10,53,49,0.8,ILP,0.984,True,0.0,True,True,8,376.9731668134377,93.79671687764312,5,198.86740253515325,Optimal,True,Optimal,heuristic,0.23983227099961368
2,10,53,49,0.8,MILP,0.984,True,0.0,True,,8,376.9731668134377,93.79671687764312,5,198.86740253515325,Optimal,True,Optimal,heuristic,0.12786801799666137
2,10,53,49,0.8,Dijkstra,0.984,True,0.0,True,,8,376.9731668134377,93.79671687764312,5,198.86740253515325,Optimal,True,Optimal,heuristic,0.0003916910063708201
2,10,53,49,0.9,ILP,0.992,True,0.0,True,True,4,113.06807610967309,46.89835843882156,5,198.86740253515325,Optimal,True,Optimal,heuristic,0.11652478999894811
2,10,53,49,0.9,MILP,0.992,True,0.0,True,,4,113.06807610967309,46.89835843882156,5,198.86740253515325,Optimal,True,Optimal,heuristic,0.11429265100014163
2,10,53,49,0.9,Dijkstra,0.992,True,0.0,True,,4,113.06807610967309,46.89835843882156,5,198.86740253515325,Optimal,True,Optimal,heuristic,0.0003403169976081699
2,11,1,32,0.5,ILP,0.928,True,0.0,True,True,36,1417.5706749657284,147.05607960517395,3,94.21695453984549,Optimal,True,Optimal,heuristic,0.5981899200050975
2,11,1,32,0.5,MILP,0.928,True,0.0,True,,36,1417.5706749657284,147.05607960517395,3,94.21695453984549,Optimal,True,Optimal,heuristic,0.2132260860016686
2,11,1,32,0.5,Dijkstra,0.928,True,0.0,True,,36,1417.5706749657284,147.05607960517395,3,94.21695453984549,Optimal,True,Optimal,heuristic,0.00040170700231101364
2,11,1,32,0.6,ILP,0.968,True,0.0,True,True,16,922.036727197968,259.5979661658349,3,104.10914584264606,Optimal,True,Optimal,heuristic,0.48748573099874193
2,11,1,32,0.6,MILP,0.964,False,0.0040000000000000036,False,,18,643.3022774848521,117.64486368413915,3,94.21695453984549,Optimal,True,Optimal,heuristic,0.1542879010012257
2,11,1,32,0.6,Dijkstra,0.964,False,0.0040000000000000036,False,,18,643.3022774848521,117.64486368413915,3,94.21695453984549,Optimal,True,Optimal,heuristic,0.0003680709996842779
2,11,1,32,0.7,ILP,0.984,True,0.0,True,True,8,330.70650005327025,88.23364776310436,3,94.21695453984549,Optimal,True,Optimal,heuristic,0.23668307299521985
2,11,1,32,0.7,MILP,0.984,True,0.0,True,,8,330.70650005327025,88.23364776310436,3,94.21695453984549,Optimal,True,Optimal,heuristic,0.12679023999953642
2,11,1,32,0.7,Dijkstra,0.984,True,0.0,True,,8,330.70650005327025,88.23364776310436,3,94.21695453984549,Optimal,True,Optimal,heuristic,0.000314081997203175
2,11,1,32,0.8,ILP,0.99,True,0.0,True,True,5,142.1776608876026,58.82243184206959,3,94.21695453984549,Optimal,True,Optimal,heuristic,0.19354733700311044
2,11,1,32,0.8,MILP,0.99,True,0.0,True,,5,142.1776608876026,58.82243184206959,3,94.21695453984549,Optimal,True,Optimal,heuristic,0.13461821999953827
2,11,1,32,0.8,Dijkstra,0.99,True,0.0,True,,5,142.1776608876026,58.82243184206959,3,94.21695453984549,Optimal,True,Optimal,heuristic,0.0003690060038934462
2,11,1,32,0.9,ILP,0.996,True,0.0,True,True,2,39.88397266832567,29.411215921034795,3,94.21695453984549,Optimal,True,Optimal,heuristic,0.14807475300040096
2,11,1,32,0.9,MILP,0.996,False,0.0,True,,2,39.88397266832595,29.41121592103491,3,94.21695453984547,Optimal,True,Optimal,heuristic,0.12445084100181703
2,11,1,32,0.9,Dijkstra,0.996,True,0.0,True,,2,39.88397266832567,29.411215921034795,3,94.21695453984549,Optimal,True,Optimal,heuristic,0.00030532600067090243
2,12,59,32,0.5,ILP,0.978,True,0.0,True,True,11,1287.3800694961137,424.5073763624614,2,67.38721435334766,Optimal,True,Optimal,heuristic,0.31558537000091746
2,12,59,32,0.5,MILP,0.978,True,0.0,True,,11,1287.3800694961137,424.5073763624614,2,67.38721435334766,Optimal,True,Optimal,heuristic,0.2380745999980718
2,12,59,32,0.5,Dijkstra,0.978,True,0.0,True,,11,1287.3800694961137,424.5073763624614,2,67.38721435334766,Optimal,True,Optimal,heuristic,0.0003181119973305613
2,12,59,32,0.6,ILP,0.982,True,0.0,True,True,9,1007.3744193529333,397.6877056322654,2,67.38721435334766,Optimal,True,Optimal,heuristic,0.2531878830050118
2,12,59,32,0.6,MILP,0.948,False,0.03400000000000003,False,,26,901.7077609478299,107.27868292078392,3,170.39297441186693,Optimal,True,Optimal,heuristic,0.31479337500059046
2,12,59,32,0.6,Dijkstra,0.982,True,0.0,True,,9,1007.3744193529333,397.6877056322654,2,67.38721435334766,Optimal,True,Optimal,heuristic,0.000308087001030799
2,12,59,32,0.7,ILP,0.986,True,0.0,True,True,7,797.4885354655402,370.86803490206944,2,67.38721435334766,Optimal,True,Optimal,heuristic,0.40915138099808246
2,12,59,32,0.7,MILP,0.978,False,0.008000000000000007,False,,11,407.23950007594215,80.45901219058783,3,170.39297441186693,Optimal,True,Optimal,heuristic,0.23677791799855186
2,12,59,32,0.7,Dijkstra,0.986,True,0.0,True,,7,797.4885354655402,370.86803490206944,2,67.38721435334766,Optimal,True,Optimal,heuristic,0.0003090350001002662
2,12,59,32,0.8,ILP,0.99,True,0.0,True,True,5,169.52979359453155,53.63934146039196,3,170.39297441186693,Optimal,True,Optimal,heuristic,0.4596026159997564
2,12,59,32,0.8,MILP,0.99,False,0.0,True,,5,169.529793594532,53.63934146039196,3,170.392974411867,Optimal,True,Optimal,heuristic,0.1745381630025804
2,12,59,32,0.8,Dijkstra,0.986,False,0.0040000000000000036,False,,7,609.7508403541683,344.04836417187346,2,67.38721435334766,Optimal,True,Optimal,heuristic,0.00031614600447937846
2,12,59,32,0.9,ILP,0.994,True,0.0,True,True,3,56.84620014691063,26.81967073019598,3,170.39297441186693,Optimal,True,Optimal,heuristic,0.2382457659987267
2,12,59,32,0.9,MILP,0.994,True,0.0,True,,3,56.84620014691063,26.81967073019598,3,170.39297441186693,Optimal,True,Optimal,heuristic,0.13973929699568544
2,12,59,32,0.9,Dijkstra,0.99,False,0.0040000000000000036,False,,5,438.0622923181114,317.2286934416775,2,67.38721435334766,Optimal,True,Optimal,heuristic,0.00030318499921122566
2,13,32,16,0.5,ILP,0.874,True,0.0,True,True,63,3526.0566561074415,246.57005190538104,8,330.4454209201992,Optimal,True,Optimal,heuristic,0.11002645800181199
2,13,32,16,0.5,MILP,0.874,True,0.0,True,,63,3526.0566561074415,246.57005190538104,8,330.4454209201992,Optimal,True,Optimal,heuristic,0.06813736199546838
2,13,32,16,0.5,Dijkstra,0.874,True,0.0,True,,63,3526.0566561074415,246.57005190538104,8,330.4454209201992,Optimal,True,Optimal,heuristic,0.0003202720035915263
2,13,32,16,0.6,ILP,0.942,True,0.0,True,True,29,1495.607337842402,197.25604152430486,8,330.4454209201992,Optimal,True,Optimal,heuristic,0.09366310000041267
2,13,32,16,0.6,MILP,0.942,True,0.0,True,,29,1495.607337842402,197.25604152430486,8,330.4454209201992,Optimal,True,Optimal,heuristic,0.06984519399702549
2,13,32,16,0.6,Dijkstra,0.942,True,0.0,True,,29,1495.607337842402,197.25604152430486,8,330.4454209201992,Optimal,True,Optimal,heuristic,0.0003348220052430406
2,13,32,16,0.7,ILP,0.982,True,0.0,True,True,9,620.1676344477927,147.94203114322863,8,330.4454209201992,Optimal,True,Optimal,heuristic,0.0802449019975029
2,13,32,16,0.7,MILP,0.982,True,0.0,True,,9,620.1676344477927,147.94203114322863,8,330.4454209201992,Optimal,True,Optimal,heuristic,0.10147143100039102
2,13,32,16,0.7,Dijkstra,0.982,True,0.0,True,,9,620.1676344477927,147.94203114322863,8,330.4454209201992,Optimal,True,Optimal,heuristic,0.00032263599860016257
2,13,32,16,0.8,ILP,0.99,True,0.0,True,True,5,278.6186370248346,98.62802076215246,8,330.4454209201992,Optimal,True,Optimal,heuristic,0.07713458700163756
2,13,32,16,0.8,MILP,0.99,True,0.0,True,,5,278.6186370248346,98.62802076215246,8,330.4454209201992,Optimal,True,Optimal,heuristic,0.07141099499858683
2,13,32,16,0.8,Dijkstra,0.99,True,0.0,True,,5,278.6186370248346,98.62802076215246,8,330.4454209201992,Optimal,True,Optimal,heuristic,0.0004891310018138029
2,13,32,16,0.9,ILP,0.994,True,0.0,True,True,3,68.81392169977028,49.31401038107617,8,330.4454209201992,Optimal,True,Optimal,heuristic,0.07840439400024479
2,13,32,16,0.9,MILP,0.994,True,0.0,True,,3,68.81392169977028,49.31401038107617,8,330.4454209201992,Optimal,True,Optimal,heuristic,0.07185959900380112
2,13,32,16,0.9,Dijkstra,0.994,True,0.0,True,,3,68.81392169977028,49.31401038107617,8,330.4454209201992,Optimal,True,Optimal,heuristic,0.0003448390052653849
2,14,19,21,0.5,ILP,0.982,True,0.0,True,True,9,1057.5020195372385,414.5382690371222,9,418.76269051768384,Optimal,True,Optimal,heuristic,0.17101815000205534
2,14,19,21,0.5,MILP,0.982,True,0.0,True,,9,1057.5020195372385,414.5382690371222,9,418.76269051768384,Optimal,True,Optimal,heuristic,0.08768131499527954
2,14,19,21,0.5,Dijkstra,0.982,True,0.0,True,,9,1057.5020195372385,414.5382690371222,9,418.76269051768384,Optimal,True,Optimal,heuristic,0.0003435040052863769
2,14,19,21,0.6,ILP,0.994,True,0.0,True,True,3,596.6997532246853,337.51098244904847,9,418.76269051768384,Optimal,True,Optimal,heuristic,0.1156684080051491
2,14,19,21,0.6,MILP,0.994,True,0.0,True,,3,596.6997532246853,337.51098244904847,9,418.76269051768384,Optimal,True,Optimal,heuristic,0.08423644099821104
2,14,19,21,0.6,Dijkstra,0.994,True,0.0,True,,3,596.6997532246853,337.51098244904847,9,418.76269051768384,Optimal,True,Optimal,heuristic,0.00035356699663680047
2,14,19,21,0.7,ILP,0.996,True,0.0,True,True,2,439.9525086344428,260.4836958609749,9,418.76269051768384,Optimal,True,Optimal,heuristic,0.08655741099937586
2,14,19,21,0.7,MILP,0.996,True,0.0,True,,2,439.9525086344428,260.4836958609749,9,418.76269051768384,Optimal,True,Optimal,heuristic,0.08251222700346261
2,14,19,21,0.7,Dijkstra,0.996,True,0.0,True,,2,439.9525086344428,260.4836958609749,9,418.76269051768384,Optimal,True,Optimal,heuristic,0.0003483809996396303
2,14,19,21,0.8,ILP,0.996,True,0.0,True,True,2,285.89793545829536,183.45640927290117,9,418.76269051768384,Optimal,True,Optimal,heuristic,0.09087644799728878
2,14,19,21,0.8,MILP,0.996,True,0.0,True,,2,285.89793545829536,183.45640927290117,9,418.76269051768384,Optimal,True,Optimal,heuristic,0.08634465299837757
2,14,19,21,0.8,Dijkstra,0.996,True,0.0,True,,2,285.89793545829536,183.45640927290117,9,418.76269051768384,Optimal,True,Optimal,heuristic,0.0004153729969402775
2,14,19,21,0.9,ILP,0.996,True,0.0,True,True,2,131.84336228214795,106.42912268482746,9,418.76269051768384,Optimal,True,Optimal,heuristic,0.09422043300583027
2,14,19,21,0.9,MILP,0.996,True,0.0,True,,2,131.84336228214795,106.42912268482746,9,418.76269051768384,Optimal,True,Optimal,heuristic,0.08460011200077133
2,14,19,21,0.9,Dijkstra,0.996,True,0.0,True,,2,131.84336228214795,106.42912268482746,9,418.76269051768384,Optimal,True,Optimal,heuristic,0.00047207700117724016
2,15,41,63,0.5,ILP,0.77,True,0.0,True,True,115,7913.153040756528,418.1479314875605,7,344.4443891502421,Optimal,True,Optimal,heuristic,1.928475619002711
2,15,41,63,0.5,MILP,0.728,False,0.04200000000000004,False,,136,6717.277111467143,192.62795651373676,7,363.4518606107969,Optimal,True,Optimal,heuristic,0.5760672129981685
2,15,41,63,0.5,Dijkstra,0.77,True,0.0,True,,115,7913.153040756528,418.1479314875605,7,344.4443891502421,Optimal,True,Optimal,heuristic,0.00037055100256111473
2,15,41,63,0.6,ILP,0.862,True,0.0,True,True,69,2827.607159478229,154.10236521098943,7,363.4518606107969,Optimal,True,Optimal,heuristic,1.2153772769961506
2,15,41,63,0.6,MILP,0.862,True,0.0,True,,69,2827.607159478229,154.10236521098943,7,363.4518606107969,Optimal,True,Optimal,heuristic,0.3866410030022962
2,15,41,63,0.6,Dijkstra,0.856,False,0.006000000000000005,False,,72,4527.728880030332,379.6223401848132,7,344.4443891502421,Optimal,True,Optimal,heuristic,0.0003925970013369806
2,15,41,63,0.7,ILP,0.942,True,0.0,True,True,29,1013.4684915617224,115.57677390824222,7,363.451860610797,Optimal,True,Optimal,heuristic,0.9973393059990485
2,15,41,63,0.7,MILP,0.942,False,0.0,True,,29,1013.4684915617202,115.5767739082421,7,363.4518606107969,Optimal,True,Optimal,heuristic,0.40343889600626426
2,15,41,63,0.7,Dijkstra,0.922,False,0.019999999999999907,False,,39,2441.699028151351,341.09674888206587,7,344.4443891502421,Optimal,True,Optimal,heuristic,0.00039457900129491463
2,15,41,63,0.8,ILP,0.98,True,0.0,True,True,10,336.6668553840459,77.05118260549466,7,363.4518606107969,Optimal,True,Optimal,heuristic,0.5444779760000529
2,15,41,63,0.8,MILP,0.98,True,0.0,True,,10,336.6668553840459,77.05118260549466,7,363.4518606107969,Optimal,True,Optimal,heuristic,0.3026557760022115
2,15,41,63,0.8,Dijkstra,0.962,False,0.018000000000000016,False,,19,1370.7483236932521,302.5711575793184,7,344.4443891502421,Optimal,True,Optimal,heuristic,0.00042319000203860924
2,15,41,63,0.9,ILP,0.99,True,0.0,True,True,5,62.242572858715675,38.52559130274733,7,363.4518606107969,Optimal,True,Optimal,heuristic,0.2423165349973715
2,15,41,63,0.9,MILP,0.99,True,0.0,True,,5,62.242572858715675,38.52559130274733,7,363.4518606107969,Optimal,True,Optimal,heuristic,0.13825706399802584
2,15,41,63,0.9,Dijkstra,0.978,False,0.01200000000000001,False,,11,789.811782014683,264.0455662765711,7,344.4443891502421,Optimal,True,Optimal,heuristic,0.0003827600012300536
2,16,41,60,0.5,ILP,0.858,True,0.0,True,True,71,4492.456412847239,411.9368184572917,6,262.5534581850539,Optimal,True,Optimal,heuristic,1.3214605699977255
2,16,41,60,0.5,MILP,0.832,False,0.026000000000000023,False,,84,3315.6473550865294,192.40583601438448,6,281.56092964560867,Optimal,True,Optimal,heuristic,0.5265933539994876
2,16,41,60,0.5,Dijkstra,0.858,True,0.0,True,,71,4492.456412847239,411.9368184572917,6,262.5534581850539,Optimal,True,Optimal,heuristic,0.00036217599699739367
2,16,41,60,0.6,ILP,0.928,True,0.0,True,True,36,1101.0077746881223,153.92466881150756,6,281.56092964560867,Optimal,True,Optimal,heuristic,0.9237610260024667
2,16,41,60,0.6,MILP,0.928,True,0.0,True,,36,1101.0077746881223,153.92466881150756,6,281.56092964560867,Optimal,True,Optimal,heuristic,0.36156930799916154
2,16,41,60,0.6,Dijkstra,0.918,False,0.010000000000000009,False,,41,2442.383687197383,373.45565125441476,6,262.5534581850539,Optimal,True,Optimal,heuristic,0.0003985379953519441
2,16,41,60,0.7,ILP,0.984,True,0.0,True,True,8,317.2332839439301,115.44350160863064,6,281.56092964560867,Optimal,True,Optimal,heuristic,0.6777278389999992
2,16,41,60,0.7,MILP,0.984,True,0.0,True,,8,317.2332839439301,115.44350160863064,6,281.56092964560867,Optimal,True,Optimal,heuristic,0.15723621999495663
2,16,41,60,0.7,Dijkstra,0.958,False,0.026000000000000023,False,,21,1271.624891781215,334.97448405153784,6,262.5534581850539,Optimal,True,Optimal,heuristic,0.0004100399964954704
2,16,41,60,0.8,ILP,0.994,True,0.0,True,True,3,138.9401206229071,76.96233440575372,6,281.56092964560867,Optimal,True,Optimal,heuristic,0.16599577500164742
2,16,41,60,0.8,MILP,0.994,True,0.0,True,,3,138.9401206229071,76.96233440575372,6,281.56092964560867,Optimal,True,Optimal,heuristic,0.1388698939990718
2,16,41,60,0.8,Dijkstra,0.982,False,0.01200000000000001,False,,9,725.6944966641186,296.4933168486609,6,262.5534581850539,Optimal,True,Optimal,heuristic,0.00041036699985852465
2,16,41,60,0.9,ILP,0.998,True,0.0,True,True,1,38.481167202876804,38.481167202876804,6,281.56092964560867,Optimal,True,Optimal,heuristic,0.11343874299927847
2,16,41,60,0.9,MILP,0.998,True,0.0,True,,1,38.481167202876804,38.481167202876804,6,281.56092964560867,Optimal,True,Optimal,heuristic,0.12447514299856266
2,16,41,60,0.9,Dijkstra,0.99,False,0.008000000000000007,False,,5,477.7266855964856,258.012149645784,6,262.5534581850539,Optimal,True,Optimal,heuristic,0.0003388420009287074
2,17,44,45,0.5,ILP,0.962,True,0.0,True,True,19,1216.6194246195796,244.0703102428957,7,239.01777527776582,Optimal,True,Optimal,heuristic,0.09842006899998523
2,17,44,45,0.5,MILP,0.962,True,0.0,True,,19,1216.6194246195796,244.0703102428957,7,239.01777527776582,Optimal,True,Optimal,heuristic,0.08835783700487809
2,17,44,45,0.5,Dijkstra,0.962,True,0.0,True,,19,1216.6194246195796,244.0703102428957,7,239.01777527776582,Optimal,True,Optimal,heuristic,0.00032103300327435136
2,17,44,45,0.6,ILP,0.984,True,0.0,True,True,8,642.904028308666,195.25624819431658,7,239.01777527776582,Optimal,True,Optimal,heuristic,0.09697494499414461
2,17,44,45,0.6,MILP,0.984,True,0.0,True,,8,642.904028308666,195.25624819431658,7,239.01777527776582,Optimal,True,Optimal,heuristic,0.08106363200204214
2,17,44,45,0.6,Dijkstra,0.984,True,0.0,True,,8,642.904028308666,195.25624819431658,7,239.01777527776582,Optimal,True,Optimal,heuristic,0.0003779949984163977
2,17,44,45,0.7,ILP,0.99,True,0.0,True,True,5,300.72506677168735,146.44218614573742,7,239.01777527776582,Optimal,True,Optimal,heuristic,0.09637215999828186
2,17,44,45,0.7,MILP,0.99,True,0.0,True,,5,300.72506677168735,146.44218614573742,7,239.01777527776582,Optimal,True,Optimal,heuristic,0.08077221200073836
2,17,44,45,0.7,Dijkstra,0.99,True,0.0,True,,5,300.72506677168735,146.44218614573742,7,239.01777527776582,Optimal,True,Optimal,heuristic,0.000401119003072381
2,17,44,45,0.8,ILP,0.994,True,0.0,True,True,3,149.66854553739046,97.62812409715826,7,239.01777527776582,Optimal,True,Optimal,heuristic,0.0910189350033761
2,17,44,45,0.8,MILP,0.994,True,0.0,True,,3,149.66854553739046,97.62812409715826,7,239.01777527776582,Optimal,True,Optimal,heuristic,0.08212474999891128
2,17,44,45,0.8,Dijkstra,0.994,True,0.0,True,,3,149.66854553739046,97.62812409715826,7,239.01777527776582,Optimal,True,Optimal,heuristic,0.00038037999911466613
2,17,44,45,0.9,ILP,0.998,True,0.0,True,True,1,48.8140620485791,48.8140620485791,7,239.01777527776582,Optimal,True,Optimal,heuristic,0.08761847999994643
2,17,44,45,0.9,MILP,0.998,True,0.0,True,,1,48.8140620485791,48.8140620485791,7,239.01777527776582,Optimal,True,Optimal,heuristic,0.08081674799905159
2,17,44,45,0.9,Dijkstra,0.998,True,0.0,True,,1,48.8140620485791,48.8140620485791,7,239.01777527776582,Optimal,True,Optimal,heuristic,0.0003761509942705743
2,18,13,35,0.5,ILP,0.9319999999999999,True,0.0,True,True,34,489.9068789990811,63.23002665081772,1,40.44084404980467,Optimal,True,Optimal,heuristic,0.17188265900040278
2,18,13,35,0.5,MILP,0.9319999999999999,True,0.0,True,,34,489.9068789990811,63.23002665081772,1,40.44084404980467,Optimal,True,Optimal,heuristic,0.11210283199761761
2,18,13,35,0.5,Dijkstra,0.9319999999999999,True,0.0,True,,34,489.9068789990811,63.23002665081772,1,40.44084404980467,Optimal,True,Optimal,heuristic,0.0003318170056445524
2,18,13,35,0.6,ILP,0.968,True,0.0,True,True,16,188.23855177143383,50.58402132065417,1,40.44084404980467,Optimal,True,Optimal,heuristic,0.15120278100221185
2,18,13,35,0.6,MILP,0.968,True,0.0,True,,16,188.23855177143383,50.58402132065417,1,40.44084404980467,Optimal,True,Optimal,heuristic,0.11265453799569514
2,18,13,35,0.6,Dijkstra,0.968,True,0.0,True,,16,188.23855177143383,50.58402132065417,1,40.44084404980467,Optimal,True,Optimal,heuristic,0.00036723099765367806
2,18,13,35,0.7,ILP,0.988,True,0.0,True,True,6,77.91989373744275,37.93801599049064,1,40.44084404980467,Optimal,True,Optimal,heuristic,0.12108758599788416
2,18,13,35,0.7,MILP,0.988,True,0.0,True,,6,77.91989373744275,37.93801599049064,1,40.44084404980467,Optimal,True,Optimal,heuristic,0.11040922399843112
2,18,13,35,0.7,Dijkstra,0.988,True,0.0,True,,6,77.91989373744275,37.93801599049064,1,40.44084404980467,Optimal,True,Optimal,heuristic,0.0003258360011386685
2,18,13,35,0.8,ILP,0.998,True,0.0,True,True,1,25.29201066032708,25.29201066032708,1,40.44084404980467,Optimal,True,Optimal,heuristic,0.11432183600118151
2,18,13,35,0.8,MILP,0.998,True,0.0,True,,1,25.29201066032708,25.29201066032708,1,40.44084404980467,Optimal,True,Optimal,heuristic,0.11500696100119967
2,18,13,35,0.8,Dijkstra,0.998,True,0.0,True,,1,25.29201066032708,25.29201066032708,1,40.44084404980467,Optimal,True,Optimal,heuristic,0.0004521910013863817
2,18,13,35,0.9,ILP,0.998,True,0.0,True,True,1,12.646005330163547,12.646005330163547,1,40.44084404980467,Optimal,True,Optimal,heuristic,0.11865454100188799
2,18,13,35,0.9,MILP,0.998,True,0.0,True,,1,12.646005330163547,12.646005330163547,1,40.44084404980467,Optimal,True,Optimal,heuristic,0.12117165200470481
2,18,13,35,0.9,Dijkstra,0.998,True,0.0,True,,1,12.646005330163547,12.646005330163547,1,40.44084404980467,Optimal,True,Optimal,heuristic,0.0003625770041253418
2,19,11,24,0.5,ILP,0.876,True,0.0,True,True,62,1005.9974796579606,67.99066164477969,1,80.94577747331674,Optimal,True,Optimal,heuristic,0.32188130000577075
2,19,11,24,0.5,MILP,0.876,True,0.0,True,,62,1005.9974796579606,67.99066164477969,1,80.94577747331674,Optimal,True,Optimal,heuristic,0.12389017000532476
2,19,11,24,0.5,Dijkstra,0.876,True,0.0,True,,62,1005.9974796579606,67.99066164477969,1,80.94577747331674,Optimal,True,Optimal,heuristic,0.00033720399369485676
2,19,11,24,0.6,ILP,0.948,True,0.0,True,True,26,436.2707188438819,54.39252931582375,1,80.94577747331674,Optimal,True,Optimal,heuristic,0.19043740600318415
2,19,11,24,0.6,MILP,0.948,True,0.0,True,,26,436.2707188438819,54.39252931582375,1,80.94577747331674,Optimal,True,Optimal,heuristic,0.12082621499575907
2,19,11,24,0.6,Dijkstra,0.948,True,0.0,True,,26,436.2707188438819,54.39252931582375,1,80.94577747331674,Optimal,True,Optimal,heuristic,0.0003681450034491718
2,19,11,24,0.7,ILP,0.976,True,0.0,True,True,12,200.10432083097777,40.79439698686784,1,80.94577747331674,Optimal,True,Optimal,heuristic,0.17627005700342124
2,19,11,24,0.7,MILP,0.976,True,0.0,True,,12,200.10432083097777,40.79439698686784,1,80.94577747331674,Optimal,True,Optimal,heuristic,0.12013944500358775
2,19,11,24,0.7,Dijkstra,0.976,True,0.0,True,,12,200.10432083097777,40.79439698686784,1,80.94577747331674,Optimal,True,Optimal,heuristic,0.0004533399987849407
2,19,11,24,0.8,ILP,0.984,True,0.0,True,True,8,78.64766658771049,27.196264657911883,1,80.94577747331674,Optimal,True,Optimal,heuristic,0.1515160589988227
2,19,11,24,0.8,MILP,0.984,True,0.0,True,,8,78.64766658771049,27.196264657911883,1,80.94577747331674,Optimal,True,Optimal,heuristic,0.12230567599908682
2,19,11,24,0.8,Dijkstra,0.984,True,0.0,True,,8,78.64766658771049,27.196264657911883,1,80.94577747331674,Optimal,True,Optimal,heuristic,0.00039548899803776294
2,19,11,24,0.9,ILP,0.996,True,0.0,True,True,2,15.358257496565983,13.598132328955927,1,80.94577747331674,Optimal,True,Optimal,heuristic,0.1223041729972465
2,19,11,24,0.9,MILP,0.996,True,0.0,True,,2,15.358257496565983,13.598132328955927,1,80.94577747331674,Optimal,True,Optimal,heuristic,0.11753854299604427
2,19,11,24,0.9,Dijkstra,0.996,True,0.0,True,,2,15.358257496565983,13.598132328955927,1,80.94577747331674,Optimal,True,Optimal,heuristic,0.00034892699477495626
3,0,11,32,0.5,ILP,0.988,True,0.0,True,True,6,618.4451889153145,187.91335025287663,3,172.47737304159247,Optimal,True,Optimal,heuristic,0.5065252470012638
3,0,11,32,0.5,MILP,0.988,True,0.0,True,,6,618.4451889153145,187.91335025287663,3,172.47737304159247,Optimal,True,Optimal,heuristic,0.37590576500224415
3,0,11,32,0.5,Dijkstra,0.988,True,0.0,True,,6,618.4451889153145,187.91335025287663,3,172.47737304159247,Optimal,True,Optimal,heuristic,0.00045057700481265783
3,0,11,32,0.6,ILP,0.99,True,0.0,True,True,5,410.0127832145687,150.52319227592068,3,172.47737304159247,Optimal,True,Optimal,heuristic,0.4524273080023704
3,0,11,32,0.6,MILP,0.99,True,0.0,True,,5,410.0127832145687,150.52319227592068,3,172.47737304159247,Optimal,True,Optimal,heuristic,0.33549279399449006
3,0,11,32,0.6,Dijkstra,0.99,True,0.0,True,,5,410.0127832145687,150.52319227592068,3,172.47737304159247,Optimal,True,Optimal,heuristic,0.00040988699765875936
3,0,11,32,0.7,ILP,0.994,True,0.0,True,True,3,264.13341354477853,113.13303429896479,3,172.47737304159247,Optimal,True,Optimal,heuristic,0.215922726005374
3,0,11,32,0.7,MILP,0.994,True,0.0,True,,3,264.13341354477853,113.13303429896479,3,172.47737304159247,Optimal,True,Optimal,heuristic,0.2879817990033189
3,0,11,32,0.7,Dijkstra,0.994,True,0.0,True,,3,264.13341354477853,113.13303429896479,3,172.47737304159247,Optimal,True,Optimal,heuristic,0.0003650370053946972
3,0,11,32,0.8,ILP,0.994,True,0.0,True,True,3,151.96293961391052,75.74287632200878,3,172.47737304159247,Optimal,True,Optimal,heuristic,0.2578523180054617
3,0,11,32,0.8,MILP,0.994,True,0.0,True,,3,151.96293961391052,75.74287632200878,3,172.47737304159247,Optimal,True,Optimal,heuristic,0.27806481000152417
3,0,11,32,0.8,Dijkstra,0.994,True,0.0,True,,3,151.96293961391052,75.74287632200878,3,172.47737304159247,Optimal,True,Optimal,heuristic,0.0004224860022077337
3,0,11,32,0.9,ILP,0.996,True,0.0,True,True,2,56.72226942696,38.352718345052836,3,172.47737304159247,Optimal,True,Optimal,heuristic,0.5624910299957264
3,0,11,32,0.9,MILP,0.994,False,0.0020000000000000018,False,,3,42.252204315971085,37.39015797695595,7,332.10247399300886,Optimal,True,Optimal,heuristic,0.1687490420008544
3,0,11,32,0.9,Dijkstra,0.996,True,0.0,True,,2,56.72226942696,38.352718345052836,3,172.47737304159247,Optimal,True,Optimal,heuristic,0.000451336003607139
3,1,47,24,0.5,ILP,0.888,True,0.0,True,True,56,1241.6284734628862,102.54207356446699,2,151.15769319522124,Optimal,True,Optimal,heuristic,0.10393094300525263
3,1,47,24,0.5,MILP,0.888,True,0.0,True,,56,1241.6284734628862,102.54207356446699,2,151.15769319522124,Optimal,True,Optimal,heuristic,0.09338018899870804
3,1,47,24,0.5,Dijkstra,0.888,True,0.0,True,,56,1241.6284734628862,102.54207356446699,2,151.15769319522124,Optimal,True,Optimal,heuristic,0.0003830299974652007
3,1,47,24,0.6,ILP,0.958,True,0.0,True,True,21,454.6796935073052,82.03365885157359,2,151.15769319522124,Optimal,True,Optimal,heuristic,0.09999424400302814
3,1,47,24,0.6,MILP,0.958,True,0.0,True,,21,454.6796935073052,82.03365885157359,2,151.15769319522124,Optimal,True,Optimal,heuristic,0.09199987800093368
3,1,47,24,0.6,Dijkstra,0.958,True,0.0,True,,21,454.6796935073052,82.03365885157359,2,151.15769319522124,Optimal,True,Optimal,heuristic,0.00039401599497068673
3,1,47,24,0.7,ILP,0.986,True,0.0,True,True,7,203.38516505313,61.52524413868022,2,151.15769319522124,Optimal,True,Optimal,heuristic,0.09955335300037405
3,1,47,24,0.7,MILP,0.986,True,0.0,True,,7,203.38516505313,61.52524413868022,2,151.15769319522124,Optimal,True,Optimal,heuristic,0.09357041399925947
3,1,47,24,0.7,Dijkstra,0.986,True,0.0,True,,7,203.38516505313,61.52524413868022,2,151.15769319522124,Optimal,True,Optimal,heuristic,0.0003493809999781661
3,1,47,24,0.8,ILP,0.992,True,0.0,True,True,4,101.69387362285778,41.016829425786796,2,151.15769319522124,Optimal,True,Optimal,heuristic,0.10155703000054928
3,1,47,24,0.8,MILP,0.992,True,0.0,True,,4,101.69387362285778,41.016829425786796,2,151.15769319522124,Optimal,True,Optimal,heuristic,0.092128196003614
3,1,47,24,0.8,Dijkstra,0.992,True,0.0,True,,4,101.69387362285778,41.016829425786796,2,151.15769319522124,Optimal,True,Optimal,heuristic,0.00038721199962310493
3,1,47,24,0.9,ILP,0.996,True,0.0,True,True,2,26.731837075249757,20.508414712893398,2,151.15769319522124,Optimal,True,Optimal,heuristic,0.0958877820012276
3,1,47,24,0.9,MILP,0.996,True,0.0,True,,2,26.731837075249757,20.508414712893398,2,151.15769319522124,Optimal,True,Optimal,heuristic,0.0911468979975325
3,1,47,24,0.9,Dijkstra,0.996,True,0.0,True,,2,26.731837075249757,20.508414712893398,2,151.15769319522124,Optimal,True,Optimal,heuristic,0.00034003199834842235
3,2,24,16,0.5,ILP,0.986,True,0.0,True,True,7,1153.425913965229,570.5641045279403,7,253.97679532833484,Optimal,True,Optimal,heuristic,0.08968233600171516
3,2,24,16,0.5,MILP,0.986,True,0.0,True,,7,1153.425913965229,570.5641045279403,7,253.97679532833484,Optimal,True,Optimal,heuristic,0.07368589100224199
3,2,24,16,0.5,Dijkstra,0.986,True,0.0,True,,7,1153.425913965229,570.5641045279403,7,253.97679532833484,Optimal,True,Optimal,heuristic,0.00036863300192635506
3,2,24,16,0.6,ILP,0.994,True,0.0,True,True,3,519.5936668750069,456.4512836223523,7,253.97679532833484,Optimal,True,Optimal,heuristic,0.08183127599477302
3,2,24,16,0.6,MILP,0.994,True,0.0,True,,3,519.5936668750069,456.4512836223523,7,253.97679532833484,Optimal,True,Optimal,heuristic,0.07348807899688836
3,2,24,16,0.6,Dijkstra,0.994,True,0.0,True,,3,519.5936668750069,456.4512836223523,7,253.97679532833484,Optimal,True,Optimal,heuristic,0.0003513529954943806
3,2,24,16,0.7,ILP,0.998,True,0.0,True,True,1,342.3384627167643,342.3384627167643,7,253.97679532833484,Optimal,True,Optimal,heuristic,0.07720915500249248
3,2,24,16,0.7,MILP,0.998,True,0.0,True,,1,342.3384627167643,342.3384627167643,7,253.97679532833484,Optimal,True,Optimal,heuristic,0.06517433700355468
3,2,24,16,0.7,Dijkstra,0.998,True,0.0,True,,1,342.3384627167643,342.3384627167643,7,253.97679532833484,Optimal,True,Optimal,heuristic,0.00036569700023392215
3,2,24,16,0.8,ILP,0.998,True,0.0,True,True,1,228.22564181117616,228.22564181117616,7,253.97679532833484,Optimal,True,Optimal,heuristic,0.07628042899887078
3,2,24,16,0.8,MILP,0.998,True,0.0,True,,1,228.22564181117616,228.22564181117616,7,253.97679532833484,Optimal,True,Optimal,heuristic,0.06733108099433593
3,2,24,16,0.8,Dijkstra,0.998,True,0.0,True,,1,228.22564181117616,228.22564181117616,7,253.97679532833484,Optimal,True,Optimal,heuristic,0.0003767359958146699
3,2,24,16,0.9,ILP,0.998,True,0.0,True,True,1,114.11282090558802,114.11282090558802,7,253.97679532833484,Optimal,True,Optimal,heuristic,0.08019410100678215
3,2,24,16,0.9,MILP,0.998,True,0.0,True,,1,114.11282090558802,114.11282090558802,7,253.97679532833484,Optimal,True,Optimal,heuristic,0.06801761200040346
3,2,24,16,0.9,Dijkstra,0.998,True,0.0,True,,1,114.11282090558802,114.11282090558802,7,253.97679532833484,Optimal,True,Optimal,heuristic,0.00034423599572619423
3,3,61,47,0.5,ILP,0.91,True,0.0,True,True,45,2796.5621447848625,270.6776849855693,8,324.04680234445607,Optimal,True,Optimal,heuristic,0.9991317969979718
3,3,61,47,0.5,MILP,0.91,False,0.0,True,,45,2796.5621447848634,270.6776849855693,8,324.0468023444561,Optimal,True,Optimal,heuristic,0.47545933999936096
3,3,61,47,0.5,Dijkstra,0.906,False,0.0040000000000000036,False,,47,3688.692419942281,402.04065069879744,9,291.2957650644677,Optimal,True,Optimal,heuristic,0.0004188129969406873
3,3,61,47,0.6,ILP,0.962,True,0.0,True,True,19,1369.9274938028468,216.54214798845544,8,324.04680234445607,Optimal,True,Optimal,heuristic,0.6221201900043525
3,3,61,47,0.6,MILP,0.956,False,0.006000000000000005,False,,22,1287.0327424089562,221.83427326040749,7,346.18189462494377,Optimal,True,Optimal,heuristic,0.471829191003053
3,3,61,47,0.6,Dijkstra,0.96,False,0.0020000000000000018,False,,20,1922.8416846247135,347.9051137016836,9,291.2957650644677,Optimal,True,Optimal,heuristic,0.0004626890004146844
3,3,61,47,0.7,ILP,0.986,True,0.0,True,True,7,585.461133798586,167.69873626329365,8,346.18189462494377,Optimal,True,Optimal,heuristic,0.47636623299331404
3,3,61,47,0.7,MILP,0.986,True,0.0,True,,7,585.461133798586,167.69873626329365,8,346.18189462494377,Optimal,True,Optimal,heuristic,0.4161774480016902
3,3,61,47,0.7,Dijkstra,0.98,False,0.006000000000000005,False,,10,1107.7845989462037,293.7695767045698,9,291.2957650644677,Optimal,True,Optimal,heuristic,0.000601043997448869
3,3,61,47,0.8,ILP,0.992,True,0.0,True,True,4,259.55893239543593,113.56319926617971,8,346.18189462494377,Optimal,True,Optimal,heuristic,0.41720575699582696
3,3,61,47,0.8,MILP,0.988,False,0.0040000000000000036,False,,6,216.74695475219823,108.27107399422698,8,324.0468023444562,Optimal,True,Optimal,heuristic,0.3571582959993975
3,3,61,47,0.8,Dijkstra,0.99,False,0.0020000000000000018,False,,5,637.1729804717584,239.63403970745583,9,291.2957650644677,Optimal,True,Optimal,heuristic,0.0004101899976376444
3,3,61,47,0.9,ILP,0.998,True,0.0,True,True,1,54.13553699711383,54.13553699711383,8,324.04680234445607,Optimal,True,Optimal,heuristic,0.2776126800017664
3,3,61,47,0.9,MILP,0.998,True,0.0,True,,1,54.13553699711383,54.13553699711383,8,324.04680234445607,Optimal,True,Optimal,heuristic,0.36254047400143463
3,3,61,47,0.9,Dijkstra,0.992,False,0.006000000000000005,False,,4,419.66153111036135,185.498502710342,9,291.2957650644677,Optimal,True,Optimal,heuristic,0.0003404060043976642
3,4,50,35,0.5,ILP,0.984,True,0.0,True,True,8,750.129735519922,194.47855284250133,3,82.68820757004035,Optimal,True,Optimal,heuristic,0.08291354999528266
3,4,50,35,0.5,MILP,0.984,True,0.0,True,,8,750.129735519922,194.47855284250133,3,82.68820757004035,Optimal,True,Optimal,heuristic,0.07758172800095053
3,4,50,35,0.5,Dijkstra,0.984,True,0.0,True,,8,750.129735519922,194.47855284250133,3,82.68820757004035,Optimal,True,Optimal,heuristic,0.00038946700078668073
3,4,50,35,0.6,ILP,0.988,True,0.0,True,True,6,486.49010244997197,155.58284227400108,3,82.68820757004035,Optimal,True,Optimal,heuristic,0.08360294799786061
3,4,50,35,0.6,MILP,0.988,True,0.0,True,,6,486.49010244997197,155.58284227400108,3,82.68820757004035,Optimal,True,Optimal,heuristic,0.07643505299347453
3,4,50,35,0.6,Dijkstra,0.988,True,0.0,True,,6,486.49010244997197,155.58284227400108,3,82.68820757004035,Optimal,True,Optimal,heuristic,0.0003416560066398233
3,4,50,35,0.7,ILP,0.992,True,0.0,True,True,4,292.095407422348,116.6871317055008,3,82.68820757004035,Optimal,True,Optimal,heuristic,0.0814792960009072
3,4,50,35,0.7,MILP,0.992,True,0.0,True,,4,292.095407422348,116.6871317055008,3,82.68820757004035,Optimal,True,Optimal,heuristic,0.07802802500373218
3,4,50,35,0.7,Dijkstra,0.992,True,0.0,True,,4,292.095407422348,116.6871317055008,3,82.68820757004035,Optimal,True,Optimal,heuristic,0.00030212500132620335
3,4,50,35,0.8,ILP,0.994,True,0.0,True,True,3,167.65979501848688,77.7914211370005,3,82.68820757004035,Optimal,True,Optimal,heuristic,0.08134584800427547
3,4,50,35,0.8,MILP,0.994,True,0.0,True,,3,167.65979501848688,77.7914211370005,3,82.68820757004035,Optimal,True,Optimal,heuristic,0.07606354300514795
3,4,50,35,0.8,Dijkstra,0.994,True,0.0,True,,3,167.65979501848688,77.7914211370005,3,82.68820757004035,Optimal,True,Optimal,heuristic,0.00033493200317025185
3,4,50,35,0.9,ILP,0.996,True,0.0,True,True,2,72.23162201928096,38.89571056850025,3,82.68820757004035,Optimal,True,Optimal,heuristic,0.08019921400409658
3,4,50,35,0.9,MILP,0.996,True,0.0,True,,2,72.23162201928096,38.89571056850025,3,82.68820757004035,Optimal,True,Optimal,heuristic,0.07624227199994493
3,4,50,35,0.9,Dijkstra,0.996,True,0.0,True,,2,72.23162201928096,38.89571056850025,3,82.68820757004035,Optimal,True,Optimal,heuristic,0.0003587730025174096
3,5,62,50,0.5,ILP,0.98,True,0.0,True,True,10,974.6771393894128,285.0752747693378,3,177.44245798999205,Optimal,True,Optimal,heuristic,0.09280485499766655
3,5,62,50,0.5,MILP,0.98,True,0.0,True,,10,974.6771393894128,285.0752747693378,3,177.44245798999205,Optimal,True,Optimal,heuristic,0.08055929200054379
3,5,62,50,0.5,Dijkstra,0.98,True,0.0,True,,10,974.6771393894128,285.0752747693378,3,177.44245798999205,Optimal,True,Optimal,heuristic,0.00033334399631712586
3,5,62,50,0.6,ILP,0.992,True,0.0,True,True,4,636.322115802692,228.06021981547025,3,177.44245798999205,Optimal,True,Optimal,heuristic,0.09292269500292605
3,5,62,50,0.6,MILP,0.992,True,0.0,True,,4,636.322115802692,228.06021981547025,3,177.44245798999205,Optimal,True,Optimal,heuristic,0.08322069399582688
3,5,62,50,0.6,Dijkstra,0.992,True,0.0,True,,4,636.322115802692,228.06021981547025,3,177.44245798999205,Optimal,True,Optimal,heuristic,0.000334234006004408
3,5,62,50,0.7,ILP,0.994,True,0.0,True,True,3,408.75946656930677,171.0451648616027,3,177.44245798999205,Optimal,True,Optimal,heuristic,0.09333848600363126
3,5,62,50,0.7,MILP,0.994,True,0.0,True,,3,408.75946656930677,171.0451648616027,3,177.44245798999205,Optimal,True,Optimal,heuristic,0.08070973199937725
3,5,62,50,0.7,Dijkstra,0.994,True,0.0,True,,3,408.75946656930677,171.0451648616027,3,177.44245798999205,Optimal,True,Optimal,heuristic,0.00034793600207194686
3,5,62,50,0.8,ILP,0.994,True,0.0,True,True,3,237.71430170770395,114.0301099077351,3,177.44245798999205,Optimal,True,Optimal,heuristic,0.0885124460037332
3,5,62,50,0.8,MILP,0.994,True,0.0,True,,3,237.71430170770395,114.0301099077351,3,177.44245798999205,Optimal,True,Optimal,heuristic,0.07973663899610983
3,5,62,50,0.8,Dijkstra,0.994,True,0.0,True,,3,237.71430170770395,114.0301099077351,3,177.44245798999205,Optimal,True,Optimal,heuristic,0.0003223140010959469
3,5,62,50,0.9,ILP,0.996,True,0.0,True,True,2,75.65946243028634,57.01505495386755,3,177.44245798999205,Optimal,True,Optimal,heuristic,0.08761840099759866
3,5,62,50,0.9,MILP,0.996,True,0.0,True,,2,75.65946243028634,57.01505495386755,3,177.44245798999205,Optimal,True,Optimal,heuristic,0.08815335699910065
3,5,62,50,0.9,Dijkstra,0.996,True,0.0,True,,2,75.65946243028634,57.01505495386755,3,177.44245798999205,Optimal,True,Optimal,heuristic,0.00040570699638919905
3,6,32,44,0.5,ILP,0.944,True,0.0,True,True,28,3187.1667563092587,673.6861286705865,9,432.10847941758334,Optimal,True,Optimal,heuristic,0.26948496700060787
3,6,32,44,0.5,MILP,0.94,False,0.0040000000000000036,False,,30,1966.5113712853777,301.4209600415412,10,442.8843660352863,Optimal,True,Optimal,heuristic,0.08523657299519982
3,6,32,44,0.5,Dijkstra,0.944,True,0.0,True,,28,3187.1667563092587,673.6861286705865,9,432.10847941758334,Optimal,True,Optimal,heuristic,0.00035748899972531945
3,6,32,44,0.6,ILP,0.98,True,0.0,True,True,10,909.0550428605334,241.92241096960242,10,442.8843660352863,Optimal,True,Optimal,heuristic,0.11933384799340274
3,6,32,44,0.6,MILP,0.98,True,0.0,True,,10,909.0550428605334,241.92241096960242,10,442.8843660352863,Optimal,True,Optimal,heuristic,0.0808957979970728
3,6,32,44,0.6,Dijkstra,0.972,False,0.008000000000000007,False,,14,2031.8262539764642,614.1875795986477,9,432.10847941758334,Optimal,True,Optimal,heuristic,0.0003356300003360957
3,6,32,44,0.7,ILP,0.99,True,0.0,True,True,5,459.99907792707654,182.42386189766376,10,442.8843660352863,Optimal,True,Optimal,heuristic,0.1059877280058572
3,6,32,44,0.7,MILP,0.99,True,0.0,True,,5,459.99907792707654,182.42386189766376,10,442.8843660352863,Optimal,True,Optimal,heuristic,0.08124873299675528
3,6,32,44,0.7,Dijkstra,0.986,False,0.0040000000000000036,False,,7,1392.390187068792,554.6890305267091,9,432.10847941758334,Optimal,True,Optimal,heuristic,0.00045089100603945553
3,6,32,44,0.8,ILP,0.994,True,0.0,True,True,3,349.4827029874847,168.42176568293223,10,499.58307391941304,Optimal,True,Optimal,heuristic,0.12941195299936226
3,6,32,44,0.8,MILP,0.994,False,0.0,True,,3,246.87837020989866,122.92531282572497,10,442.8843660352863,Optimal,True,Optimal,heuristic,0.07864542199968128
3,6,32,44,0.8,Dijkstra,0.988,False,0.006000000000000005,False,,6,1011.1374524382209,495.1904814547703,9,432.10847941758334,Optimal,True,Optimal,heuristic,0.00032760600151959807
3,6,32,44,0.9,ILP,0.996,True,0.0,True,True,2,98.71009439094541,63.42676375378619,10,442.8843660352863,Optimal,True,Optimal,heuristic,0.08785403100046096
3,6,32,44,0.9,MILP,0.996,True,0.0,True,,2,98.71009439094541,63.42676375378619,10,442.8843660352863,Optimal,True,Optimal,heuristic,0.08083263199659996
3,6,32,44,0.9,Dijkstra,0.994,False,0.0020000000000000018,False,,3,727.7133331448674,435.6919323828315,9,432.10847941758334,Optimal,True,Optimal,heuristic,0.0003332429987494834
3,7,50,22,0.5,ILP,0.96,True,0.0,True,True,20,1688.2755696165523,307.7051924718155,7,241.73166744745615,Optimal,True,Optimal,heuristic,0.1011667530037812
3,7,50,22,0.5,MILP,0.96,False,0.0,True,,20,1688.275569616552,307.7051924718155,7,241.73166744745615,Optimal,True,Optimal,heuristic,0.07326578199717915
3,7,50,22,0.5,Dijkstra,0.96,False,0.0,True,,20,1688.275569616552,307.7051924718155,7,241.73166744745615,Optimal,True,Optimal,heuristic,0.0004461479984456673
3,7,50,22,0.6,ILP,0.982,True,0.0,True,True,9,771.9120308900717,246.16415397745243,7,241.73166744745615,Optimal,True,Optimal,heuristic,0.09077616200374905
3,7,50,22,0.6,MILP,0.982,True,0.0,True,,9,771.9120308900717,246.16415397745243,7,241.73166744745615,Optimal,True,Optimal,heuristic,0.07896821699978318
3,7,50,22,0.6,Dijkstra,0.982,True,0.0,True,,9,771.9120308900717,246.16415397745243,7,241.73166744745615,Optimal,True,Optimal,heuristic,0.00032269400253426284
3,7,50,22,0.7,ILP,0.992,True,0.0,True,True,4,336.01753298977155,184.62311548308935,7,241.73166744745615,Optimal,True,Optimal,heuristic,0.08495631300320383
3,7,50,22,0.7,MILP,0.992,True,0.0,True,,4,336.01753298977155,184.62311548308935,7,241.73166744745615,Optimal,True,Optimal,heuristic,0.07253707600466441
3,7,50,22,0.7,Dijkstra,0.992,True,0.0,True,,4,336.01753298977155,184.62311548308935,7,241.73166744745615,Optimal,True,Optimal,heuristic,0.0003134990038233809
3,7,50,22,0.8,ILP,0.996,True,0.0,True,True,2,157.47542654962422,123.08207698872616,7,241.73166744745615,Optimal,True,Optimal,heuristic,0.08170584699837491
3,7,50,22,0.8,MILP,0.996,True,0.0,True,,2,157.47542654962422,123.08207698872616,7,241.73166744745615,Optimal,True,Optimal,heuristic,0.07483515900094062
3,7,50,22,0.8,Dijkstra,0.996,True,0.0,True,,2,157.47542654962422,123.08207698872616,7,241.73166744745615,Optimal,True,Optimal,heuristic,0.00031500100158154964
3,7,50,22,0.9,ILP,0.998,True,0.0,True,True,1,61.54103849436308,61.54103849436308,7,241.73166744745615,Optimal,True,Optimal,heuristic,0.08354134300316218
3,7,50,22,0.9,MILP,0.998,True,0.0,True,,1,61.54103849436308,61.54103849436308,7,241.73166744745615,Optimal,True,Optimal,heuristic,0.07327882399840746
3,7,50,22,0.9,Dijkstra,0.998,True,0.0,True,,1,61.54103849436308,61.54103849436308,7,241.73166744745615,Optimal,True,Optimal,heuristic,0.00033257000177400187
3,8,61,4,0.5,ILP,0.892,True,0.0,True,True,54,5296.864135398787,733.588955899028,8,345.84597844498154,Optimal,True,Optimal,heuristic,1.4718647469999269
3,8,61,4,0.5,MILP,0.866,False,0.026000000000000023,False,,67,3654.900457665548,267.56965211933334,9,356.6218650626845,Optimal,True,Optimal,heuristic,0.4038297689985484
3,8,61,4,0.5,Dijkstra,0.872,False,0.020000000000000018,False,,64,5881.610914784227,614.7851297748794,9,313.0949411649931,Optimal,True,Optimal,heuristic,0.00036446299782255664
3,8,61,4,0.6,ILP,0.954,True,0.0,True,True,23,1471.9084712054103,214.05572169546667,9,356.6218650626845,Optimal,True,Optimal,heuristic,1.22107015200163
3,8,61,4,0.6,MILP,0.954,True,0.0,True,,23,1471.9084712054103,214.05572169546667,9,356.6218650626845,Optimal,True,Optimal,heuristic,0.5675850030020229
3,8,61,4,0.6,Dijkstra,0.946,False,0.008000000000000007,False,,27,3432.678190798074,561.2711993510127,9,313.0949411649931,Optimal,True,Optimal,heuristic,0.00040603100205771625
3,8,61,4,0.7,ILP,0.982,True,0.0,True,True,9,631.4024111282015,160.5417912716,9,356.6218650626845,Optimal,True,Optimal,heuristic,0.6681829439985449
3,8,61,4,0.7,MILP,0.982,False,0.0,True,,9,631.4024111282031,160.54179127160023,9,356.6218650626845,Optimal,True,Optimal,heuristic,0.4314193440004601
3,8,61,4,0.7,Dijkstra,0.97,False,0.01200000000000001,False,,15,2403.1454995503695,507.757268927146,9,313.0949411649931,Optimal,True,Optimal,heuristic,0.00041024900565389544
3,8,61,4,0.8,ILP,0.99,True,0.0,True,True,5,281.79321196879755,107.02786084773334,9,356.6218650626845,Optimal,True,Optimal,heuristic,0.4687654150038725
3,8,61,4,0.8,MILP,0.99,False,0.0,True,,5,281.79321196879675,107.02786084773311,9,356.6218650626845,Optimal,True,Optimal,heuristic,0.426302507003129
3,8,61,4,0.8,Dijkstra,0.976,False,0.014000000000000012,False,,12,1665.631483933168,454.24333850327935,9,313.0949411649931,Optimal,True,Optimal,heuristic,0.0004566549978335388
3,8,61,4,0.9,ILP,0.994,True,0.0,True,True,3,98.84993211196002,53.51393042386667,9,356.6218650626845,Optimal,True,Optimal,heuristic,0.4332504970006994
3,8,61,4,0.9,MILP,0.994,True,0.0,True,,3,98.84993211196002,53.51393042386667,9,356.6218650626845,Optimal,True,Optimal,heuristic,0.364018993001082
3,8,61,4,0.9,Dijkstra,0.988,False,0.006000000000000005,False,,6,1191.72076936116,400.7294080794127,9,313.0949411649931,Optimal,True,Optimal,heuristic,0.0004076230034115724
3,9,45,16,0.5,ILP,0.988,True,0.0,True,True,6,984.8441257856908,566.585603730321,5,293.1475845391996,Optimal,True,Optimal,heuristic,0.117541097002686
3,9,45,16,0.5,MILP,0.988,True,0.0,True,,6,984.8441257856908,566.585603730321,5,293.1475845391996,Optimal,True,Optimal,heuristic,0.09523272299702512
3,9,45,16,0.5,Dijkstra,0.988,True,0.0,True,,6,984.8441257856908,566.585603730321,5,293.1475845391996,Optimal,True,Optimal,heuristic,0.00043779300176538527
3,9,45,16,0.6,ILP,0.994,True,0.0,True,True,3,526.3712884625836,478.64465837589444,5,293.1475845391996,Optimal,True,Optimal,heuristic,0.10473676800029352
3,9,45,16,0.6,MILP,0.994,True,0.0,True,,3,526.3712884625836,478.64465837589444,5,293.1475845391996,Optimal,True,Optimal,heuristic,0.09587917500175536
3,9,45,16,0.6,Dijkstra,0.994,True,0.0,True,,3,526.3712884625836,478.64465837589444,5,293.1475845391996,Optimal,True,Optimal,heuristic,0.0004042750006192364
3,9,45,16,0.7,ILP,0.998,True,0.0,True,True,1,390.7037130214677,390.7037130214677,5,293.1475845391996,Optimal,True,Optimal,heuristic,0.10041977900255006
3,9,45,16,0.7,MILP,0.994,False,0.0040000000000000036,False,,3,376.7982180052345,263.8228360632803,6,327.3854422157158,Optimal,True,Optimal,heuristic,0.09422691699728603
3,9,45,16,0.7,Dijkstra,0.998,True,0.0,True,,1,390.7037130214677,390.7037130214677,5,293.1475845391996,Optimal,True,Optimal,heuristic,0.0003640930008259602
3,9,45,16,0.8,ILP,0.998,True,0.0,True,True,1,175.88189070885346,175.88189070885346,6,327.3854422157158,Optimal,True,Optimal,heuristic,0.1032527530041989
3,9,45,16,0.8,MILP,0.998,True,0.0,True,,1,175.88189070885346,175.88189070885346,6,327.3854422157158,Optimal,True,Optimal,heuristic,0.1115847519977251
3,9,45,16,0.8,Dijkstra,0.998,False,0.0,True,,1,302.76276766704086,302.76276766704086,5,293.1475845391996,Optimal,True,Optimal,heuristic,0.00037401699955808
3,9,45,16,0.9,ILP,0.998,True,0.0,True,True,1,87.94094535442673,87.94094535442673,6,327.3854422157158,Optimal,True,Optimal,heuristic,0.1113797380021424
3,9,45,16,0.9,MILP,0.998,True,0.0,True,,1,87.94094535442673,87.94094535442673,6,327.3854422157158,Optimal,True,Optimal,heuristic,0.09519919099693652
3,9,45,16,0.9,Dijkstra,0.998,False,0.0,True,,1,214.82182231261413,214.82182231261413,5,293.1475845391996,Optimal,True,Optimal,heuristic,0.0003939500020351261
3,10,53,49,0.5,ILP,0.952,True,0.0,True,True,24,1650.4017570976312,222.8911286679512,5,215.915012269177,Optimal,True,Optimal,heuristic,0.33301517400104785
3,10,53,49,0.5,MILP,0.952,True,0.0,True,,24,1650.4017570976312,222.8911286679512,5,215.915012269177,Optimal,True,Optimal,heuristic,0.10431642300682142
3,10,53,49,0.5,Dijkstra,0.952,True,0.0,True,,24,1650.4017570976312,222.8911286679512,5,215.915012269177,Optimal,True,Optimal,heuristic,0.0004239920017425902
3,10,53,49,0.6,ILP,0.98,True,0.0,True,True,10,918.7197286821117,178.3129029343611,5,215.91501226917705,Optimal,True,Optimal,heuristic,0.16971549899608362
3,10,53,49,0.6,MILP,0.98,False,0.0,True,,10,918.719728682112,178.31290293436098,5,215.915012269177,Optimal,True,Optimal,heuristic,0.12962986899947282
3,10,53,49,0.6,Dijkstra,0.98,False,0.0,True,,10,918.719728682112,178.31290293436098,5,215.915012269177,Optimal,True,Optimal,heuristic,0.0003696179992402904
3,10,53,49,0.7,ILP,0.986,True,0.0,True,True,7,548.4384657839147,133.73467720077076,5,215.915012269177,Optimal,True,Optimal,heuristic,0.19120437699893955
3,10,53,49,0.7,MILP,0.986,False,0.0,True,,7,548.4384657839146,133.73467720077076,5,215.915012269177,Optimal,True,Optimal,heuristic,0.1271313690012903
3,10,53,49,0.7,Dijkstra,0.986,False,0.0,True,,7,548.4384657839146,133.73467720077076,5,215.915012269177,Optimal,True,Optimal,heuristic,0.0003556760057108477
3,10,53,49,0.8,ILP,0.99,True,0.0,True,True,5,293.79841449745624,89.15645146718043,5,215.915012269177,Optimal,True,Optimal,heuristic,0.18628298600378912
3,10,53,49,0.8,MILP,0.99,True,0.0,True,,5,293.79841449745624,89.15645146718043,5,215.915012269177,Optimal,True,Optimal,heuristic,0.11736803299572784
3,10,53,49,0.8,Dijkstra,0.99,True,0.0,True,,5,293.79841449745624,89.15645146718043,5,215.915012269177,Optimal,True,Optimal,heuristic,0.0003570620028767735
3,10,53,49,0.9,ILP,0.994,True,0.0,True,True,3,96.73752533279014,44.578225733590216,5,215.915012269177,Optimal,True,Optimal,heuristic,0.13706945800367976
3,10,53,49,0.9,MILP,0.994,True,0.0,True,,3,96.73752533279014,44.578225733590216,5,215.915012269177,Optimal,True,Optimal,heuristic,0.1081893719965592
3,10,53,49,0.9,Dijkstra,0.994,True,0.0,True,,3,96.73752533279014,44.578225733590216,5,215.915012269177,Optimal,True,Optimal,heuristic,0.0003733460034709424
3,11,1,32,0.5,ILP,0.962,True,0.0,True,True,19,816.1262306453125,112.92616214279873,3,55.24273375349976,Optimal,True,Optimal,heuristic,0.2173853179992875
3,11,1,32,0.5,MILP,0.962,True,0.0,True,,19,816.1262306453125,112.92616214279873,3,55.24273375349976,Optimal,True,Optimal,heuristic,0.14949737900315085
3,11,1,32,0.5,Dijkstra,0.962,True,0.0,True,,19,816.1262306453125,112.92616214279873,3,55.24273375349976,Optimal,True,Optimal,heuristic,0.0003719480009749532
3,11,1,32,0.6,ILP,0.976,True,0.0,True,True,12,432.5330915800246,90.34092971423897,3,55.24273375349976,Optimal,True,Optimal,heuristic,0.19361726500210352
3,11,1,32,0.6,MILP,0.976,False,0.0,True,,12,432.53309158002463,90.340929714239,3,55.24273375349976,Optimal,True,Optimal,heuristic,0.15146841000387212
3,11,1,32,0.6,Dijkstra,0.976,False,0.0,True,,12,432.53309158002463,90.340929714239,3,55.24273375349976,Optimal,True,Optimal,heuristic,0.0004022710054414347
3,11,1,32,0.7,ILP,0.986,True,0.0,True,True,7,234.91562837956633,67.75569728567925,3,55.24273375349976,Optimal,True,Optimal,heuristic,0.17567983100161655
3,11,1,32,0.7,MILP,0.986,True,0.0,True,,7,234.91562837956633,67.75569728567925,3,55.24273375349976,Optimal,True,Optimal,heuristic,0.1413603500041063
3,11,1,32,0.7,Dijkstra,0.986,True,0.0,True,,7,234.91562837956633,67.75569728567925,3,55.24273375349976,Optimal,True,Optimal,heuristic,0.0004569259981508367
3,11,1,32,0.8,ILP,0.99,True,0.0,True,True,5,101.02928059047795,45.17046485711947,3,55.24273375349976,Optimal,True,Optimal,heuristic,0.1865213679993758
3,11,1,32,0.8,MILP,0.99,False,0.0,True,,5,101.02928059047795,45.17046485711947,3,55.24273375349976,Optimal,True,Optimal,heuristic,0.1549265799985733
3,11,1,32,0.8,Dijkstra,0.99,False,0.0,True,,5,101.02928059047795,45.17046485711947,3,55.24273375349976,Optimal,True,Optimal,heuristic,0.00035723600012715906
3,11,1,32,0.9,ILP,0.994,True,0.0,True,True,3,32.719852985893226,22.58523242855975,3,55.24273375349976,Optimal,True,Optimal,heuristic,0.16408580100687686
3,11,1,32,0.9,MILP,0.994,True,0.0,True,,3,32.719852985893226,22.58523242855975,3,55.24273375349976,Optimal,True,Optimal,heuristic,0.14710081100201933
3,11,1,32,0.9,Dijkstra,0.994,True,0.0,True,,3,32.719852985893226,22.58523242855975,3,55.24273375349976,Optimal,True,Optimal,heuristic,0.0006312820041785017
3,12,59,32,0.5,ILP,0.986,True,0.0,True,True,7,306.5428314156086,142.3990806789729,2,48.85688821690988,Optimal,True,Optimal,heuristic,0.18170333900343394
3,12,59,32,0.5,MILP,0.986,True,0.0,True,,7,306.5428314156086,142.3990806789729,2,48.85688821690988,Optimal,True,Optimal,heuristic,0.1940370640004403
3,12,59,32,0.5,Dijkstra,0.986,True,0.0,True,,7,306.5428314156086,142.3990806789729,2,48.85688821690988,Optimal,True,Optimal,heuristic,0.00036273900332162157
3,12,59,32,0.6,ILP,0.992,True,0.0,True,True,4,163.55840282060754,113.91926454317831,2,48.85688821690988,Optimal,True,Optimal,heuristic,0.2437006729960558
3,12,59,32,0.6,MILP,0.992,False,0.0,True,,4,163.55840282060748,113.91926454317826,2,48.85688821690988,Optimal,True,Optimal,heuristic,0.1448884920027922
3,12,59,32,0.6,Dijkstra,0.992,True,0.0,True,,4,163.55840282060754,113.91926454317831,2,48.85688821690988,Optimal,True,Optimal,heuristic,0.00035985800059279427
3,12,59,32,0.7,ILP,0.998,True,0.0,True,True,1,85.43944840738374,85.43944840738374,1,48.85688821690987,Optimal,True,Optimal,heuristic,0.12894458600203507
3,12,59,32,0.7,MILP,0.998,False,0.0,True,,1,85.43944840738374,85.43944840738374,2,48.85688821690988,Optimal,True,Optimal,heuristic,0.1470593900012318
3,12,59,32,0.7,Dijkstra,0.998,False,0.0,True,,1,85.43944840738374,85.43944840738374,2,48.85688821690988,Optimal,True,Optimal,heuristic,0.0003401299982215278
3,12,59,32,0.8,ILP,0.998,True,0.0,True,True,1,56.95963227158913,56.95963227158913,2,48.85688821690988,Optimal,True,Optimal,heuristic,0.16116564399999334
3,12,59,32,0.8,MILP,0.998,True,0.0,True,,1,56.95963227158913,56.95963227158913,2,48.85688821690988,Optimal,True,Optimal,heuristic,0.13968311400094535
3,12,59,32,0.8,Dijkstra,0.998,True,0.0,True,,1,56.95963227158913,56.95963227158913,2,48.85688821690988,Optimal,True,Optimal,heuristic,0.0003419819986447692
3,12,59,32,0.9,ILP,0.998,True,0.0,True,True,1,28.47981613579458,28.47981613579458,2,48.85688821690988,Optimal,True,Optimal,heuristic,0.16718396799842594
3,12,59,32,0.9,MILP,0.998,True,0.0,True,,1,28.47981613579458,28.47981613579458,2,48.85688821690988,Optimal,True,Optimal,heuristic,0.13252545800060034
3,12,59,32,0.9,Dijkstra,0.998,True,0.0,True,,1,28.47981613579458,28.47981613579458,2,48.85688821690988,Optimal,True,Optimal,heuristic,0.00035208900226280093
3,13,32,16,0.5,ILP,0.994,True,0.0,True,True,3,726.8532244887728,610.3053591397286,8,328.2304498730252,Optimal,True,Optimal,heuristic,0.09227444299904164
3,13,32,16,0.5,MILP,0.994,True,0.0,True,,3,726.8532244887728,610.3053591397286,8,328.2304498730252,Optimal,True,Optimal,heuristic,0.07909361000201898
3,13,32,16,0.5,Dijkstra,0.994,True,0.0,True,,3,726.8532244887728,610.3053591397286,8,328.2304498730252,Optimal,True,Optimal,heuristic,0.00036094000097364187
3,13,32,16,0.6,ILP,0.998,True,0.0,True,True,1,488.24428731178284,488.24428731178284,8,328.2304498730252,Optimal,True,Optimal,heuristic,0.08726096600003075
3,13,32,16,0.6,MILP,0.998,True,0.0,True,,1,488.24428731178284,488.24428731178284,8,328.2304498730252,Optimal,True,Optimal,heuristic,0.07667159399716184
3,13,32,16,0.6,Dijkstra,0.998,True,0.0,True,,1,488.24428731178284,488.24428731178284,8,328.2304498730252,Optimal,True,Optimal,heuristic,0.00037810099456692114
3,13,32,16,0.7,ILP,0.998,True,0.0,True,True,1,366.1832154838372,366.1832154838372,8,328.2304498730252,Optimal,True,Optimal,heuristic,0.08068086900311755
3,13,32,16,0.7,MILP,0.998,True,0.0,True,,1,366.1832154838372,366.1832154838372,8,328.2304498730252,Optimal,True,Optimal,heuristic,0.11146432600071421
3,13,32,16,0.7,Dijkstra,0.998,True,0.0,True,,1,366.1832154838372,366.1832154838372,8,328.2304498730252,Optimal,True,Optimal,heuristic,0.00032578600075794384
3,13,32,16,0.8,ILP,0.998,True,0.0,True,True,1,244.12214365589148,244.12214365589148,8,328.2304498730252,Optimal,True,Optimal,heuristic,0.07563345500238938
3,13,32,16,0.8,MILP,0.998,True,0.0,True,,1,244.12214365589148,244.12214365589148,8,328.2304498730252,Optimal,True,Optimal,heuristic,0.07889843199518509
3,13,32,16,0.8,Dijkstra,0.998,True,0.0,True,,1,244.12214365589148,244.12214365589148,8,328.2304498730252,Optimal,True,Optimal,heuristic,0.0004855270017287694
3,13,32,16,0.9,ILP,0.998,True,0.0,True,True,1,232.83325164150915,232.83325164150915,10,475.5000808278608,Optimal,True,Optimal,heuristic,0.07715290600026492
3,13,32,16,0.9,MILP,0.998,False,0.0,True,,1,122.06107182794563,122.06107182794563,8,328.2304498730252,Optimal,True,Optimal,heuristic,0.06208288000198081
3,13,32,16,0.9,Dijkstra,0.998,False,0.0,True,,1,122.06107182794563,122.06107182794563,8,328.2304498730252,Optimal,True,Optimal,heuristic,0.0003406609976082109
3,14,19,21,0.5,ILP,0.92,True,0.0,True,True,40,4668.809595150729,392.39375562478585,9,491.07580006102125,Optimal,True,Optimal,heuristic,0.36786800200206926
3,14,19,21,0.5,MILP,0.92,True,0.0,True,,40,4668.809595150729,392.39375562478585,9,491.07580006102125,Optimal,True,Optimal,heuristic,0.11747716899844818
3,14,19,21,0.5,Dijkstra,0.92,True,0.0,True,,40,4668.809595150729,392.39375562478585,9,491.07580006102125,Optimal,True,Optimal,heuristic,0.0003947949953726493
3,14,19,21,0.6,ILP,0.958,True,0.0,True,True,21,2323.3534905474444,313.9150044998287,9,491.07580006102125,Optimal,True,Optimal,heuristic,0.23415535499952966
3,14,19,21,0.6,MILP,0.958,True,0.0,True,,21,2323.3534905474444,313.9150044998287,9,491.07580006102125,Optimal,True,Optimal,heuristic,0.09841408700594911
3,14,19,21,0.6,Dijkstra,0.958,True,0.0,True,,21,2323.3534905474444,313.9150044998287,9,491.07580006102125,Optimal,True,Optimal,heuristic,0.0003638339985627681
3,14,19,21,0.7,ILP,0.978,True,0.0,True,True,11,1199.2505282602806,235.4362533748715,9,491.07580006102125,Optimal,True,Optimal,heuristic,0.16845342000306118
3,14,19,21,0.7,MILP,0.978,True,0.0,True,,11,1199.2505282602806,235.4362533748715,9,491.07580006102125,Optimal,True,Optimal,heuristic,0.09842935100459727
3,14,19,21,0.7,Dijkstra,0.978,True,0.0,True,,11,1199.2505282602806,235.4362533748715,9,491.07580006102125,Optimal,True,Optimal,heuristic,0.0004307310009608045
3,14,19,21,0.8,ILP,0.99,True,0.0,True,True,5,516.2483672811302,156.95750224991434,9,491.07580006102125,Optimal,True,Optimal,heuristic,0.10883825699420413
3,14,19,21,0.8,MILP,0.99,True,0.0,True,,5,516.2483672811302,156.95750224991434,9,491.07580006102125,Optimal,True,Optimal,heuristic,0.09306731000106083
3,14,19,21,0.8,Dijkstra,0.99,True,0.0,True,,5,516.2483672811302,156.95750224991434,9,491.07580006102125,Optimal,True,Optimal,heuristic,0.0003844819948426448
3,14,19,21,0.9,ILP,0.994,True,0.0,True,True,3,178.56346317698285,78.47875112495717,9,491.07580006102125,Optimal,True,Optimal,heuristic,0.09677906800061464
3,14,19,21,0.9,MILP,0.994,True,0.0,True,,3,178.56346317698285,78.47875112495717,9,491.07580006102125,Optimal,True,Optimal,heuristic,0.09204603899706854
3,14,19,21,0.9,Dijkstra,0.994,True,0.0,True,,3,178.56346317698285,78.47875112495717,9,491.07580006102125,Optimal,True,Optimal,heuristic,0.0003961059992434457
3,15,41,63,0.5,ILP,0.884,True,0.0,True,True,58,3717.119974240047,257.84332582614826,7,302.282794820903,Optimal,True,Optimal,heuristic,1.4843699400007608
3,15,41,63,0.5,MILP,0.884,True,0.0,True,,58,3717.119974240047,257.84332582614826,7,302.282794820903,Optimal,True,Optimal,heuristic,0.33019020399660803
3,15,41,63,0.5,Dijkstra,0.884,True,0.0,True,,58,3717.119974240047,257.84332582614826,7,302.282794820903,Optimal,True,Optimal,heuristic,0.00038148099702084437
3,15,41,63,0.6,ILP,0.946,True,0.0,True,True,27,1605.4424393872926,206.27466066091864,7,302.282794820903,Optimal,True,Optimal,heuristic,0.8048355110004195
3,15,41,63,0.6,MILP,0.946,True,0.0,True,,27,1605.4424393872926,206.27466066091864,7,302.282794820903,Optimal,True,Optimal,heuristic,0.35279999500198755
3,15,41,63,0.6,Dijkstra,0.946,True,0.0,True,,27,1605.4424393872926,206.27466066091864,7,302.282794820903,Optimal,True,Optimal,heuristic,0.0003443710011197254
3,15,41,63,0.7,ILP,0.98,True,0.0,True,True,10,589.4816368277325,154.70599549568897,7,302.282794820903,Optimal,True,Optimal,heuristic,0.6975113649968989
3,15,41,63,0.7,MILP,0.98,True,0.0,True,,10,589.4816368277325,154.70599549568897,7,302.282794820903,Optimal,True,Optimal,heuristic,0.11063938800361939
3,15,41,63,0.7,Dijkstra,0.98,True,0.0,True,,10,589.4816368277325,154.70599549568897,7,302.282794820903,Optimal,True,Optimal,heuristic,0.0003791189956245944
3,15,41,63,0.8,ILP,0.99,True,0.0,True,True,5,197.9445500438478,103.13733033045924,7,302.282794820903,Optimal,True,Optimal,heuristic,0.30784867799957283
3,15,41,63,0.8,MILP,0.99,True,0.0,True,,5,197.9445500438478,103.13733033045924,7,302.282794820903,Optimal,True,Optimal,heuristic,0.10638005699729547
3,15,41,63,0.8,Dijkstra,0.99,True,0.0,True,,5,197.9445500438478,103.13733033045924,7,302.282794820903,Optimal,True,Optimal,heuristic,0.0003742019980563782
3,15,41,63,0.9,ILP,0.996,True,0.0,True,True,2,78.59897934537787,51.56866516522962,7,302.282794820903,Optimal,True,Optimal,heuristic,0.1545364779958618
3,15,41,63,0.9,MILP,0.996,True,0.0,True,,2,78.59897934537787,51.56866516522962,7,302.282794820903,Optimal,True,Optimal,heuristic,0.10504075400240254
3,15,41,63,0.9,Dijkstra,0.996,True,0.0,True,,2,78.59897934537787,51.56866516522962,7,302.282794820903,Optimal,True,Optimal,heuristic,0.00036142000317340717
3,16,41,60,0.5,ILP,0.888,True,0.0,True,True,56,3657.514180314322,251.34926024858544,6,259.81145917492296,Optimal,True,Optimal,heuristic,1.4224852020051912
3,16,41,60,0.5,MILP,0.888,False,0.0,True,,56,3657.5141803143233,251.34926024858555,5,259.81145917492296,Optimal,True,Optimal,heuristic,0.6292886899973382
3,16,41,60,0.5,Dijkstra,0.888,True,0.0,True,,56,3657.514180314322,251.34926024858544,6,259.81145917492296,Optimal,True,Optimal,heuristic,0.00034338100522290915
3,16,41,60,0.6,ILP,0.946,True,0.0,True,True,27,1616.6255442204406,201.07940819886835,6,259.81145917492296,Optimal,True,Optimal,heuristic,1.0963025640012347
3,16,41,60,0.6,MILP,0.946,True,0.0,True,,27,1616.6255442204406,201.07940819886835,6,259.81145917492296,Optimal,True,Optimal,heuristic,0.3710042759994394
3,16,41,60,0.6,Dijkstra,0.946,True,0.0,True,,27,1616.6255442204406,201.07940819886835,6,259.81145917492296,Optimal,True,Optimal,heuristic,0.00037809900095453486
3,16,41,60,0.7,ILP,0.974,True,0.0,True,True,13,627.2754035972687,150.80955614915126,6,259.81145917492296,Optimal,True,Optimal,heuristic,0.6509347899991553
3,16,41,60,0.7,MILP,0.974,False,0.0,True,,13,627.2754035972682,150.80955614915115,6,259.8114591749229,Optimal,True,Optimal,heuristic,0.19694877200527117
3,16,41,60,0.7,Dijkstra,0.974,True,0.0,True,,13,627.2754035972687,150.80955614915126,6,259.81145917492296,Optimal,True,Optimal,heuristic,0.0005001950048608705
3,16,41,60,0.8,ILP,0.992,True,0.0,True,True,4,226.8675907023527,100.53970409943412,6,259.81145917492296,Optimal,True,Optimal,heuristic,0.1741823319971445
3,16,41,60,0.8,MILP,0.992,True,0.0,True,,4,226.8675907023527,100.53970409943412,6,259.81145917492296,Optimal,True,Optimal,heuristic,0.1683919139977661
3,16,41,60,0.8,Dijkstra,0.992,True,0.0,True,,4,226.8675907023527,100.53970409943412,6,259.81145917492296,Optimal,True,Optimal,heuristic,0.0004537190034170635
3,16,41,60,0.9,ILP,0.996,True,0.0,True,True,2,99.86157680162034,50.26985204971709,6,259.81145917492296,Optimal,True,Optimal,heuristic,0.27177485699940007
3,16,41,60,0.9,MILP,0.996,False,0.0,True,,2,99.86157680162125,50.269852049717656,6,259.81145917492336,Optimal,True,Optimal,heuristic,0.15618365599948447
3,16,41,60,0.9,Dijkstra,0.996,True,0.0,True,,2,99.86157680162034,50.26985204971709,6,259.81145917492296,Optimal,True,Optimal,heuristic,0.0004356170029495843
3,17,44,45,0.5,ILP,0.984,True,0.0,True,True,8,1306.0559878446197,365.80864856312553,7,281.9342694238263,Optimal,True,Optimal,heuristic,0.11257310999644687
3,17,44,45,0.5,MILP,0.984,True,0.0,True,,8,1306.0559878446197,365.80864856312553,7,281.9342694238263,Optimal,True,Optimal,heuristic,0.11224399399361573
3,17,44,45,0.5,Dijkstra,0.984,True,0.0,True,,8,1306.0559878446197,365.80864856312553,7,281.9342694238263,Optimal,True,Optimal,heuristic,0.000416689996200148
3,17,44,45,0.6,ILP,0.99,True,0.0,True,True,5,845.3226466232015,292.64691885050047,7,281.9342694238263,Optimal,True,Optimal,heuristic,0.11329512300289935
3,17,44,45,0.6,MILP,0.99,False,0.0,True,,5,845.3226466232012,292.64691885050047,7,281.9342694238264,Optimal,True,Optimal,heuristic,0.10255694199440768
3,17,44,45,0.6,Dijkstra,0.99,True,0.0,True,,5,845.3226466232015,292.64691885050047,7,281.9342694238263,Optimal,True,Optimal,heuristic,0.0003438780040596612
3,17,44,45,0.7,ILP,0.992,True,0.0,True,True,4,515.2771943191332,219.4851891378753,7,281.9342694238263,Optimal,True,Optimal,heuristic,0.11341265399823897
3,17,44,45,0.7,MILP,0.992,True,0.0,True,,4,515.2771943191332,219.4851891378753,7,281.9342694238263,Optimal,True,Optimal,heuristic,0.10755293799593346
3,17,44,45,0.7,Dijkstra,0.992,True,0.0,True,,4,515.2771943191332,219.4851891378753,7,281.9342694238263,Optimal,True,Optimal,heuristic,0.00035373699938645586
3,17,44,45,0.8,ILP,0.996,True,0.0,True,True,2,257.6235304163358,146.32345942525023,7,281.9342694238263,Optimal,True,Optimal,heuristic,0.10941406300116796
3,17,44,45,0.8,MILP,0.996,False,0.0,True,,2,257.6235304163357,146.32345942525023,7,281.9342694238264,Optimal,True,Optimal,heuristic,0.10488513299787883
3,17,44,45,0.8,Dijkstra,0.996,True,0.0,True,,2,257.6235304163358,146.32345942525023,7,281.9342694238263,Optimal,True,Optimal,heuristic,0.00039827299769967794
3,17,44,45,0.9,ILP,0.996,True,0.0,True,True,2,125.87305099011166,106.75354910795545,9,433.9964261955925,Optimal,True,Optimal,heuristic,0.10866713599534705
3,17,44,45,0.9,MILP,0.996,False,0.0,True,,2,111.30007099108548,73.16172971262506,7,281.9342694238263,Optimal,True,Optimal,heuristic,0.10072523800045019
3,17,44,45,0.9,Dijkstra,0.996,False,0.0,True,,2,111.30007099108548,73.16172971262506,7,281.9342694238263,Optimal,True,Optimal,heuristic,0.0003649810023489408
3,18,13,35,0.5,ILP,0.948,True,0.0,True,True,26,857.7498815413294,125.8323491441638,1,87.94272542003309,Optimal,True,Optimal,heuristic,0.1670341639983235
3,18,13,35,0.5,MILP,0.948,True,0.0,True,,26,857.7498815413294,125.8323491441638,1,87.94272542003309,Optimal,True,Optimal,heuristic,0.1177790889996686
3,18,13,35,0.5,Dijkstra,0.948,True,0.0,True,,26,857.7498815413294,125.8323491441638,1,87.94272542003309,Optimal,True,Optimal,heuristic,0.00039190299867186695
3,18,13,35,0.6,ILP,0.97,True,0.0,True,True,15,400.77952699137063,100.66587931533104,1,87.94272542003309,Optimal,True,Optimal,heuristic,0.15445227199961664
3,18,13,35,0.6,MILP,0.97,True,0.0,True,,15,400.77952699137063,100.66587931533104,1,87.94272542003309,Optimal,True,Optimal,heuristic,0.11226386899943464
3,18,13,35,0.6,Dijkstra,0.97,True,0.0,True,,15,400.77952699137063,100.66587931533104,1,87.94272542003309,Optimal,True,Optimal,heuristic,0.0003720559980138205
3,18,13,35,0.7,ILP,0.988,True,0.0,True,True,6,107.59682140153532,75.49940948649828,1,87.94272542003309,Optimal,True,Optimal,heuristic,0.11678088700136868
3,18,13,35,0.7,MILP,0.988,True,0.0,True,,6,107.59682140153532,75.49940948649828,1,87.94272542003309,Optimal,True,Optimal,heuristic,0.11082370600342983
3,18,13,35,0.7,Dijkstra,0.988,True,0.0,True,,6,107.59682140153532,75.49940948649828,1,87.94272542003309,Optimal,True,Optimal,heuristic,0.0004229929982102476
3,18,13,35,0.8,ILP,0.998,True,0.0,True,True,1,50.33293965766552,50.33293965766552,1,87.94272542003309,Optimal,True,Optimal,heuristic,0.11236133099737344
3,18,13,35,0.8,MILP,0.998,True,0.0,True,,1,50.33293965766552,50.33293965766552,1,87.94272542003309,Optimal,True,Optimal,heuristic,0.1144713999965461
3,18,13,35,0.8,Dijkstra,0.998,True,0.0,True,,1,50.33293965766552,50.33293965766552,1,87.94272542003309,Optimal,True,Optimal,heuristic,0.0003349209946463816
3,18,13,35,0.9,ILP,0.998,True,0.0,True,True,1,25.16646982883276,25.16646982883276,1,87.94272542003309,Optimal,True,Optimal,heuristic,0.10953896800492657
3,18,13,35,0.9,MILP,0.998,True,0.0,True,,1,25.16646982883276,25.16646982883276,1,87.94272542003309,Optimal,True,Optimal,heuristic,0.11099508999905083
3,18,13,35,0.9,Dijkstra,0.998,True,0.0,True,,1,25.16646982883276,25.16646982883276,1,87.94272542003309,Optimal,True,Optimal,heuristic,0.0003897780043189414
3,19,11,24,0.5,ILP,0.842,True,0.0,True,True,79,1539.7534179712084,86.9561234177144,1,72.30015359494686,Optimal,True,Optimal,heuristic,0.3616129439978977
3,19,11,24,0.5,MILP,0.842,True,0.0,True,,79,1539.7534179712084,86.9561234177144,1,72.30015359494686,Optimal,True,Optimal,heuristic,0.13373591900017345
3,19,11,24,0.5,Dijkstra,0.842,True,0.0,True,,79,1539.7534179712084,86.9561234177144,1,72.30015359494686,Optimal,True,Optimal,heuristic,0.00037043799966340885
3,19,11,24,0.6,ILP,0.94,True,0.0,True,True,30,682.9657957349852,69.56489873417152,1,72.30015359494686,Optimal,True,Optimal,heuristic,0.17195843200170202
3,19,11,24,0.6,MILP,0.94,True,0.0,True,,30,682.9657957349852,69.56489873417152,1,72.30015359494686,Optimal,True,Optimal,heuristic,0.12021960099809803
3,19,11,24,0.6,Dijkstra,0.94,True,0.0,True,,30,682.9657957349852,69.56489873417152,1,72.30015359494686,Optimal,True,Optimal,heuristic,0.0003782380008487962
3,19,11,24,0.7,ILP,0.972,True,0.0,True,True,14,346.1939757915766,52.17367405062865,1,72.30015359494686,Optimal,True,Optimal,heuristic,0.152592384001764
3,19,11,24,0.7,MILP,0.972,True,0.0,True,,14,346.1939757915766,52.17367405062865,1,72.30015359494686,Optimal,True,Optimal,heuristic,0.11950803400395671
3,19,11,24,0.7,Dijkstra,0.972,True,0.0,True,,14,346.1939757915766,52.17367405062865,1,72.30015359494686,Optimal,True,Optimal,heuristic,0.0003601440039346926
3,19,11,24,0.8,ILP,0.98,True,0.0,True,True,10,129.7578214272444,34.782449367085746,1,72.30015359494686,Optimal,True,Optimal,heuristic,0.1484241300058784
3,19,11,24,0.8,MILP,0.98,True,0.0,True,,10,129.7578214272444,34.782449367085746,1,72.30015359494686,Optimal,True,Optimal,heuristic,0.11846317000163253
3,19,11,24,0.8,Dijkstra,0.98,True,0.0,True,,10,129.7578214272444,34.782449367085746,1,72.30015359494686,Optimal,True,Optimal,heuristic,0.00035527499858289957
3,19,11,24,0.9,ILP,0.994,True,0.0,True,True,3,25.926544611869417,17.391224683542873,1,72.30015359494686,Optimal,True,Optimal,heuristic,0.11478550999891013
3,19,11,24,0.9,MILP,0.994,True,0.0,True,,3,25.926544611869417,17.391224683542873,1,72.30015359494686,Optimal,True,Optimal,heuristic,0.11609020400646841
3,19,11,24,0.9,Dijkstra,0.994,True,0.0,True,,3,25.926544611869417,17.391224683542873,1,72.30015359494686,Optimal,True,Optimal,heuristic,0.000340930993843358
4,0,11,32,0.5,ILP,0.924,True,0.0,True,True,38,2010.645307042444,201.03542931264982,3,149.59972078150975,Optimal,True,Optimal,heuristic,0.9661551610042807
4,0,11,32,0.5,MILP,0.9,False,0.02400000000000002,False,,50,1655.5781146425697,135.39841172048418,6,170.58304527854156,Optimal,True,Optimal,heuristic,0.6294515980043798
4,0,11,32,0.5,Dijkstra,0.924,True,0.0,True,,38,2010.645307042444,201.03542931264982,3,149.59972078150975,Optimal,True,Optimal,heuristic,0.0003766289955819957
4,0,11,32,0.6,ILP,0.96,True,0.0,True,True,20,1219.894731426947,173.955746968553,3,149.59972078150975,Optimal,True,Optimal,heuristic,0.7327012210007524
4,0,11,32,0.6,MILP,0.948,False,0.01200000000000001,False,,26,668.6433265238351,108.3187293763873,6,170.5830452785415,Optimal,True,Optimal,heuristic,0.3963116019949666
4,0,11,32,0.6,Dijkstra,0.96,True,0.0,True,,20,1219.894731426947,173.955746968553,3,149.59972078150975,Optimal,True,Optimal,heuristic,0.00037296899972716346
4,0,11,32,0.7,ILP,0.982,True,0.0,True,True,9,205.04410979984902,81.2390470322905,6,170.5830452785415,Optimal,True,Optimal,heuristic,0.40487142000347376
4,0,11,32,0.7,MILP,0.982,False,0.0,True,,9,205.0441097998485,81.23904703229044,5,170.5830452785415,Optimal,True,Optimal,heuristic,0.24679046900564572
4,0,11,32,0.7,Dijkstra,0.972,False,0.010000000000000009,False,,14,786.8090961880049,146.8760646244562,3,149.59972078150975,Optimal,True,Optimal,heuristic,0.00037950299883959815
4,0,11,32,0.8,ILP,0.994,True,0.0,True,True,3,78.89356334520886,54.15936468819365,6,170.5830452785415,Optimal,True,Optimal,heuristic,0.17264036500273505
4,0,11,32,0.8,MILP,0.994,True,0.0,True,,3,78.89356334520886,54.15936468819365,6,170.5830452785415,Optimal,True,Optimal,heuristic,0.17384268999740016
4,0,11,32,0.8,Dijkstra,0.98,False,0.014000000000000012,False,,10,463.75429733505797,119.79638228035935,3,149.59972078150975,Optimal,True,Optimal,heuristic,0.00043296600051689893
4,0,11,32,0.9,ILP,0.998,True,0.0,True,True,1,27.07968234409708,27.07968234409708,6,170.58304527854156,Optimal,True,Optimal,heuristic,0.1541777309976169
4,0,11,32,0.9,MILP,0.998,False,0.0,True,,1,27.079682344096852,27.079682344096852,5,170.5830452785415,Optimal,True,Optimal,heuristic,0.1436676119992626
4,0,11,32,0.9,Dijkstra,0.99,False,0.008000000000000007,False,,5,275.28914436793343,92.71669993626256,3,149.59972078150975,Optimal,True,Optimal,heuristic,0.0003933460029656999
4,1,47,24,0.5,ILP,0.836,True,0.0,True,True,82,941.069793579993,57.95315185625486,2,90.83621057958506,Optimal,True,Optimal,heuristic,0.09574289699958172
4,1,47,24,0.5,MILP,0.836,True,0.0,True,,82,941.069793579993,57.95315185625486,2,90.83621057958506,Optimal,True,Optimal,heuristic,0.08779601500282297
4,1,47,24,0.5,Dijkstra,0.836,True,0.0,True,,82,941.069793579993,57.95315185625486,2,90.83621057958506,Optimal,True,Optimal,heuristic,0.0003482140018604696
4,1,47,24,0.6,ILP,0.9359999999999999,True,0.0,True,True,32,326.90019871907407,46.362521485003896,2,90.83621057958506,Optimal,True,Optimal,heuristic,0.09935291400324786
4,1,47,24,0.6,MILP,0.9359999999999999,True,0.0,True,,32,326.90019871907407,46.362521485003896,2,90.83621057958506,Optimal,True,Optimal,heuristic,0.09101054199709324
4,1,47,24,0.6,Dijkstra,0.9359999999999999,True,0.0,True,,32,326.90019871907407,46.362521485003896,2,90.83621057958506,Optimal,True,Optimal,heuristic,0.0003218500060029328
4,1,47,24,0.7,ILP,0.974,True,0.0,True,True,13,131.73590786821558,34.77189111375293,2,90.83621057958506,Optimal,True,Optimal,heuristic,0.09734655899956124
4,1,47,24,0.7,MILP,0.974,True,0.0,True,,13,131.73590786821558,34.77189111375293,2,90.83621057958506,Optimal,True,Optimal,heuristic,0.08899296799791045
4,1,47,24,0.7,Dijkstra,0.974,True,0.0,True,,13,131.73590786821558,34.77189111375293,2,90.83621057958506,Optimal,True,Optimal,heuristic,0.0003438060011831112
4,1,47,24,0.8,ILP,0.99,True,0.0,True,True,5,53.163005241679286,23.181260742501934,2,90.83621057958506,Optimal,True,Optimal,heuristic,0.09724155800358858
4,1,47,24,0.8,MILP,0.99,True,0.0,True,,5,53.163005241679286,23.181260742501934,2,90.83621057958506,Optimal,True,Optimal,heuristic,0.090662718997919
4,1,47,24,0.8,Dijkstra,0.99,True,0.0,True,,5,53.163005241679286,23.181260742501934,2,90.83621057958506,Optimal,True,Optimal,heuristic,0.0003853559974231757
4,1,47,24,0.9,ILP,0.996,True,0.0,True,True,2,15.58112046021131,11.590630371250967,2,90.83621057958506,Optimal,True,Optimal,heuristic,0.09844266000436619
4,1,47,24,0.9,MILP,0.996,True,0.0,True,,2,15.58112046021131,11.590630371250967,2,90.83621057958506,Optimal,True,Optimal,heuristic,0.09344295000482816
4,1,47,24,0.9,Dijkstra,0.996,True,0.0,True,,2,15.58112046021131,11.590630371250967,2,90.83621057958506,Optimal,True,Optimal,heuristic,0.0003942749972338788
4,2,24,16,0.5,ILP,0.978,True,0.0,True,True,11,1436.2805571780398,397.2500332851141,7,265.45468657429814,Optimal,True,Optimal,heuristic,0.09437243700085673
4,2,24,16,0.5,MILP,0.978,True,0.0,True,,11,1436.2805571780398,397.2500332851141,7,265.45468657429814,Optimal,True,Optimal,heuristic,0.08452825099811889
4,2,24,16,0.5,Dijkstra,0.978,True,0.0,True,,11,1436.2805571780398,397.2500332851141,7,265.45468657429814,Optimal,True,Optimal,heuristic,0.0004546019990812056
4,2,24,16,0.6,ILP,0.99,True,0.0,True,True,5,854.6224391777648,317.80002662809136,7,265.45468657429814,Optimal,True,Optimal,heuristic,0.08307990800676635
4,2,24,16,0.6,MILP,0.99,True,0.0,True,,5,854.6224391777648,317.80002662809136,7,265.45468657429814,Optimal,True,Optimal,heuristic,0.07330074300261913
4,2,24,16,0.6,Dijkstra,0.99,True,0.0,True,,5,854.6224391777648,317.80002662809136,7,265.45468657429814,Optimal,True,Optimal,heuristic,0.00033960499422391877
4,2,24,16,0.7,ILP,0.992,True,0.0,True,True,4,508.7676258888803,238.3500199710686,7,265.45468657429814,Optimal,True,Optimal,heuristic,0.08046630099852337
4,2,24,16,0.7,MILP,0.992,True,0.0,True,,4,508.7676258888803,238.3500199710686,7,265.45468657429814,Optimal,True,Optimal,heuristic,0.07389401099499082
4,2,24,16,0.7,Dijkstra,0.992,True,0.0,True,,4,508.7676258888803,238.3500199710686,7,265.45468657429814,Optimal,True,Optimal,heuristic,0.00033874799555633217
4,2,24,16,0.8,ILP,0.996,True,0.0,True,True,2,264.02715734626304,158.90001331404574,7,265.45468657429814,Optimal,True,Optimal,heuristic,0.07946028799779015
4,2,24,16,0.8,MILP,0.996,True,0.0,True,,2,264.02715734626304,158.90001331404574,7,265.45468657429814,Optimal,True,Optimal,heuristic,0.07056058500165818
4,2,24,16,0.8,Dijkstra,0.996,True,0.0,True,,2,264.02715734626304,158.90001331404574,7,265.45468657429814,Optimal,True,Optimal,heuristic,0.00038280599983409047
4,2,24,16,0.9,ILP,0.996,True,0.0,True,True,2,105.1271440322173,79.45000665702287,7,265.45468657429814,Optimal,True,Optimal,heuristic,0.0759191870020004
4,2,24,16,0.9,MILP,0.996,True,0.0,True,,2,105.1271440322173,79.45000665702287,7,265.45468657429814,Optimal,True,Optimal,heuristic,0.06807684999512276
4,2,24,16,0.9,Dijkstra,0.996,True,0.0,True,,2,105.1271440322173,79.45000665702287,7,265.45468657429814,Optimal,True,Optimal,heuristic,0.00033655900188023224
4,3,61,47,0.5,ILP,0.984,True,0.0,True,True,8,1675.5547437750452,806.663033140135,9,305.635848440868,Optimal,True,Optimal,heuristic,0.48932368099485757
4,3,61,47,0.5,MILP,0.984,False,0.0,True,,8,1675.554743775045,806.663033140135,9,305.635848440868,Optimal,True,Optimal,heuristic,0.3597474509952008
4,3,61,47,0.5,Dijkstra,0.984,True,0.0,True,,8,1675.5547437750452,806.663033140135,9,305.635848440868,Optimal,True,Optimal,heuristic,0.00041448800038779154
4,3,61,47,0.6,ILP,0.99,True,0.0,True,True,5,1179.5559532226837,727.598300736539,9,305.635848440868,Optimal,True,Optimal,heuristic,0.4293576940035564
4,3,61,47,0.6,MILP,0.986,False,0.0040000000000000036,False,,7,749.8168863278667,316.2589296143839,10,399.00103600353697,Optimal,True,Optimal,heuristic,0.32767199799855007
4,3,61,47,0.6,Dijkstra,0.99,True,0.0,True,,5,1179.5559532226837,727.598300736539,9,305.635848440868,Optimal,True,Optimal,heuristic,0.0003651750012068078
4,3,61,47,0.7,ILP,0.996,True,0.0,True,True,2,378.2235612121034,237.19419721078793,10,399.00103600353697,Optimal,True,Optimal,heuristic,0.1295114399981685
4,3,61,47,0.7,MILP,0.996,False,0.0,True,,2,378.22356121210316,237.19419721078793,10,399.001036003537,Optimal,True,Optimal,heuristic,0.17505354400054784
4,3,61,47,0.7,Dijkstra,0.994,False,0.0020000000000000018,False,,3,858.3380735394908,648.5335683329431,9,305.635848440868,Optimal,True,Optimal,heuristic,0.00037034099659649655
4,3,61,47,0.8,ILP,0.998,True,0.0,True,True,1,692.105492087981,692.105492087981,8,356.6421750888493,Optimal,True,Optimal,heuristic,0.1864822319985251
4,3,61,47,0.8,MILP,0.996,False,0.0020000000000000018,False,,2,220.09409640491162,158.129464807192,10,399.0010360035369,Optimal,True,Optimal,heuristic,0.18458826700225472
4,3,61,47,0.8,Dijkstra,0.996,False,0.0020000000000000018,False,,2,676.3898209012856,569.468835929347,9,305.635848440868,Optimal,True,Optimal,heuristic,0.00038071499875513837
4,3,61,47,0.9,ILP,0.998,True,0.0,True,True,1,759.9088607873792,759.9088607873792,8,408.7274280446741,Optimal,True,Optimal,heuristic,0.12208034499781206
4,3,61,47,0.9,MILP,0.998,False,0.0,True,,1,79.06473240359594,79.06473240359594,10,399.00103600353697,Optimal,True,Optimal,heuristic,0.11595582700101659
4,3,61,47,0.9,Dijkstra,0.996,False,0.0020000000000000018,False,,2,518.2603560940937,490.4041035257511,9,305.635848440868,Optimal,True,Optimal,heuristic,0.0004323510001995601
4,4,50,35,0.5,ILP,0.998,True,0.0,True,True,1,690.9696212342543,690.9696212342543,3,111.3477529960474,Optimal,True,Optimal,heuristic,0.08545999700436369
4,4,50,35,0.5,MILP,0.998,True,0.0,True,,1,690.9696212342543,690.9696212342543,3,111.3477529960474,Optimal,True,Optimal,heuristic,0.07995577300607692
4,4,50,35,0.5,Dijkstra,0.998,True,0.0,True,,1,690.9696212342543,690.9696212342543,3,111.3477529960474,Optimal,True,Optimal,heuristic,0.00033294499735347927
4,4,50,35,0.6,ILP,0.998,True,0.0,True,True,1,552.7756969874034,552.7756969874034,3,111.3477529960474,Optimal,True,Optimal,heuristic,0.08513974500237964
4,4,50,35,0.6,MILP,0.998,True,0.0,True,,1,552.7756969874034,552.7756969874034,3,111.3477529960474,Optimal,True,Optimal,heuristic,0.0765606540007866
4,4,50,35,0.6,Dijkstra,0.998,True,0.0,True,,1,552.7756969874034,552.7756969874034,3,111.3477529960474,Optimal,True,Optimal,heuristic,0.0003512309995130636
4,4,50,35,0.7,ILP,0.998,True,0.0,True,True,1,414.58177274055265,414.58177274055265,3,111.3477529960474,Optimal,True,Optimal,heuristic,0.07966617299825884
4,4,50,35,0.7,MILP,0.998,True,0.0,True,,1,414.58177274055265,414.58177274055265,3,111.3477529960474,Optimal,True,Optimal,heuristic,0.06815727800130844
4,4,50,35,0.7,Dijkstra,0.998,True,0.0,True,,1,414.58177274055265,414.58177274055265,3,111.3477529960474,Optimal,True,Optimal,heuristic,0.000325095999869518
4,4,50,35,0.8,ILP,0.998,True,0.0,True,True,1,276.38784849370177,276.38784849370177,3,111.3477529960474,Optimal,True,Optimal,heuristic,0.08011083699966548
4,4,50,35,0.8,MILP,0.998,True,0.0,True,,1,276.38784849370177,276.38784849370177,3,111.3477529960474,Optimal,True,Optimal,heuristic,0.07322321999527048
4,4,50,35,0.8,Dijkstra,0.998,True,0.0,True,,1,276.38784849370177,276.38784849370177,3,111.3477529960474,Optimal,True,Optimal,heuristic,0.0004050650022691116
4,4,50,35,0.9,ILP,0.998,True,0.0,True,True,1,584.118373583435,584.118373583435,12,489.9899660322479,Optimal,True,Optimal,heuristic,0.07372967099945527
4,4,50,35,0.9,MILP,0.998,False,0.0,True,,1,138.19392424685088,138.19392424685088,3,111.3477529960474,Optimal,True,Optimal,heuristic,0.0720730579996598
4,4,50,35,0.9,Dijkstra,0.998,False,0.0,True,,1,138.19392424685088,138.19392424685088,3,111.3477529960474,Optimal,True,Optimal,heuristic,0.0003633579981396906
4,5,62,50,0.5,ILP,0.966,True,0.0,True,True,17,689.8182721808271,210.70522329550693,3,158.28987695563694,Optimal,True,Optimal,heuristic,0.11359698599699186
4,5,62,50,0.5,MILP,0.966,True,0.0,True,,17,689.8182721808271,210.70522329550693,3,158.28987695563694,Optimal,True,Optimal,heuristic,0.09445677600160707
4,5,62,50,0.5,Dijkstra,0.966,True,0.0,True,,17,689.8182721808271,210.70522329550693,3,158.28987695563694,Optimal,True,Optimal,heuristic,0.00038425400271080434
4,5,62,50,0.6,ILP,0.994,True,0.0,True,True,3,382.9758846424507,168.56417863640553,3,158.28987695563694,Optimal,True,Optimal,heuristic,0.1056424239941407
4,5,62,50,0.6,MILP,0.994,True,0.0,True,,3,382.9758846424507,168.56417863640553,3,158.28987695563694,Optimal,True,Optimal,heuristic,0.08746644600614673
4,5,62,50,0.6,Dijkstra,0.994,True,0.0,True,,3,382.9758846424507,168.56417863640553,3,158.28987695563694,Optimal,True,Optimal,heuristic,0.0003511589966365136
4,5,62,50,0.7,ILP,0.994,True,0.0,True,True,3,256.5527506651465,126.42313397730413,3,158.28987695563694,Optimal,True,Optimal,heuristic,0.10128912699292414
4,5,62,50,0.7,MILP,0.994,True,0.0,True,,3,256.5527506651465,126.42313397730413,3,158.28987695563694,Optimal,True,Optimal,heuristic,0.08659801199974027
4,5,62,50,0.7,Dijkstra,0.994,True,0.0,True,,3,256.5527506651465,126.42313397730413,3,158.28987695563694,Optimal,True,Optimal,heuristic,0.00038881499494891614
4,5,62,50,0.8,ILP,0.994,True,0.0,True,True,3,130.12961668784232,84.28208931820274,3,158.28987695563694,Optimal,True,Optimal,heuristic,0.09923844800505321
4,5,62,50,0.8,MILP,0.994,True,0.0,True,,3,130.12961668784232,84.28208931820274,3,158.28987695563694,Optimal,True,Optimal,heuristic,0.0955810220038984
4,5,62,50,0.8,Dijkstra,0.994,True,0.0,True,,3,130.12961668784232,84.28208931820274,3,158.28987695563694,Optimal,True,Optimal,heuristic,0.0005302370045683347
4,5,62,50,0.9,ILP,0.996,True,0.0,True,True,2,43.692447467552654,42.1410446591014,3,158.28987695563694,Optimal,True,Optimal,heuristic,0.09799634499358945
4,5,62,50,0.9,MILP,0.996,True,0.0,True,,2,43.692447467552654,42.1410446591014,3,158.28987695563694,Optimal,True,Optimal,heuristic,0.08833547699759947
4,5,62,50,0.9,Dijkstra,0.996,True,0.0,True,,2,43.692447467552654,42.1410446591014,3,158.28987695563694,Optimal,True,Optimal,heuristic,0.00037687700387323275
4,6,32,44,0.5,ILP,0.996,True,0.0,True,True,2,724.945246111041,679.9536697196195,9,402.9161637949853,Optimal,True,Optimal,heuristic,0.09751228100503795
4,6,32,44,0.5,MILP,0.996,True,0.0,True,,2,724.945246111041,679.9536697196195,9,402.9161637949853,Optimal,True,Optimal,heuristic,0.08661325100547401
4,6,32,44,0.5,Dijkstra,0.996,True,0.0,True,,2,724.945246111041,679.9536697196195,9,402.9161637949853,Optimal,True,Optimal,heuristic,0.0004087390043423511
4,6,32,44,0.6,ILP,0.998,True,0.0,True,True,1,738.4777902975832,738.4777902975832,11,552.6145757056263,Optimal,True,Optimal,heuristic,0.08733388600376202
4,6,32,44,0.6,MILP,0.998,False,0.0,True,,1,543.9629357756955,543.9629357756955,9,402.9161637949853,Optimal,True,Optimal,heuristic,0.08207196399598615
4,6,32,44,0.6,Dijkstra,0.998,False,0.0,True,,1,543.9629357756955,543.9629357756955,9,402.9161637949853,Optimal,True,Optimal,heuristic,0.00037682299443986267
4,6,32,44,0.7,ILP,0.998,True,0.0,True,True,1,655.8320365508246,655.8320365508246,10,524.0983603591628,Optimal,True,Optimal,heuristic,0.08324437999544898
4,6,32,44,0.7,MILP,0.998,False,0.0,True,,1,407.9722018317716,407.9722018317716,9,402.9161637949853,Optimal,True,Optimal,heuristic,0.07361747699906118
4,6,32,44,0.7,Dijkstra,0.998,False,0.0,True,,1,407.9722018317716,407.9722018317716,9,402.9161637949853,Optimal,True,Optimal,heuristic,0.0003600839991122484
4,6,32,44,0.8,ILP,0.998,True,0.0,True,True,1,519.8413026069006,519.8413026069006,10,524.0983603591628,Optimal,True,Optimal,heuristic,0.1101733119940036
4,6,32,44,0.8,MILP,0.998,False,0.0,True,,1,271.98146788784766,271.98146788784766,9,402.9161637949853,Optimal,True,Optimal,heuristic,0.06605983199551702
4,6,32,44,0.8,Dijkstra,0.998,False,0.0,True,,1,271.98146788784766,271.98146788784766,9,402.9161637949853,Optimal,True,Optimal,heuristic,0.0005082770003355108
4,6,32,44,0.9,ILP,0.998,True,0.0,True,True,1,527.0305650820512,527.0305650820512,14,696.3317662101648,Optimal,True,Optimal,heuristic,0.07211443000414874
4,6,32,44,0.9,MILP,0.998,False,0.0,True,,1,135.99073394392394,135.99073394392394,9,402.9161637949853,Optimal,True,Optimal,heuristic,0.06260335400293116
4,6,32,44,0.9,Dijkstra,0.998,False,0.0,True,,1,135.99073394392394,135.99073394392394,9,402.9161637949853,Optimal,True,Optimal,heuristic,0.0003734210040420294
4,7,50,22,0.5,ILP,0.998,True,0.0,True,True,1,719.7357843810083,719.7357843810083,7,231.13590984589726,Optimal,True,Optimal,heuristic,0.0868758020005771
4,7,50,22,0.5,MILP,0.998,True,0.0,True,,1,719.7357843810083,719.7357843810083,7,231.13590984589726,Optimal,True,Optimal,heuristic,0.07785691900062375
4,7,50,22,0.5,Dijkstra,0.998,True,0.0,True,,1,719.7357843810083,719.7357843810083,7,231.13590984589726,Optimal,True,Optimal,heuristic,0.00034852500539273024
4,7,50,22,0.6,ILP,0.998,True,0.0,True,True,1,770.3034820266947,770.3034820266947,9,380.83432175653826,Optimal,True,Optimal,heuristic,0.08210568800132023
4,7,50,22,0.6,MILP,0.998,False,0.0,True,,1,575.7886275048066,575.7886275048066,7,231.13590984589726,Optimal,True,Optimal,heuristic,0.07357631999911973
4,7,50,22,0.6,Dijkstra,0.998,False,0.0,True,,1,575.7886275048066,575.7886275048066,7,231.13590984589726,Optimal,True,Optimal,heuristic,0.0004092480012332089
4,7,50,22,0.7,ILP,0.998,True,0.0,True,True,1,431.84147062860507,431.84147062860507,7,231.13590984589726,Optimal,True,Optimal,heuristic,0.07633854499727022
4,7,50,22,0.7,MILP,0.998,True,0.0,True,,1,431.84147062860507,431.84147062860507,7,231.13590984589726,Optimal,True,Optimal,heuristic,0.06583350800065091
4,7,50,22,0.7,Dijkstra,0.998,True,0.0,True,,1,431.84147062860507,431.84147062860507,7,231.13590984589726,Optimal,True,Optimal,heuristic,0.00033673799771349877
4,7,50,22,0.8,ILP,0.998,True,0.0,True,True,1,287.8943137524034,287.8943137524034,7,231.13590984589726,Optimal,True,Optimal,heuristic,0.07605542199598858
4,7,50,22,0.8,MILP,0.998,True,0.0,True,,1,287.8943137524034,287.8943137524034,7,231.13590984589726,Optimal,True,Optimal,heuristic,0.06575639400398359
4,7,50,22,0.8,Dijkstra,0.998,True,0.0,True,,1,287.8943137524034,287.8943137524034,7,231.13590984589726,Optimal,True,Optimal,heuristic,0.00034777799737639725
4,7,50,22,0.9,ILP,0.998,True,0.0,True,True,1,143.9471568762017,143.9471568762017,7,231.13590984589726,Optimal,True,Optimal,heuristic,0.07270895400142763
4,7,50,22,0.9,MILP,0.998,True,0.0,True,,1,143.9471568762017,143.9471568762017,7,231.13590984589726,Optimal,True,Optimal,heuristic,0.06473537900455995
4,7,50,22,0.9,Dijkstra,0.998,True,0.0,True,,1,143.9471568762017,143.9471568762017,7,231.13590984589726,Optimal,True,Optimal,heuristic,0.00034102900099242106
4,8,61,4,0.5,ILP,0.986,True,0.0,True,True,7,1562.9966056052954,821.6957874217337,9,294.9688730029468,Optimal,True,Optimal,heuristic,0.36518335500295507
4,8,61,4,0.5,MILP,0.966,False,0.020000000000000018,False,,17,1350.978468895536,386.30856161015595,10,388.3340605656157,Optimal,True,Optimal,heuristic,0.3254153669986408
4,8,61,4,0.5,Dijkstra,0.986,True,0.0,True,,7,1562.9966056052954,821.6957874217337,9,294.9688730029468,Optimal,True,Optimal,heuristic,0.00036918600380886346
4,8,61,4,0.6,ILP,0.99,True,0.0,True,True,5,1154.7780550844386,744.4340750997026,9,294.9688730029468,Optimal,True,Optimal,heuristic,0.3522468230003142
4,8,61,4,0.6,MILP,0.988,False,0.0020000000000000018,False,,6,564.6961141066795,309.04684928812435,10,388.3340605656157,Optimal,True,Optimal,heuristic,0.1583125100005418
4,8,61,4,0.6,Dijkstra,0.99,True,0.0,True,,5,1154.7780550844386,744.4340750997026,9,294.9688730029468,Optimal,True,Optimal,heuristic,0.0003877970011672005
4,8,61,4,0.7,ILP,0.996,True,0.0,True,True,2,245.0500775215985,231.78513696609355,10,388.33406056561563,Optimal,True,Optimal,heuristic,0.3610003979993053
4,8,61,4,0.7,MILP,0.996,False,0.0,True,,2,245.05007752159838,231.78513696609343,10,388.33406056561563,Optimal,True,Optimal,heuristic,0.12242477899417281
4,8,61,4,0.7,Dijkstra,0.994,False,0.0020000000000000018,False,,3,878.7404127275014,667.1723627776714,9,294.9688730029468,Optimal,True,Optimal,heuristic,0.00038110199966467917
4,8,61,4,0.8,ILP,0.998,True,0.0,True,True,1,154.5234246440623,154.5234246440623,10,388.3340605656157,Optimal,True,Optimal,heuristic,0.13540472400200088
4,8,61,4,0.8,MILP,0.998,True,0.0,True,,1,154.5234246440623,154.5234246440623,10,388.3340605656157,Optimal,True,Optimal,heuristic,0.12723821899999166
4,8,61,4,0.8,Dijkstra,0.996,False,0.0020000000000000018,False,,2,693.2255952644489,589.91065045564,9,294.9688730029468,Optimal,True,Optimal,heuristic,0.0004158989977440797
4,8,61,4,0.9,ILP,0.998,True,0.0,True,True,1,77.26171232203114,77.26171232203114,10,388.3340605656157,Optimal,True,Optimal,heuristic,0.17566429400176276
4,8,61,4,0.9,MILP,0.998,True,0.0,True,,1,77.26171232203114,77.26171232203114,10,388.3340605656157,Optimal,True,Optimal,heuristic,0.11771464800403919
4,8,61,4,0.9,Dijkstra,0.996,False,0.0020000000000000018,False,,2,538.7021706203866,512.6489381336089,9,294.9688730029468,Optimal,True,Optimal,heuristic,0.0004101899976376444
4,9,45,16,0.5,ILP,0.884,True,0.0,True,True,58,2023.4098210968164,148.19357687485834,5,183.07369094872138,Optimal,True,Optimal,heuristic,0.2187417640016065
4,9,45,16,0.5,MILP,0.884,True,0.0,True,,58,2023.4098210968164,148.19357687485834,5,183.07369094872138,Optimal,True,Optimal,heuristic,0.10074768400227185
4,9,45,16,0.5,Dijkstra,0.884,True,0.0,True,,58,2023.4098210968164,148.19357687485834,5,183.07369094872138,Optimal,True,Optimal,heuristic,0.00045651399705093354
4,9,45,16,0.6,ILP,0.944,True,0.0,True,True,28,720.5796225226172,118.55486149988667,5,183.07369094872138,Optimal,True,Optimal,heuristic,0.34698460799700115
4,9,45,16,0.6,MILP,0.944,False,0.0,True,,28,720.5796225226172,118.55486149988673,5,183.0736909487214,Optimal,True,Optimal,heuristic,0.11106771199411014
4,9,45,16,0.6,Dijkstra,0.944,True,0.0,True,,28,720.5796225226172,118.55486149988667,5,183.07369094872138,Optimal,True,Optimal,heuristic,0.0003547979940776713
4,9,45,16,0.7,ILP,0.984,True,0.0,True,True,8,330.1329629397383,88.91614612491503,5,183.07369094872132,Optimal,True,Optimal,heuristic,0.13828078000369715
4,9,45,16,0.7,MILP,0.984,False,0.0,True,,8,330.13296293973843,88.91614612491503,5,183.07369094872138,Optimal,True,Optimal,heuristic,0.11426598600519355
4,9,45,16,0.7,Dijkstra,0.984,False,0.0,True,,8,330.13296293973843,88.91614612491503,5,183.07369094872138,Optimal,True,Optimal,heuristic,0.00039351799932774156
4,9,45,16,0.8,ILP,0.992,True,0.0,True,True,4,129.05195027067714,59.27743074994328,5,183.07369094872138,Optimal,True,Optimal,heuristic,0.14179860999865923
4,9,45,16,0.8,MILP,0.992,True,0.0,True,,4,129.05195027067714,59.27743074994328,5,183.07369094872138,Optimal,True,Optimal,heuristic,0.10986232299910625
4,9,45,16,0.8,Dijkstra,0.992,True,0.0,True,,4,129.05195027067714,59.27743074994328,5,183.07369094872138,Optimal,True,Optimal,heuristic,0.0003916649948223494
4,9,45,16,0.9,ILP,0.996,True,0.0,True,True,2,41.96562868740966,29.63871537497164,5,183.07369094872135,Optimal,True,Optimal,heuristic,0.11764919800043572
4,9,45,16,0.9,MILP,0.996,False,0.0,True,,2,41.96562868740966,29.63871537497164,5,183.07369094872138,Optimal,True,Optimal,heuristic,0.0974130909962696
4,9,45,16,0.9,Dijkstra,0.996,False,0.0,True,,2,41.96562868740966,29.63871537497164,5,183.07369094872138,Optimal,True,Optimal,heuristic,0.0003304130004835315
4,10,53,49,0.5,ILP,0.996,True,0.0,True,True,2,570.8978493167942,288.1315550283033,5,197.4918226436047,Optimal,True,Optimal,heuristic,0.10198372300510528
4,10,53,49,0.5,MILP,0.996,True,0.0,True,,2,570.8978493167942,288.1315550283033,5,197.4918226436047,Optimal,True,Optimal,heuristic,0.09920821099512978
4,10,53,49,0.5,Dijkstra,0.996,True,0.0,True,,2,570.8978493167942,288.1315550283033,5,197.4918226436047,Optimal,True,Optimal,heuristic,0.0003244099934818223
4,10,53,49,0.6,ILP,0.996,True,0.0,True,True,2,455.6452273054731,230.50524402264273,5,197.4918226436047,Optimal,True,Optimal,heuristic,0.09775120000267634
4,10,53,49,0.6,MILP,0.996,True,0.0,True,,2,455.6452273054731,230.50524402264273,5,197.4918226436047,Optimal,True,Optimal,heuristic,0.09684419800032629
4,10,53,49,0.6,Dijkstra,0.996,True,0.0,True,,2,455.6452273054731,230.50524402264273,5,197.4918226436047,Optimal,True,Optimal,heuristic,0.0003286479986854829
4,10,53,49,0.7,ILP,0.996,True,0.0,True,True,2,340.39260529415174,172.87893301698205,5,197.4918226436047,Optimal,True,Optimal,heuristic,0.09747954300109996
4,10,53,49,0.7,MILP,0.996,True,0.0,True,,2,340.39260529415174,172.87893301698205,5,197.4918226436047,Optimal,True,Optimal,heuristic,0.09839668499625986
4,10,53,49,0.7,Dijkstra,0.996,True,0.0,True,,2,340.39260529415174,172.87893301698205,5,197.4918226436047,Optimal,True,Optimal,heuristic,0.0003193299999111332
4,10,53,49,0.8,ILP,0.996,True,0.0,True,True,2,225.13998328283037,115.25262201132136,5,197.4918226436047,Optimal,True,Optimal,heuristic,0.09757731799618341
4,10,53,49,0.8,MILP,0.996,True,0.0,True,,2,225.13998328283037,115.25262201132136,5,197.4918226436047,Optimal,True,Optimal,heuristic,0.09526766600174597
4,10,53,49,0.8,Dijkstra,0.996,True,0.0,True,,2,225.13998328283037,115.25262201132136,5,197.4918226436047,Optimal,True,Optimal,heuristic,0.0003233250026823953
4,10,53,49,0.9,ILP,0.996,True,0.0,True,True,2,109.88736127150901,57.62631100566068,5,197.4918226436047,Optimal,True,Optimal,heuristic,0.10101137599849608
4,10,53,49,0.9,MILP,0.996,True,0.0,True,,2,109.88736127150901,57.62631100566068,5,197.4918226436047,Optimal,True,Optimal,heuristic,0.09569178400124656
4,10,53,49,0.9,Dijkstra,0.996,True,0.0,True,,2,109.88736127150901,57.62631100566068,5,197.4918226436047,Optimal,True,Optimal,heuristic,0.00034597700141603127
4,11,1,32,0.5,ILP,0.968,True,0.0,True,True,16,524.3140258118451,138.62799147037097,3,62.63319104144672,Optimal,True,Optimal,heuristic,0.23623498500091955
4,11,1,32,0.5,MILP,0.968,True,0.0,True,,16,524.3140258118451,138.62799147037097,3,62.63319104144672,Optimal,True,Optimal,heuristic,0.14499701200111303
4,11,1,32,0.5,Dijkstra,0.968,True,0.0,True,,16,524.3140258118451,138.62799147037097,3,62.63319104144672,Optimal,True,Optimal,heuristic,0.00033484299638075754
4,11,1,32,0.6,ILP,0.988,True,0.0,True,True,6,215.2338269649863,110.90239317629678,3,62.63319104144672,Optimal,True,Optimal,heuristic,0.1530528760049492
4,11,1,32,0.6,MILP,0.988,True,0.0,True,,6,215.2338269649863,110.90239317629678,3,62.63319104144672,Optimal,True,Optimal,heuristic,0.1366319439985091
4,11,1,32,0.6,Dijkstra,0.988,True,0.0,True,,6,215.2338269649863,110.90239317629678,3,62.63319104144672,Optimal,True,Optimal,heuristic,0.0003154660007567145
4,11,1,32,0.7,ILP,0.994,True,0.0,True,True,3,98.15003374966562,83.1767948822226,3,62.63319104144672,Optimal,True,Optimal,heuristic,0.147218927006179
4,11,1,32,0.7,MILP,0.994,True,0.0,True,,3,98.15003374966562,83.1767948822226,3,62.63319104144672,Optimal,True,Optimal,heuristic,0.13740251700073713
4,11,1,32,0.7,Dijkstra,0.994,True,0.0,True,,3,98.15003374966562,83.1767948822226,3,62.63319104144672,Optimal,True,Optimal,heuristic,0.000346909997460898
4,11,1,32,0.8,ILP,0.998,True,0.0,True,True,1,55.45119658814838,55.45119658814838,3,62.63319104144672,Optimal,True,Optimal,heuristic,0.11786037000274519
4,11,1,32,0.8,MILP,0.998,True,0.0,True,,1,55.45119658814838,55.45119658814838,3,62.63319104144672,Optimal,True,Optimal,heuristic,0.12762181799917016
4,11,1,32,0.8,Dijkstra,0.998,True,0.0,True,,1,55.45119658814838,55.45119658814838,3,62.63319104144672,Optimal,True,Optimal,heuristic,0.0003827839973382652
4,11,1,32,0.9,ILP,0.998,True,0.0,True,True,1,27.72559829407419,27.72559829407419,3,62.63319104144672,Optimal,True,Optimal,heuristic,0.12930369700188749
4,11,1,32,0.9,MILP,0.998,True,0.0,True,,1,27.72559829407419,27.72559829407419,3,62.63319104144672,Optimal,True,Optimal,heuristic,0.12341443699551746
4,11,1,32,0.9,Dijkstra,0.998,True,0.0,True,,1,27.72559829407419,27.72559829407419,3,62.63319104144672,Optimal,True,Optimal,heuristic,0.00036039499536855146
4,12,59,32,0.5,ILP,0.948,True,0.0,True,True,26,1511.193849021106,157.3639039674963,2,59.13837505883594,Optimal,True,Optimal,heuristic,0.3402424340019934
4,12,59,32,0.5,MILP,0.948,True,0.0,True,,26,1511.193849021106,157.3639039674963,2,59.13837505883594,Optimal,True,Optimal,heuristic,0.22464504499657778
4,12,59,32,0.5,Dijkstra,0.948,True,0.0,True,,26,1511.193849021106,157.3639039674963,2,59.13837505883594,Optimal,True,Optimal,heuristic,0.0003215200049453415
4,12,59,32,0.6,ILP,0.968,True,0.0,True,True,16,868.1713802879688,125.89112317399707,2,59.13837505883594,Optimal,True,Optimal,heuristic,0.2456075489972136
4,12,59,32,0.6,MILP,0.968,True,0.0,True,,16,868.1713802879688,125.89112317399707,2,59.13837505883594,Optimal,True,Optimal,heuristic,0.19018932500330266
4,12,59,32,0.6,Dijkstra,0.968,True,0.0,True,,16,868.1713802879688,125.89112317399707,2,59.13837505883594,Optimal,True,Optimal,heuristic,0.0003316289948998019
4,12,59,32,0.7,ILP,0.978,True,0.0,True,True,11,458.28446352624815,94.41834238049779,2,59.13837505883594,Optimal,True,Optimal,heuristic,0.2530744899995625
4,12,59,32,0.7,MILP,0.978,True,0.0,True,,11,458.28446352624815,94.41834238049779,2,59.13837505883594,Optimal,True,Optimal,heuristic,0.208884305000538
4,12,59,32,0.7,Dijkstra,0.978,True,0.0,True,,11,458.28446352624815,94.41834238049779,2,59.13837505883594,Optimal,True,Optimal,heuristic,0.0003195929966750555
4,12,59,32,0.8,ILP,0.988,True,0.0,True,True,6,199.43262695665305,62.94556158699851,2,59.13837505883594,Optimal,True,Optimal,heuristic,0.20998803099791985
4,12,59,32,0.8,MILP,0.988,True,0.0,True,,6,199.43262695665305,62.94556158699851,2,59.13837505883594,Optimal,True,Optimal,heuristic,0.16981150400533807
4,12,59,32,0.8,Dijkstra,0.988,True,0.0,True,,6,199.43262695665305,62.94556158699851,2,59.13837505883594,Optimal,True,Optimal,heuristic,0.0003735599966603331
4,12,59,32,0.9,ILP,0.994,True,0.0,True,True,3,51.23549471654292,31.472780793499282,2,59.13837505883597,Optimal,True,Optimal,heuristic,0.2462311499984935
4,12,59,32,0.9,MILP,0.994,False,0.0,True,,3,51.23549471654292,31.472780793499282,2,59.13837505883594,Optimal,True,Optimal,heuristic,0.130046548001701
4,12,59,32,0.9,Dijkstra,0.994,False,0.0,True,,3,51.23549471654292,31.472780793499282,2,59.13837505883594,Optimal,True,Optimal,heuristic,0.0003352000057930127
4,13,32,16,0.5,ILP,0.998,True,0.0,True,True,1,674.3413827007126,674.3413827007126,8,348.35239221209383,Optimal,True,Optimal,heuristic,0.08790557100292062
4,13,32,16,0.5,MILP,0.998,True,0.0,True,,1,674.3413827007126,674.3413827007126,8,348.35239221209383,Optimal,True,Optimal,heuristic,0.07727716099907411
4,13,32,16,0.5,Dijkstra,0.998,True,0.0,True,,1,674.3413827007126,674.3413827007126,8,348.35239221209383,Optimal,True,Optimal,heuristic,0.0003674550025607459
4,13,32,16,0.6,ILP,0.998,True,0.0,True,True,1,733.987960682458,733.987960682458,10,498.05080412273475,Optimal,True,Optimal,heuristic,0.08264816999871982
4,13,32,16,0.6,MILP,0.998,False,0.0,True,,1,539.4731061605702,539.4731061605702,8,348.35239221209383,Optimal,True,Optimal,heuristic,0.07357734999823151
4,13,32,16,0.6,Dijkstra,0.998,False,0.0,True,,1,539.4731061605702,539.4731061605702,8,348.35239221209383,Optimal,True,Optimal,heuristic,0.00039093200030038133
4,13,32,16,0.7,ILP,0.998,True,0.0,True,True,1,599.1196841423157,599.1196841423157,10,498.05080412273475,Optimal,True,Optimal,heuristic,0.0791513650037814
4,13,32,16,0.7,MILP,0.998,False,0.0,True,,1,404.60482962042784,404.60482962042784,8,348.35239221209383,Optimal,True,Optimal,heuristic,0.10282200000074226
4,13,32,16,0.7,Dijkstra,0.998,False,0.0,True,,1,404.60482962042784,404.60482962042784,8,348.35239221209383,Optimal,True,Optimal,heuristic,0.00033218500175280496
4,13,32,16,0.8,ILP,0.998,True,0.0,True,True,1,269.73655308028515,269.73655308028515,8,348.35239221209383,Optimal,True,Optimal,heuristic,0.08384590599598596
4,13,32,16,0.8,MILP,0.998,True,0.0,True,,1,269.73655308028515,269.73655308028515,8,348.35239221209383,Optimal,True,Optimal,heuristic,0.07395974099927116
4,13,32,16,0.8,Dijkstra,0.998,True,0.0,True,,1,269.73655308028515,269.73655308028515,8,348.35239221209383,Optimal,True,Optimal,heuristic,0.0003539889949024655
4,13,32,16,0.9,ILP,0.998,True,0.0,True,True,1,134.86827654014246,134.86827654014246,8,348.35239221209383,Optimal,True,Optimal,heuristic,0.0802440360057517
4,13,32,16,0.9,MILP,0.998,True,0.0,True,,1,134.86827654014246,134.86827654014246,8,348.35239221209383,Optimal,True,Optimal,heuristic,0.06406489499931922
4,13,32,16,0.9,Dijkstra,0.998,True,0.0,True,,1,134.86827654014246,134.86827654014246,8,348.35239221209383,Optimal,True,Optimal,heuristic,0.0004196470035822131
4,14,19,21,0.5,ILP,0.988,True,0.0,True,True,6,1236.662355250075,810.3876629478743,9,466.2854154792924,Optimal,True,Optimal,heuristic,0.1375753789980081
4,14,19,21,0.5,MILP,0.988,True,0.0,True,,6,1236.662355250075,810.3876629478743,9,466.2854154792924,Optimal,True,Optimal,heuristic,0.09605312899657292
4,14,19,21,0.5,Dijkstra,0.988,True,0.0,True,,6,1236.662355250075,810.3876629478743,9,466.2854154792924,Optimal,True,Optimal,heuristic,0.0003920699964510277
4,14,19,21,0.6,ILP,0.994,True,0.0,True,True,3,831.5369372267891,722.5123705156229,9,466.2854154792924,Optimal,True,Optimal,heuristic,0.11733737099712016
4,14,19,21,0.6,MILP,0.994,True,0.0,True,,3,831.5369372267891,722.5123705156229,9,466.2854154792924,Optimal,True,Optimal,heuristic,0.10437783999805106
4,14,19,21,0.6,Dijkstra,0.994,True,0.0,True,,3,831.5369372267891,722.5123705156229,9,466.2854154792924,Optimal,True,Optimal,heuristic,0.0006313429985311814
4,14,19,21,0.7,ILP,0.998,True,0.0,True,True,1,634.6370780833715,634.6370780833715,9,466.2854154792924,Optimal,True,Optimal,heuristic,0.09787027099810075
4,14,19,21,0.7,MILP,0.988,False,0.010000000000000009,False,,6,518.3349821441191,263.6258772967542,15,653.8178536524975,Optimal,True,Optimal,heuristic,0.1153065329999663
4,14,19,21,0.7,Dijkstra,0.998,True,0.0,True,,1,634.6370780833715,634.6370780833715,9,466.2854154792924,Optimal,True,Optimal,heuristic,0.00036841000110143796
4,14,19,21,0.8,ILP,0.998,True,0.0,True,True,1,546.7617856511201,546.7617856511201,9,466.2854154792924,Optimal,True,Optimal,heuristic,0.09858424599951832
4,14,19,21,0.8,MILP,0.996,False,0.0020000000000000018,False,,2,248.74380664650448,175.7505848645028,15,653.8178536524975,Optimal,True,Optimal,heuristic,0.10437135300162481
4,14,19,21,0.8,Dijkstra,0.998,True,0.0,True,,1,546.7617856511201,546.7617856511201,9,466.2854154792924,Optimal,True,Optimal,heuristic,0.00037345300370361656
4,14,19,21,0.9,ILP,0.998,True,0.0,True,True,1,458.88649321886874,458.88649321886874,9,466.2854154792924,Optimal,True,Optimal,heuristic,0.10119545299676247
4,14,19,21,0.9,MILP,0.998,False,0.0,True,,1,87.87529243225163,87.87529243225163,15,653.8178536524975,Optimal,True,Optimal,heuristic,0.10470219599665143
4,14,19,21,0.9,Dijkstra,0.998,True,0.0,True,,1,458.88649321886874,458.88649321886874,9,466.2854154792924,Optimal,True,Optimal,heuristic,0.0003674449981190264
4,15,41,63,0.5,ILP,0.894,True,0.0,True,True,53,5760.007692958994,1084.2606667211212,7,351.55823486686245,Optimal,True,Optimal,heuristic,0.8509613070054911
4,15,41,63,0.5,MILP,0.876,False,0.018000000000000016,False,,62,3410.1745488405513,241.323613661354,7,372.04699427018556,Optimal,True,Optimal,heuristic,0.40029457800119417
4,15,41,63,0.5,Dijkstra,0.894,True,0.0,True,,53,5760.007692958994,1084.2606667211212,7,351.55823486686245,Optimal,True,Optimal,heuristic,0.00037647599674528465
4,15,41,63,0.6,ILP,0.948,True,0.0,True,True,26,1444.2532235014576,193.05889092908336,7,372.04699427018556,Optimal,True,Optimal,heuristic,0.7896025200025178
4,15,41,63,0.6,MILP,0.948,True,0.0,True,,26,1444.2532235014576,193.05889092908336,7,372.04699427018556,Optimal,True,Optimal,heuristic,0.1822952240036102
4,15,41,63,0.6,Dijkstra,0.9359999999999999,False,0.01200000000000001,False,,32,3738.2178877342376,1035.9959439888505,7,351.55823486686245,Optimal,True,Optimal,heuristic,0.00035870900319423527
4,15,41,63,0.7,ILP,0.98,True,0.0,True,True,10,625.9573559551214,144.7941681968125,7,372.04699427018556,Optimal,True,Optimal,heuristic,0.3466141719982261
4,15,41,63,0.7,MILP,0.98,True,0.0,True,,10,625.9573559551214,144.7941681968125,7,372.04699427018556,Optimal,True,Optimal,heuristic,0.12188485699880403
4,15,41,63,0.7,Dijkstra,0.964,False,0.016000000000000014,False,,18,2527.4208349950013,987.7312212565796,7,351.55823486686245,Optimal,True,Optimal,heuristic,0.0003554049981175922
4,15,41,63,0.8,ILP,0.99,True,0.0,True,True,5,243.1613221728295,96.5294454645416,7,372.04699427018556,Optimal,True,Optimal,heuristic,0.1585046690015588
4,15,41,63,0.8,MILP,0.99,True,0.0,True,,5,243.1613221728295,96.5294454645416,7,372.04699427018556,Optimal,True,Optimal,heuristic,0.10073317700152984
4,15,41,63,0.8,Dijkstra,0.976,False,0.014000000000000012,False,,12,1861.8674517776888,939.4664985243087,7,351.55823486686245,Optimal,True,Optimal,heuristic,0.0003518509984132834
4,15,41,63,0.9,ILP,0.996,True,0.0,True,True,2,54.81689108650016,48.26472273227091,7,372.04699427018556,Optimal,True,Optimal,heuristic,0.14390608800022164
4,15,41,63,0.9,MILP,0.996,True,0.0,True,,2,54.81689108650016,48.26472273227091,7,372.04699427018556,Optimal,True,Optimal,heuristic,0.10866651799733518
4,15,41,63,0.9,Dijkstra,0.982,False,0.014000000000000012,False,,9,1342.4703699557663,891.201775792038,7,351.55823486686245,Optimal,True,Optimal,heuristic,0.00042070899507962167
4,16,41,60,0.5,ILP,0.928,True,0.0,True,True,36,2096.6498664772207,226.70906191100892,6,285.23191990848454,Optimal,True,Optimal,heuristic,0.9636506360038766
4,16,41,60,0.5,MILP,0.928,True,0.0,True,,36,2096.6498664772207,226.70906191100892,6,285.23191990848454,Optimal,True,Optimal,heuristic,0.20571850499982247
4,16,41,60,0.5,Dijkstra,0.926,False,0.0020000000000000018,False,,37,4675.127836968741,1075.8470366511583,6,264.7431605051614,Optimal,True,Optimal,heuristic,0.0004023360015708022
4,16,41,60,0.6,ILP,0.966,True,0.0,True,True,17,987.135852867161,181.36724952880718,6,285.23191990848454,Optimal,True,Optimal,heuristic,0.4788320349980495
4,16,41,60,0.6,MILP,0.966,True,0.0,True,,17,987.135852867161,181.36724952880718,6,285.23191990848454,Optimal,True,Optimal,heuristic,0.11207856999681098
4,16,41,60,0.6,Dijkstra,0.95,False,0.016000000000000014,False,,25,3388.8861645029565,1030.5052242689567,6,264.7431605051614,Optimal,True,Optimal,heuristic,0.0003257549979025498
4,16,41,60,0.7,ILP,0.986,True,0.0,True,True,7,477.54442161998986,136.02543714661,6,285.2319199084885,Optimal,True,Optimal,heuristic,0.37150822800322203
4,16,41,60,0.7,MILP,0.986,False,0.0,True,,7,477.5444216199646,136.02543714660544,6,285.23191990848454,Optimal,True,Optimal,heuristic,0.11203128299530363
4,16,41,60,0.7,Dijkstra,0.972,False,0.014000000000000012,False,,14,2488.8506909651383,985.1634118867548,6,264.7431605051614,Optimal,True,Optimal,heuristic,0.0003490250019240193
4,16,41,60,0.8,ILP,0.992,True,0.0,True,True,4,245.37352805580338,90.68362476440359,6,285.23191990848454,Optimal,True,Optimal,heuristic,0.24131915400357684
4,16,41,60,0.8,MILP,0.992,True,0.0,True,,4,245.37352805580338,90.68362476440359,6,285.23191990848454,Optimal,True,Optimal,heuristic,0.10174981499585556
4,16,41,60,0.8,Dijkstra,0.978,False,0.014000000000000012,False,,11,1944.179920442135,939.821599504553,6,264.7431605051614,Optimal,True,Optimal,heuristic,0.0004034390003653243
4,16,41,60,0.9,ILP,0.994,True,0.0,True,True,3,78.45878203138295,45.34181238220185,6,285.23191990848454,Optimal,True,Optimal,heuristic,0.19825639900227543
4,16,41,60,0.9,MILP,0.994,True,0.0,True,,3,78.45878203138295,45.34181238220185,6,285.23191990848454,Optimal,True,Optimal,heuristic,0.0983145610007341
4,16,41,60,0.9,Dijkstra,0.98,False,0.014000000000000012,False,,10,1479.3693991473817,894.4797871223512,6,264.7431605051614,Optimal,True,Optimal,heuristic,0.00035692999517777935
4,17,44,45,0.5,ILP,0.97,True,0.0,True,True,15,1075.8092183347765,408.4096904602934,7,310.62707718451185,Optimal,True,Optimal,heuristic,0.11841779200040037
4,17,44,45,0.5,MILP,0.97,True,0.0,True,,15,1075.8092183347765,408.4096904602934,7,310.62707718451185,Optimal,True,Optimal,heuristic,0.09415312499913853
4,17,44,45,0.5,Dijkstra,0.97,True,0.0,True,,15,1075.8092183347765,408.4096904602934,7,310.62707718451185,Optimal,True,Optimal,heuristic,0.00035153399949194863
4,17,44,45,0.6,ILP,0.996,True,0.0,True,True,2,461.56533388158016,326.72775236823475,7,310.62707718451185,Optimal,True,Optimal,heuristic,0.09478066900192061
4,17,44,45,0.6,MILP,0.996,True,0.0,True,,2,461.56533388158016,326.72775236823475,7,310.62707718451185,Optimal,True,Optimal,heuristic,0.09973901299963472
4,17,44,45,0.6,Dijkstra,0.996,True,0.0,True,,2,461.56533388158016,326.72775236823475,7,310.62707718451185,Optimal,True,Optimal,heuristic,0.0003374419975443743
4,17,44,45,0.7,ILP,0.996,True,0.0,True,True,2,298.20145769746284,245.0458142761761,7,310.62707718451185,Optimal,True,Optimal,heuristic,0.10649837199889589
4,17,44,45,0.7,MILP,0.996,True,0.0,True,,2,298.20145769746284,245.0458142761761,7,310.62707718451185,Optimal,True,Optimal,heuristic,0.09830004799732706
4,17,44,45,0.7,Dijkstra,0.996,True,0.0,True,,2,298.20145769746284,245.0458142761761,7,310.62707718451185,Optimal,True,Optimal,heuristic,0.0004104789986740798
4,17,44,45,0.8,ILP,0.998,True,0.0,True,True,1,163.36387618411732,163.36387618411732,7,310.62707718451185,Optimal,True,Optimal,heuristic,0.10306850100459997
4,17,44,45,0.8,MILP,0.998,True,0.0,True,,1,163.36387618411732,163.36387618411732,7,310.62707718451185,Optimal,True,Optimal,heuristic,0.0898981400023331
4,17,44,45,0.8,Dijkstra,0.998,True,0.0,True,,1,163.36387618411732,163.36387618411732,7,310.62707718451185,Optimal,True,Optimal,heuristic,0.00034138500632252544
4,17,44,45,0.9,ILP,0.998,True,0.0,True,True,1,81.68193809205866,81.68193809205866,7,310.62707718451185,Optimal,True,Optimal,heuristic,0.09895651000260841
4,17,44,45,0.9,MILP,0.998,True,0.0,True,,1,81.68193809205866,81.68193809205866,7,310.62707718451185,Optimal,True,Optimal,heuristic,0.08686043899797369
4,17,44,45,0.9,Dijkstra,0.998,True,0.0,True,,1,81.68193809205866,81.68193809205866,7,310.62707718451185,Optimal,True,Optimal,heuristic,0.0003531989932525903
4,18,13,35,0.5,ILP,0.9,True,0.0,True,True,50,1006.1765236255078,83.06262688473825,1,63.97407900160669,Optimal,True,Optimal,heuristic,0.3327148349999334
4,18,13,35,0.5,MILP,0.9,True,0.0,True,,50,1006.1765236255078,83.06262688473825,1,63.97407900160669,Optimal,True,Optimal,heuristic,0.11925256699760212
4,18,13,35,0.5,Dijkstra,0.9,True,0.0,True,,50,1006.1765236255078,83.06262688473825,1,63.97407900160669,Optimal,True,Optimal,heuristic,0.0003905609992216341
4,18,13,35,0.6,ILP,0.956,True,0.0,True,True,22,419.4501167822786,66.4501015077906,1,63.97407900160669,Optimal,True,Optimal,heuristic,0.2002137430026778
4,18,13,35,0.6,MILP,0.956,True,0.0,True,,22,419.4501167822786,66.4501015077906,1,63.97407900160669,Optimal,True,Optimal,heuristic,0.11129277700092643
4,18,13,35,0.6,Dijkstra,0.956,True,0.0,True,,22,419.4501167822786,66.4501015077906,1,63.97407900160669,Optimal,True,Optimal,heuristic,0.00035474800097290426
4,18,13,35,0.7,ILP,0.982,True,0.0,True,True,9,153.84135157806494,49.83757613084296,1,63.97407900160669,Optimal,True,Optimal,heuristic,0.13036242900125217
4,18,13,35,0.7,MILP,0.982,True,0.0,True,,9,153.84135157806494,49.83757613084296,1,63.97407900160669,Optimal,True,Optimal,heuristic,0.11123225600022124
4,18,13,35,0.7,Dijkstra,0.982,True,0.0,True,,9,153.84135157806494,49.83757613084296,1,63.97407900160669,Optimal,True,Optimal,heuristic,0.0003517440054565668
4,18,13,35,0.8,ILP,0.994,True,0.0,True,True,3,54.121342953973794,33.22505075389529,1,63.97407900160669,Optimal,True,Optimal,heuristic,0.11872568399849115
4,18,13,35,0.8,MILP,0.994,True,0.0,True,,3,54.121342953973794,33.22505075389529,1,63.97407900160669,Optimal,True,Optimal,heuristic,0.11164011700020637
4,18,13,35,0.8,Dijkstra,0.994,True,0.0,True,,3,54.121342953973794,33.22505075389529,1,63.97407900160669,Optimal,True,Optimal,heuristic,0.00035618399851955473
4,18,13,35,0.9,ILP,0.998,True,0.0,True,True,1,16.612525376947644,16.612525376947644,1,63.97407900160669,Optimal,True,Optimal,heuristic,0.11275992899754783
4,18,13,35,0.9,MILP,0.998,True,0.0,True,,1,16.612525376947644,16.612525376947644,1,63.97407900160669,Optimal,True,Optimal,heuristic,0.11271054000098957
4,18,13,35,0.9,Dijkstra,0.998,True,0.0,True,,1,16.612525376947644,16.612525376947644,1,63.97407900160669,Optimal,True,Optimal,heuristic,0.00032458699570270255
4,19,11,24,0.5,ILP,0.714,True,0.0,True,True,143,1066.1561900641773,28.559152254930396,1,46.71618969317177,Optimal,True,Optimal,heuristic,0.47091724799975054
4,19,11,24,0.5,MILP,0.714,True,0.0,True,,143,1066.1561900641773,28.559152254930396,1,46.71618969317177,Optimal,True,Optimal,heuristic,0.13749738600017736
4,19,11,24,0.5,Dijkstra,0.714,True,0.0,True,,143,1066.1561900641773,28.559152254930396,1,46.71618969317177,Optimal,True,Optimal,heuristic,0.00033635099680395797
4,19,11,24,0.6,ILP,0.848,True,0.0,True,True,76,466.2316507590428,22.84732180394431,1,46.71618969317177,Optimal,True,Optimal,heuristic,0.4694838490031543
4,19,11,24,0.6,MILP,0.848,True,0.0,True,,76,466.2316507590428,22.84732180394431,1,46.71618969317177,Optimal,True,Optimal,heuristic,0.13331905499944696
4,19,11,24,0.6,Dijkstra,0.848,True,0.0,True,,76,466.2316507590428,22.84732180394431,1,46.71618969317177,Optimal,True,Optimal,heuristic,0.0004060540013597347
4,19,11,24,0.7,ILP,0.9359999999999999,True,0.0,True,True,32,169.53650671794497,17.13549135295824,1,46.71618969317177,Optimal,True,Optimal,heuristic,0.42270489799557254
4,19,11,24,0.7,MILP,0.9359999999999999,True,0.0,True,,32,169.53650671794497,17.13549135295824,1,46.71618969317177,Optimal,True,Optimal,heuristic,0.12130800600425573
4,19,11,24,0.7,Dijkstra,0.9359999999999999,True,0.0,True,,32,169.53650671794497,17.13549135295824,1,46.71618969317177,Optimal,True,Optimal,heuristic,0.0003892759996233508
4,19,11,24,0.8,ILP,0.972,True,0.0,True,True,14,51.38197567484433,11.423660901972156,1,46.71618969317177,Optimal,True,Optimal,heuristic,0.1653654120018473
4,19,11,24,0.8,MILP,0.972,True,0.0,True,,14,51.38197567484433,11.423660901972156,1,46.71618969317177,Optimal,True,Optimal,heuristic,0.1194686590024503
4,19,11,24,0.8,Dijkstra,0.972,True,0.0,True,,14,51.38197567484433,11.423660901972156,1,46.71618969317177,Optimal,True,Optimal,heuristic,0.0003725929927895777
4,19,11,24,0.9,ILP,0.994,True,0.0,True,True,3,11.646747808008342,5.711830450986071,1,46.71618969317177,Optimal,True,Optimal,heuristic,0.13993228099570842
4,19,11,24,0.9,MILP,0.994,True,0.0,True,,3,11.646747808008342,5.711830450986071,1,46.71618969317177,Optimal,True,Optimal,heuristic,0.12074208199919667
4,19,11,24,0.9,Dijkstra,0.994,True,0.0,True,,3,11.646747808008342,5.711830450986071,1,46.71618969317177,Optimal,True,Optimal,heuristic,0.0003416699983063154
5,0,11,32,0.5,ILP,0.854,True,0.0,True,True,73,2051.2826280048184,145.51515763317167,3,173.15475351828016,Optimal,True,Optimal,heuristic,2.707383300999936
5,0,11,32,0.5,MILP,0.854,True,0.0,True,,73,2051.2826280048184,145.51515763317167,3,173.15475351828016,Optimal,True,Optimal,heuristic,0.5311839330024668
5,0,11,32,0.5,Dijkstra,0.854,True,0.0,True,,73,2051.2826280048184,145.51515763317167,3,173.15475351828016,Optimal,True,Optimal,heuristic,0.00046589900011895224
5,0,11,32,0.6,ILP,0.946,True,0.0,True,True,27,794.4858774480562,116.41212610653713,3,173.15475351828007,Optimal,True,Optimal,heuristic,0.8027865740004927
5,0,11,32,0.6,MILP,0.946,False,0.0,True,,27,794.4858774480593,116.41212610653736,3,173.15475351828016,Optimal,True,Optimal,heuristic,0.3660176000048523
5,0,11,32,0.6,Dijkstra,0.946,False,0.0,True,,27,794.4858774480593,116.41212610653736,3,173.15475351828016,Optimal,True,Optimal,heuristic,0.00037453700497280806
5,0,11,32,0.7,ILP,0.982,True,0.0,True,True,9,288.007376330678,87.30909457990305,3,173.15475351828016,Optimal,True,Optimal,heuristic,0.6166006050043507
5,0,11,32,0.7,MILP,0.982,True,0.0,True,,9,288.007376330678,87.30909457990305,3,173.15475351828016,Optimal,True,Optimal,heuristic,0.20081104999553645
5,0,11,32,0.7,Dijkstra,0.982,True,0.0,True,,9,288.007376330678,87.30909457990305,3,173.15475351828016,Optimal,True,Optimal,heuristic,0.000367310996807646
5,0,11,32,0.8,ILP,0.994,True,0.0,True,True,3,125.29327901862928,58.20606305326868,3,173.15475351828016,Optimal,True,Optimal,heuristic,0.3282250100019155
5,0,11,32,0.8,MILP,0.994,True,0.0,True,,3,125.29327901862928,58.20606305326868,3,173.15475351828016,Optimal,True,Optimal,heuristic,0.1812023419988691
5,0,11,32,0.8,Dijkstra,0.994,True,0.0,True,,3,125.29327901862928,58.20606305326868,3,173.15475351828016,Optimal,True,Optimal,heuristic,0.0003723479967447929
5,0,11,32,0.9,ILP,0.996,True,0.0,True,True,2,49.65086815488155,29.10303152663431,3,173.15475351828016,Optimal,True,Optimal,heuristic,0.32099761899735313
5,0,11,32,0.9,MILP,0.996,True,0.0,True,,2,49.65086815488155,29.10303152663431,3,173.15475351828016,Optimal,True,Optimal,heuristic,0.15363709400116932
5,0,11,32,0.9,Dijkstra,0.996,True,0.0,True,,2,49.65086815488155,29.10303152663431,3,173.15475351828016,Optimal,True,Optimal,heuristic,0.00037188299756962806
5,1,47,24,0.5,ILP,0.85,True,0.0,True,True,75,2295.5504813017515,112.44290588846718,2,123.04048679773572,Optimal,True,Optimal,heuristic,0.10131230499973753
5,1,47,24,0.5,MILP,0.85,True,0.0,True,,75,2295.5504813017515,112.44290588846718,2,123.04048679773572,Optimal,True,Optimal,heuristic,0.09030510199954733
5,1,47,24,0.5,Dijkstra,0.85,True,0.0,True,,75,2295.5504813017515,112.44290588846718,2,123.04048679773572,Optimal,True,Optimal,heuristic,0.00038758099981350824
5,1,47,24,0.6,ILP,0.92,True,0.0,True,True,40,1105.1661766451775,89.95432471077373,2,123.04048679773572,Optimal,True,Optimal,heuristic,0.10029017300257692
5,1,47,24,0.6,MILP,0.92,True,0.0,True,,40,1105.1661766451775,89.95432471077373,2,123.04048679773572,Optimal,True,Optimal,heuristic,0.09114508000493515
5,1,47,24,0.6,Dijkstra,0.92,True,0.0,True,,40,1105.1661766451775,89.95432471077373,2,123.04048679773572,Optimal,True,Optimal,heuristic,0.0003506809953250922
5,1,47,24,0.7,ILP,0.964,True,0.0,True,True,18,474.01226309626827,67.46574353308031,2,123.04048679773572,Optimal,True,Optimal,heuristic,0.09934263199829729
5,1,47,24,0.7,MILP,0.964,True,0.0,True,,18,474.01226309626827,67.46574353308031,2,123.04048679773572,Optimal,True,Optimal,heuristic,0.09379133200127399
5,1,47,24,0.7,Dijkstra,0.964,True,0.0,True,,18,474.01226309626827,67.46574353308031,2,123.04048679773572,Optimal,True,Optimal,heuristic,0.0003581450000638142
5,1,47,24,0.8,ILP,0.982,True,0.0,True,True,9,159.96667464726093,44.97716235538687,2,123.04048679773572,Optimal,True,Optimal,heuristic,0.10571173900098074
5,1,47,24,0.8,MILP,0.982,True,0.0,True,,9,159.96667464726093,44.97716235538687,2,123.04048679773572,Optimal,True,Optimal,heuristic,0.09297445999982301
5,1,47,24,0.8,Dijkstra,0.982,True,0.0,True,,9,159.96667464726093,44.97716235538687,2,123.04048679773572,Optimal,True,Optimal,heuristic,0.0003322750053484924
5,1,47,24,0.9,ILP,0.992,True,0.0,True,True,4,49.95016637591283,22.48858117769342,2,123.04048679773572,Optimal,True,Optimal,heuristic,0.09376199899998028
5,1,47,24,0.9,MILP,0.992,True,0.0,True,,4,49.95016637591283,22.48858117769342,2,123.04048679773572,Optimal,True,Optimal,heuristic,0.0966187619997072
5,1,47,24,0.9,Dijkstra,0.992,True,0.0,True,,4,49.95016637591283,22.48858117769342,2,123.04048679773572,Optimal,True,Optimal,heuristic,0.0003495440032565966
5,2,24,16,0.5,ILP,0.986,True,0.0,True,True,7,787.1896147308519,485.6960592346793,7,208.07990436538148,Optimal,True,Optimal,heuristic,0.09021772399864858
5,2,24,16,0.5,MILP,0.986,True,0.0,True,,7,787.1896147308519,485.6960592346793,7,208.07990436538148,Optimal,True,Optimal,heuristic,0.07844345799821895
5,2,24,16,0.5,Dijkstra,0.986,True,0.0,True,,7,787.1896147308519,485.6960592346793,7,208.07990436538148,Optimal,True,Optimal,heuristic,0.00034680299722822383
5,2,24,16,0.6,ILP,0.994,True,0.0,True,True,3,538.5062294508858,434.7863100940598,7,208.07990436538148,Optimal,True,Optimal,heuristic,0.08648711400019238
5,2,24,16,0.6,MILP,0.994,True,0.0,True,,3,538.5062294508858,434.7863100940598,7,208.07990436538148,Optimal,True,Optimal,heuristic,0.07663285899616312
5,2,24,16,0.6,Dijkstra,0.994,True,0.0,True,,3,538.5062294508858,434.7863100940598,7,208.07990436538148,Optimal,True,Optimal,heuristic,0.0003378869951120578
5,2,24,16,0.7,ILP,0.996,True,0.0,True,True,2,402.8390305272352,383.8765609534403,7,208.07990436538148,Optimal,True,Optimal,heuristic,0.08853485799772898
5,2,24,16,0.7,MILP,0.996,True,0.0,True,,2,402.8390305272352,383.8765609534403,7,208.07990436538148,Optimal,True,Optimal,heuristic,0.07803445799800102
5,2,24,16,0.7,Dijkstra,0.996,True,0.0,True,,2,402.8390305272352,383.8765609534403,7,208.07990436538148,Optimal,True,Optimal,heuristic,0.0003549390021362342
5,2,24,16,0.8,ILP,0.998,True,0.0,True,True,1,332.96681181282077,332.96681181282077,7,208.07990436538148,Optimal,True,Optimal,heuristic,0.08879935899312841
5,2,24,16,0.8,MILP,0.988,False,0.010000000000000009,False,,6,269.7802017752862,101.81949828123891,9,346.2099595907389,Optimal,True,Optimal,heuristic,0.08043479000480147
5,2,24,16,0.8,Dijkstra,0.998,True,0.0,True,,1,332.96681181282077,332.96681181282077,7,208.07990436538148,Optimal,True,Optimal,heuristic,0.0003401079957257025
5,2,24,16,0.9,ILP,0.998,True,0.0,True,True,1,282.05706267220125,282.05706267220125,7,208.07990436538148,Optimal,True,Optimal,heuristic,0.0848765810005716
5,2,24,16,0.9,MILP,0.996,False,0.0020000000000000018,False,,2,72.26806078735376,50.90974914061951,9,346.2099595907389,Optimal,True,Optimal,heuristic,0.07812296900374349
5,2,24,16,0.9,Dijkstra,0.998,True,0.0,True,,1,282.05706267220125,282.05706267220125,7,208.07990436538148,Optimal,True,Optimal,heuristic,0.00035376899904804304
5,3,61,47,0.5,ILP,0.914,True,0.0,True,True,43,3612.6301927384775,259.6680432728647,9,257.52973291848383,Optimal,True,Optimal,heuristic,0.888017822006077
5,3,61,47,0.5,MILP,0.872,False,0.04200000000000004,False,,64,3066.483164194813,338.77179000935996,8,298.74645515019677,Optimal,True,Optimal,heuristic,0.462263258996245
5,3,61,47,0.5,Dijkstra,0.914,True,0.0,True,,43,3612.6301927384775,259.6680432728647,9,257.52973291848383,Optimal,True,Optimal,heuristic,0.00040775299567030743
5,3,61,47,0.6,ILP,0.962,True,0.0,True,True,19,1212.4542609319826,286.838181354787,8,298.74645515019677,Optimal,True,Optimal,heuristic,0.6184275449995766
5,3,61,47,0.6,MILP,0.962,False,0.0,True,,19,1212.4542609319792,286.83818135478657,8,298.74645515019677,Optimal,True,Optimal,heuristic,0.31762394399993354
5,3,61,47,0.6,Dijkstra,0.95,False,0.01200000000000001,False,,25,1883.4980867692923,207.73443461829174,9,257.52973291848383,Optimal,True,Optimal,heuristic,0.0003728580049937591
5,3,61,47,0.7,ILP,0.982,True,0.0,True,True,9,534.5463824581184,234.9045727002141,8,298.74645515019677,Optimal,True,Optimal,heuristic,0.6854091889981646
5,3,61,47,0.7,MILP,0.982,True,0.0,True,,9,534.5463824581184,234.9045727002141,8,298.74645515019677,Optimal,True,Optimal,heuristic,0.44459993499913253
5,3,61,47,0.7,Dijkstra,0.974,False,0.008000000000000007,False,,13,951.1005863617738,155.8008259637188,9,257.52973291848383,Optimal,True,Optimal,heuristic,0.0004078499987372197
5,3,61,47,0.8,ILP,0.992,True,0.0,True,True,4,222.82779015638266,182.97096404564115,8,298.74645515019677,Optimal,True,Optimal,heuristic,0.3824104239974986
5,3,61,47,0.8,MILP,0.992,True,0.0,True,,4,222.82779015638266,182.97096404564115,8,298.74645515019677,Optimal,True,Optimal,heuristic,0.372205268999096
5,3,61,47,0.8,Dijkstra,0.986,False,0.006000000000000005,False,,7,392.9494365397509,103.86721730914587,9,257.52973291848383,Optimal,True,Optimal,heuristic,0.0003520780010148883
5,3,61,47,0.9,ILP,0.998,True,0.0,True,True,1,131.03735539106822,131.03735539106822,8,298.74645515019677,Optimal,True,Optimal,heuristic,0.13644342699990375
5,3,61,47,0.9,MILP,0.998,False,0.0,True,,1,59.05205750534992,59.05205750534992,9,270.56031858536375,Optimal,True,Optimal,heuristic,0.13935585799481487
5,3,61,47,0.9,Dijkstra,0.994,False,0.0040000000000000036,False,,3,106.03140915410108,51.933608654572936,9,257.52973291848383,Optimal,True,Optimal,heuristic,0.0004106070045963861
5,4,50,35,0.5,ILP,0.978,True,0.0,True,True,11,798.9683606102979,178.2961851768175,3,76.05996053678784,Optimal,True,Optimal,heuristic,0.09608616799960146
5,4,50,35,0.5,MILP,0.978,True,0.0,True,,11,798.9683606102979,178.2961851768175,3,76.05996053678784,Optimal,True,Optimal,heuristic,0.08366922300047008
5,4,50,35,0.5,Dijkstra,0.978,True,0.0,True,,11,798.9683606102979,178.2961851768175,3,76.05996053678784,Optimal,True,Optimal,heuristic,0.000331887997162994
5,4,50,35,0.6,ILP,0.982,True,0.0,True,True,9,424.93719809864086,142.63694814145398,3,76.05996053678784,Optimal,True,Optimal,heuristic,0.08988278300239472
5,4,50,35,0.6,MILP,0.982,True,0.0,True,,9,424.93719809864086,142.63694814145398,3,76.05996053678784,Optimal,True,Optimal,heuristic,0.0807160800031852
5,4,50,35,0.6,Dijkstra,0.982,True,0.0,True,,9,424.93719809864086,142.63694814145398,3,76.05996053678784,Optimal,True,Optimal,heuristic,0.0003614669985836372
5,4,50,35,0.7,ILP,0.99,True,0.0,True,True,5,207.73811910752028,106.97771110609051,3,76.05996053678784,Optimal,True,Optimal,heuristic,0.08689597000193316
5,4,50,35,0.7,MILP,0.99,True,0.0,True,,5,207.73811910752028,106.97771110609051,3,76.05996053678784,Optimal,True,Optimal,heuristic,0.0811836150023737
5,4,50,35,0.7,Dijkstra,0.99,True,0.0,True,,5,207.73811910752028,106.97771110609051,3,76.05996053678784,Optimal,True,Optimal,heuristic,0.0003482309984974563
5,4,50,35,0.8,ILP,0.994,True,0.0,True,True,3,77.80067776030506,71.318474070727,3,76.05996053678784,Optimal,True,Optimal,heuristic,0.08532853600627277
5,4,50,35,0.8,MILP,0.994,True,0.0,True,,3,77.80067776030506,71.318474070727,3,76.05996053678784,Optimal,True,Optimal,heuristic,0.08076700999663444
5,4,50,35,0.8,Dijkstra,0.994,True,0.0,True,,3,77.80067776030506,71.318474070727,3,76.05996053678784,Optimal,True,Optimal,heuristic,0.000335240998538211
5,4,50,35,0.9,ILP,0.998,True,0.0,True,True,1,35.6592370353635,35.6592370353635,3,76.05996053678784,Optimal,True,Optimal,heuristic,0.08885553300206084
5,4,50,35,0.9,MILP,0.998,True,0.0,True,,1,35.6592370353635,35.6592370353635,3,76.05996053678784,Optimal,True,Optimal,heuristic,0.08052099899941823
5,4,50,35,0.9,Dijkstra,0.998,True,0.0,True,,1,35.6592370353635,35.6592370353635,3,76.05996053678784,Optimal,True,Optimal,heuristic,0.00035124499845551327
5,5,62,50,0.5,ILP,0.95,True,0.0,True,True,25,1472.6122505901253,213.4624913828673,3,159.12291529573054,Optimal,True,Optimal,heuristic,0.1006146260042442
5,5,62,50,0.5,MILP,0.95,True,0.0,True,,25,1472.6122505901253,213.4624913828673,3,159.12291529573054,Optimal,True,Optimal,heuristic,0.08556731900171144
5,5,62,50,0.5,Dijkstra,0.95,True,0.0,True,,25,1472.6122505901253,213.4624913828673,3,159.12291529573054,Optimal,True,Optimal,heuristic,0.00033032699866453186
5,5,62,50,0.6,ILP,0.978,True,0.0,True,True,11,732.7952717275919,170.7699931062939,3,159.12291529573054,Optimal,True,Optimal,heuristic,0.09802104900154518
5,5,62,50,0.6,MILP,0.978,True,0.0,True,,11,732.7952717275919,170.7699931062939,3,159.12291529573054,Optimal,True,Optimal,heuristic,0.08916905599471647
5,5,62,50,0.6,Dijkstra,0.978,True,0.0,True,,11,732.7952717275919,170.7699931062939,3,159.12291529573054,Optimal,True,Optimal,heuristic,0.00037084700306877494
5,5,62,50,0.7,ILP,0.99,True,0.0,True,True,5,387.29510317620395,128.07749482972042,3,159.12291529573054,Optimal,True,Optimal,heuristic,0.0971298900039983
5,5,62,50,0.7,MILP,0.99,True,0.0,True,,5,387.29510317620395,128.07749482972042,3,159.12291529573054,Optimal,True,Optimal,heuristic,0.08834826800011797
5,5,62,50,0.7,Dijkstra,0.99,True,0.0,True,,5,387.29510317620395,128.07749482972042,3,159.12291529573054,Optimal,True,Optimal,heuristic,0.00032757099688751623
5,5,62,50,0.8,ILP,0.992,True,0.0,True,True,4,184.5104386857007,85.38499655314689,3,159.12291529573054,Optimal,True,Optimal,heuristic,0.0963313050015131
5,5,62,50,0.8,MILP,0.992,True,0.0,True,,4,184.5104386857007,85.38499655314689,3,159.12291529573054,Optimal,True,Optimal,heuristic,0.08500649400230031
5,5,62,50,0.8,Dijkstra,0.992,True,0.0,True,,4,184.5104386857007,85.38499655314689,3,159.12291529573054,Optimal,True,Optimal,heuristic,0.00033704700035741553
5,5,62,50,0.9,ILP,0.996,True,0.0,True,True,2,47.54165384448464,42.692498276573474,3,159.12291529573054,Optimal,True,Optimal,heuristic,0.09238179800013313
5,5,62,50,0.9,MILP,0.996,True,0.0,True,,2,47.54165384448464,42.692498276573474,3,159.12291529573054,Optimal,True,Optimal,heuristic,0.08661949200177332
5,5,62,50,0.9,Dijkstra,0.996,True,0.0,True,,2,47.54165384448464,42.692498276573474,3,159.12291529573054,Optimal,True,Optimal,heuristic,0.00033548699866514653
5,6,32,44,0.5,ILP,0.956,True,0.0,True,True,22,1561.83976479073,301.7718990171152,9,370.58519892613486,Optimal,True,Optimal,heuristic,0.16151984400494257
5,6,32,44,0.5,MILP,0.956,True,0.0,True,,22,1561.83976479073,301.7718990171152,9,370.58519892613486,Optimal,True,Optimal,heuristic,0.09093740100070136
5,6,32,44,0.5,Dijkstra,0.956,True,0.0,True,,22,1561.83976479073,301.7718990171152,9,370.58519892613486,Optimal,True,Optimal,heuristic,0.00036136099515715614
5,6,32,44,0.6,ILP,0.978,True,0.0,True,True,11,807.2621460752047,251.5323980940118,9,370.58519892613486,Optimal,True,Optimal,heuristic,0.12213990800228203
5,6,32,44,0.6,MILP,0.978,False,0.0,True,,11,807.2621460752047,251.5323980940118,9,370.58519892613486,Optimal,True,Optimal,heuristic,0.09527807700214908
5,6,32,44,0.6,Dijkstra,0.978,True,0.0,True,,11,807.2621460752047,251.5323980940118,9,370.58519892613486,Optimal,True,Optimal,heuristic,0.0004210979968775064
5,6,32,44,0.7,ILP,0.988,True,0.0,True,True,6,437.9030489745056,201.2928971709082,9,370.58519892613486,Optimal,True,Optimal,heuristic,0.11681625100027304
5,6,32,44,0.7,MILP,0.988,True,0.0,True,,6,437.9030489745056,201.2928971709082,9,370.58519892613486,Optimal,True,Optimal,heuristic,0.08534550000331365
5,6,32,44,0.7,Dijkstra,0.988,True,0.0,True,,6,437.9030489745056,201.2928971709082,9,370.58519892613486,Optimal,True,Optimal,heuristic,0.0003485199995338917
5,6,32,44,0.8,ILP,0.994,True,0.0,True,True,3,215.02962801407148,100.47900184620698,10,433.7164717983429,Optimal,True,Optimal,heuristic,0.12496048399771098
5,6,32,44,0.8,MILP,0.994,False,0.0,True,,3,215.02962801407148,100.47900184620698,10,433.716471798343,Optimal,True,Optimal,heuristic,0.08431442199798767
5,6,32,44,0.8,Dijkstra,0.994,False,0.0,True,,3,249.8856101164181,151.05339624780459,9,370.58519892613486,Optimal,True,Optimal,heuristic,0.00036024700239067897
5,6,32,44,0.9,ILP,0.996,True,0.0,True,True,2,121.28400935514992,100.8138953247011,9,370.58519892613486,Optimal,True,Optimal,heuristic,0.08426172100007534
5,6,32,44,0.9,MILP,0.996,False,0.0,True,,2,70.45555340791225,50.23950092310349,10,433.716471798343,Optimal,True,Optimal,heuristic,0.08101302300201496
5,6,32,44,0.9,Dijkstra,0.996,True,0.0,True,,2,121.28400935514992,100.8138953247011,9,370.58519892613486,Optimal,True,Optimal,heuristic,0.000423667996074073
5,7,50,22,0.5,ILP,0.912,True,0.0,True,True,44,2970.04390675835,272.4443168954301,7,236.0069268136995,Optimal,True,Optimal,heuristic,0.09577499300212367
5,7,50,22,0.5,MILP,0.912,True,0.0,True,,44,2970.04390675835,272.4443168954301,7,236.0069268136995,Optimal,True,Optimal,heuristic,0.07391484200343257
5,7,50,22,0.5,Dijkstra,0.912,True,0.0,True,,44,2970.04390675835,272.4443168954301,7,236.0069268136995,Optimal,True,Optimal,heuristic,0.00039222500345204026
5,7,50,22,0.6,ILP,0.962,True,0.0,True,True,19,1340.95637933911,217.95545351634405,7,236.0069268136995,Optimal,True,Optimal,heuristic,0.09871354599454207
5,7,50,22,0.6,MILP,0.962,True,0.0,True,,19,1340.95637933911,217.95545351634405,7,236.0069268136995,Optimal,True,Optimal,heuristic,0.07580497999879299
5,7,50,22,0.6,Dijkstra,0.962,True,0.0,True,,19,1340.95637933911,217.95545351634405,7,236.0069268136995,Optimal,True,Optimal,heuristic,0.0003492460018605925
5,7,50,22,0.7,ILP,0.976,True,0.0,True,True,12,555.239973296482,163.4665901372581,7,236.0069268136995,Optimal,True,Optimal,heuristic,0.08761624899489107
5,7,50,22,0.7,MILP,0.976,True,0.0,True,,12,555.239973296482,163.4665901372581,7,236.0069268136995,Optimal,True,Optimal,heuristic,0.07270061100280145
5,7,50,22,0.7,Dijkstra,0.976,True,0.0,True,,12,555.239973296482,163.4665901372581,7,236.0069268136995,Optimal,True,Optimal,heuristic,0.00034607600537128747
5,7,50,22,0.8,ILP,0.994,True,0.0,True,True,3,208.60135389572383,108.97772675817203,7,236.0069268136995,Optimal,True,Optimal,heuristic,0.08854831899952842
5,7,50,22,0.8,MILP,0.994,True,0.0,True,,3,208.60135389572383,108.97772675817203,7,236.0069268136995,Optimal,True,Optimal,heuristic,0.07555642000079388
5,7,50,22,0.8,Dijkstra,0.994,True,0.0,True,,3,208.60135389572383,108.97772675817203,7,236.0069268136995,Optimal,True,Optimal,heuristic,0.0003854850001516752
5,7,50,22,0.9,ILP,0.996,True,0.0,True,True,2,81.9228387995164,54.48886337908607,7,236.0069268136995,Optimal,True,Optimal,heuristic,0.08436795099987648
5,7,50,22,0.9,MILP,0.996,True,0.0,True,,2,81.9228387995164,54.48886337908607,7,236.0069268136995,Optimal,True,Optimal,heuristic,0.07671233200380811
5,7,50,22,0.9,Dijkstra,0.996,True,0.0,True,,2,81.9228387995164,54.48886337908607,7,236.0069268136995,Optimal,True,Optimal,heuristic,0.0003890230000251904
5,8,61,4,0.5,ILP,0.958,True,0.0,True,True,21,1646.5724929723383,423.4036582222959,9,249.10525513493468,Optimal,True,Optimal,heuristic,1.1109087439981522
5,8,61,4,0.5,MILP,0.958,True,0.0,True,,21,1646.5724929723383,423.4036582222959,9,249.10525513493468,Optimal,True,Optimal,heuristic,0.4134279810023145
5,8,61,4,0.5,Dijkstra,0.958,True,0.0,True,,21,1646.5724929723383,423.4036582222959,9,249.10525513493468,Optimal,True,Optimal,heuristic,0.00036715000169351697
5,8,61,4,0.6,ILP,0.982,True,0.0,True,True,9,937.6138302107482,373.02703880808593,9,249.10525513493468,Optimal,True,Optimal,heuristic,0.5631824969968875
5,8,61,4,0.6,MILP,0.982,True,0.0,True,,9,937.6138302107482,373.02703880808593,9,249.10525513493468,Optimal,True,Optimal,heuristic,0.4693154459964717
5,8,61,4,0.6,Dijkstra,0.982,True,0.0,True,,9,937.6138302107482,373.02703880808593,9,249.10525513493468,Optimal,True,Optimal,heuristic,0.0003687610005727038
5,8,61,4,0.7,ILP,0.99,True,0.0,True,True,5,615.8511189884953,322.6504193938759,9,249.10525513493468,Optimal,True,Optimal,heuristic,0.6246766539989039
5,8,61,4,0.7,MILP,0.986,False,0.0040000000000000036,False,,7,579.2106816246369,198.84281512430772,8,277.2913916997678,Optimal,True,Optimal,heuristic,0.4716341489984188
5,8,61,4,0.7,Dijkstra,0.99,True,0.0,True,,5,615.8511189884953,322.6504193938759,9,249.10525513493468,Optimal,True,Optimal,heuristic,0.0005681959955836646
5,8,61,4,0.8,ILP,0.994,True,0.0,True,True,3,339.97279209410544,148.46619571009762,8,277.2913916997678,Optimal,True,Optimal,heuristic,0.35937629899854073
5,8,61,4,0.8,MILP,0.988,False,0.006000000000000005,False,,6,305.8291298830429,216.05367653262988,9,340.42266457197593,Optimal,True,Optimal,heuristic,0.4196678279986372
5,8,61,4,0.8,Dijkstra,0.994,False,0.0,True,,3,385.9124075180447,272.2737999796658,9,249.10525513493468,Optimal,True,Optimal,heuristic,0.00044063199311494827
5,8,61,4,0.9,ILP,0.998,True,0.0,True,True,1,165.67705711841995,165.67705711841995,9,340.42266457197593,Optimal,True,Optimal,heuristic,0.3748452840009122
5,8,61,4,0.9,MILP,0.992,False,0.006000000000000005,False,,4,138.21796863718646,51.15546512276842,10,312.2365280071428,Optimal,True,Optimal,heuristic,0.5006185700040078
5,8,61,4,0.9,Dijkstra,0.994,False,0.0040000000000000036,False,,3,234.7825492754149,221.89718056545587,9,249.10525513493468,Optimal,True,Optimal,heuristic,0.0003817630058620125
5,9,45,16,0.5,ILP,0.914,True,0.0,True,True,43,2224.587177005038,179.71312062576953,5,196.18063347152028,Optimal,True,Optimal,heuristic,0.2184229369959212
5,9,45,16,0.5,MILP,0.914,True,0.0,True,,43,2224.587177005038,179.71312062576953,5,196.18063347152028,Optimal,True,Optimal,heuristic,0.1081905099999858
5,9,45,16,0.5,Dijkstra,0.914,True,0.0,True,,43,2224.587177005038,179.71312062576953,5,196.18063347152028,Optimal,True,Optimal,heuristic,0.0004385409993119538
5,9,45,16,0.6,ILP,0.952,True,0.0,True,True,24,1036.4634627438575,143.77049650061565,5,196.18063347152028,Optimal,True,Optimal,heuristic,0.171069392003119
5,9,45,16,0.6,MILP,0.952,True,0.0,True,,24,1036.4634627438575,143.77049650061565,5,196.18063347152028,Optimal,True,Optimal,heuristic,0.09549156799766934
5,9,45,16,0.6,Dijkstra,0.952,True,0.0,True,,24,1036.4634627438575,143.77049650061565,5,196.18063347152028,Optimal,True,Optimal,heuristic,0.0003814049996435642
5,9,45,16,0.7,ILP,0.978,True,0.0,True,True,11,438.6305258105824,107.82787237546171,5,196.18063347152028,Optimal,True,Optimal,heuristic,0.14095930400071666
5,9,45,16,0.7,MILP,0.978,True,0.0,True,,11,438.6305258105824,107.82787237546171,5,196.18063347152028,Optimal,True,Optimal,heuristic,0.09502746000362094
5,9,45,16,0.7,Dijkstra,0.978,True,0.0,True,,11,438.6305258105824,107.82787237546171,5,196.18063347152028,Optimal,True,Optimal,heuristic,0.0004149999949731864
5,9,45,16,0.8,ILP,0.988,True,0.0,True,True,6,133.74528691770058,71.88524825030777,5,196.18063347152028,Optimal,True,Optimal,heuristic,0.12744116900285007
5,9,45,16,0.8,MILP,0.988,True,0.0,True,,6,133.74528691770058,71.88524825030777,5,196.18063347152028,Optimal,True,Optimal,heuristic,0.0951771340041887
5,9,45,16,0.8,Dijkstra,0.988,True,0.0,True,,6,133.74528691770058,71.88524825030777,5,196.18063347152028,Optimal,True,Optimal,heuristic,0.0003545380022842437
5,9,45,16,0.9,ILP,0.996,True,0.0,True,True,2,36.74366527177176,35.942624125153884,5,196.18063347152028,Optimal,True,Optimal,heuristic,0.10172246400179574
5,9,45,16,0.9,MILP,0.996,True,0.0,True,,2,36.74366527177176,35.942624125153884,5,196.18063347152028,Optimal,True,Optimal,heuristic,0.09518622700124979
5,9,45,16,0.9,Dijkstra,0.996,True,0.0,True,,2,36.74366527177176,35.942624125153884,5,196.18063347152028,Optimal,True,Optimal,heuristic,0.00033738800266291946
5,10,53,49,0.5,ILP,0.9359999999999999,True,0.0,True,True,32,1594.753549548851,219.2705586404403,5,261.1197587497184,Optimal,True,Optimal,heuristic,0.38735841100424295
5,10,53,49,0.5,MILP,0.9359999999999999,False,0.0,True,,32,1594.753549548851,219.2705586404403,5,261.1197587497184,Optimal,True,Optimal,heuristic,0.13581998999870848
5,10,53,49,0.5,Dijkstra,0.9359999999999999,True,0.0,True,,32,1594.753549548851,219.2705586404403,5,261.1197587497184,Optimal,True,Optimal,heuristic,0.00041154400241794065
5,10,53,49,0.6,ILP,0.978,True,0.0,True,True,11,679.8027558459438,175.41644691235228,5,261.1197587497184,Optimal,True,Optimal,heuristic,0.18403549899812788
5,10,53,49,0.6,MILP,0.978,True,0.0,True,,11,679.8027558459438,175.41644691235228,5,261.1197587497184,Optimal,True,Optimal,heuristic,0.13844867100124247
5,10,53,49,0.6,Dijkstra,0.978,True,0.0,True,,11,679.8027558459438,175.41644691235228,5,261.1197587497184,Optimal,True,Optimal,heuristic,0.0005623469987767749
5,10,53,49,0.7,ILP,0.99,True,0.0,True,True,5,376.7875429353283,131.5623351842642,5,261.1197587497184,Optimal,True,Optimal,heuristic,0.12920688199665165
5,10,53,49,0.7,MILP,0.99,True,0.0,True,,5,376.7875429353283,131.5623351842642,5,261.1197587497184,Optimal,True,Optimal,heuristic,0.11843562799913343
5,10,53,49,0.7,Dijkstra,0.99,True,0.0,True,,5,376.7875429353283,131.5623351842642,5,261.1197587497184,Optimal,True,Optimal,heuristic,0.0004467859980650246
5,10,53,49,0.8,ILP,0.992,True,0.0,True,True,4,191.01048303839195,87.70822345617609,5,261.1197587497184,Optimal,True,Optimal,heuristic,0.14658931599842617
5,10,53,49,0.8,MILP,0.992,True,0.0,True,,4,191.01048303839195,87.70822345617609,5,261.1197587497184,Optimal,True,Optimal,heuristic,0.12326302300061798
5,10,53,49,0.8,Dijkstra,0.992,True,0.0,True,,4,191.01048303839195,87.70822345617609,5,261.1197587497184,Optimal,True,Optimal,heuristic,0.0003517539953463711
5,10,53,49,0.9,ILP,0.996,True,0.0,True,True,2,49.67425871988155,43.85411172808813,5,261.1197587497184,Optimal,True,Optimal,heuristic,0.12739520399918547
5,10,53,49,0.9,MILP,0.996,True,0.0,True,,2,49.67425871988155,43.85411172808813,5,261.1197587497184,Optimal,True,Optimal,heuristic,0.11657666500104824
5,10,53,49,0.9,Dijkstra,0.996,True,0.0,True,,2,49.67425871988155,43.85411172808813,5,261.1197587497184,Optimal,True,Optimal,heuristic,0.00037137400067877024
5,11,1,32,0.5,ILP,0.98,True,0.0,True,True,10,566.1180887943867,148.44527563672872,3,51.70078569879677,Optimal,True,Optimal,heuristic,0.20919285000127275
5,11,1,32,0.5,MILP,0.98,True,0.0,True,,10,566.1180887943867,148.44527563672872,3,51.70078569879677,Optimal,True,Optimal,heuristic,0.16867175799416145
5,11,1,32,0.5,Dijkstra,0.98,True,0.0,True,,10,566.1180887943867,148.44527563672872,3,51.70078569879677,Optimal,True,Optimal,heuristic,0.00038439600029960275
5,11,1,32,0.6,ILP,0.986,True,0.0,True,True,7,324.2325345789004,118.75622050938298,3,51.70078569879677,Optimal,True,Optimal,heuristic,0.22679132200573804
5,11,1,32,0.6,MILP,0.986,False,0.0,True,,7,324.23253457889604,118.75622050938208,3,51.700785698797034,Optimal,True,Optimal,heuristic,0.16657474899693625
5,11,1,32,0.6,Dijkstra,0.986,True,0.0,True,,7,324.2325345789004,118.75622050938298,3,51.70078569879677,Optimal,True,Optimal,heuristic,0.000413483998272568
5,11,1,32,0.7,ILP,0.992,True,0.0,True,True,4,238.46649332968366,133.8404847780632,3,105.9247200473558,Optimal,True,Optimal,heuristic,0.16567454300093232
5,11,1,32,0.7,MILP,0.992,False,0.0,True,,4,164.6811908033874,89.06716538203702,3,51.700785698796885,Optimal,True,Optimal,heuristic,0.15533300599781796
5,11,1,32,0.7,Dijkstra,0.992,False,0.0,True,,4,164.68119080338815,89.06716538203725,3,51.70078569879677,Optimal,True,Optimal,heuristic,0.00035058399953413755
5,11,1,32,0.8,ILP,0.996,True,0.0,True,True,2,88.98085974049678,59.37811025469145,3,51.70078569879677,Optimal,True,Optimal,heuristic,0.16256140399491414
5,11,1,32,0.8,MILP,0.996,False,0.0,True,,2,88.9808597404969,59.37811025469151,3,51.700785698796764,Optimal,True,Optimal,heuristic,0.1334466300031636
5,11,1,32,0.8,Dijkstra,0.996,True,0.0,True,,2,88.98085974049678,59.37811025469145,3,51.70078569879677,Optimal,True,Optimal,heuristic,0.000379802004317753
5,11,1,32,0.9,ILP,0.998,True,0.0,True,True,1,74.4623745233717,74.4623745233717,3,105.9247200473558,Optimal,True,Optimal,heuristic,0.1290447870051139
5,11,1,32,0.9,MILP,0.998,False,0.0,True,,1,29.68905512734574,29.68905512734574,3,51.70078569879677,Optimal,True,Optimal,heuristic,0.13041577600233722
5,11,1,32,0.9,Dijkstra,0.998,False,0.0,True,,1,29.68905512734574,29.68905512734574,3,51.70078569879677,Optimal,True,Optimal,heuristic,0.0003962909977417439
5,12,59,32,0.5,ILP,0.968,True,0.0,True,True,16,1917.0377265471798,784.3329052555881,2,60.16078408857951,Optimal,True,Optimal,heuristic,0.651019154000096
5,12,59,32,0.5,MILP,0.942,False,0.026000000000000023,False,,29,1201.4296082824467,173.01109548097904,4,122.05213540431961,Optimal,True,Optimal,heuristic,0.5536914739932399
5,12,59,32,0.5,Dijkstra,0.968,False,0.0,True,,16,1917.0377265471798,784.3329052555881,2,60.16078408857952,Optimal,True,Optimal,heuristic,0.0005327609978849068
5,12,59,32,0.6,ILP,0.982,True,0.0,True,True,9,1499.886130496357,749.7306861593923,2,60.16078408857952,Optimal,True,Optimal,heuristic,0.433183763998386
5,12,59,32,0.6,MILP,0.968,False,0.014000000000000012,False,,16,514.1723710806064,138.4088763847833,4,122.0521354043198,Optimal,True,Optimal,heuristic,0.5065079310006695
5,12,59,32,0.6,Dijkstra,0.982,True,0.0,True,,9,1499.886130496357,749.7306861593923,2,60.16078408857952,Optimal,True,Optimal,heuristic,0.00035288999788463116
5,12,59,32,0.7,ILP,0.996,True,0.0,True,True,2,169.199680789943,103.80665728858747,4,122.05213540431961,Optimal,True,Optimal,heuristic,0.21223482699861052
5,12,59,32,0.7,MILP,0.996,False,0.0,True,,2,169.19968078994253,103.80665728858759,3,122.05213540431924,Optimal,True,Optimal,heuristic,0.1646577720021014
5,12,59,32,0.7,Dijkstra,0.988,False,0.008000000000000007,False,,6,1235.9422581835297,715.1284670631966,2,60.16078408857952,Optimal,True,Optimal,heuristic,0.00034189799771411344
5,12,59,32,0.8,ILP,0.996,True,0.0,True,True,2,99.99524259755123,69.20443819239159,4,122.05213540431961,Optimal,True,Optimal,heuristic,0.21638196000276366
5,12,59,32,0.8,MILP,0.996,False,0.0,True,,2,99.99524259755134,69.20443819239165,3,122.05213540431959,Optimal,True,Optimal,heuristic,0.20514631900005043
5,12,59,32,0.8,Dijkstra,0.988,False,0.008000000000000007,False,,6,1028.3289436063544,680.5262479670007,2,60.16078408857952,Optimal,True,Optimal,heuristic,0.0003554799986886792
5,12,59,32,0.9,ILP,0.998,True,0.0,True,True,1,34.602219096195824,34.602219096195824,3,122.05213540431959,Optimal,True,Optimal,heuristic,0.17483491099847015
5,12,59,32,0.9,MILP,0.998,False,0.0,True,,1,34.60221909619537,34.60221909619537,3,122.05213540432041,Optimal,True,Optimal,heuristic,0.20273241399991093
5,12,59,32,0.9,Dijkstra,0.992,False,0.006000000000000005,False,,4,857.330391327571,645.9240288708049,2,60.16078408857952,Optimal,True,Optimal,heuristic,0.00034497600427130237
5,13,32,16,0.5,ILP,0.876,True,0.0,True,True,62,4449.623933420373,270.7970192268446,8,328.87730803689453,Optimal,True,Optimal,heuristic,0.12345446600374999
5,13,32,16,0.5,MILP,0.876,True,0.0,True,,62,4449.623933420373,270.7970192268446,8,328.87730803689453,Optimal,True,Optimal,heuristic,0.07252210399747128
5,13,32,16,0.5,Dijkstra,0.876,True,0.0,True,,62,4449.623933420373,270.7970192268446,8,328.87730803689453,Optimal,True,Optimal,heuristic,0.00034942699858220294
5,13,32,16,0.6,ILP,0.942,True,0.0,True,True,29,2143.0529381027463,216.6376153814757,8,328.87730803689453,Optimal,True,Optimal,heuristic,0.08856837000348605
5,13,32,16,0.6,MILP,0.942,True,0.0,True,,29,2143.0529381027463,216.6376153814757,8,328.87730803689453,Optimal,True,Optimal,heuristic,0.07393229499575682
5,13,32,16,0.6,Dijkstra,0.942,True,0.0,True,,29,2143.0529381027463,216.6376153814757,8,328.87730803689453,Optimal,True,Optimal,heuristic,0.0003349519975017756
5,13,32,16,0.7,ILP,0.964,True,0.0,True,True,18,928.712446485035,162.47821153610676,8,328.87730803689453,Optimal,True,Optimal,heuristic,0.08204207599919755
5,13,32,16,0.7,MILP,0.964,True,0.0,True,,18,928.712446485035,162.47821153610676,8,328.87730803689453,Optimal,True,Optimal,heuristic,0.11075082400202518
5,13,32,16,0.7,Dijkstra,0.964,True,0.0,True,,18,928.712446485035,162.47821153610676,8,328.87730803689453,Optimal,True,Optimal,heuristic,0.00032674899557605386
5,13,32,16,0.8,ILP,0.99,True,0.0,True,True,5,267.84735963276694,108.31880769073791,8,328.87730803689453,Optimal,True,Optimal,heuristic,0.08066866899753222
5,13,32,16,0.8,MILP,0.99,True,0.0,True,,5,267.84735963276694,108.31880769073791,8,328.87730803689453,Optimal,True,Optimal,heuristic,0.07589225999981863
5,13,32,16,0.8,Dijkstra,0.99,True,0.0,True,,5,267.84735963276694,108.31880769073791,8,328.87730803689453,Optimal,True,Optimal,heuristic,0.0003554900031303987
5,13,32,16,0.9,ILP,0.996,True,0.0,True,True,2,88.2283611690882,54.159403845368956,8,328.87730803689453,Optimal,True,Optimal,heuristic,0.08267653799703112
5,13,32,16,0.9,MILP,0.996,True,0.0,True,,2,88.2283611690882,54.159403845368956,8,328.87730803689453,Optimal,True,Optimal,heuristic,0.0737547269964125
5,13,32,16,0.9,Dijkstra,0.996,True,0.0,True,,2,88.2283611690882,54.159403845368956,8,328.87730803689453,Optimal,True,Optimal,heuristic,0.00034806500480044633
5,14,19,21,0.5,ILP,0.998,True,0.0,True,True,1,541.6243559004212,541.6243559004212,9,358.5071186381468,Optimal,True,Optimal,heuristic,0.0898384590036585
5,14,19,21,0.5,MILP,0.998,True,0.0,True,,1,541.6243559004212,541.6243559004212,9,358.5071186381468,Optimal,True,Optimal,heuristic,0.0827976420041523
5,14,19,21,0.5,Dijkstra,0.998,True,0.0,True,,1,541.6243559004212,541.6243559004212,9,358.5071186381468,Optimal,True,Optimal,heuristic,0.00038768299418734387
5,14,19,21,0.6,ILP,0.998,True,0.0,True,True,1,433.299484720337,433.299484720337,9,358.5071186381468,Optimal,True,Optimal,heuristic,0.09021425499668112
5,14,19,21,0.6,MILP,0.998,True,0.0,True,,1,433.299484720337,433.299484720337,9,358.5071186381468,Optimal,True,Optimal,heuristic,0.08601912299491232
5,14,19,21,0.6,Dijkstra,0.998,True,0.0,True,,1,433.299484720337,433.299484720337,9,358.5071186381468,Optimal,True,Optimal,heuristic,0.00036031500349054113
5,14,19,21,0.7,ILP,0.998,True,0.0,True,True,1,324.9746135402528,324.9746135402528,9,358.5071186381468,Optimal,True,Optimal,heuristic,0.08954241600440582
5,14,19,21,0.7,MILP,0.998,True,0.0,True,,1,324.9746135402528,324.9746135402528,9,358.5071186381468,Optimal,True,Optimal,heuristic,0.08576489299593959
5,14,19,21,0.7,Dijkstra,0.998,True,0.0,True,,1,324.9746135402528,324.9746135402528,9,358.5071186381468,Optimal,True,Optimal,heuristic,0.00038031100120861083
5,14,19,21,0.8,ILP,0.998,True,0.0,True,True,1,216.64974236016837,216.64974236016837,9,358.5071186381468,Optimal,True,Optimal,heuristic,0.09871231100260047
5,14,19,21,0.8,MILP,0.998,True,0.0,True,,1,216.64974236016837,216.64974236016837,9,358.5071186381468,Optimal,True,Optimal,heuristic,0.08826072700321674
5,14,19,21,0.8,Dijkstra,0.998,True,0.0,True,,1,216.64974236016837,216.64974236016837,9,358.5071186381468,Optimal,True,Optimal,heuristic,0.00037634799809893593
5,14,19,21,0.9,ILP,0.998,True,0.0,True,True,1,108.32487118008407,108.32487118008407,9,358.5071186381468,Optimal,True,Optimal,heuristic,0.09192904199881013
5,14,19,21,0.9,MILP,0.998,True,0.0,True,,1,108.32487118008407,108.32487118008407,9,358.5071186381468,Optimal,True,Optimal,heuristic,0.08633839100366458
5,14,19,21,0.9,Dijkstra,0.998,True,0.0,True,,1,108.32487118008407,108.32487118008407,9,358.5071186381468,Optimal,True,Optimal,heuristic,0.0003828789995168336
5,15,41,63,0.5,ILP,0.88,True,0.0,True,True,60,3383.498762351698,224.7473415770549,7,271.90360846129494,Optimal,True,Optimal,heuristic,0.7054618050024146
5,15,41,63,0.5,MILP,0.88,True,0.0,True,,60,3383.498762351698,224.7473415770549,7,271.90360846129494,Optimal,True,Optimal,heuristic,0.12860044399712933
5,15,41,63,0.5,Dijkstra,0.88,True,0.0,True,,60,3383.498762351698,224.7473415770549,7,271.90360846129494,Optimal,True,Optimal,heuristic,0.0003994569997303188
5,15,41,63,0.6,ILP,0.942,True,0.0,True,True,29,1401.1526063687406,179.79787326164404,6,271.9036084612949,Optimal,True,Optimal,heuristic,0.6827395410000463
5,15,41,63,0.6,MILP,0.942,False,0.0,True,,29,1401.152606368741,179.79787326164393,7,271.90360846129494,Optimal,True,Optimal,heuristic,0.1252818830034812
5,15,41,63,0.6,Dijkstra,0.942,False,0.0,True,,29,1401.152606368741,179.79787326164393,7,271.90360846129494,Optimal,True,Optimal,heuristic,0.00039197399746626616
5,15,41,63,0.7,ILP,0.978,True,0.0,True,True,11,541.4999553119228,134.84840494623296,7,271.90360846129494,Optimal,True,Optimal,heuristic,0.38066250499832677
5,15,41,63,0.7,MILP,0.978,True,0.0,True,,11,541.4999553119228,134.84840494623296,7,271.90360846129494,Optimal,True,Optimal,heuristic,0.12266190299851587
5,15,41,63,0.7,Dijkstra,0.978,True,0.0,True,,11,541.4999553119228,134.84840494623296,7,271.90360846129494,Optimal,True,Optimal,heuristic,0.00037336200330173597
5,15,41,63,0.8,ILP,0.994,True,0.0,True,True,3,217.50927175069648,89.89893663082194,7,271.90360846129494,Optimal,True,Optimal,heuristic,0.15023305100476136
5,15,41,63,0.8,MILP,0.994,True,0.0,True,,3,217.50927175069648,89.89893663082194,7,271.90360846129494,Optimal,True,Optimal,heuristic,0.0998340090009151
5,15,41,63,0.8,Dijkstra,0.994,True,0.0,True,,3,217.50927175069648,89.89893663082194,7,271.90360846129494,Optimal,True,Optimal,heuristic,0.000362268001481425
5,15,41,63,0.9,ILP,0.994,True,0.0,True,True,3,82.66086680446358,44.94946831541097,7,271.90360846129494,Optimal,True,Optimal,heuristic,0.16312731300422456
5,15,41,63,0.9,MILP,0.994,True,0.0,True,,3,82.66086680446358,44.94946831541097,7,271.90360846129494,Optimal,True,Optimal,heuristic,0.10775180699420162
5,15,41,63,0.9,Dijkstra,0.994,True,0.0,True,,3,82.66086680446358,44.94946831541097,7,271.90360846129494,Optimal,True,Optimal,heuristic,0.0004510929938987829
5,16,41,60,0.5,ILP,0.946,True,0.0,True,True,27,1541.821005410849,213.09377927400988,6,209.14716902915382,Optimal,True,Optimal,heuristic,0.5294255710032303
5,16,41,60,0.5,MILP,0.946,False,0.0,True,,27,1541.8210054108504,213.0937792740101,5,209.14716902915376,Optimal,True,Optimal,heuristic,0.1956891009976971
5,16,41,60,0.5,Dijkstra,0.946,True,0.0,True,,27,1541.821005410849,213.09377927400988,6,209.14716902915382,Optimal,True,Optimal,heuristic,0.0003782659987336956
5,16,41,60,0.6,ILP,0.972,True,0.0,True,True,14,693.043129637194,170.4750234192079,6,209.14716902915382,Optimal,True,Optimal,heuristic,0.4321907920020749
5,16,41,60,0.6,MILP,0.972,False,0.0,True,,14,693.0431296371939,170.4750234192078,6,209.1471690291538,Optimal,True,Optimal,heuristic,0.18087353200098732
5,16,41,60,0.6,Dijkstra,0.972,True,0.0,True,,14,693.043129637194,170.4750234192079,6,209.14716902915382,Optimal,True,Optimal,heuristic,0.0003621599971666001
5,16,41,60,0.7,ILP,0.988,True,0.0,True,True,6,278.81472037460037,127.85626756440598,6,209.14716902915382,Optimal,True,Optimal,heuristic,0.22482911000406602
5,16,41,60,0.7,MILP,0.988,False,0.0,True,,6,278.8147203746004,127.85626756440598,6,209.14716902915382,Optimal,True,Optimal,heuristic,0.13848553200659808
5,16,41,60,0.7,Dijkstra,0.988,True,0.0,True,,6,278.81472037460037,127.85626756440598,6,209.14716902915382,Optimal,True,Optimal,heuristic,0.00033927599724847823
5,16,41,60,0.8,ILP,0.996,True,0.0,True,True,2,139.45191858880173,85.23751170960395,6,209.14716902915382,Optimal,True,Optimal,heuristic,0.13392245800059754
5,16,41,60,0.8,MILP,0.996,True,0.0,True,,2,139.45191858880173,85.23751170960395,6,209.14716902915382,Optimal,True,Optimal,heuristic,0.12979548500152305
5,16,41,60,0.8,Dijkstra,0.996,True,0.0,True,,2,139.45191858880173,85.23751170960395,6,209.14716902915382,Optimal,True,Optimal,heuristic,0.00036893699871143326
5,16,41,60,0.9,ILP,0.996,True,0.0,True,True,2,54.21440687919778,42.618755854801975,6,209.14716902915382,Optimal,True,Optimal,heuristic,0.1469449270007317
5,16,41,60,0.9,MILP,0.996,False,0.0,True,,2,54.2144068791971,42.618755854801634,6,209.14716902915384,Optimal,True,Optimal,heuristic,0.12356367000029422
5,16,41,60,0.9,Dijkstra,0.996,True,0.0,True,,2,54.21440687919778,42.618755854801975,6,209.14716902915382,Optimal,True,Optimal,heuristic,0.0003288360021542758
5,17,44,45,0.5,ILP,0.986,True,0.0,True,True,7,663.3185076185457,418.9600688593897,7,268.45024892103373,Optimal,True,Optimal,heuristic,0.0989778099974501
5,17,44,45,0.5,MILP,0.986,True,0.0,True,,7,663.3185076185457,418.9600688593897,7,268.45024892103373,Optimal,True,Optimal,heuristic,0.09155083299992839
5,17,44,45,0.5,Dijkstra,0.986,True,0.0,True,,7,663.3185076185457,418.9600688593897,7,268.45024892103373,Optimal,True,Optimal,heuristic,0.0003545060026226565
5,17,44,45,0.6,ILP,0.996,True,0.0,True,True,2,392.9504559090552,349.36714730987785,7,268.45024892103373,Optimal,True,Optimal,heuristic,0.1025750609987881
5,17,44,45,0.6,MILP,0.996,True,0.0,True,,2,392.9504559090552,349.36714730987785,7,268.45024892103373,Optimal,True,Optimal,heuristic,0.09366145900276024
5,17,44,45,0.6,Dijkstra,0.996,True,0.0,True,,2,392.9504559090552,349.36714730987785,7,268.45024892103373,Optimal,True,Optimal,heuristic,0.0003548849999788217
5,17,44,45,0.7,ILP,0.998,True,0.0,True,True,1,279.774225760366,279.774225760366,7,268.45024892103373,Optimal,True,Optimal,heuristic,0.0977366009974503
5,17,44,45,0.7,MILP,0.998,True,0.0,True,,1,279.774225760366,279.774225760366,7,268.45024892103373,Optimal,True,Optimal,heuristic,0.09245241600001464
5,17,44,45,0.7,Dijkstra,0.998,True,0.0,True,,1,279.774225760366,279.774225760366,7,268.45024892103373,Optimal,True,Optimal,heuristic,0.00034247999428771436
5,17,44,45,0.8,ILP,0.998,True,0.0,True,True,1,210.18130421085414,210.18130421085414,7,268.45024892103373,Optimal,True,Optimal,heuristic,0.10872529100015527
5,17,44,45,0.8,MILP,0.998,True,0.0,True,,1,210.18130421085414,210.18130421085414,7,268.45024892103373,Optimal,True,Optimal,heuristic,0.09193969799525803
5,17,44,45,0.8,Dijkstra,0.998,True,0.0,True,,1,210.18130421085414,210.18130421085414,7,268.45024892103373,Optimal,True,Optimal,heuristic,0.0004014149963040836
5,17,44,45,0.9,ILP,0.998,True,0.0,True,True,1,140.58838266134228,140.58838266134228,7,268.45024892103373,Optimal,True,Optimal,heuristic,0.1072300029991311
5,17,44,45,0.9,MILP,0.996,False,0.0020000000000000018,False,,2,78.27391366757661,69.59292154951186,9,406.5803041463911,Optimal,True,Optimal,heuristic,0.08334844600176439
5,17,44,45,0.9,Dijkstra,0.998,True,0.0,True,,1,140.58838266134228,140.58838266134228,7,268.45024892103373,Optimal,True,Optimal,heuristic,0.0003462509994278662
5,18,13,35,0.5,ILP,0.94,True,0.0,True,True,30,775.6869908721039,110.5896350367061,1,62.56374914921187,Optimal,True,Optimal,heuristic,0.21146726399456384
5,18,13,35,0.5,MILP,0.94,True,0.0,True,,30,775.6869908721039,110.5896350367061,1,62.56374914921187,Optimal,True,Optimal,heuristic,0.11429936800413998
5,18,13,35,0.5,Dijkstra,0.94,True,0.0,True,,30,775.6869908721039,110.5896350367061,1,62.56374914921187,Optimal,True,Optimal,heuristic,0.0003710589953698218
5,18,13,35,0.6,ILP,0.976,True,0.0,True,True,12,307.99146772534834,88.47170802936489,1,62.56374914921187,Optimal,True,Optimal,heuristic,0.14722877799795242
5,18,13,35,0.6,MILP,0.976,True,0.0,True,,12,307.99146772534834,88.47170802936489,1,62.56374914921187,Optimal,True,Optimal,heuristic,0.11917696599994088
5,18,13,35,0.6,Dijkstra,0.976,True,0.0,True,,12,307.99146772534834,88.47170802936489,1,62.56374914921187,Optimal,True,Optimal,heuristic,0.00036933600495103747
5,18,13,35,0.7,ILP,0.988,True,0.0,True,True,6,136.82353990289496,66.35378102202367,1,62.56374914921187,Optimal,True,Optimal,heuristic,0.1396860189997824
5,18,13,35,0.7,MILP,0.988,True,0.0,True,,6,136.82353990289496,66.35378102202367,1,62.56374914921187,Optimal,True,Optimal,heuristic,0.11797725599899422
5,18,13,35,0.7,Dijkstra,0.988,True,0.0,True,,6,136.82353990289496,66.35378102202367,1,62.56374914921187,Optimal,True,Optimal,heuristic,0.000364863000868354
5,18,13,35,0.8,ILP,0.996,True,0.0,True,True,2,46.72805941499155,44.23585401468242,1,62.56374914921187,Optimal,True,Optimal,heuristic,0.11251429599360563
5,18,13,35,0.8,MILP,0.996,True,0.0,True,,2,46.72805941499155,44.23585401468242,1,62.56374914921187,Optimal,True,Optimal,heuristic,0.11041175200080033
5,18,13,35,0.8,Dijkstra,0.996,True,0.0,True,,2,46.72805941499155,44.23585401468242,1,62.56374914921187,Optimal,True,Optimal,heuristic,0.0003517540026223287
5,18,13,35,0.9,ILP,0.998,True,0.0,True,True,1,22.117927007341223,22.117927007341223,1,62.56374914921187,Optimal,True,Optimal,heuristic,0.10660169499897165
5,18,13,35,0.9,MILP,0.998,True,0.0,True,,1,22.117927007341223,22.117927007341223,1,62.56374914921187,Optimal,True,Optimal,heuristic,0.10292035699967528
5,18,13,35,0.9,Dijkstra,0.998,True,0.0,True,,1,22.117927007341223,22.117927007341223,1,62.56374914921187,Optimal,True,Optimal,heuristic,0.00035509599547367543
5,19,11,24,0.5,ILP,0.922,True,0.0,True,True,39,514.9883279798802,60.002488402565234,1,57.199944343450085,Optimal,True,Optimal,heuristic,0.3937674690023414
5,19,11,24,0.5,MILP,0.922,True,0.0,True,,39,514.9883279798802,60.002488402565234,1,57.199944343450085,Optimal,True,Optimal,heuristic,0.12779350000346312
5,19,11,24,0.5,Dijkstra,0.922,True,0.0,True,,39,514.9883279798802,60.002488402565234,1,57.199944343450085,Optimal,True,Optimal,heuristic,0.0003872169982059859
5,19,11,24,0.6,ILP,0.968,True,0.0,True,True,16,208.5192143085791,48.001990722052184,1,57.199944343450085,Optimal,True,Optimal,heuristic,0.178701358003309
5,19,11,24,0.6,MILP,0.968,True,0.0,True,,16,208.5192143085791,48.001990722052184,1,57.199944343450085,Optimal,True,Optimal,heuristic,0.12846948399965186
5,19,11,24,0.6,Dijkstra,0.968,True,0.0,True,,16,208.5192143085791,48.001990722052184,1,57.199944343450085,Optimal,True,Optimal,heuristic,0.0003439430001890287
5,19,11,24,0.7,ILP,0.986,True,0.0,True,True,7,101.43052024266878,36.00149304153915,1,57.199944343450085,Optimal,True,Optimal,heuristic,0.15321048899932066
5,19,11,24,0.7,MILP,0.986,True,0.0,True,,7,101.43052024266878,36.00149304153915,1,57.199944343450085,Optimal,True,Optimal,heuristic,0.18197683199832682
5,19,11,24,0.7,Dijkstra,0.986,True,0.0,True,,7,101.43052024266878,36.00149304153915,1,57.199944343450085,Optimal,True,Optimal,heuristic,0.0004914529999950901
5,19,11,24,0.8,ILP,0.994,True,0.0,True,True,3,39.282047503090595,24.000995361026085,1,57.199944343450085,Optimal,True,Optimal,heuristic,0.12996233799640322
5,19,11,24,0.8,MILP,0.994,True,0.0,True,,3,39.282047503090595,24.000995361026085,1,57.199944343450085,Optimal,True,Optimal,heuristic,0.12894393100577872
5,19,11,24,0.8,Dijkstra,0.994,True,0.0,True,,3,39.282047503090595,24.000995361026085,1,57.199944343450085,Optimal,True,Optimal,heuristic,0.0004159640011494048
5,19,11,24,0.9,ILP,0.998,True,0.0,True,True,1,12.000497680513035,12.000497680513035,1,57.199944343450085,Optimal,True,Optimal,heuristic,0.1181319329989492
5,19,11,24,0.9,MILP,0.998,True,0.0,True,,1,12.000497680513035,12.000497680513035,1,57.199944343450085,Optimal,True,Optimal,heuristic,0.12132924999605166
5,19,11,24,0.9,Dijkstra,0.998,True,0.0,True,,1,12.000497680513035,12.000497680513035,1,57.199944343450085,Optimal,True,Optimal,heuristic,0.0004165380014455877
6,0,11,32,0.5,ILP,0.98,True,0.0,True,True,10,632.4359376725656,227.51323298292886,3,154.5012422764647,Optimal,True,Optimal,heuristic,0.4319055060041137
6,0,11,32,0.5,MILP,0.98,True,0.0,True,,10,632.4359376725656,227.51323298292886,3,154.5012422764647,Optimal,True,Optimal,heuristic,0.20960028899571626
6,0,11,32,0.5,Dijkstra,0.98,True,0.0,True,,10,632.4359376725656,227.51323298292886,3,154.5012422764647,Optimal,True,Optimal,heuristic,0.00043133700091857463
6,0,11,32,0.6,ILP,0.986,True,0.0,True,True,7,364.3374811340085,193.37078225480258,3,154.5012422764647,Optimal,True,Optimal,heuristic,0.40529955200327095
6,0,11,32,0.6,MILP,0.986,True,0.0,True,,7,364.3374811340085,193.37078225480258,3,154.5012422764647,Optimal,True,Optimal,heuristic,0.17277802399621578
6,0,11,32,0.6,Dijkstra,0.986,True,0.0,True,,7,364.3374811340085,193.37078225480258,3,154.5012422764647,Optimal,True,Optimal,heuristic,0.000362694998329971
6,0,11,32,0.7,ILP,0.996,True,0.0,True,True,2,224.92304966128455,159.2283315266763,3,154.5012422764647,Optimal,True,Optimal,heuristic,0.18457638800464338
6,0,11,32,0.7,MILP,0.996,True,0.0,True,,2,224.92304966128455,159.2283315266763,3,154.5012422764647,Optimal,True,Optimal,heuristic,0.17231048000394367
6,0,11,32,0.7,Dijkstra,0.996,True,0.0,True,,2,224.92304966128455,159.2283315266763,3,154.5012422764647,Optimal,True,Optimal,heuristic,0.00046704400301678106
6,0,11,32,0.8,ILP,0.996,True,0.0,True,True,2,156.63814820503188,125.08588079854997,3,154.5012422764647,Optimal,True,Optimal,heuristic,0.18050568000035128
6,0,11,32,0.8,MILP,0.996,True,0.0,True,,2,156.63814820503188,125.08588079854997,3,154.5012422764647,Optimal,True,Optimal,heuristic,0.12885684999491787
6,0,11,32,0.8,Dijkstra,0.996,True,0.0,True,,2,156.63814820503188,125.08588079854997,3,154.5012422764647,Optimal,True,Optimal,heuristic,0.0003463460016064346
6,0,11,32,0.9,ILP,0.998,True,0.0,True,True,1,90.94343007042369,90.94343007042369,3,154.5012422764647,Optimal,True,Optimal,heuristic,0.15077342800213955
6,0,11,32,0.9,MILP,0.992,False,0.006000000000000005,False,,4,64.31449124551546,34.142450728126335,4,217.03726432381893,Optimal,True,Optimal,heuristic,0.13767303499480477
6,0,11,32,0.9,Dijkstra,0.998,False,0.0,True,,1,90.94343007042369,90.94343007042369,3,154.5012422764647,Optimal,True,Optimal,heuristic,0.0003303760022390634
6,1,47,24,0.5,ILP,0.994,True,0.0,True,True,3,307.8953842551306,209.06320023800865,2,111.44367975303429,Optimal,True,Optimal,heuristic,0.08689762499852804
6,1,47,24,0.5,MILP,0.994,True,0.0,True,,3,307.8953842551306,209.06320023800865,2,111.44367975303429,Optimal,True,Optimal,heuristic,0.08463740399747621
6,1,47,24,0.5,Dijkstra,0.994,True,0.0,True,,3,307.8953842551306,209.06320023800865,2,111.44367975303429,Optimal,True,Optimal,heuristic,0.00035815699811792
6,1,47,24,0.6,ILP,0.996,True,0.0,True,True,2,187.40082113841697,167.25056019040693,2,111.44367975303429,Optimal,True,Optimal,heuristic,0.08889265999459894
6,1,47,24,0.6,MILP,0.996,True,0.0,True,,2,187.40082113841697,167.25056019040693,2,111.44367975303429,Optimal,True,Optimal,heuristic,0.09138285999506479
6,1,47,24,0.6,Dijkstra,0.996,True,0.0,True,,2,187.40082113841697,167.25056019040693,2,111.44367975303429,Optimal,True,Optimal,heuristic,0.0003458819992374629
6,1,47,24,0.7,ILP,0.998,True,0.0,True,True,1,125.43792014280524,125.43792014280524,2,111.44367975303429,Optimal,True,Optimal,heuristic,0.09297698699811008
6,1,47,24,0.7,MILP,0.998,True,0.0,True,,1,125.43792014280524,125.43792014280524,2,111.44367975303429,Optimal,True,Optimal,heuristic,0.10422254299919587
6,1,47,24,0.7,Dijkstra,0.998,True,0.0,True,,1,125.43792014280524,125.43792014280524,2,111.44367975303429,Optimal,True,Optimal,heuristic,0.0005887160004931502
6,1,47,24,0.8,ILP,0.998,True,0.0,True,True,1,83.62528009520344,83.62528009520344,2,111.44367975303429,Optimal,True,Optimal,heuristic,0.13210596900171367
6,1,47,24,0.8,MILP,0.998,True,0.0,True,,1,83.62528009520344,83.62528009520344,2,111.44367975303429,Optimal,True,Optimal,heuristic,0.09822626499953913
6,1,47,24,0.8,Dijkstra,0.998,True,0.0,True,,1,83.62528009520344,83.62528009520344,2,111.44367975303429,Optimal,True,Optimal,heuristic,0.0004292029989301227
6,1,47,24,0.9,ILP,0.998,True,0.0,True,True,1,41.81264004760175,41.81264004760175,2,111.44367975303429,Optimal,True,Optimal,heuristic,0.09534229800192406
6,1,47,24,0.9,MILP,0.998,True,0.0,True,,1,41.81264004760175,41.81264004760175,2,111.44367975303429,Optimal,True,Optimal,heuristic,0.09297629100183258
6,1,47,24,0.9,Dijkstra,0.998,True,0.0,True,,1,41.81264004760175,41.81264004760175,2,111.44367975303429,Optimal,True,Optimal,heuristic,0.00036351900052977726
6,2,24,16,0.5,ILP,0.968,True,0.0,True,True,16,1489.2429382345892,460.42773114326144,7,225.16211566342255,Optimal,True,Optimal,heuristic,0.10302658099681139
6,2,24,16,0.5,MILP,0.968,True,0.0,True,,16,1489.2429382345892,460.42773114326144,7,225.16211566342255,Optimal,True,Optimal,heuristic,0.07886670299922116
6,2,24,16,0.5,Dijkstra,0.968,True,0.0,True,,16,1489.2429382345892,460.42773114326144,7,225.16211566342255,Optimal,True,Optimal,heuristic,0.00034864500048570335
6,2,24,16,0.6,ILP,0.982,True,0.0,True,True,9,782.8220297762978,404.25888285898793,7,225.16211566342255,Optimal,True,Optimal,heuristic,0.12670415199681884
6,2,24,16,0.6,MILP,0.982,True,0.0,True,,9,782.8220297762978,404.25888285898793,7,225.16211566342255,Optimal,True,Optimal,heuristic,0.07998609600326745
6,2,24,16,0.6,Dijkstra,0.982,True,0.0,True,,9,782.8220297762978,404.25888285898793,7,225.16211566342255,Optimal,True,Optimal,heuristic,0.00034718200186034665
6,2,24,16,0.7,ILP,0.992,True,0.0,True,True,4,376.2954350174683,348.09003457471454,7,225.16211566342255,Optimal,True,Optimal,heuristic,0.09898572800011607
6,2,24,16,0.7,MILP,0.992,True,0.0,True,,4,376.2954350174683,348.09003457471454,7,225.16211566342255,Optimal,True,Optimal,heuristic,0.07934012699843151
6,2,24,16,0.7,Dijkstra,0.992,True,0.0,True,,4,376.2954350174683,348.09003457471454,7,225.16211566342255,Optimal,True,Optimal,heuristic,0.00034886200592154637
6,2,24,16,0.8,ILP,0.998,True,0.0,True,True,1,291.9211862904409,291.9211862904409,7,225.16211566342255,Optimal,True,Optimal,heuristic,0.09190600900183199
6,2,24,16,0.8,MILP,0.998,True,0.0,True,,1,291.9211862904409,291.9211862904409,7,225.16211566342255,Optimal,True,Optimal,heuristic,0.08104639700468397
6,2,24,16,0.8,Dijkstra,0.998,True,0.0,True,,1,291.9211862904409,291.9211862904409,7,225.16211566342255,Optimal,True,Optimal,heuristic,0.00045288500405149534
6,2,24,16,0.9,ILP,0.998,True,0.0,True,True,1,235.75233800616752,235.75233800616752,7,225.16211566342255,Optimal,True,Optimal,heuristic,0.08756220299983397
6,2,24,16,0.9,MILP,0.996,False,0.0020000000000000018,False,,2,84.42553040763732,56.16884828427351,9,293.43242360601926,Optimal,True,Optimal,heuristic,0.07760706500266679
6,2,24,16,0.9,Dijkstra,0.998,True,0.0,True,,1,235.75233800616752,235.75233800616752,7,225.16211566342255,Optimal,True,Optimal,heuristic,0.00037141700158827007
6,3,61,47,0.5,ILP,0.992,True,0.0,True,True,4,593.4045161290232,342.82453918400404,8,259.9127635018261,Optimal,True,Optimal,heuristic,0.3585916059964802
6,3,61,47,0.5,MILP,0.992,True,0.0,True,,4,593.4045161290232,342.82453918400404,8,259.9127635018261,Optimal,True,Optimal,heuristic,0.2568480600020848
6,3,61,47,0.5,Dijkstra,0.992,True,0.0,True,,4,593.4045161290232,342.82453918400404,8,259.9127635018261,Optimal,True,Optimal,heuristic,0.0004138630029046908
6,3,61,47,0.6,ILP,0.994,True,0.0,True,True,3,374.9982178459402,274.25963134720325,8,259.9127635018261,Optimal,True,Optimal,heuristic,0.3611780569990515
6,3,61,47,0.6,MILP,0.994,False,0.0,True,,3,374.99821784594064,274.2596313472036,7,259.9127635018261,Optimal,True,Optimal,heuristic,0.14217249999637716
6,3,61,47,0.6,Dijkstra,0.994,True,0.0,True,,3,374.9982178459402,274.25963134720325,8,259.9127635018261,Optimal,True,Optimal,heuristic,0.0003353259962750599
6,3,61,47,0.7,ILP,0.996,True,0.0,True,True,2,221.8032671362081,205.69472351040247,8,259.9127635018261,Optimal,True,Optimal,heuristic,0.21932576499966672
6,3,61,47,0.7,MILP,0.996,True,0.0,True,,2,221.8032671362081,205.69472351040247,8,259.9127635018261,Optimal,True,Optimal,heuristic,0.15395118999731494
6,3,61,47,0.7,Dijkstra,0.996,True,0.0,True,,2,221.8032671362081,205.69472351040247,8,259.9127635018261,Optimal,True,Optimal,heuristic,0.0003401159992790781
6,3,61,47,0.8,ILP,0.998,True,0.0,True,True,1,137.1298156736019,137.1298156736019,7,259.91276350182585,Optimal,True,Optimal,heuristic,0.15813060099753784
6,3,61,47,0.8,MILP,0.998,False,0.0,True,,1,137.12981567360146,137.12981567360146,8,259.912763501826,Optimal,True,Optimal,heuristic,0.15486709600372706
6,3,61,47,0.8,Dijkstra,0.998,False,0.0,True,,1,137.12981567360157,137.12981567360157,8,259.9127635018261,Optimal,True,Optimal,heuristic,0.00033439700200688094
6,3,61,47,0.9,ILP,0.998,True,0.0,True,True,1,147.00755742166564,147.00755742166564,9,282.66544281659344,Optimal,True,Optimal,heuristic,0.15593219100264832
6,3,61,47,0.9,MILP,0.998,False,0.0,True,,1,68.56490783679897,68.56490783679897,8,259.9127635018265,Optimal,True,Optimal,heuristic,0.2689080769996508
6,3,61,47,0.9,Dijkstra,0.998,False,0.0,True,,1,68.56490783680078,68.56490783680078,8,259.9127635018261,Optimal,True,Optimal,heuristic,0.00040121700294548646
6,4,50,35,0.5,ILP,0.996,True,0.0,True,True,2,428.2947631133057,238.42724559174772,3,85.88318295227992,Optimal,True,Optimal,heuristic,0.08779034599865554
6,4,50,35,0.5,MILP,0.996,True,0.0,True,,2,428.2947631133057,238.42724559174772,3,85.88318295227992,Optimal,True,Optimal,heuristic,0.08376606799720321
6,4,50,35,0.5,Dijkstra,0.996,True,0.0,True,,2,428.2947631133057,238.42724559174772,3,85.88318295227992,Optimal,True,Optimal,heuristic,0.0003243669998482801
6,4,50,35,0.6,ILP,0.996,True,0.0,True,True,2,332.92386487660656,190.74179647339815,3,85.88318295227992,Optimal,True,Optimal,heuristic,0.09387258299830137
6,4,50,35,0.6,MILP,0.996,True,0.0,True,,2,332.92386487660656,190.74179647339815,3,85.88318295227992,Optimal,True,Optimal,heuristic,0.08800135099590989
6,4,50,35,0.6,Dijkstra,0.996,True,0.0,True,,2,332.92386487660656,190.74179647339815,3,85.88318295227992,Optimal,True,Optimal,heuristic,0.0004607720038620755
6,4,50,35,0.7,ILP,0.996,True,0.0,True,True,2,237.55296663990748,143.05634735504862,3,85.88318295227992,Optimal,True,Optimal,heuristic,0.098012282003765
6,4,50,35,0.7,MILP,0.996,True,0.0,True,,2,237.55296663990748,143.05634735504862,3,85.88318295227992,Optimal,True,Optimal,heuristic,0.08373475400003372
6,4,50,35,0.7,Dijkstra,0.996,True,0.0,True,,2,237.55296663990748,143.05634735504862,3,85.88318295227992,Optimal,True,Optimal,heuristic,0.0005449150048661977
6,4,50,35,0.8,ILP,0.996,True,0.0,True,True,2,142.1820684032084,95.37089823669908,3,85.88318295227992,Optimal,True,Optimal,heuristic,0.09256936300516827
6,4,50,35,0.8,MILP,0.996,True,0.0,True,,2,142.1820684032084,95.37089823669908,3,85.88318295227992,Optimal,True,Optimal,heuristic,0.08170318000338739
6,4,50,35,0.8,Dijkstra,0.996,True,0.0,True,,2,142.1820684032084,95.37089823669908,3,85.88318295227992,Optimal,True,Optimal,heuristic,0.00033484300365671515
6,4,50,35,0.9,ILP,0.998,True,0.0,True,True,1,47.68544911834954,47.68544911834954,3,85.88318295227992,Optimal,True,Optimal,heuristic,0.08506061100342777
6,4,50,35,0.9,MILP,0.998,True,0.0,True,,1,47.68544911834954,47.68544911834954,3,85.88318295227992,Optimal,True,Optimal,heuristic,0.08089969899447169
6,4,50,35,0.9,Dijkstra,0.998,True,0.0,True,,1,47.68544911834954,47.68544911834954,3,85.88318295227992,Optimal,True,Optimal,heuristic,0.0003656750050140545
6,5,62,50,0.5,ILP,0.988,True,0.0,True,True,6,834.674382669075,491.58788353001034,3,180.3390355997403,Optimal,True,Optimal,heuristic,0.09651892700640019
6,5,62,50,0.5,MILP,0.988,True,0.0,True,,6,834.674382669075,491.58788353001034,3,180.3390355997403,Optimal,True,Optimal,heuristic,0.08681694300321396
6,5,62,50,0.5,Dijkstra,0.988,True,0.0,True,,6,834.674382669075,491.58788353001034,3,180.3390355997403,Optimal,True,Optimal,heuristic,0.0003992160054622218
6,5,62,50,0.6,ILP,0.994,True,0.0,True,True,3,465.5104208597851,393.27030682400834,3,180.3390355997403,Optimal,True,Optimal,heuristic,0.09451524000178324
6,5,62,50,0.6,MILP,0.994,True,0.0,True,,3,465.5104208597851,393.27030682400834,3,180.3390355997403,Optimal,True,Optimal,heuristic,0.08644888400158379
6,5,62,50,0.6,Dijkstra,0.994,True,0.0,True,,3,465.5104208597851,393.27030682400834,3,180.3390355997403,Optimal,True,Optimal,heuristic,0.00033684699883451685
6,5,62,50,0.7,ILP,0.998,True,0.0,True,True,1,294.95273011800623,294.95273011800623,3,180.3390355997403,Optimal,True,Optimal,heuristic,0.09887516099843197
6,5,62,50,0.7,MILP,0.998,True,0.0,True,,1,294.95273011800623,294.95273011800623,3,180.3390355997403,Optimal,True,Optimal,heuristic,0.08503921399824321
6,5,62,50,0.7,Dijkstra,0.998,True,0.0,True,,1,294.95273011800623,294.95273011800623,3,180.3390355997403,Optimal,True,Optimal,heuristic,0.00034864500048570335
6,5,62,50,0.8,ILP,0.998,True,0.0,True,True,1,196.63515341200412,196.63515341200412,3,180.3390355997403,Optimal,True,Optimal,heuristic,0.09361567200539866
6,5,62,50,0.8,MILP,0.998,True,0.0,True,,1,196.63515341200412,196.63515341200412,3,180.3390355997403,Optimal,True,Optimal,heuristic,0.08822817099280655
6,5,62,50,0.8,Dijkstra,0.998,True,0.0,True,,1,196.63515341200412,196.63515341200412,3,180.3390355997403,Optimal,True,Optimal,heuristic,0.0003524369967635721
6,5,62,50,0.9,ILP,0.998,True,0.0,True,True,1,98.317576706002,98.317576706002,3,180.3390355997403,Optimal,True,Optimal,heuristic,0.09196028600126738
6,5,62,50,0.9,MILP,0.998,True,0.0,True,,1,98.317576706002,98.317576706002,3,180.3390355997403,Optimal,True,Optimal,heuristic,0.08526025000173831
6,5,62,50,0.9,Dijkstra,0.998,True,0.0,True,,1,98.317576706002,98.317576706002,3,180.3390355997403,Optimal,True,Optimal,heuristic,0.0003627819969551638
6,6,32,44,0.5,ILP,0.986,True,0.0,True,True,7,866.2794661971835,363.00901742124944,9,302.45310777113633,Optimal,True,Optimal,heuristic,0.09652210800413741
6,6,32,44,0.5,MILP,0.986,True,0.0,True,,7,866.2794661971835,363.00901742124944,9,302.45310777113633,Optimal,True,Optimal,heuristic,0.08763206800358603
6,6,32,44,0.5,Dijkstra,0.986,True,0.0,True,,7,866.2794661971835,363.00901742124944,9,302.45310777113633,Optimal,True,Optimal,heuristic,0.00038814400613773614
6,6,32,44,0.6,ILP,0.99,True,0.0,True,True,5,536.6289006193819,304.77148561842273,9,302.45310777113633,Optimal,True,Optimal,heuristic,0.08366099599516019
6,6,32,44,0.6,MILP,0.99,True,0.0,True,,5,536.6289006193819,304.77148561842273,9,302.45310777113633,Optimal,True,Optimal,heuristic,0.07457475399860414
6,6,32,44,0.6,Dijkstra,0.99,True,0.0,True,,5,536.6289006193819,304.77148561842273,9,302.45310777113633,Optimal,True,Optimal,heuristic,0.0003363369978615083
6,6,32,44,0.7,ILP,0.994,True,0.0,True,True,3,352.8028712486912,246.53395381559608,9,302.45310777113633,Optimal,True,Optimal,heuristic,0.07927583999844501
6,6,32,44,0.7,MILP,0.994,True,0.0,True,,3,352.8028712486912,246.53395381559608,9,302.45310777113633,Optimal,True,Optimal,heuristic,0.07569457899808185
6,6,32,44,0.7,Dijkstra,0.994,True,0.0,True,,3,352.8028712486912,246.53395381559608,9,302.45310777113633,Optimal,True,Optimal,heuristic,0.0003396460015210323
6,6,32,44,0.8,ILP,0.996,True,0.0,True,True,2,197.9256543935427,188.29642201276943,9,302.45310777113633,Optimal,True,Optimal,heuristic,0.12995423899701564
6,6,32,44,0.8,MILP,0.996,True,0.0,True,,2,197.9256543935427,188.29642201276943,9,302.45310777113633,Optimal,True,Optimal,heuristic,0.09866180099925259
6,6,32,44,0.8,Dijkstra,0.996,True,0.0,True,,2,197.9256543935427,188.29642201276943,9,302.45310777113633,Optimal,True,Optimal,heuristic,0.0004913650045637041
6,6,32,44,0.9,ILP,0.998,True,0.0,True,True,1,130.05889020994277,130.05889020994277,9,302.45310777113633,Optimal,True,Optimal,heuristic,0.09590702300192788
6,6,32,44,0.9,MILP,0.998,False,0.0,True,,1,130.058890209943,130.058890209943,8,302.4531077711362,Optimal,True,Optimal,heuristic,0.09111857000243617
6,6,32,44,0.9,Dijkstra,0.998,True,0.0,True,,1,130.05889020994277,130.05889020994277,9,302.45310777113633,Optimal,True,Optimal,heuristic,0.00038241299625951797
6,7,50,22,0.5,ILP,0.98,True,0.0,True,True,10,1309.83948889072,429.0144469990724,7,241.11878616192476,Optimal,True,Optimal,heuristic,0.08671759900607867
6,7,50,22,0.5,MILP,0.98,True,0.0,True,,10,1309.83948889072,429.0144469990724,7,241.11878616192476,Optimal,True,Optimal,heuristic,0.08107290799671318
6,7,50,22,0.5,Dijkstra,0.98,True,0.0,True,,10,1309.83948889072,429.0144469990724,7,241.11878616192476,Optimal,True,Optimal,heuristic,0.0004642919957404956
6,7,50,22,0.6,ILP,0.992,True,0.0,True,True,4,683.3776113560394,343.21155759925796,7,241.11878616192476,Optimal,True,Optimal,heuristic,0.08710020700527821
6,7,50,22,0.6,MILP,0.992,True,0.0,True,,4,683.3776113560394,343.21155759925796,7,241.11878616192476,Optimal,True,Optimal,heuristic,0.07805272399855312
6,7,50,22,0.6,Dijkstra,0.992,True,0.0,True,,4,683.3776113560394,343.21155759925796,7,241.11878616192476,Optimal,True,Optimal,heuristic,0.00036648699460783973
6,7,50,22,0.7,ILP,0.994,True,0.0,True,True,3,356.81115183269367,257.40866819944347,7,241.11878616192476,Optimal,True,Optimal,heuristic,0.09349132899660617
6,7,50,22,0.7,MILP,0.994,True,0.0,True,,3,356.81115183269367,257.40866819944347,7,241.11878616192476,Optimal,True,Optimal,heuristic,0.07778268900437979
6,7,50,22,0.7,Dijkstra,0.994,True,0.0,True,,3,356.81115183269367,257.40866819944347,7,241.11878616192476,Optimal,True,Optimal,heuristic,0.00034926299849757925
6,7,50,22,0.8,ILP,0.998,True,0.0,True,True,1,171.60577879962887,171.60577879962887,7,241.11878616192476,Optimal,True,Optimal,heuristic,0.08721677499852376
6,7,50,22,0.8,MILP,0.998,True,0.0,True,,1,171.60577879962887,171.60577879962887,7,241.11878616192476,Optimal,True,Optimal,heuristic,0.07744123100565048
6,7,50,22,0.8,Dijkstra,0.998,True,0.0,True,,1,171.60577879962887,171.60577879962887,7,241.11878616192476,Optimal,True,Optimal,heuristic,0.0003416899999137968
6,7,50,22,0.9,ILP,0.998,True,0.0,True,True,1,85.80288939981449,85.80288939981449,7,241.11878616192476,Optimal,True,Optimal,heuristic,0.08496644400293007
6,7,50,22,0.9,MILP,0.998,True,0.0,True,,1,85.80288939981449,85.80288939981449,7,241.11878616192476,Optimal,True,Optimal,heuristic,0.07424181299575139
6,7,50,22,0.9,Dijkstra,0.998,True,0.0,True,,1,85.80288939981449,85.80288939981449,7,241.11878616192476,Optimal,True,Optimal,heuristic,0.00038491500163218006
6,8,61,4,0.5,ILP,0.994,True,0.0,True,True,3,725.2252718679449,366.6910487849375,8,270.3159168644127,Optimal,True,Optimal,heuristic,0.16351920099987183
6,8,61,4,0.5,MILP,0.994,False,0.0,True,,3,725.2252718679463,366.6910487849384,8,270.3159168644124,Optimal,True,Optimal,heuristic,0.1885838660018635
6,8,61,4,0.5,Dijkstra,0.994,False,0.0,True,,3,725.2252718679462,366.6910487849385,8,270.3159168644124,Optimal,True,Optimal,heuristic,0.00043975400330964476
6,8,61,4,0.6,ILP,0.996,True,0.0,True,True,2,524.0362517484116,293.3528390279507,8,270.3159168644125,Optimal,True,Optimal,heuristic,0.18097198699979344
6,8,61,4,0.6,MILP,0.996,False,0.0,True,,2,524.0362517484118,293.35283902795084,8,270.3159168644124,Optimal,True,Optimal,heuristic,0.3498354799958179
6,8,61,4,0.6,Dijkstra,0.996,False,0.0,True,,2,524.0362517484117,293.35283902795084,8,270.3159168644124,Optimal,True,Optimal,heuristic,0.00043159699998795986
6,8,61,4,0.7,ILP,0.996,True,0.0,True,True,2,428.26303719906764,267.8380829441819,9,293.06859617917905,Optimal,True,Optimal,heuristic,0.20908795899595134
6,8,61,4,0.7,MILP,0.996,False,0.0,True,,2,377.35983223443634,220.01462927096316,8,270.3159168644124,Optimal,True,Optimal,heuristic,0.3395368809942738
6,8,61,4,0.7,Dijkstra,0.996,False,0.0,True,,2,377.35983223443634,220.01462927096316,8,270.3159168644124,Optimal,True,Optimal,heuristic,0.0003897669957950711
6,8,61,4,0.8,ILP,0.996,True,0.0,True,True,2,278.2578402617413,262.9924541709594,10,351.48712018324863,Optimal,True,Optimal,heuristic,0.2788983950013062
6,8,61,4,0.8,MILP,0.996,False,0.0,True,,2,230.68341272046075,146.67641951397536,8,270.3159168644124,Optimal,True,Optimal,heuristic,0.45464767999510514
6,8,61,4,0.8,Dijkstra,0.996,False,0.0,True,,2,230.68341272046075,146.67641951397536,8,270.3159168644124,Optimal,True,Optimal,heuristic,0.00033855699439300224
6,8,61,4,0.9,ILP,0.998,True,0.0,True,True,1,189.6542444139717,189.6542444139717,10,351.48712018324863,Optimal,True,Optimal,heuristic,0.17395538100390695
6,8,61,4,0.9,MILP,0.996,False,0.0020000000000000018,False,,2,84.00699320648539,73.33820975698768,8,270.3159168644124,Optimal,True,Optimal,heuristic,0.33779631100333063
6,8,61,4,0.9,Dijkstra,0.996,False,0.0020000000000000018,False,,2,84.00699320648539,73.33820975698768,8,270.3159168644124,Optimal,True,Optimal,heuristic,0.000376725998648908
6,9,45,16,0.5,ILP,0.954,True,0.0,True,True,23,1504.8524223523327,202.86640877943466,5,231.35402901829093,Optimal,True,Optimal,heuristic,0.16444292799860705
6,9,45,16,0.5,MILP,0.954,True,0.0,True,,23,1504.8524223523327,202.86640877943466,5,231.35402901829093,Optimal,True,Optimal,heuristic,0.0970940650004195
6,9,45,16,0.5,Dijkstra,0.954,True,0.0,True,,23,1504.8524223523327,202.86640877943466,5,231.35402901829093,Optimal,True,Optimal,heuristic,0.00035239299904787913
6,9,45,16,0.6,ILP,0.974,True,0.0,True,True,13,805.2313742865565,162.29312702354775,5,231.35402901829093,Optimal,True,Optimal,heuristic,0.13964115500129992
6,9,45,16,0.6,MILP,0.974,True,0.0,True,,13,805.2313742865565,162.29312702354775,5,231.35402901829093,Optimal,True,Optimal,heuristic,0.09506445000442909
6,9,45,16,0.6,Dijkstra,0.974,True,0.0,True,,13,805.2313742865565,162.29312702354775,5,231.35402901829093,Optimal,True,Optimal,heuristic,0.00036037799873156473
6,9,45,16,0.7,ILP,0.984,True,0.0,True,True,8,405.33398161046034,121.71984526766084,5,231.35402901829093,Optimal,True,Optimal,heuristic,0.134315830997366
6,9,45,16,0.7,MILP,0.984,True,0.0,True,,8,405.33398161046034,121.71984526766084,5,231.35402901829093,Optimal,True,Optimal,heuristic,0.09539536100055557
6,9,45,16,0.7,Dijkstra,0.984,True,0.0,True,,8,405.33398161046034,121.71984526766084,5,231.35402901829093,Optimal,True,Optimal,heuristic,0.00045663399941986427
6,9,45,16,0.8,ILP,0.992,True,0.0,True,True,4,154.7930040027975,81.14656351177382,5,231.35402901829093,Optimal,True,Optimal,heuristic,0.1181387610049569
6,9,45,16,0.8,MILP,0.992,True,0.0,True,,4,154.7930040027975,81.14656351177382,5,231.35402901829093,Optimal,True,Optimal,heuristic,0.09588970000186237
6,9,45,16,0.8,Dijkstra,0.992,True,0.0,True,,4,154.7930040027975,81.14656351177382,5,231.35402901829093,Optimal,True,Optimal,heuristic,0.00034180899820057675
6,9,45,16,0.9,ILP,0.996,True,0.0,True,True,2,40.87112705462266,40.57328175588691,5,231.35402901829093,Optimal,True,Optimal,heuristic,0.11767283899825998
6,9,45,16,0.9,MILP,0.996,True,0.0,True,,2,40.87112705462266,40.57328175588691,5,231.35402901829093,Optimal,True,Optimal,heuristic,0.10446560499985935
6,9,45,16,0.9,Dijkstra,0.996,True,0.0,True,,2,40.87112705462266,40.57328175588691,5,231.35402901829093,Optimal,True,Optimal,heuristic,0.0004010680058854632
6,10,53,49,0.5,ILP,0.968,True,0.0,True,True,16,1122.2653101074025,291.4487551979344,5,265.96242933804984,Optimal,True,Optimal,heuristic,0.3736870699940482
6,10,53,49,0.5,MILP,0.968,False,0.0,True,,16,1122.2653101074025,291.4487551979344,5,265.96242933804984,Optimal,True,Optimal,heuristic,0.185394312000426
6,10,53,49,0.5,Dijkstra,0.968,True,0.0,True,,16,1122.2653101074025,291.4487551979344,5,265.96242933804984,Optimal,True,Optimal,heuristic,0.00040996199822984636
6,10,53,49,0.6,ILP,0.986,True,0.0,True,True,7,603.3738160993807,233.15900415834756,5,265.96242933804984,Optimal,True,Optimal,heuristic,0.17342771100084065
6,10,53,49,0.6,MILP,0.986,False,0.0,True,,7,603.373816099381,233.15900415834767,4,265.96242933804973,Optimal,True,Optimal,heuristic,0.14841226700082188
6,10,53,49,0.6,Dijkstra,0.986,True,0.0,True,,7,603.3738160993807,233.15900415834756,5,265.96242933804984,Optimal,True,Optimal,heuristic,0.0003304659985587932
6,10,53,49,0.7,ILP,0.994,True,0.0,True,True,3,280.59107750171097,174.86925311876064,5,265.96242933804984,Optimal,True,Optimal,heuristic,0.1190438699995866
6,10,53,49,0.7,MILP,0.994,False,0.0,True,,3,280.59107750171097,174.86925311876064,4,265.9624293380498,Optimal,True,Optimal,heuristic,0.11852362899662694
6,10,53,49,0.7,Dijkstra,0.994,True,0.0,True,,3,280.59107750171097,174.86925311876064,5,265.96242933804984,Optimal,True,Optimal,heuristic,0.0003353260035510175
6,10,53,49,0.8,ILP,0.996,True,0.0,True,True,2,116.93069974618413,116.57950207917384,4,265.96242933804984,Optimal,True,Optimal,heuristic,0.15235318800114328
6,10,53,49,0.8,MILP,0.996,False,0.0,True,,2,116.93069974618402,116.57950207917372,5,265.96242933804984,Optimal,True,Optimal,heuristic,0.10688336599559989
6,10,53,49,0.8,Dijkstra,0.996,False,0.0,True,,2,116.93069974618402,116.57950207917372,5,265.96242933804984,Optimal,True,Optimal,heuristic,0.0003203759988537058
6,10,53,49,0.9,ILP,0.998,True,0.0,True,True,1,58.28975103958692,58.28975103958692,5,265.96242933804984,Optimal,True,Optimal,heuristic,0.12700965200201608
6,10,53,49,0.9,MILP,0.998,True,0.0,True,,1,58.28975103958692,58.28975103958692,5,265.96242933804984,Optimal,True,Optimal,heuristic,0.10501471699535614
6,10,53,49,0.9,Dijkstra,0.998,True,0.0,True,,1,58.28975103958692,58.28975103958692,5,265.96242933804984,Optimal,True,Optimal,heuristic,0.00033184600033564493
6,11,1,32,0.5,ILP,0.974,True,0.0,True,True,13,665.1160513378776,178.65744846021815,3,139.96558648841182,Optimal,True,Optimal,heuristic,0.5723372040010872
6,11,1,32,0.5,MILP,0.974,True,0.0,True,,13,665.1160513378776,178.65744846021815,3,139.96558648841182,Optimal,True,Optimal,heuristic,0.14170563600055175
6,11,1,32,0.5,Dijkstra,0.958,False,0.016000000000000014,False,,21,1702.9871421365087,333.3689173177045,3,106.40596158464686,Optimal,True,Optimal,heuristic,0.00033441599953221157
6,11,1,32,0.6,ILP,0.988,True,0.0,True,True,6,369.48029220304903,142.9259587681745,3,139.96558648841182,Optimal,True,Optimal,heuristic,0.3809072840012959
6,11,1,32,0.6,MILP,0.988,True,0.0,True,,6,369.48029220304903,142.9259587681745,3,139.96558648841182,Optimal,True,Optimal,heuristic,0.17281791600544238
6,11,1,32,0.6,Dijkstra,0.974,False,0.014000000000000012,False,,13,1035.808720952638,297.63742762566085,3,106.40596158464686,Optimal,True,Optimal,heuristic,0.0003692719983519055
6,11,1,32,0.7,ILP,0.992,True,0.0,True,True,4,220.20795568616427,107.19446907613093,3,139.96558648841182,Optimal,True,Optimal,heuristic,0.30610458600131096
6,11,1,32,0.7,MILP,0.992,True,0.0,True,,4,220.20795568616427,107.19446907613093,3,139.96558648841182,Optimal,True,Optimal,heuristic,0.12857944300048985
6,11,1,32,0.7,Dijkstra,0.982,False,0.010000000000000009,False,,9,660.1374552539232,261.9059379336173,3,106.40596158464686,Optimal,True,Optimal,heuristic,0.00039311699947575107
6,11,1,32,0.8,ILP,0.996,True,0.0,True,True,2,103.65970174602978,71.46297938408725,3,139.96558648841182,Optimal,True,Optimal,heuristic,0.19326522600022145
6,11,1,32,0.8,MILP,0.996,True,0.0,True,,2,103.65970174602978,71.46297938408725,3,139.96558648841182,Optimal,True,Optimal,heuristic,0.12965166800131556
6,11,1,32,0.8,Dijkstra,0.99,False,0.006000000000000005,False,,5,405.0434608636527,226.1744482415736,3,106.40596158464686,Optimal,True,Optimal,heuristic,0.00033330700534861535
6,11,1,32,0.9,ILP,0.998,True,0.0,True,True,1,35.731489692043624,35.731489692043624,3,139.96558648841182,Optimal,True,Optimal,heuristic,0.15587227400101256
6,11,1,32,0.9,MILP,0.998,False,0.0,True,,1,35.731489692043624,35.731489692043624,3,139.96558648841182,Optimal,True,Optimal,heuristic,0.15716504699958023
6,11,1,32,0.9,Dijkstra,0.994,False,0.0040000000000000036,False,,3,276.97050883397014,190.44295854952998,3,106.40596158464686,Optimal,True,Optimal,heuristic,0.0005761790016549639
6,12,59,32,0.5,ILP,0.996,True,0.0,True,True,2,493.1332449682978,278.78503407535845,2,61.79853654298693,Optimal,True,Optimal,heuristic,0.19082532200263813
6,12,59,32,0.5,MILP,0.996,False,0.0,True,,2,351.9175436004688,350.22070721677096,3,107.97737337456185,Optimal,True,Optimal,heuristic,0.18706288700195728
6,12,59,32,0.5,Dijkstra,0.996,False,0.0,True,,2,493.1332449682978,278.78503407535845,2,61.79853654298693,Optimal,True,Optimal,heuristic,0.000370363995898515
6,12,59,32,0.6,ILP,0.998,True,0.0,True,True,1,316.20332455714913,316.20332455714913,4,107.97737337456182,Optimal,True,Optimal,heuristic,0.16169515200454043
6,12,59,32,0.6,MILP,0.998,False,0.0,True,,1,316.2033245571499,316.2033245571499,3,107.97737337456186,Optimal,True,Optimal,heuristic,0.1931131350065698
6,12,59,32,0.6,Dijkstra,0.996,False,0.0020000000000000018,False,,2,425.0984796490541,244.76765141573662,2,61.79853654298693,Optimal,True,Optimal,heuristic,0.00036518200067803264
6,12,59,32,0.7,ILP,0.998,True,0.0,True,True,1,282.18594189752736,282.18594189752736,4,107.97737337456182,Optimal,True,Optimal,heuristic,0.15350888299872167
6,12,59,32,0.7,MILP,0.988,False,0.010000000000000009,False,,6,210.29099092855284,102.05214797886538,5,221.5788718538517,Optimal,True,Optimal,heuristic,0.2135932929959381
6,12,59,32,0.7,Dijkstra,0.996,False,0.0020000000000000018,False,,2,357.0637143298106,210.75026875611485,2,61.79853654298693,Optimal,True,Optimal,heuristic,0.00035345700598554686
6,12,59,32,0.8,ILP,0.998,True,0.0,True,True,1,248.16855923790553,248.16855923790553,4,107.97737337456182,Optimal,True,Optimal,heuristic,0.1502983430036693
6,12,59,32,0.8,MILP,0.996,False,0.0020000000000000018,False,,2,104.39764440340088,68.03476531924355,5,221.5788718538517,Optimal,True,Optimal,heuristic,0.13945375099865487
6,12,59,32,0.8,Dijkstra,0.996,False,0.0020000000000000018,False,,2,289.0289490105669,176.73288609649302,2,61.79853654298693,Optimal,True,Optimal,heuristic,0.00037135999446036294
6,12,59,32,0.9,ILP,0.998,True,0.0,True,True,1,216.08672010601515,216.08672010601515,3,143.70128936136805,Optimal,True,Optimal,heuristic,0.18020963000162737
6,12,59,32,0.9,MILP,0.996,False,0.0020000000000000018,False,,2,36.36287908415733,34.017382659621774,5,221.5788718538517,Optimal,True,Optimal,heuristic,0.16503819300123723
6,12,59,32,0.9,Dijkstra,0.996,False,0.0020000000000000018,False,,2,220.99418369132337,142.71550343687124,2,61.79853654298693,Optimal,True,Optimal,heuristic,0.0003987380041508004
6,13,32,16,0.5,ILP,0.904,True,0.0,True,True,48,3149.042747294051,284.7985057009985,8,293.4648015119339,Optimal,True,Optimal,heuristic,0.0976192890011589
6,13,32,16,0.5,MILP,0.904,True,0.0,True,,48,3149.042747294051,284.7985057009985,8,293.4648015119339,Optimal,True,Optimal,heuristic,0.07182102899969323
6,13,32,16,0.5,Dijkstra,0.904,True,0.0,True,,48,3149.042747294051,284.7985057009985,8,293.4648015119339,Optimal,True,Optimal,heuristic,0.00035327699879417196
6,13,32,16,0.6,ILP,0.962,True,0.0,True,True,19,1487.3423328466886,227.83880456079885,8,293.4648015119339,Optimal,True,Optimal,heuristic,0.08033858000271721
6,13,32,16,0.6,MILP,0.962,True,0.0,True,,19,1487.3423328466886,227.83880456079885,8,293.4648015119339,Optimal,True,Optimal,heuristic,0.07403486499970313
6,13,32,16,0.6,Dijkstra,0.962,True,0.0,True,,19,1487.3423328466886,227.83880456079885,8,293.4648015119339,Optimal,True,Optimal,heuristic,0.00035571600164985284
6,13,32,16,0.7,ILP,0.984,True,0.0,True,True,8,701.1017786852378,170.8791034205991,8,293.4648015119339,Optimal,True,Optimal,heuristic,0.08232261699595256
6,13,32,16,0.7,MILP,0.984,True,0.0,True,,8,701.1017786852378,170.8791034205991,8,293.4648015119339,Optimal,True,Optimal,heuristic,0.11949583699606592
6,13,32,16,0.7,Dijkstra,0.984,True,0.0,True,,8,701.1017786852378,170.8791034205991,8,293.4648015119339,Optimal,True,Optimal,heuristic,0.0003723700065165758
6,13,32,16,0.8,ILP,0.99,True,0.0,True,True,5,403.78942486577034,113.91940228039937,8,293.4648015119339,Optimal,True,Optimal,heuristic,0.08896423999976832
6,13,32,16,0.8,MILP,0.99,True,0.0,True,,5,403.78942486577034,113.91940228039937,8,293.4648015119339,Optimal,True,Optimal,heuristic,0.07617521300562657
6,13,32,16,0.8,Dijkstra,0.99,True,0.0,True,,5,403.78942486577034,113.91940228039937,8,293.4648015119339,Optimal,True,Optimal,heuristic,0.0003704530026880093
6,13,32,16,0.9,ILP,0.992,True,0.0,True,True,4,125.73869910580322,56.95970114019963,8,293.4648015119339,Optimal,True,Optimal,heuristic,0.08669273700070335
6,13,32,16,0.9,MILP,0.992,True,0.0,True,,4,125.73869910580322,56.95970114019963,8,293.4648015119339,Optimal,True,Optimal,heuristic,0.07748671599983936
6,13,32,16,0.9,Dijkstra,0.992,True,0.0,True,,4,125.73869910580322,56.95970114019963,8,293.4648015119339,Optimal,True,Optimal,heuristic,0.0003522849947330542
6,14,19,21,0.5,ILP,0.962,True,0.0,True,True,19,1527.027818942283,274.1155977812118,9,325.68284844990757,Optimal,True,Optimal,heuristic,0.1629998220014386
6,14,19,21,0.5,MILP,0.962,True,0.0,True,,19,1527.027818942283,274.1155977812118,9,325.68284844990757,Optimal,True,Optimal,heuristic,0.09243649099516915
6,14,19,21,0.5,Dijkstra,0.962,True,0.0,True,,19,1527.027818942283,274.1155977812118,9,325.68284844990757,Optimal,True,Optimal,heuristic,0.0003649160062195733
6,14,19,21,0.6,ILP,0.982,True,0.0,True,True,9,776.3951496864888,219.2924782249695,9,325.68284844990757,Optimal,True,Optimal,heuristic,0.12085668399959104
6,14,19,21,0.6,MILP,0.982,True,0.0,True,,9,776.3951496864888,219.2924782249695,9,325.68284844990757,Optimal,True,Optimal,heuristic,0.10047099600342335
6,14,19,21,0.6,Dijkstra,0.982,True,0.0,True,,9,776.3951496864888,219.2924782249695,9,325.68284844990757,Optimal,True,Optimal,heuristic,0.0003807559987762943
6,14,19,21,0.7,ILP,0.99,True,0.0,True,True,5,376.5582674907373,164.46935866872707,9,325.68284844990757,Optimal,True,Optimal,heuristic,0.1172970850020647
6,14,19,21,0.7,MILP,0.99,True,0.0,True,,5,376.5582674907373,164.46935866872707,9,325.68284844990757,Optimal,True,Optimal,heuristic,0.09215972400124883
6,14,19,21,0.7,Dijkstra,0.99,True,0.0,True,,5,376.5582674907373,164.46935866872707,9,325.68284844990757,Optimal,True,Optimal,heuristic,0.00037802600127179176
6,14,19,21,0.8,ILP,0.996,True,0.0,True,True,2,201.5544027281412,109.64623911248475,9,325.68284844990757,Optimal,True,Optimal,heuristic,0.10056655699736439
6,14,19,21,0.8,MILP,0.996,True,0.0,True,,2,201.5544027281412,109.64623911248475,9,325.68284844990757,Optimal,True,Optimal,heuristic,0.09173869299411308
6,14,19,21,0.8,Dijkstra,0.996,True,0.0,True,,2,201.5544027281412,109.64623911248475,9,325.68284844990757,Optimal,True,Optimal,heuristic,0.0004117819989915006
6,14,19,21,0.9,ILP,0.996,True,0.0,True,True,2,91.90816361565635,54.82311955624232,9,325.68284844990757,Optimal,True,Optimal,heuristic,0.11409226500109071
6,14,19,21,0.9,MILP,0.996,True,0.0,True,,2,91.90816361565635,54.82311955624232,9,325.68284844990757,Optimal,True,Optimal,heuristic,0.09184544600429945
6,14,19,21,0.9,Dijkstra,0.996,True,0.0,True,,2,91.90816361565635,54.82311955624232,9,325.68284844990757,Optimal,True,Optimal,heuristic,0.00038788300298620015
6,15,41,63,0.5,ILP,0.9339999999999999,True,0.0,True,True,33,1903.5291013078845,243.51332164992579,7,247.18877972286938,Optimal,True,Optimal,heuristic,0.6335625739957322
6,15,41,63,0.5,MILP,0.9339999999999999,True,0.0,True,,33,1903.5291013078845,243.51332164992579,7,247.18877972286938,Optimal,True,Optimal,heuristic,0.1579501380037982
6,15,41,63,0.5,Dijkstra,0.9339999999999999,True,0.0,True,,33,1903.5291013078845,243.51332164992579,7,247.18877972286938,Optimal,True,Optimal,heuristic,0.0004501990042626858
6,15,41,63,0.6,ILP,0.978,True,0.0,True,True,11,839.7006293149377,194.8106573199405,6,247.18877972286933,Optimal,True,Optimal,heuristic,0.2181414799997583
6,15,41,63,0.6,MILP,0.978,False,0.0,True,,11,839.7006293149373,194.81065731994062,7,247.18877972286938,Optimal,True,Optimal,heuristic,0.12596076400222955
6,15,41,63,0.6,Dijkstra,0.978,False,0.0,True,,11,839.7006293149373,194.81065731994062,7,247.18877972286938,Optimal,True,Optimal,heuristic,0.00038126800063764676
6,15,41,63,0.7,ILP,0.99,True,0.0,True,True,5,473.7523534206032,146.1079929899555,7,247.18877972286938,Optimal,True,Optimal,heuristic,0.1418875500021386
6,15,41,63,0.7,MILP,0.99,True,0.0,True,,5,473.7523534206032,146.1079929899555,7,247.18877972286938,Optimal,True,Optimal,heuristic,0.11521714799891924
6,15,41,63,0.7,Dijkstra,0.99,True,0.0,True,,5,473.7523534206032,146.1079929899555,7,247.18877972286938,Optimal,True,Optimal,heuristic,0.0003228659988963045
6,15,41,63,0.8,ILP,0.992,True,0.0,True,True,4,266.3047148013609,97.40532865997028,7,247.18877972286938,Optimal,True,Optimal,heuristic,0.16424762399401516
6,15,41,63,0.8,MILP,0.992,True,0.0,True,,4,266.3047148013609,97.40532865997028,7,247.18877972286938,Optimal,True,Optimal,heuristic,0.1019619800063083
6,15,41,63,0.8,Dijkstra,0.992,True,0.0,True,,4,266.3047148013609,97.40532865997028,7,247.18877972286938,Optimal,True,Optimal,heuristic,0.0003854020033031702
6,15,41,63,0.9,ILP,0.996,True,0.0,True,True,2,436.760118967567,344.25918671048396,7,286.8616082283556,Optimal,True,Optimal,heuristic,0.19541818799916655
6,15,41,63,0.9,MILP,0.994,False,0.0020000000000000018,False,,3,87.31983831006221,48.70266432998517,7,247.18877972286938,Optimal,True,Optimal,heuristic,0.10974608999822522
6,15,41,63,0.9,Dijkstra,0.994,False,0.0020000000000000018,False,,3,87.31983831006221,48.70266432998517,7,247.18877972286938,Optimal,True,Optimal,heuristic,0.0003695209961733781
6,16,41,60,0.5,ILP,0.976,True,0.0,True,True,12,839.2067653901596,226.1457131365387,6,166.9738698176567,Optimal,True,Optimal,heuristic,0.3373835240054177
6,16,41,60,0.5,MILP,0.976,False,0.0,True,,12,839.2067653901589,226.14571313653857,6,166.9738698176567,Optimal,True,Optimal,heuristic,0.15727485199749935
6,16,41,60,0.5,Dijkstra,0.976,True,0.0,True,,12,839.2067653901596,226.1457131365387,6,166.9738698176567,Optimal,True,Optimal,heuristic,0.00035129900061292574
6,16,41,60,0.6,ILP,0.988,True,0.0,True,True,6,463.15934735469204,180.916570509231,6,166.9738698176567,Optimal,True,Optimal,heuristic,0.1789794529977371
6,16,41,60,0.6,MILP,0.988,True,0.0,True,,6,463.15934735469204,180.916570509231,6,166.9738698176567,Optimal,True,Optimal,heuristic,0.1407053239963716
6,16,41,60,0.6,Dijkstra,0.988,True,0.0,True,,6,463.15934735469204,180.916570509231,6,166.9738698176567,Optimal,True,Optimal,heuristic,0.00037048499507363886
6,16,41,60,0.7,ILP,0.994,True,0.0,True,True,3,288.09243708170624,135.68742788192327,6,166.97386981765666,Optimal,True,Optimal,heuristic,0.15158601800067117
6,16,41,60,0.7,MILP,0.994,False,0.0,True,,3,288.09243708170624,135.68742788192327,6,166.9738698176567,Optimal,True,Optimal,heuristic,0.13083438399917213
6,16,41,60,0.7,Dijkstra,0.994,False,0.0,True,,3,288.09243708170624,135.68742788192327,6,166.9738698176567,Optimal,True,Optimal,heuristic,0.00037240300298435614
6,16,41,60,0.8,ILP,0.994,True,0.0,True,True,3,152.40500919978285,90.45828525461548,6,166.9738698176567,Optimal,True,Optimal,heuristic,0.15896641899598762
6,16,41,60,0.8,MILP,0.994,False,0.0,True,,3,152.4050091997825,90.45828525461536,6,166.9738698176567,Optimal,True,Optimal,heuristic,0.1261981139978161
6,16,41,60,0.8,Dijkstra,0.994,True,0.0,True,,3,152.40500919978285,90.45828525461548,6,166.9738698176567,Optimal,True,Optimal,heuristic,0.0003487959984340705
6,16,41,60,0.9,ILP,0.996,True,0.0,True,True,2,450.78116297858355,341.4704314201135,6,206.64669832314289,Optimal,True,Optimal,heuristic,0.15040747600141913
6,16,41,60,0.9,MILP,0.996,False,0.0,True,,2,58.281356060443045,45.22914262730774,6,166.9738698176567,Optimal,True,Optimal,heuristic,0.12413605400070082
6,16,41,60,0.9,Dijkstra,0.996,False,0.0,True,,2,58.281356060443045,45.22914262730774,6,166.9738698176567,Optimal,True,Optimal,heuristic,0.0003676250053104013
6,17,44,45,0.5,ILP,0.96,True,0.0,True,True,20,3354.7024942149365,404.1601131029764,7,308.9727171251228,Optimal,True,Optimal,heuristic,0.128164611000102
6,17,44,45,0.5,MILP,0.96,True,0.0,True,,20,3354.7024942149365,404.1601131029764,7,308.9727171251228,Optimal,True,Optimal,heuristic,0.1563734579976881
6,17,44,45,0.5,Dijkstra,0.96,True,0.0,True,,20,3354.7024942149365,404.1601131029764,7,308.9727171251228,Optimal,True,Optimal,heuristic,0.00040641999657964334
6,17,44,45,0.6,ILP,0.97,True,0.0,True,True,15,1987.8888549476812,323.3280904823812,7,308.9727171251228,Optimal,True,Optimal,heuristic,0.1644960719931987
6,17,44,45,0.6,MILP,0.97,True,0.0,True,,15,1987.8888549476812,323.3280904823812,7,308.9727171251228,Optimal,True,Optimal,heuristic,0.1411360389975016
6,17,44,45,0.6,Dijkstra,0.97,True,0.0,True,,15,1987.8888549476812,323.3280904823812,7,308.9727171251228,Optimal,True,Optimal,heuristic,0.0003785459994105622
6,17,44,45,0.7,ILP,0.984,True,0.0,True,True,8,1007.8321082211537,418.9390045485708,9,377.2430250677194,Optimal,True,Optimal,heuristic,0.10023273600381799
6,17,44,45,0.7,MILP,0.984,True,0.0,True,,8,1007.8321082211537,418.9390045485708,9,377.2430250677194,Optimal,True,Optimal,heuristic,0.08891904199845158
6,17,44,45,0.7,Dijkstra,0.98,False,0.0040000000000000036,False,,10,1031.1260044172727,242.49606786178595,7,308.9727171251228,Optimal,True,Optimal,heuristic,0.00034968600084539503
6,17,44,45,0.8,ILP,0.992,True,0.0,True,True,4,477.04205031407923,338.1069819279753,9,377.2430250677194,Optimal,True,Optimal,heuristic,0.09228205899853492
6,17,44,45,0.8,MILP,0.99,False,0.0020000000000000018,False,,5,402.60856866193296,161.66404524119048,7,308.9727171251228,Optimal,True,Optimal,heuristic,0.08448895000037737
6,17,44,45,0.8,Dijkstra,0.99,False,0.0020000000000000018,False,,5,402.60856866193296,161.66404524119048,7,308.9727171251228,Optimal,True,Optimal,heuristic,0.00034548599796835333
6,17,44,45,0.9,ILP,0.996,True,0.0,True,True,2,262.7299497509191,257.2749593073801,9,377.2430250677194,Optimal,True,Optimal,heuristic,0.09042086600675248
6,17,44,45,0.9,MILP,0.996,False,0.0,True,,2,125.78864558793862,80.83202262059524,7,308.9727171251228,Optimal,True,Optimal,heuristic,0.08161190599639667
6,17,44,45,0.9,Dijkstra,0.996,False,0.0,True,,2,125.78864558793862,80.83202262059524,7,308.9727171251228,Optimal,True,Optimal,heuristic,0.0003407460026210174
6,18,13,35,0.5,ILP,0.938,True,0.0,True,True,31,1196.8237326296723,147.29639389800542,1,83.9083326800506,Optimal,True,Optimal,heuristic,0.19624672399368137
6,18,13,35,0.5,MILP,0.938,True,0.0,True,,31,1196.8237326296723,147.29639389800542,1,83.9083326800506,Optimal,True,Optimal,heuristic,0.11438510599691654
6,18,13,35,0.5,Dijkstra,0.938,True,0.0,True,,31,1196.8237326296723,147.29639389800542,1,83.9083326800506,Optimal,True,Optimal,heuristic,0.000435139998444356
6,18,13,35,0.6,ILP,0.968,True,0.0,True,True,16,573.2397700309568,117.83711511840434,1,83.9083326800506,Optimal,True,Optimal,heuristic,0.17181638599868165
6,18,13,35,0.6,MILP,0.968,True,0.0,True,,16,573.2397700309568,117.83711511840434,1,83.9083326800506,Optimal,True,Optimal,heuristic,0.11399278699536808
6,18,13,35,0.6,Dijkstra,0.968,True,0.0,True,,16,573.2397700309568,117.83711511840434,1,83.9083326800506,Optimal,True,Optimal,heuristic,0.0003388289987924509
6,18,13,35,0.7,ILP,0.984,True,0.0,True,True,8,250.13457201438672,88.37783633880326,1,83.9083326800506,Optimal,True,Optimal,heuristic,0.14029949300311273
6,18,13,35,0.7,MILP,0.984,True,0.0,True,,8,250.13457201438672,88.37783633880326,1,83.9083326800506,Optimal,True,Optimal,heuristic,0.11481176799861714
6,18,13,35,0.7,Dijkstra,0.984,True,0.0,True,,8,250.13457201438672,88.37783633880326,1,83.9083326800506,Optimal,True,Optimal,heuristic,0.0003343339994898997
6,18,13,35,0.8,ILP,0.996,True,0.0,True,True,2,92.50260454217857,58.91855755920213,1,83.9083326800506,Optimal,True,Optimal,heuristic,0.11468321199936327
6,18,13,35,0.8,MILP,0.996,True,0.0,True,,2,92.50260454217857,58.91855755920213,1,83.9083326800506,Optimal,True,Optimal,heuristic,0.1127365899956203
6,18,13,35,0.8,Dijkstra,0.996,True,0.0,True,,2,92.50260454217857,58.91855755920213,1,83.9083326800506,Optimal,True,Optimal,heuristic,0.000358231998689007
6,18,13,35,0.9,ILP,0.996,True,0.0,True,True,2,33.58404698297653,29.459278779601107,1,83.9083326800506,Optimal,True,Optimal,heuristic,0.11558455199701712
6,18,13,35,0.9,MILP,0.996,True,0.0,True,,2,33.58404698297653,29.459278779601107,1,83.9083326800506,Optimal,True,Optimal,heuristic,0.10850336700241314
6,18,13,35,0.9,Dijkstra,0.996,True,0.0,True,,2,33.58404698297653,29.459278779601107,1,83.9083326800506,Optimal,True,Optimal,heuristic,0.00038454800233012065
6,19,11,24,0.5,ILP,0.9319999999999999,True,0.0,True,True,34,1316.0008744947836,143.83603723692087,1,88.06100467532676,Optimal,True,Optimal,heuristic,0.26429965699935565
6,19,11,24,0.5,MILP,0.9319999999999999,True,0.0,True,,34,1316.0008744947836,143.83603723692087,1,88.06100467532676,Optimal,True,Optimal,heuristic,0.1845431049951003
6,19,11,24,0.5,Dijkstra,0.9319999999999999,True,0.0,True,,34,1316.0008744947836,143.83603723692087,1,88.06100467532676,Optimal,True,Optimal,heuristic,0.00044377399899531156
6,19,11,24,0.6,ILP,0.966,True,0.0,True,True,17,599.8619731090077,115.0688297895367,1,88.06100467532676,Optimal,True,Optimal,heuristic,0.18860727700666757
6,19,11,24,0.6,MILP,0.966,True,0.0,True,,17,599.8619731090077,115.0688297895367,1,88.06100467532676,Optimal,True,Optimal,heuristic,0.1341609220035025
6,19,11,24,0.6,Dijkstra,0.966,True,0.0,True,,17,599.8619731090077,115.0688297895367,1,88.06100467532676,Optimal,True,Optimal,heuristic,0.00038204400334507227
6,19,11,24,0.7,ILP,0.984,True,0.0,True,True,8,243.9399670643595,86.30162234215254,1,88.06100467532676,Optimal,True,Optimal,heuristic,0.15648654799588257
6,19,11,24,0.7,MILP,0.984,True,0.0,True,,8,243.9399670643595,86.30162234215254,1,88.06100467532676,Optimal,True,Optimal,heuristic,0.11436405600397848
6,19,11,24,0.7,Dijkstra,0.984,True,0.0,True,,8,243.9399670643595,86.30162234215254,1,88.06100467532676,Optimal,True,Optimal,heuristic,0.00037924999924143776
6,19,11,24,0.8,ILP,0.994,True,0.0,True,True,3,89.03466113105017,57.53441489476833,1,88.06100467532676,Optimal,True,Optimal,heuristic,0.1439467319942196
6,19,11,24,0.8,MILP,0.994,True,0.0,True,,3,89.03466113105017,57.53441489476833,1,88.06100467532676,Optimal,True,Optimal,heuristic,0.11601009400328621
6,19,11,24,0.8,Dijkstra,0.994,True,0.0,True,,3,89.03466113105017,57.53441489476833,1,88.06100467532676,Optimal,True,Optimal,heuristic,0.00040901999454945326
6,19,11,24,0.9,ILP,0.998,True,0.0,True,True,1,28.76720744738418,28.76720744738418,1,88.06100467532676,Optimal,True,Optimal,heuristic,0.12197263100097189
6,19,11,24,0.9,MILP,0.998,True,0.0,True,,1,28.76720744738418,28.76720744738418,1,88.06100467532676,Optimal,True,Optimal,heuristic,0.11310827199486084
6,19,11,24,0.9,Dijkstra,0.998,True,0.0,True,,1,28.76720744738418,28.76720744738418,1,88.06100467532676,Optimal,True,Optimal,heuristic,0.000423732002673205
7,0,11,32,0.5,ILP,0.992,True,0.0,True,True,4,393.3379216415962,353.7015889484927,3,143.72493699912175,Optimal,True,Optimal,heuristic,0.19023311900673434
7,0,11,32,0.5,MILP,0.992,True,0.0,True,,4,393.3379216415962,353.7015889484927,3,143.72493699912175,Optimal,True,Optimal,heuristic,0.23487350499635795
7,0,11,32,0.5,Dijkstra,0.992,True,0.0,True,,4,393.3379216415962,353.7015889484927,3,143.72493699912175,Optimal,True,Optimal,heuristic,0.00033846600126707926
7,0,11,32,0.6,ILP,0.998,True,0.0,True,True,1,311.45387433016003,311.45387433016003,3,143.72493699912175,Optimal,True,Optimal,heuristic,0.13162961399939377
7,0,11,32,0.6,MILP,0.998,True,0.0,True,,1,311.45387433016003,311.45387433016003,3,143.72493699912175,Optimal,True,Optimal,heuristic,0.4794944859968382
7,0,11,32,0.6,Dijkstra,0.998,True,0.0,True,,1,311.45387433016003,311.45387433016003,3,143.72493699912175,Optimal,True,Optimal,heuristic,0.0003281760000390932
7,0,11,32,0.7,ILP,0.998,True,0.0,True,True,1,269.20615971182724,269.20615971182724,3,143.72493699912175,Optimal,True,Optimal,heuristic,0.21975104600278428
7,0,11,32,0.7,MILP,0.992,False,0.006000000000000005,False,,4,178.66430978049436,126.74314385499838,3,249.5909602451398,Optimal,True,Optimal,heuristic,0.4383058060047915
7,0,11,32,0.7,Dijkstra,0.998,True,0.0,True,,1,269.20615971182724,269.20615971182724,3,143.72493699912175,Optimal,True,Optimal,heuristic,0.0004257360051269643
7,0,11,32,0.8,ILP,0.998,True,0.0,True,True,1,226.95844509349445,226.95844509349445,3,143.72493699912175,Optimal,True,Optimal,heuristic,0.15627544800372561
7,0,11,32,0.8,MILP,0.998,False,0.0,True,,1,84.4954292366649,84.4954292366649,4,249.5909602451401,Optimal,True,Optimal,heuristic,0.3094756789942039
7,0,11,32,0.8,Dijkstra,0.998,True,0.0,True,,1,226.95844509349445,226.95844509349445,3,143.72493699912175,Optimal,True,Optimal,heuristic,0.0003838320044451393
7,0,11,32,0.9,ILP,0.998,True,0.0,True,True,1,184.71073047516177,184.71073047516177,3,143.72493699912175,Optimal,True,Optimal,heuristic,0.26754221900046105
7,0,11,32,0.9,MILP,0.998,False,0.0,True,,1,42.24771461833279,42.24771461833279,4,249.5909602451398,Optimal,True,Optimal,heuristic,0.23010297000291757
7,0,11,32,0.9,Dijkstra,0.998,True,0.0,True,,1,184.71073047516177,184.71073047516177,3,143.72493699912175,Optimal,True,Optimal,heuristic,0.0003823259976343252
7,1,47,24,0.5,ILP,0.974,True,0.0,True,True,13,524.1171990509372,176.57026088277414,2,145.99183212970686,Optimal,True,Optimal,heuristic,0.09347944999899482
7,1,47,24,0.5,MILP,0.974,True,0.0,True,,13,524.1171990509372,176.57026088277414,2,145.99183212970686,Optimal,True,Optimal,heuristic,0.09148401700076647
7,1,47,24,0.5,Dijkstra,0.974,True,0.0,True,,13,524.1171990509372,176.57026088277414,2,145.99183212970686,Optimal,True,Optimal,heuristic,0.0004581929970299825
7,1,47,24,0.6,ILP,0.99,True,0.0,True,True,5,224.00618241772275,141.2562087062193,2,145.99183212970686,Optimal,True,Optimal,heuristic,0.09787675400002627
7,1,47,24,0.6,MILP,0.99,True,0.0,True,,5,224.00618241772275,141.2562087062193,2,145.99183212970686,Optimal,True,Optimal,heuristic,0.09712641300575342
7,1,47,24,0.6,Dijkstra,0.99,True,0.0,True,,5,224.00618241772275,141.2562087062193,2,145.99183212970686,Optimal,True,Optimal,heuristic,0.00034887200308730826
7,1,47,24,0.7,ILP,0.996,True,0.0,True,True,2,111.09282324782583,105.94215652966449,2,145.99183212970686,Optimal,True,Optimal,heuristic,0.09507165499962866
7,1,47,24,0.7,MILP,0.996,True,0.0,True,,2,111.09282324782583,105.94215652966449,2,145.99183212970686,Optimal,True,Optimal,heuristic,0.09147073500207625
7,1,47,24,0.7,Dijkstra,0.996,True,0.0,True,,2,111.09282324782583,105.94215652966449,2,145.99183212970686,Optimal,True,Optimal,heuristic,0.00035454899625619873
7,1,47,24,0.8,ILP,0.998,True,0.0,True,True,1,70.62810435310968,70.62810435310968,2,145.99183212970686,Optimal,True,Optimal,heuristic,0.09508058700157562
7,1,47,24,0.8,MILP,0.998,True,0.0,True,,1,70.62810435310968,70.62810435310968,2,145.99183212970686,Optimal,True,Optimal,heuristic,0.0994504100017366
7,1,47,24,0.8,Dijkstra,0.998,True,0.0,True,,1,70.62810435310968,70.62810435310968,2,145.99183212970686,Optimal,True,Optimal,heuristic,0.00043195499893045053
7,1,47,24,0.9,ILP,0.998,True,0.0,True,True,1,35.31405217655475,35.31405217655475,2,145.99183212970686,Optimal,True,Optimal,heuristic,0.09134979900409235
7,1,47,24,0.9,MILP,0.998,True,0.0,True,,1,35.31405217655475,35.31405217655475,2,145.99183212970686,Optimal,True,Optimal,heuristic,0.0885000400012359
7,1,47,24,0.9,Dijkstra,0.998,True,0.0,True,,1,35.31405217655475,35.31405217655475,2,145.99183212970686,Optimal,True,Optimal,heuristic,0.00041679800051497295
7,2,24,16,0.5,ILP,0.886,True,0.0,True,True,57,3873.3852953857904,222.73802969652837,7,219.13850267331512,Optimal,True,Optimal,heuristic,0.09159328399982769
7,2,24,16,0.5,MILP,0.886,True,0.0,True,,57,3873.3852953857904,222.73802969652837,7,219.13850267331512,Optimal,True,Optimal,heuristic,0.0861232400056906
7,2,24,16,0.5,Dijkstra,0.886,True,0.0,True,,57,3873.3852953857904,222.73802969652837,7,219.13850267331512,Optimal,True,Optimal,heuristic,0.00035445200046524405
7,2,24,16,0.6,ILP,0.938,True,0.0,True,True,31,1940.8207381858035,178.19042375722267,7,219.13850267331512,Optimal,True,Optimal,heuristic,0.11965851699642371
7,2,24,16,0.6,MILP,0.938,True,0.0,True,,31,1940.8207381858035,178.19042375722267,7,219.13850267331512,Optimal,True,Optimal,heuristic,0.08362648999900557
7,2,24,16,0.6,Dijkstra,0.938,True,0.0,True,,31,1940.8207381858035,178.19042375722267,7,219.13850267331512,Optimal,True,Optimal,heuristic,0.00035339000169187784
7,2,24,16,0.7,ILP,0.968,True,0.0,True,True,16,945.9970263017273,133.64281781791703,7,219.13850267331512,Optimal,True,Optimal,heuristic,0.1034477360008168
7,2,24,16,0.7,MILP,0.968,True,0.0,True,,16,945.9970263017273,133.64281781791703,7,219.13850267331512,Optimal,True,Optimal,heuristic,0.06990180800494272
7,2,24,16,0.7,Dijkstra,0.968,True,0.0,True,,16,945.9970263017273,133.64281781791703,7,219.13850267331512,Optimal,True,Optimal,heuristic,0.000339466001605615
7,2,24,16,0.8,ILP,0.982,True,0.0,True,True,9,329.79601411667136,89.09521187861134,7,219.13850267331512,Optimal,True,Optimal,heuristic,0.09594164900045143
7,2,24,16,0.8,MILP,0.982,True,0.0,True,,9,329.79601411667136,89.09521187861134,7,219.13850267331512,Optimal,True,Optimal,heuristic,0.07053416000417201
7,2,24,16,0.8,Dijkstra,0.982,True,0.0,True,,9,329.79601411667136,89.09521187861134,7,219.13850267331512,Optimal,True,Optimal,heuristic,0.00035819600452668965
7,2,24,16,0.9,ILP,0.994,True,0.0,True,True,3,78.6493529006608,44.54760593930564,7,219.13850267331512,Optimal,True,Optimal,heuristic,0.07891208700311836
7,2,24,16,0.9,MILP,0.994,True,0.0,True,,3,78.6493529006608,44.54760593930564,7,219.13850267331512,Optimal,True,Optimal,heuristic,0.07560477800143417
7,2,24,16,0.9,Dijkstra,0.994,True,0.0,True,,3,78.6493529006608,44.54760593930564,7,219.13850267331512,Optimal,True,Optimal,heuristic,0.0003327950034872629
7,3,61,47,0.5,ILP,0.772,True,0.0,True,True,114,7725.877378359637,230.39400840918114,9,286.20016669791715,Optimal,True,Optimal,heuristic,2.7307164000012563
7,3,61,47,0.5,MILP,0.772,True,0.0,True,,114,7725.877378359637,230.39400840918114,9,286.20016669791715,Optimal,True,Optimal,heuristic,0.5017016790006892
7,3,61,47,0.5,Dijkstra,0.772,True,0.0,True,,114,7725.877378359637,230.39400840918114,9,286.20016669791715,Optimal,True,Optimal,heuristic,0.00038559700624318793
7,3,61,47,0.6,ILP,0.876,True,0.0,True,True,62,3658.2832574099402,184.3152067273449,9,286.20016669791715,Optimal,True,Optimal,heuristic,1.7227902980012004
7,3,61,47,0.6,MILP,0.876,True,0.0,True,,62,3658.2832574099402,184.3152067273449,9,286.20016669791715,Optimal,True,Optimal,heuristic,0.36058724600297865
7,3,61,47,0.6,Dijkstra,0.876,True,0.0,True,,62,3658.2832574099402,184.3152067273449,9,286.20016669791715,Optimal,True,Optimal,heuristic,0.00033692599390633404
7,3,61,47,0.7,ILP,0.9359999999999999,True,0.0,True,True,32,1506.0410185929745,138.23640504550872,9,286.20016669791715,Optimal,True,Optimal,heuristic,0.8412981130022672
7,3,61,47,0.7,MILP,0.9359999999999999,True,0.0,True,,32,1506.0410185929745,138.23640504550872,9,286.20016669791715,Optimal,True,Optimal,heuristic,0.3922325029998319
7,3,61,47,0.7,Dijkstra,0.9359999999999999,True,0.0,True,,32,1506.0410185929745,138.23640504550872,9,286.20016669791715,Optimal,True,Optimal,heuristic,0.0004053070006193593
7,3,61,47,0.8,ILP,0.974,True,0.0,True,True,13,441.943934980085,92.15760336367242,9,286.20016669791715,Optimal,True,Optimal,heuristic,0.6369195269944612
7,3,61,47,0.8,MILP,0.974,False,0.0,True,,13,441.94393498008577,92.15760336367231,9,286.20016669791715,Optimal,True,Optimal,heuristic,0.19928986499871826
7,3,61,47,0.8,Dijkstra,0.974,True,0.0,True,,13,441.943934980085,92.15760336367242,9,286.20016669791715,Optimal,True,Optimal,heuristic,0.00037297700328053907
7,3,61,47,0.9,ILP,0.994,True,0.0,True,True,3,52.0637353227047,46.07880168183624,9,286.20016669791715,Optimal,True,Optimal,heuristic,0.25642946299922187
7,3,61,47,0.9,MILP,0.994,False,0.0,True,,3,52.063735322704815,46.07880168183647,9,286.20016669791715,Optimal,True,Optimal,heuristic,0.1778975800043554
7,3,61,47,0.9,Dijkstra,0.994,True,0.0,True,,3,52.0637353227047,46.07880168183624,9,286.20016669791715,Optimal,True,Optimal,heuristic,0.0003650359940365888
7,4,50,35,0.5,ILP,0.988,True,0.0,True,True,6,745.4416764249429,384.8688423690412,3,114.94751309175818,Optimal,True,Optimal,heuristic,0.08478394399571698
7,4,50,35,0.5,MILP,0.988,True,0.0,True,,6,745.4416764249429,384.8688423690412,3,114.94751309175818,Optimal,True,Optimal,heuristic,0.08849556499626487
7,4,50,35,0.5,Dijkstra,0.988,True,0.0,True,,6,745.4416764249429,384.8688423690412,3,114.94751309175818,Optimal,True,Optimal,heuristic,0.0003583510042517446
7,4,50,35,0.6,ILP,0.994,True,0.0,True,True,3,370.6440765245216,307.895073895233,3,114.94751309175818,Optimal,True,Optimal,heuristic,0.08788432800065493
7,4,50,35,0.6,MILP,0.994,True,0.0,True,,3,370.6440765245216,307.895073895233,3,114.94751309175818,Optimal,True,Optimal,heuristic,0.08101161100057652
7,4,50,35,0.6,Dijkstra,0.994,True,0.0,True,,3,370.6440765245216,307.895073895233,3,114.94751309175818,Optimal,True,Optimal,heuristic,0.0003383959992788732
7,4,50,35,0.7,ILP,0.998,True,0.0,True,True,1,230.9213054214248,230.9213054214248,3,114.94751309175818,Optimal,True,Optimal,heuristic,0.08378343500226038
7,4,50,35,0.7,MILP,0.998,True,0.0,True,,1,230.9213054214248,230.9213054214248,3,114.94751309175818,Optimal,True,Optimal,heuristic,0.08119375399837736
7,4,50,35,0.7,Dijkstra,0.998,True,0.0,True,,1,230.9213054214248,230.9213054214248,3,114.94751309175818,Optimal,True,Optimal,heuristic,0.0003333470012876205
7,4,50,35,0.8,ILP,0.998,True,0.0,True,True,1,153.9475369476164,153.9475369476164,3,114.94751309175818,Optimal,True,Optimal,heuristic,0.08938370300165843
7,4,50,35,0.8,MILP,0.998,True,0.0,True,,1,153.9475369476164,153.9475369476164,3,114.94751309175818,Optimal,True,Optimal,heuristic,0.08392066800297471
7,4,50,35,0.8,Dijkstra,0.998,True,0.0,True,,1,153.9475369476164,153.9475369476164,3,114.94751309175818,Optimal,True,Optimal,heuristic,0.0003382119975867681
7,4,50,35,0.9,ILP,0.998,True,0.0,True,True,1,76.97376847380826,76.97376847380826,3,114.94751309175818,Optimal,True,Optimal,heuristic,0.08493588900455507
7,4,50,35,0.9,MILP,0.998,True,0.0,True,,1,76.97376847380826,76.97376847380826,3,114.94751309175818,Optimal,True,Optimal,heuristic,0.08764855499612167
7,4,50,35,0.9,Dijkstra,0.998,True,0.0,True,,1,76.97376847380826,76.97376847380826,3,114.94751309175818,Optimal,True,Optimal,heuristic,0.00038727700302843004
7,5,62,50,0.5,ILP,0.902,True,0.0,True,True,49,1666.7384836065667,136.31253111743413,3,143.23100985804496,Optimal,True,Optimal,heuristic,0.10363423400121974
7,5,62,50,0.5,MILP,0.902,True,0.0,True,,49,1666.7384836065667,136.31253111743413,3,143.23100985804496,Optimal,True,Optimal,heuristic,0.0887464270053897
7,5,62,50,0.5,Dijkstra,0.902,True,0.0,True,,49,1666.7384836065667,136.31253111743413,3,143.23100985804496,Optimal,True,Optimal,heuristic,0.00048540699935983866
7,5,62,50,0.6,ILP,0.952,True,0.0,True,True,24,731.4184570483947,109.05002489394732,3,143.23100985804496,Optimal,True,Optimal,heuristic,0.10473109699523775
7,5,62,50,0.6,MILP,0.952,True,0.0,True,,24,731.4184570483947,109.05002489394732,3,143.23100985804496,Optimal,True,Optimal,heuristic,0.08433250500092981
7,5,62,50,0.6,Dijkstra,0.952,True,0.0,True,,24,731.4184570483947,109.05002489394732,3,143.23100985804496,Optimal,True,Optimal,heuristic,0.00032890600414248183
7,5,62,50,0.7,ILP,0.978,True,0.0,True,True,11,294.58864934877613,81.78751867046051,3,143.23100985804496,Optimal,True,Optimal,heuristic,0.09692274800181622
7,5,62,50,0.7,MILP,0.978,True,0.0,True,,11,294.58864934877613,81.78751867046051,3,143.23100985804496,Optimal,True,Optimal,heuristic,0.0820941310012131
7,5,62,50,0.7,Dijkstra,0.978,True,0.0,True,,11,294.58864934877613,81.78751867046051,3,143.23100985804496,Optimal,True,Optimal,heuristic,0.0003284960039309226
7,5,62,50,0.8,ILP,0.992,True,0.0,True,True,4,112.68858895532969,54.52501244697362,3,143.23100985804496,Optimal,True,Optimal,heuristic,0.09707847100071376
7,5,62,50,0.8,MILP,0.992,True,0.0,True,,4,112.68858895532969,54.52501244697362,3,143.23100985804496,Optimal,True,Optimal,heuristic,0.08477836499514524
7,5,62,50,0.8,Dijkstra,0.992,True,0.0,True,,4,112.68858895532969,54.52501244697362,3,143.23100985804496,Optimal,True,Optimal,heuristic,0.0003646160039352253
7,5,62,50,0.9,ILP,0.998,True,0.0,True,True,1,27.262506223486866,27.262506223486866,3,143.23100985804496,Optimal,True,Optimal,heuristic,0.09825293000176316
7,5,62,50,0.9,MILP,0.998,True,0.0,True,,1,27.262506223486866,27.262506223486866,3,143.23100985804496,Optimal,True,Optimal,heuristic,0.08416672800376546
7,5,62,50,0.9,Dijkstra,0.998,True,0.0,True,,1,27.262506223486866,27.262506223486866,3,143.23100985804496,Optimal,True,Optimal,heuristic,0.00031879600282991305
7,6,32,44,0.5,ILP,0.922,True,0.0,True,True,39,2888.852736260106,277.3217218147147,9,354.3753501433065,Optimal,True,Optimal,heuristic,0.17643207000219263
7,6,32,44,0.5,MILP,0.922,True,0.0,True,,39,2888.852736260106,277.3217218147147,9,354.3753501433065,Optimal,True,Optimal,heuristic,0.08390940599929309
7,6,32,44,0.5,Dijkstra,0.922,True,0.0,True,,39,2888.852736260106,277.3217218147147,9,354.3753501433065,Optimal,True,Optimal,heuristic,0.00036089499917579815
7,6,32,44,0.6,ILP,0.96,True,0.0,True,True,20,1260.4454009226006,221.85737745177175,9,354.3753501433065,Optimal,True,Optimal,heuristic,0.1699171800064505
7,6,32,44,0.6,MILP,0.96,True,0.0,True,,20,1260.4454009226006,221.85737745177175,9,354.3753501433065,Optimal,True,Optimal,heuristic,0.08395671199832577
7,6,32,44,0.6,Dijkstra,0.96,True,0.0,True,,20,1260.4454009226006,221.85737745177175,9,354.3753501433065,Optimal,True,Optimal,heuristic,0.0003568960019038059
7,6,32,44,0.7,ILP,0.984,True,0.0,True,True,8,548.1167294276682,166.39303308882882,9,354.3753501433065,Optimal,True,Optimal,heuristic,0.11493010300182505
7,6,32,44,0.7,MILP,0.984,True,0.0,True,,8,548.1167294276682,166.39303308882882,9,354.3753501433065,Optimal,True,Optimal,heuristic,0.08947832499688957
7,6,32,44,0.7,Dijkstra,0.984,True,0.0,True,,8,548.1167294276682,166.39303308882882,9,354.3753501433065,Optimal,True,Optimal,heuristic,0.0004202269992674701
7,6,32,44,0.8,ILP,0.992,True,0.0,True,True,4,190.12421339229297,110.92868872588588,9,354.3753501433065,Optimal,True,Optimal,heuristic,0.1376772069997969
7,6,32,44,0.8,MILP,0.992,True,0.0,True,,4,190.12421339229297,110.92868872588588,9,354.3753501433065,Optimal,True,Optimal,heuristic,0.09114449600019725
7,6,32,44,0.8,Dijkstra,0.992,True,0.0,True,,4,190.12421339229297,110.92868872588588,9,354.3753501433065,Optimal,True,Optimal,heuristic,0.00035827900137519464
7,6,32,44,0.9,ILP,0.998,True,0.0,True,True,1,55.46434436294294,55.46434436294294,9,354.3753501433065,Optimal,True,Optimal,heuristic,0.10021202800271567
7,6,32,44,0.9,MILP,0.998,True,0.0,True,,1,55.46434436294294,55.46434436294294,9,354.3753501433065,Optimal,True,Optimal,heuristic,0.09115182900131913
7,6,32,44,0.9,Dijkstra,0.998,True,0.0,True,,1,55.46434436294294,55.46434436294294,9,354.3753501433065,Optimal,True,Optimal,heuristic,0.0003996899977209978
7,7,50,22,0.5,ILP,0.898,True,0.0,True,True,51,3840.119369325707,284.4586583669462,7,267.16714760324265,Optimal,True,Optimal,heuristic,0.13472541400551563
7,7,50,22,0.5,MILP,0.898,True,0.0,True,,51,3840.119369325707,284.4586583669462,7,267.16714760324265,Optimal,True,Optimal,heuristic,0.08168412200029707
7,7,50,22,0.5,Dijkstra,0.898,True,0.0,True,,51,3840.119369325707,284.4586583669462,7,267.16714760324265,Optimal,True,Optimal,heuristic,0.0003535130017553456
7,7,50,22,0.6,ILP,0.956,True,0.0,True,True,22,1712.9994769467567,227.56692669355698,7,267.16714760324265,Optimal,True,Optimal,heuristic,0.10472183099773247
7,7,50,22,0.6,MILP,0.956,True,0.0,True,,22,1712.9994769467567,227.56692669355698,7,267.16714760324265,Optimal,True,Optimal,heuristic,0.0797316409953055
7,7,50,22,0.6,Dijkstra,0.956,True,0.0,True,,22,1712.9994769467567,227.56692669355698,7,267.16714760324265,Optimal,True,Optimal,heuristic,0.0003659539943328127
7,7,50,22,0.7,ILP,0.978,True,0.0,True,True,11,736.648411441943,170.67519502016773,7,267.16714760324265,Optimal,True,Optimal,heuristic,0.11159939500066685
7,7,50,22,0.7,MILP,0.978,True,0.0,True,,11,736.648411441943,170.67519502016773,7,267.16714760324265,Optimal,True,Optimal,heuristic,0.08620993300428381
7,7,50,22,0.7,Dijkstra,0.978,True,0.0,True,,11,736.648411441943,170.67519502016773,7,267.16714760324265,Optimal,True,Optimal,heuristic,0.00036205200012773275
7,7,50,22,0.8,ILP,0.99,True,0.0,True,True,5,283.45342579341127,113.78346334677849,7,267.16714760324265,Optimal,True,Optimal,heuristic,0.0876103110058466
7,7,50,22,0.8,MILP,0.99,True,0.0,True,,5,283.45342579341127,113.78346334677849,7,267.16714760324265,Optimal,True,Optimal,heuristic,0.07402882500173291
7,7,50,22,0.8,Dijkstra,0.99,True,0.0,True,,5,283.45342579341127,113.78346334677849,7,267.16714760324265,Optimal,True,Optimal,heuristic,0.00033723600063240156
7,7,50,22,0.9,ILP,0.994,True,0.0,True,True,3,64.29940647084447,56.891731673389245,7,267.16714760324265,Optimal,True,Optimal,heuristic,0.0925328629964497
7,7,50,22,0.9,MILP,0.994,True,0.0,True,,3,64.29940647084447,56.891731673389245,7,267.16714760324265,Optimal,True,Optimal,heuristic,0.0757733670034213
7,7,50,22,0.9,Dijkstra,0.994,True,0.0,True,,3,64.29940647084447,56.891731673389245,7,267.16714760324265,Optimal,True,Optimal,heuristic,0.00033261600037803873
7,8,61,4,0.5,ILP,0.772,True,0.0,True,True,114,7696.138442838976,226.8939518107312,9,290.4184405925573,Optimal,True,Optimal,heuristic,3.5493867910045083
7,8,61,4,0.5,MILP,0.772,True,0.0,True,,114,7696.138442838976,226.8939518107312,9,290.4184405925573,Optimal,True,Optimal,heuristic,0.525233994005248
7,8,61,4,0.5,Dijkstra,0.772,True,0.0,True,,114,7696.138442838976,226.8939518107312,9,290.4184405925573,Optimal,True,Optimal,heuristic,0.00042531800136202946
7,8,61,4,0.6,ILP,0.874,True,0.0,True,True,63,3619.1831403264523,181.51516144858493,9,290.4184405925573,Optimal,True,Optimal,heuristic,1.331011218004278
7,8,61,4,0.6,MILP,0.874,True,0.0,True,,63,3619.1831403264523,181.51516144858493,9,290.4184405925573,Optimal,True,Optimal,heuristic,0.31654206800158136
7,8,61,4,0.6,Dijkstra,0.874,True,0.0,True,,63,3619.1831403264523,181.51516144858493,9,290.4184405925573,Optimal,True,Optimal,heuristic,0.000372223999875132
7,8,61,4,0.7,ILP,0.938,True,0.0,True,True,31,1535.584951457989,136.13637108643871,9,290.4184405925573,Optimal,True,Optimal,heuristic,0.8355736230005277
7,8,61,4,0.7,MILP,0.938,False,0.0,True,,31,1535.5849514579886,136.1363710864386,9,290.41844059255726,Optimal,True,Optimal,heuristic,0.2937161340014427
7,8,61,4,0.7,Dijkstra,0.938,True,0.0,True,,31,1535.584951457989,136.13637108643871,9,290.4184405925573,Optimal,True,Optimal,heuristic,0.00034536699968157336
7,8,61,4,0.8,ILP,0.974,True,0.0,True,True,13,577.9618743691915,90.75758072429244,9,290.4184405925573,Optimal,True,Optimal,heuristic,0.6977391780019389
7,8,61,4,0.8,MILP,0.974,False,0.0,True,,13,577.9618743691899,90.75758072429244,9,290.4184405925574,Optimal,True,Optimal,heuristic,0.25461327300581615
7,8,61,4,0.8,Dijkstra,0.974,True,0.0,True,,13,577.9618743691915,90.75758072429244,9,290.4184405925573,Optimal,True,Optimal,heuristic,0.0004131070018047467
7,8,61,4,0.9,ILP,0.99,True,0.0,True,True,5,127.70266694276177,45.37879036214622,9,290.4184405925573,Optimal,True,Optimal,heuristic,0.33266244499827735
7,8,61,4,0.9,MILP,0.99,True,0.0,True,,5,127.70266694276177,45.37879036214622,9,290.4184405925573,Optimal,True,Optimal,heuristic,0.1835959149975679
7,8,61,4,0.9,Dijkstra,0.99,True,0.0,True,,5,127.70266694276177,45.37879036214622,9,290.4184405925573,Optimal,True,Optimal,heuristic,0.0003577010065782815
7,9,45,16,0.5,ILP,0.916,True,0.0,True,True,42,1991.6739361219725,214.03069350168528,5,219.44813057644583,Optimal,True,Optimal,heuristic,0.4716239340050379
7,9,45,16,0.5,MILP,0.916,True,0.0,True,,42,1991.6739361219725,214.03069350168528,5,219.44813057644583,Optimal,True,Optimal,heuristic,0.10286951300076908
7,9,45,16,0.5,Dijkstra,0.916,True,0.0,True,,42,1991.6739361219725,214.03069350168528,5,219.44813057644583,Optimal,True,Optimal,heuristic,0.0003818760014837608
7,9,45,16,0.6,ILP,0.97,True,0.0,True,True,15,907.3309757479253,171.22455480134823,5,219.44813057644583,Optimal,True,Optimal,heuristic,0.24700865100021474
7,9,45,16,0.6,MILP,0.97,True,0.0,True,,15,907.3309757479253,171.22455480134823,5,219.44813057644583,Optimal,True,Optimal,heuristic,0.10385720400518039
7,9,45,16,0.6,Dijkstra,0.97,True,0.0,True,,15,907.3309757479253,171.22455480134823,5,219.44813057644583,Optimal,True,Optimal,heuristic,0.0004141999961575493
7,9,45,16,0.7,ILP,0.984,True,0.0,True,True,8,414.13673105930076,128.4184161010112,5,219.44813057644583,Optimal,True,Optimal,heuristic,0.16416539100464433
7,9,45,16,0.7,MILP,0.984,True,0.0,True,,8,414.13673105930076,128.4184161010112,5,219.44813057644583,Optimal,True,Optimal,heuristic,0.10408890899998369
7,9,45,16,0.7,Dijkstra,0.984,True,0.0,True,,8,414.13673105930076,128.4184161010112,5,219.44813057644583,Optimal,True,Optimal,heuristic,0.00033438700484111905
7,9,45,16,0.8,ILP,0.992,True,0.0,True,True,4,153.85657233287418,85.61227740067409,5,219.44813057644583,Optimal,True,Optimal,heuristic,0.12159887699817773
7,9,45,16,0.8,MILP,0.992,True,0.0,True,,4,153.85657233287418,85.61227740067409,5,219.44813057644583,Optimal,True,Optimal,heuristic,0.10154145499836886
7,9,45,16,0.8,Dijkstra,0.992,True,0.0,True,,4,153.85657233287418,85.61227740067409,5,219.44813057644583,Optimal,True,Optimal,heuristic,0.00034156999754486606
7,9,45,16,0.9,ILP,0.996,True,0.0,True,True,2,47.17807769338651,42.806138700337044,5,219.44813057644583,Optimal,True,Optimal,heuristic,0.09952545700070914
7,9,45,16,0.9,MILP,0.996,True,0.0,True,,2,47.17807769338651,42.806138700337044,5,219.44813057644583,Optimal,True,Optimal,heuristic,0.09179522100021131
7,9,45,16,0.9,Dijkstra,0.996,True,0.0,True,,2,47.17807769338651,42.806138700337044,5,219.44813057644583,Optimal,True,Optimal,heuristic,0.0003435969993006438
7,10,53,49,0.5,ILP,0.986,True,0.0,True,True,7,1107.0463475941983,435.1143406502317,5,278.4964523225661,Optimal,True,Optimal,heuristic,0.15219666900520679
7,10,53,49,0.5,MILP,0.986,True,0.0,True,,7,1107.0463475941983,435.1143406502317,5,278.4964523225661,Optimal,True,Optimal,heuristic,0.1166266789950896
7,10,53,49,0.5,Dijkstra,0.986,True,0.0,True,,7,1107.0463475941983,435.1143406502317,5,278.4964523225661,Optimal,True,Optimal,heuristic,0.00037331700150389224
7,10,53,49,0.6,ILP,0.996,True,0.0,True,True,2,654.1949961663546,348.09147252018545,5,278.4964523225661,Optimal,True,Optimal,heuristic,0.10871045400563162
7,10,53,49,0.6,MILP,0.996,False,0.0,True,,2,654.1949961663545,348.09147252018545,5,278.4964523225661,Optimal,True,Optimal,heuristic,0.10506223300035344
7,10,53,49,0.6,Dijkstra,0.996,False,0.0,True,,2,654.1949961663545,348.09147252018545,5,278.4964523225661,Optimal,True,Optimal,heuristic,0.0004235989981680177
7,10,53,49,0.7,ILP,0.996,True,0.0,True,True,2,480.1492599062617,261.06860439013906,5,278.4964523225661,Optimal,True,Optimal,heuristic,0.128681644993776
7,10,53,49,0.7,MILP,0.996,True,0.0,True,,2,480.1492599062617,261.06860439013906,5,278.4964523225661,Optimal,True,Optimal,heuristic,0.10382212800323032
7,10,53,49,0.7,Dijkstra,0.996,True,0.0,True,,2,480.1492599062617,261.06860439013906,5,278.4964523225661,Optimal,True,Optimal,heuristic,0.0003372959981788881
7,10,53,49,0.8,ILP,0.996,True,0.0,True,True,2,295.6552458640092,253.49244357871783,8,397.1729179918432,Optimal,True,Optimal,heuristic,0.11194852100015851
7,10,53,49,0.8,MILP,0.996,True,0.0,True,,2,295.6552458640092,253.49244357871783,8,397.1729179918432,Optimal,True,Optimal,heuristic,0.10406686599890236
7,10,53,49,0.8,Dijkstra,0.996,False,0.0,True,,2,306.1035236461689,174.04573626009267,5,278.4964523225661,Optimal,True,Optimal,heuristic,0.0003833980008494109
7,10,53,49,0.9,ILP,0.998,True,0.0,True,True,1,166.46957544867143,166.46957544867143,8,397.1729179918432,Optimal,True,Optimal,heuristic,0.11023694199684542
7,10,53,49,0.9,MILP,0.996,False,0.0020000000000000018,False,,2,132.05778738607614,87.02286813004628,5,278.4964523225661,Optimal,True,Optimal,heuristic,0.09753117900254438
7,10,53,49,0.9,Dijkstra,0.996,False,0.0020000000000000018,False,,2,132.05778738607614,87.02286813004628,5,278.4964523225661,Optimal,True,Optimal,heuristic,0.0003709009979502298
7,11,1,32,0.5,ILP,0.992,True,0.0,True,True,4,386.0960085437904,211.2027662485015,3,69.42340752932812,Optimal,True,Optimal,heuristic,0.15319287299644202
7,11,1,32,0.5,MILP,0.992,True,0.0,True,,4,386.0960085437904,211.2027662485015,3,69.42340752932812,Optimal,True,Optimal,heuristic,0.12901676700130338
7,11,1,32,0.5,Dijkstra,0.992,True,0.0,True,,4,386.0960085437904,211.2027662485015,3,69.42340752932812,Optimal,True,Optimal,heuristic,0.00032793799618957564
7,11,1,32,0.6,ILP,0.996,True,0.0,True,True,2,279.85121808595767,168.9622129988012,3,69.42340752932812,Optimal,True,Optimal,heuristic,0.13742473899765173
7,11,1,32,0.6,MILP,0.996,False,0.0,True,,2,279.85121808595534,168.96221299880023,3,69.42340752932836,Optimal,True,Optimal,heuristic,0.13486379400274018
7,11,1,32,0.6,Dijkstra,0.996,True,0.0,True,,2,279.85121808595767,168.9622129988012,3,69.42340752932812,Optimal,True,Optimal,heuristic,0.00032655200629960746
7,11,1,32,0.7,ILP,0.996,True,0.0,True,True,2,195.37011158655713,126.72165974910092,3,69.42340752932812,Optimal,True,Optimal,heuristic,0.1338822990001063
7,11,1,32,0.7,MILP,0.996,True,0.0,True,,2,195.37011158655713,126.72165974910092,3,69.42340752932812,Optimal,True,Optimal,heuristic,0.15016741799627198
7,11,1,32,0.7,Dijkstra,0.996,True,0.0,True,,2,195.37011158655713,126.72165974910092,3,69.42340752932812,Optimal,True,Optimal,heuristic,0.00032264599576592445
7,11,1,32,0.8,ILP,0.996,True,0.0,True,True,2,110.88900508715636,84.48110649940054,3,69.42340752932812,Optimal,True,Optimal,heuristic,0.12896814199484652
7,11,1,32,0.8,MILP,0.996,False,0.0,True,,2,110.88900508715648,84.4811064994006,3,69.42340752932819,Optimal,True,Optimal,heuristic,0.12616270099533722
7,11,1,32,0.8,Dijkstra,0.996,True,0.0,True,,2,110.88900508715636,84.48110649940054,3,69.42340752932812,Optimal,True,Optimal,heuristic,0.0003376160020707175
7,11,1,32,0.9,ILP,0.998,True,0.0,True,True,1,42.24055324970027,42.24055324970027,3,69.42340752932812,Optimal,True,Optimal,heuristic,0.13023264599905815
7,11,1,32,0.9,MILP,0.998,True,0.0,True,,1,42.24055324970027,42.24055324970027,3,69.42340752932812,Optimal,True,Optimal,heuristic,0.1233807389944559
7,11,1,32,0.9,Dijkstra,0.998,True,0.0,True,,1,42.24055324970027,42.24055324970027,3,69.42340752932812,Optimal,True,Optimal,heuristic,0.0003325689976918511
7,12,59,32,0.5,ILP,0.966,True,0.0,True,True,17,816.4081015739201,149.82148634208505,2,55.27638330214561,Optimal,True,Optimal,heuristic,0.236893675995816
7,12,59,32,0.5,MILP,0.966,True,0.0,True,,17,816.4081015739201,149.82148634208505,2,55.27638330214561,Optimal,True,Optimal,heuristic,0.1633100499966531
7,12,59,32,0.5,Dijkstra,0.966,True,0.0,True,,17,816.4081015739201,149.82148634208505,2,55.27638330214561,Optimal,True,Optimal,heuristic,0.0003737419974640943
7,12,59,32,0.6,ILP,0.976,True,0.0,True,True,12,395.90933253799204,119.85718907366805,2,55.27638330214561,Optimal,True,Optimal,heuristic,0.24945798499538796
7,12,59,32,0.6,MILP,0.976,True,0.0,True,,12,395.90933253799204,119.85718907366805,2,55.27638330214561,Optimal,True,Optimal,heuristic,0.1437030520028202
7,12,59,32,0.6,Dijkstra,0.976,True,0.0,True,,12,395.90933253799204,119.85718907366805,2,55.27638330214561,Optimal,True,Optimal,heuristic,0.0003365480006323196
7,12,59,32,0.7,ILP,0.99,True,0.0,True,True,5,140.82401349758172,89.89289180525105,1,55.276383302145604,Optimal,True,Optimal,heuristic,0.17513356000563363
7,12,59,32,0.7,MILP,0.99,False,0.0,True,,5,140.82401349758175,89.89289180525105,2,55.27638330214561,Optimal,True,Optimal,heuristic,0.13297944600344636
7,12,59,32,0.7,Dijkstra,0.99,False,0.0,True,,5,140.82401349758175,89.89289180525105,2,55.27638330214561,Optimal,True,Optimal,heuristic,0.00036714399902848527
7,12,59,32,0.8,ILP,0.998,True,0.0,True,True,1,59.92859453683403,59.92859453683403,2,55.27638330214561,Optimal,True,Optimal,heuristic,0.1594336470006965
7,12,59,32,0.8,MILP,0.998,True,0.0,True,,1,59.92859453683403,59.92859453683403,2,55.27638330214561,Optimal,True,Optimal,heuristic,0.1291588230014895
7,12,59,32,0.8,Dijkstra,0.998,True,0.0,True,,1,59.92859453683403,59.92859453683403,2,55.27638330214561,Optimal,True,Optimal,heuristic,0.0003322590055176988
7,12,59,32,0.9,ILP,0.998,True,0.0,True,True,1,29.964297268417,29.964297268417,2,55.27638330214561,Optimal,True,Optimal,heuristic,0.14717050699982792
7,12,59,32,0.9,MILP,0.998,False,0.0,True,,1,29.964297268416942,29.964297268416942,1,55.276383302145575,Optimal,True,Optimal,heuristic,0.14412232400354696
7,12,59,32,0.9,Dijkstra,0.998,False,0.0,True,,1,29.964297268417,29.964297268417,2,55.27638330214561,Optimal,True,Optimal,heuristic,0.00033959199936361983
7,13,32,16,0.5,ILP,0.92,True,0.0,True,True,40,2669.129788541324,277.6482252190903,8,337.6275221621328,Optimal,True,Optimal,heuristic,0.10669259299902478
7,13,32,16,0.5,MILP,0.92,True,0.0,True,,40,2669.129788541324,277.6482252190903,8,337.6275221621328,Optimal,True,Optimal,heuristic,0.07648805200005881
7,13,32,16,0.5,Dijkstra,0.92,True,0.0,True,,40,2669.129788541324,277.6482252190903,8,337.6275221621328,Optimal,True,Optimal,heuristic,0.0003702300018630922
7,13,32,16,0.6,ILP,0.968,True,0.0,True,True,16,1275.9036962088117,222.1185801752723,8,337.6275221621328,Optimal,True,Optimal,heuristic,0.09794363100081682
7,13,32,16,0.6,MILP,0.968,True,0.0,True,,16,1275.9036962088117,222.1185801752723,8,337.6275221621328,Optimal,True,Optimal,heuristic,0.07661158999690088
7,13,32,16,0.6,Dijkstra,0.968,True,0.0,True,,16,1275.9036962088117,222.1185801752723,8,337.6275221621328,Optimal,True,Optimal,heuristic,0.00034794599923770875
7,13,32,16,0.7,ILP,0.984,True,0.0,True,True,8,613.616401671364,166.58893513145415,8,337.6275221621328,Optimal,True,Optimal,heuristic,0.092362299998058
7,13,32,16,0.7,MILP,0.984,True,0.0,True,,8,613.616401671364,166.58893513145415,8,337.6275221621328,Optimal,True,Optimal,heuristic,0.10972990000300342
7,13,32,16,0.7,Dijkstra,0.984,True,0.0,True,,8,613.616401671364,166.58893513145415,8,337.6275221621328,Optimal,True,Optimal,heuristic,0.00035312899854034185
7,13,32,16,0.8,ILP,0.99,True,0.0,True,True,5,238.82122422069313,111.05929008763599,8,337.6275221621328,Optimal,True,Optimal,heuristic,0.09109366400662111
7,13,32,16,0.8,MILP,0.99,True,0.0,True,,5,238.82122422069313,111.05929008763599,8,337.6275221621328,Optimal,True,Optimal,heuristic,0.07662785000138683
7,13,32,16,0.8,Dijkstra,0.99,True,0.0,True,,5,238.82122422069313,111.05929008763599,8,337.6275221621328,Optimal,True,Optimal,heuristic,0.00034313599462620914
7,13,32,16,0.9,ILP,0.996,True,0.0,True,True,2,59.13503326006901,55.52964504381782,7,337.62752216213266,Optimal,True,Optimal,heuristic,0.09635497499402845
7,13,32,16,0.9,MILP,0.996,False,0.0,True,,2,59.13503326006935,55.52964504381805,8,337.6275221621328,Optimal,True,Optimal,heuristic,0.0786115989976679
7,13,32,16,0.9,Dijkstra,0.996,False,0.0,True,,2,59.13503326006935,55.52964504381805,8,337.6275221621328,Optimal,True,Optimal,heuristic,0.000369890003639739
7,14,19,21,0.5,ILP,0.898,True,0.0,True,True,51,3640.631852279421,288.62910334472826,9,435.0021460310603,Optimal,True,Optimal,heuristic,0.43573520299833035
7,14,19,21,0.5,MILP,0.898,True,0.0,True,,51,3640.631852279421,288.62910334472826,9,435.0021460310603,Optimal,True,Optimal,heuristic,0.13124154399702093
7,14,19,21,0.5,Dijkstra,0.898,True,0.0,True,,51,3640.631852279421,288.62910334472826,9,435.0021460310603,Optimal,True,Optimal,heuristic,0.00038219599809963256
7,14,19,21,0.6,ILP,0.952,True,0.0,True,True,24,1571.9942623104034,230.90328267578218,8,435.0021460310598,Optimal,True,Optimal,heuristic,0.3854909920046339
7,14,19,21,0.6,MILP,0.952,False,0.0,True,,24,1571.9942623104157,230.90328267578263,9,435.0021460310603,Optimal,True,Optimal,heuristic,0.120770982997783
7,14,19,21,0.6,Dijkstra,0.952,False,0.0,True,,24,1571.9942623104157,230.90328267578263,9,435.0021460310603,Optimal,True,Optimal,heuristic,0.00040763399738352746
7,14,19,21,0.7,ILP,0.982,True,0.0,True,True,9,695.5033357858648,173.177462006837,9,435.0021460310603,Optimal,True,Optimal,heuristic,0.15867446800257312
7,14,19,21,0.7,MILP,0.982,True,0.0,True,,9,695.5033357858648,173.177462006837,9,435.0021460310603,Optimal,True,Optimal,heuristic,0.10649599899625173
7,14,19,21,0.7,Dijkstra,0.982,True,0.0,True,,9,695.5033357858648,173.177462006837,9,435.0021460310603,Optimal,True,Optimal,heuristic,0.0003591419954318553
7,14,19,21,0.8,ILP,0.988,True,0.0,True,True,6,255.1130848437773,115.45164133789126,9,435.0021460310603,Optimal,True,Optimal,heuristic,0.16306893800356193
7,14,19,21,0.8,MILP,0.988,True,0.0,True,,6,255.1130848437773,115.45164133789126,9,435.0021460310603,Optimal,True,Optimal,heuristic,0.10070728000573581
7,14,19,21,0.8,Dijkstra,0.988,True,0.0,True,,6,255.1130848437773,115.45164133789126,9,435.0021460310603,Optimal,True,Optimal,heuristic,0.0003768660026253201
7,14,19,21,0.9,ILP,0.996,True,0.0,True,True,2,97.38428784696612,57.72582066894563,9,435.0021460310603,Optimal,True,Optimal,heuristic,0.11032058199634776
7,14,19,21,0.9,MILP,0.996,True,0.0,True,,2,97.38428784696612,57.72582066894563,9,435.0021460310603,Optimal,True,Optimal,heuristic,0.10683003300073324
7,14,19,21,0.9,Dijkstra,0.996,True,0.0,True,,2,97.38428784696612,57.72582066894563,9,435.0021460310603,Optimal,True,Optimal,heuristic,0.0004291479999665171
7,15,41,63,0.5,ILP,0.96,True,0.0,True,True,20,1591.5874612205234,378.0095650114736,7,340.42074828759706,Optimal,True,Optimal,heuristic,0.7365721989990561
7,15,41,63,0.5,MILP,0.96,True,0.0,True,,20,1591.5874612205234,378.0095650114736,7,340.42074828759706,Optimal,True,Optimal,heuristic,0.4734840409946628
7,15,41,63,0.5,Dijkstra,0.95,False,0.010000000000000009,False,,25,1796.3563394116588,338.87996438366037,7,333.77371569678235,Optimal,True,Optimal,heuristic,0.000370009001926519
7,15,41,63,0.6,ILP,0.982,True,0.0,True,True,9,978.3938525691091,287.3713459178547,7,333.77371569678235,Optimal,True,Optimal,heuristic,0.5135177369957091
7,15,41,63,0.6,MILP,0.98,False,0.0020000000000000018,False,,10,832.9376475504957,326.50094654566794,7,340.42074828759706,Optimal,True,Optimal,heuristic,0.30701703100203304
7,15,41,63,0.6,Dijkstra,0.982,True,0.0,True,,9,978.3938525691091,287.3713459178547,7,333.77371569678235,Optimal,True,Optimal,heuristic,0.000553007994312793
7,15,41,63,0.7,ILP,0.994,True,0.0,True,True,3,595.940073745883,274.9923280798623,7,340.42074828759706,Optimal,True,Optimal,heuristic,0.16921226599515649
7,15,41,63,0.7,MILP,0.994,True,0.0,True,,3,595.940073745883,274.9923280798623,7,340.42074828759706,Optimal,True,Optimal,heuristic,0.3649498499944457
7,15,41,63,0.7,Dijkstra,0.988,False,0.006000000000000005,False,,6,637.5283002189913,235.86272745204906,7,333.77371569678235,Optimal,True,Optimal,heuristic,0.0004045349996886216
7,15,41,63,0.8,ILP,0.994,True,0.0,True,True,3,441.4142183484656,223.48370961405647,6,340.42074828759706,Optimal,True,Optimal,heuristic,0.31305895800323924
7,15,41,63,0.8,MILP,0.992,False,0.0020000000000000018,False,,4,303.7876068104266,129.45369860857306,10,361.4964755355147,Optimal,True,Optimal,heuristic,0.4209578310037614
7,15,41,63,0.8,Dijkstra,0.988,False,0.006000000000000005,False,,6,328.4765894241568,184.35410898624332,7,333.77371569678235,Optimal,True,Optimal,heuristic,0.00043093600106658414
7,15,41,63,0.9,ILP,0.996,True,0.0,True,True,2,329.9217080852227,171.97509114825084,7,340.42074828759706,Optimal,True,Optimal,heuristic,0.21754809199774172
7,15,41,63,0.9,MILP,0.996,False,0.0,True,,2,143.44381989436795,77.94508014276721,10,361.49647553551466,Optimal,True,Optimal,heuristic,0.2279680540013942
7,15,41,63,0.9,Dijkstra,0.996,False,0.0,True,,2,161.7075651326477,132.84549052043758,7,333.77371569678235,Optimal,True,Optimal,heuristic,0.000360257996362634
7,16,41,60,0.5,ILP,0.924,True,0.0,True,True,38,2458.449943679315,401.0331633199305,6,278.29425484069276,Optimal,True,Optimal,heuristic,1.0639305810036603
7,16,41,60,0.5,MILP,0.924,True,0.0,True,,38,2458.449943679315,401.0331633199305,6,278.29425484069276,Optimal,True,Optimal,heuristic,0.7300982700035092
7,16,41,60,0.5,Dijkstra,0.922,False,0.0020000000000000018,False,,39,2458.6697456659804,268.502974669365,6,271.647222249878,Optimal,True,Optimal,heuristic,0.0003683399991132319
7,16,41,60,0.6,ILP,0.972,True,0.0,True,True,14,1070.5138728392672,347.3325683860575,6,278.29425484069276,Optimal,True,Optimal,heuristic,0.6891936780011747
7,16,41,60,0.6,MILP,0.972,True,0.0,True,,14,1070.5138728392672,347.3325683860575,6,278.29425484069276,Optimal,True,Optimal,heuristic,0.3654658230007044
7,16,41,60,0.6,Dijkstra,0.972,False,0.0,True,,14,1156.5960637854637,214.80237973549202,6,271.647222249878,Optimal,True,Optimal,heuristic,0.0003663460011011921
7,16,41,60,0.7,ILP,0.994,True,0.0,True,True,3,597.817400852796,293.6319734521845,6,278.29425484069276,Optimal,True,Optimal,heuristic,0.2515512320023845
7,16,41,60,0.7,MILP,0.994,True,0.0,True,,3,597.817400852796,293.6319734521845,6,278.29425484069276,Optimal,True,Optimal,heuristic,0.3321630060017924
7,16,41,60,0.7,Dijkstra,0.986,False,0.008000000000000007,False,,7,645.8388684938551,161.10178480161903,6,271.647222249878,Optimal,True,Optimal,heuristic,0.0003331159969093278
7,16,41,60,0.8,ILP,0.996,True,0.0,True,True,2,443.50690511345533,239.93137851831148,6,278.29425484069276,Optimal,True,Optimal,heuristic,0.15179351199913071
7,16,41,60,0.8,MILP,0.99,False,0.006000000000000005,False,,5,296.01064593377373,152.4127113426515,9,299.3699820886103,Optimal,True,Optimal,heuristic,0.37532739699963713
7,16,41,60,0.8,Dijkstra,0.988,False,0.008000000000000007,False,,6,318.83911489376055,107.40118986774598,6,271.647222249878,Optimal,True,Optimal,heuristic,0.00034000599407590926
7,16,41,60,0.9,ILP,0.996,True,0.0,True,True,2,83.45410071457616,53.70059493387305,6,271.647222249878,Optimal,True,Optimal,heuristic,0.1255827519999002
7,16,41,60,0.9,MILP,0.996,True,0.0,True,,2,83.45410071457616,53.70059493387305,6,271.647222249878,Optimal,True,Optimal,heuristic,0.24277066200011177
7,16,41,60,0.9,Dijkstra,0.996,True,0.0,True,,2,83.45410071457616,53.70059493387305,6,271.647222249878,Optimal,True,Optimal,heuristic,0.0004190869949525222
7,17,44,45,0.5,ILP,0.896,True,0.0,True,True,52,3351.0388419986866,254.06817945191722,7,267.9300187743933,Optimal,True,Optimal,heuristic,0.14664897200418636
7,17,44,45,0.5,MILP,0.896,False,0.0,True,,52,3351.0388419986875,254.06817945191722,7,267.9300187743933,Optimal,True,Optimal,heuristic,0.08918034299858846
7,17,44,45,0.5,Dijkstra,0.896,True,0.0,True,,52,3351.0388419986866,254.06817945191722,7,267.9300187743933,Optimal,True,Optimal,heuristic,0.00033309600257780403
7,17,44,45,0.6,ILP,0.948,True,0.0,True,True,26,1498.3450044591852,203.25454356153375,7,267.9300187743933,Optimal,True,Optimal,heuristic,0.12969330399937462
7,17,44,45,0.6,MILP,0.948,False,0.0,True,,26,1498.3450044591848,203.25454356153375,6,267.9300187743932,Optimal,True,Optimal,heuristic,0.08780576900608139
7,17,44,45,0.6,Dijkstra,0.948,True,0.0,True,,26,1498.3450044591852,203.25454356153375,7,267.9300187743933,Optimal,True,Optimal,heuristic,0.00030971500382293016
7,17,44,45,0.7,ILP,0.98,True,0.0,True,True,10,639.425825713744,152.44090767115028,7,267.9300187743933,Optimal,True,Optimal,heuristic,0.09892419500101823
7,17,44,45,0.7,MILP,0.98,False,0.0,True,,10,639.4258257137437,152.44090767115028,7,267.9300187743933,Optimal,True,Optimal,heuristic,0.08527281600254355
7,17,44,45,0.7,Dijkstra,0.98,True,0.0,True,,10,639.425825713744,152.44090767115028,7,267.9300187743933,Optimal,True,Optimal,heuristic,0.0003234149990021251
7,17,44,45,0.8,ILP,0.988,True,0.0,True,True,6,255.73529722921887,101.62727178076682,7,267.9300187743933,Optimal,True,Optimal,heuristic,0.10871992499596672
7,17,44,45,0.8,MILP,0.988,False,0.0,True,,6,255.7352972292192,101.62727178076682,7,267.9300187743934,Optimal,True,Optimal,heuristic,0.10697560900007375
7,17,44,45,0.8,Dijkstra,0.988,True,0.0,True,,6,255.73529722921887,101.62727178076682,7,267.9300187743933,Optimal,True,Optimal,heuristic,0.0003477569989627227
7,17,44,45,0.9,ILP,0.998,True,0.0,True,True,1,50.81363589038335,50.81363589038335,7,267.9300187743933,Optimal,True,Optimal,heuristic,0.09012765799707267
7,17,44,45,0.9,MILP,0.998,True,0.0,True,,1,50.81363589038335,50.81363589038335,7,267.9300187743933,Optimal,True,Optimal,heuristic,0.08680714900401654
7,17,44,45,0.9,Dijkstra,0.998,True,0.0,True,,1,50.81363589038335,50.81363589038335,7,267.9300187743933,Optimal,True,Optimal,heuristic,0.00034224200499011204
7,18,13,35,0.5,ILP,0.976,True,0.0,True,True,12,442.5350476781834,133.7663104264561,1,72.10902319613501,Optimal,True,Optimal,heuristic,0.12436106599488994
7,18,13,35,0.5,MILP,0.976,True,0.0,True,,12,442.5350476781834,133.7663104264561,1,72.10902319613501,Optimal,True,Optimal,heuristic,0.11941955500515178
7,18,13,35,0.5,Dijkstra,0.976,True,0.0,True,,12,442.5350476781834,133.7663104264561,1,72.10902319613501,Optimal,True,Optimal,heuristic,0.00037322600110201165
7,18,13,35,0.6,ILP,0.992,True,0.0,True,True,4,280.60478523914713,107.01304834116488,1,72.10902319613501,Optimal,True,Optimal,heuristic,0.1295590980007546
7,18,13,35,0.6,MILP,0.992,True,0.0,True,,4,280.60478523914713,107.01304834116488,1,72.10902319613501,Optimal,True,Optimal,heuristic,0.11100142600480467
7,18,13,35,0.6,Dijkstra,0.992,True,0.0,True,,4,280.60478523914713,107.01304834116488,1,72.10902319613501,Optimal,True,Optimal,heuristic,0.0003825649982900359
7,18,13,35,0.7,ILP,0.994,True,0.0,True,True,3,179.0243572011566,80.25978625587368,1,72.10902319613501,Optimal,True,Optimal,heuristic,0.11539723500027321
7,18,13,35,0.7,MILP,0.994,True,0.0,True,,3,179.0243572011566,80.25978625587368,1,72.10902319613501,Optimal,True,Optimal,heuristic,0.10919619200285524
7,18,13,35,0.7,Dijkstra,0.994,True,0.0,True,,3,179.0243572011566,80.25978625587368,1,72.10902319613501,Optimal,True,Optimal,heuristic,0.0003590990017983131
7,18,13,35,0.8,ILP,0.996,True,0.0,True,True,2,106.27857986706238,53.50652417058242,1,72.10902319613501,Optimal,True,Optimal,heuristic,0.11463558699324494
7,18,13,35,0.8,MILP,0.996,True,0.0,True,,2,106.27857986706238,53.50652417058242,1,72.10902319613501,Optimal,True,Optimal,heuristic,0.11400227299600374
7,18,13,35,0.8,Dijkstra,0.996,True,0.0,True,,2,106.27857986706238,53.50652417058242,1,72.10902319613501,Optimal,True,Optimal,heuristic,0.00033188499946845695
7,18,13,35,0.9,ILP,0.996,True,0.0,True,True,2,52.77205569647998,26.753262085291226,1,72.10902319613501,Optimal,True,Optimal,heuristic,0.11569562800286803
7,18,13,35,0.9,MILP,0.996,True,0.0,True,,2,52.77205569647998,26.753262085291226,1,72.10902319613501,Optimal,True,Optimal,heuristic,0.10888590099784778
7,18,13,35,0.9,Dijkstra,0.996,True,0.0,True,,2,52.77205569647998,26.753262085291226,1,72.10902319613501,Optimal,True,Optimal,heuristic,0.0003452750024734996
7,19,11,24,0.5,ILP,0.896,True,0.0,True,True,52,1809.1485912606163,100.41145433944291,1,75.16105601341309,Optimal,True,Optimal,heuristic,0.1997689990021172
7,19,11,24,0.5,MILP,0.896,True,0.0,True,,52,1809.1485912606163,100.41145433944291,1,75.16105601341309,Optimal,True,Optimal,heuristic,0.12081463300273754
7,19,11,24,0.5,Dijkstra,0.896,True,0.0,True,,52,1809.1485912606163,100.41145433944291,1,75.16105601341309,Optimal,True,Optimal,heuristic,0.00033512499794596806
7,19,11,24,0.6,ILP,0.942,True,0.0,True,True,29,1000.5254643876794,80.32916347155432,1,75.16105601341309,Optimal,True,Optimal,heuristic,0.20953330499469303
7,19,11,24,0.6,MILP,0.942,True,0.0,True,,29,1000.5254643876794,80.32916347155432,1,75.16105601341309,Optimal,True,Optimal,heuristic,0.11720455500471871
7,19,11,24,0.6,Dijkstra,0.942,True,0.0,True,,29,1000.5254643876794,80.32916347155432,1,75.16105601341309,Optimal,True,Optimal,heuristic,0.00037678000080632046
7,19,11,24,0.7,ILP,0.964,True,0.0,True,True,18,483.4121115675688,60.246872603665736,1,75.16105601341309,Optimal,True,Optimal,heuristic,0.13810420600202633
7,19,11,24,0.7,MILP,0.964,True,0.0,True,,18,483.4121115675688,60.246872603665736,1,75.16105601341309,Optimal,True,Optimal,heuristic,0.10927314899890916
7,19,11,24,0.7,Dijkstra,0.964,True,0.0,True,,18,483.4121115675688,60.246872603665736,1,75.16105601341309,Optimal,True,Optimal,heuristic,0.0003113959974143654
7,19,11,24,0.8,ILP,0.98,True,0.0,True,True,10,195.9855215732109,40.16458173577715,1,75.16105601341309,Optimal,True,Optimal,heuristic,0.13378556899988325
7,19,11,24,0.8,MILP,0.98,True,0.0,True,,10,195.9855215732109,40.16458173577715,1,75.16105601341309,Optimal,True,Optimal,heuristic,0.10920964399701916
7,19,11,24,0.8,Dijkstra,0.98,True,0.0,True,,10,195.9855215732109,40.16458173577715,1,75.16105601341309,Optimal,True,Optimal,heuristic,0.000384687002224382
7,19,11,24,0.9,ILP,0.988,True,0.0,True,True,6,60.39617331896753,20.082290867888588,1,75.16105601341309,Optimal,True,Optimal,heuristic,0.1254536199994618
7,19,11,24,0.9,MILP,0.988,True,0.0,True,,6,60.39617331896753,20.082290867888588,1,75.16105601341309,Optimal,True,Optimal,heuristic,0.11105367099662544
7,19,11,24,0.9,Dijkstra,0.988,True,0.0,True,,6,60.39617331896753,20.082290867888588,1,75.16105601341309,Optimal,True,Optimal,heuristic,0.0004311480006435886
8,0,11,32,0.5,ILP,0.954,True,0.0,True,True,23,2322.081748279606,668.0616155252386,4,200.4414120314376,Optimal,True,Optimal,heuristic,0.6913028900016798
8,0,11,32,0.5,MILP,0.928,False,0.025999999999999912,False,,36,2238.255207140423,389.1703111914858,3,179.32430211794872,Optimal,True,Optimal,heuristic,0.7096195800040732
8,0,11,32,0.5,Dijkstra,0.928,False,0.025999999999999912,False,,36,2238.255207140423,389.1703111914858,3,179.32430211794872,Optimal,True,Optimal,heuristic,0.0004199620016152039
8,0,11,32,0.6,ILP,0.978,True,0.0,True,True,11,1520.3447102010853,620.7553428528639,4,200.4414120314376,Optimal,True,Optimal,heuristic,0.597339138003008
8,0,11,32,0.6,MILP,0.964,False,0.014000000000000012,False,,18,993.8409415250057,341.8640385191111,3,179.32430211794872,Optimal,True,Optimal,heuristic,0.34069151299627265
8,0,11,32,0.6,Dijkstra,0.964,False,0.014000000000000012,False,,18,993.8409415250057,341.8640385191111,3,179.32430211794872,Optimal,True,Optimal,heuristic,0.00035362900234758854
8,0,11,32,0.7,ILP,0.988,True,0.0,True,True,6,1130.5324860859737,573.4490701804893,4,200.4414120314376,Optimal,True,Optimal,heuristic,0.38734222700441023
8,0,11,32,0.7,MILP,0.986,False,0.0020000000000000018,False,,7,462.10067382531633,294.55776584673646,3,179.32430211794872,Optimal,True,Optimal,heuristic,0.18284601099730935
8,0,11,32,0.7,Dijkstra,0.986,False,0.0020000000000000018,False,,7,462.10067382531633,294.55776584673646,3,179.32430211794872,Optimal,True,Optimal,heuristic,0.0003529779933160171
8,0,11,32,0.8,ILP,0.996,True,0.0,True,True,2,270.419923464898,247.25149317436177,3,179.32430211794872,Optimal,True,Optimal,heuristic,0.2030972990032751
8,0,11,32,0.8,MILP,0.996,True,0.0,True,,2,270.419923464898,247.25149317436177,3,179.32430211794872,Optimal,True,Optimal,heuristic,0.15919175800081575
8,0,11,32,0.8,Dijkstra,0.996,True,0.0,True,,2,270.419923464898,247.25149317436177,3,179.32430211794872,Optimal,True,Optimal,heuristic,0.0003589690022636205
8,0,11,32,0.9,ILP,0.998,True,0.0,True,True,1,199.94522050198708,199.94522050198708,3,179.32430211794872,Optimal,True,Optimal,heuristic,0.12781375499616843
8,0,11,32,0.9,MILP,0.994,False,0.0040000000000000036,False,,3,105.79100394654108,47.30627267237452,5,185.2401537245714,Optimal,True,Optimal,heuristic,0.15508818999660434
8,0,11,32,0.9,Dijkstra,0.998,True,0.0,True,,1,199.94522050198708,199.94522050198708,3,179.32430211794872,Optimal,True,Optimal,heuristic,0.0004062790030729957
8,1,47,24,0.5,ILP,0.946,True,0.0,True,True,27,1484.7094520799676,183.73956004719912,2,150.8823666758031,Optimal,True,Optimal,heuristic,0.0955827979996684
8,1,47,24,0.5,MILP,0.946,True,0.0,True,,27,1484.7094520799676,183.73956004719912,2,150.8823666758031,Optimal,True,Optimal,heuristic,0.08952066200436093
8,1,47,24,0.5,Dijkstra,0.946,True,0.0,True,,27,1484.7094520799676,183.73956004719912,2,150.8823666758031,Optimal,True,Optimal,heuristic,0.00034874199627665803
8,1,47,24,0.6,ILP,0.964,True,0.0,True,True,18,666.2485136242076,146.99164803775932,2,150.8823666758031,Optimal,True,Optimal,heuristic,0.08419830300408648
8,1,47,24,0.6,MILP,0.964,True,0.0,True,,18,666.2485136242076,146.99164803775932,2,150.8823666758031,Optimal,True,Optimal,heuristic,0.08182312399731018
8,1,47,24,0.6,Dijkstra,0.964,True,0.0,True,,18,666.2485136242076,146.99164803775932,2,150.8823666758031,Optimal,True,Optimal,heuristic,0.000370087000192143
8,1,47,24,0.7,ILP,0.988,True,0.0,True,True,6,269.37191602055026,110.24373602831946,2,150.8823666758031,Optimal,True,Optimal,heuristic,0.08455203300400171
8,1,47,24,0.7,MILP,0.988,True,0.0,True,,6,269.37191602055026,110.24373602831946,2,150.8823666758031,Optimal,True,Optimal,heuristic,0.08265037399542052
8,1,47,24,0.7,Dijkstra,0.988,True,0.0,True,,6,269.37191602055026,110.24373602831946,2,150.8823666758031,Optimal,True,Optimal,heuristic,0.0003054150001844391
8,1,47,24,0.8,ILP,0.994,True,0.0,True,True,3,116.15749231062028,73.49582401887966,2,150.8823666758031,Optimal,True,Optimal,heuristic,0.08258236999972723
8,1,47,24,0.8,MILP,0.994,True,0.0,True,,3,116.15749231062028,73.49582401887966,2,150.8823666758031,Optimal,True,Optimal,heuristic,0.08333813700301107
8,1,47,24,0.8,Dijkstra,0.994,True,0.0,True,,3,116.15749231062028,73.49582401887966,2,150.8823666758031,Optimal,True,Optimal,heuristic,0.00029646600160049275
8,1,47,24,0.9,ILP,0.998,True,0.0,True,True,1,36.7479120094398,36.7479120094398,2,150.8823666758031,Optimal,True,Optimal,heuristic,0.09123613300471334
8,1,47,24,0.9,MILP,0.998,True,0.0,True,,1,36.7479120094398,36.7479120094398,2,150.8823666758031,Optimal,True,Optimal,heuristic,0.10508653400029289
8,1,47,24,0.9,Dijkstra,0.998,True,0.0,True,,1,36.7479120094398,36.7479120094398,2,150.8823666758031,Optimal,True,Optimal,heuristic,0.00037082099879626185
8,2,24,16,0.5,ILP,0.978,True,0.0,True,True,11,1803.1843430130211,535.0161192316912,7,298.668380970676,Optimal,True,Optimal,heuristic,0.09938692700234242
8,2,24,16,0.5,MILP,0.978,True,0.0,True,,11,1803.1843430130211,535.0161192316912,7,298.668380970676,Optimal,True,Optimal,heuristic,0.09564662199409213
8,2,24,16,0.5,Dijkstra,0.978,True,0.0,True,,11,1803.1843430130211,535.0161192316912,7,298.668380970676,Optimal,True,Optimal,heuristic,0.0003538550008670427
8,2,24,16,0.6,ILP,0.99,True,0.0,True,True,5,595.133684254626,393.1284727866363,9,378.9652816034472,Optimal,True,Optimal,heuristic,0.083253678996698
8,2,24,16,0.6,MILP,0.99,False,0.0,True,,5,595.1336842546259,393.1284727866363,9,378.9652816034471,Optimal,True,Optimal,heuristic,0.07665679199999431
8,2,24,16,0.6,Dijkstra,0.988,False,0.0020000000000000018,False,,6,1010.6843754434067,436.73400103503207,7,298.668380970676,Optimal,True,Optimal,heuristic,0.0003377780012669973
8,2,24,16,0.7,ILP,0.996,True,0.0,True,True,2,327.40276890001155,294.8463545899773,9,378.9652816034472,Optimal,True,Optimal,heuristic,0.08104439300223021
8,2,24,16,0.7,MILP,0.996,True,0.0,True,,2,327.40276890001155,294.8463545899773,9,378.9652816034472,Optimal,True,Optimal,heuristic,0.08297557400510414
8,2,24,16,0.7,Dijkstra,0.996,False,0.0,True,,2,569.0809396246439,338.4518828383731,7,298.668380970676,Optimal,True,Optimal,heuristic,0.000503846000356134
8,2,24,16,0.8,ILP,0.998,True,0.0,True,True,1,196.56423639331808,196.56423639331808,9,378.9652816034472,Optimal,True,Optimal,heuristic,0.08077292399684666
8,2,24,16,0.8,MILP,0.998,False,0.0,True,,1,196.56423639331808,196.56423639331808,9,378.9652816034471,Optimal,True,Optimal,heuristic,0.06882671499624848
8,2,24,16,0.8,Dijkstra,0.996,False,0.0020000000000000018,False,,2,372.51670323132544,240.16976464171387,7,298.668380970676,Optimal,True,Optimal,heuristic,0.0003569759937818162
8,2,24,16,0.9,ILP,0.998,True,0.0,True,True,1,98.28211819665921,98.28211819665921,9,378.9652816034472,Optimal,True,Optimal,heuristic,0.08072610499948496
8,2,24,16,0.9,MILP,0.998,True,0.0,True,,1,98.28211819665921,98.28211819665921,9,378.9652816034472,Optimal,True,Optimal,heuristic,0.07233069699577754
8,2,24,16,0.9,Dijkstra,0.996,False,0.0020000000000000018,False,,2,175.9524668380077,141.887646445055,7,298.668380970676,Optimal,True,Optimal,heuristic,0.0004273609956726432
8,3,61,47,0.5,ILP,0.9319999999999999,True,0.0,True,True,34,3463.638418054921,474.6640458953168,8,404.63262985212094,Optimal,True,Optimal,heuristic,0.7292132419970585
8,3,61,47,0.5,MILP,0.9319999999999999,True,0.0,True,,34,3463.638418054921,474.6640458953168,8,404.63262985212094,Optimal,True,Optimal,heuristic,0.36939502399764024
8,3,61,47,0.5,Dijkstra,0.922,False,0.009999999999999898,False,,39,4622.452135038089,443.53446357763903,9,365.66744784332974,Optimal,True,Optimal,heuristic,0.00036761399678653106
8,3,61,47,0.6,ILP,0.972,True,0.0,True,True,14,1529.0607649456056,379.4253377005639,8,432.68905013044747,Optimal,True,Optimal,heuristic,0.635472600995854
8,3,61,47,0.6,MILP,0.968,False,0.0040000000000000036,False,,16,1421.3296544833258,385.9571531797892,7,404.6326298521209,Optimal,True,Optimal,heuristic,0.3734771079980419
8,3,61,47,0.6,Dijkstra,0.954,False,0.018000000000000016,False,,23,2012.5155741353183,354.8275708621112,9,365.66744784332974,Optimal,True,Optimal,heuristic,0.00034404599864501506
8,3,61,47,0.7,ILP,0.986,True,0.0,True,True,7,579.3886703002219,297.2502604642614,8,404.63262985212094,Optimal,True,Optimal,heuristic,0.7122768339977483
8,3,61,47,0.7,MILP,0.986,True,0.0,True,,7,579.3886703002219,297.2502604642614,8,404.63262985212094,Optimal,True,Optimal,heuristic,0.46987673100375105
8,3,61,47,0.7,Dijkstra,0.982,False,0.0040000000000000036,False,,9,707.7912273622134,266.1206781465836,9,365.66744784332974,Optimal,True,Optimal,heuristic,0.0003801489947363734
8,3,61,47,0.8,ILP,0.996,True,0.0,True,True,2,212.81599932780637,208.54336774873286,8,404.63262985212094,Optimal,True,Optimal,heuristic,0.27516782200109446
8,3,61,47,0.8,MILP,0.996,False,0.0,True,,2,212.81599932780682,208.54336774873332,8,404.63262985212094,Optimal,True,Optimal,heuristic,0.3698367690012674
8,3,61,47,0.8,Dijkstra,0.996,False,0.0,True,,2,297.3920844217597,177.41378543105554,9,365.66744784332974,Optimal,True,Optimal,heuristic,0.0003867679988616146
8,3,61,47,0.9,ILP,0.998,True,0.0,True,True,1,171.60995224430576,171.60995224430576,10,468.37007702003984,Optimal,True,Optimal,heuristic,0.1781092380042537
8,3,61,47,0.9,MILP,0.998,False,0.0,True,,1,104.09280895374081,104.09280895374081,9,408.1853279062352,Optimal,True,Optimal,heuristic,0.35654340800101636
8,3,61,47,0.9,Dijkstra,0.996,False,0.0020000000000000018,False,,2,119.9782989907045,88.70689271552794,9,365.66744784332974,Optimal,True,Optimal,heuristic,0.0003651769948191941
8,4,50,35,0.5,ILP,0.984,True,0.0,True,True,8,985.8320469531876,352.8661759643892,3,110.6046185055435,Optimal,True,Optimal,heuristic,0.08640031200047815
8,4,50,35,0.5,MILP,0.984,True,0.0,True,,8,985.8320469531876,352.8661759643892,3,110.6046185055435,Optimal,True,Optimal,heuristic,0.08040695800445974
8,4,50,35,0.5,Dijkstra,0.984,True,0.0,True,,8,985.8320469531876,352.8661759643892,3,110.6046185055435,Optimal,True,Optimal,heuristic,0.0003490450035315007
8,4,50,35,0.6,ILP,0.99,True,0.0,True,True,5,542.4303695475095,282.2929407715114,3,110.6046185055435,Optimal,True,Optimal,heuristic,0.08433045099809533
8,4,50,35,0.6,MILP,0.99,True,0.0,True,,5,542.4303695475095,282.2929407715114,3,110.6046185055435,Optimal,True,Optimal,heuristic,0.08198214400181314
8,4,50,35,0.6,Dijkstra,0.99,True,0.0,True,,5,542.4303695475095,282.2929407715114,3,110.6046185055435,Optimal,True,Optimal,heuristic,0.00039737399492878467
8,4,50,35,0.7,ILP,0.996,True,0.0,True,True,2,280.96085430898995,211.71970557863352,3,110.6046185055435,Optimal,True,Optimal,heuristic,0.08374569700390566
8,4,50,35,0.7,MILP,0.996,True,0.0,True,,2,280.96085430898995,211.71970557863352,3,110.6046185055435,Optimal,True,Optimal,heuristic,0.08137979800085304
8,4,50,35,0.7,Dijkstra,0.996,True,0.0,True,,2,280.96085430898995,211.71970557863352,3,110.6046185055435,Optimal,True,Optimal,heuristic,0.00032709700462874025
8,4,50,35,0.8,ILP,0.998,True,0.0,True,True,1,141.1464703857556,141.1464703857556,3,110.6046185055435,Optimal,True,Optimal,heuristic,0.08716231599828461
8,4,50,35,0.8,MILP,0.998,True,0.0,True,,1,141.1464703857556,141.1464703857556,3,110.6046185055435,Optimal,True,Optimal,heuristic,0.08160238399432274
8,4,50,35,0.8,Dijkstra,0.998,True,0.0,True,,1,141.1464703857556,141.1464703857556,3,110.6046185055435,Optimal,True,Optimal,heuristic,0.00035629399644676596
8,4,50,35,0.9,ILP,0.998,True,0.0,True,True,1,70.57323519287786,70.57323519287786,3,110.6046185055435,Optimal,True,Optimal,heuristic,0.08524822699837387
8,4,50,35,0.9,MILP,0.998,True,0.0,True,,1,70.57323519287786,70.57323519287786,3,110.6046185055435,Optimal,True,Optimal,heuristic,0.08202049499959685
8,4,50,35,0.9,Dijkstra,0.998,True,0.0,True,,1,70.57323519287786,70.57323519287786,3,110.6046185055435,Optimal,True,Optimal,heuristic,0.00033850399631774053
8,5,62,50,0.5,ILP,0.926,True,0.0,True,True,37,1817.4926005982375,188.70679354594336,3,162.99834954762238,Optimal,True,Optimal,heuristic,0.10385365100228228
8,5,62,50,0.5,MILP,0.926,True,0.0,True,,37,1817.4926005982375,188.70679354594336,3,162.99834954762238,Optimal,True,Optimal,heuristic,0.08679618500173092
8,5,62,50,0.5,Dijkstra,0.926,True,0.0,True,,37,1817.4926005982375,188.70679354594336,3,162.99834954762238,Optimal,True,Optimal,heuristic,0.0003926499994122423
8,5,62,50,0.6,ILP,0.96,True,0.0,True,True,20,780.9207763776623,150.9654348367547,3,162.99834954762238,Optimal,True,Optimal,heuristic,0.10211204799998086
8,5,62,50,0.6,MILP,0.96,True,0.0,True,,20,780.9207763776623,150.9654348367547,3,162.99834954762238,Optimal,True,Optimal,heuristic,0.08904125700064469
8,5,62,50,0.6,Dijkstra,0.96,True,0.0,True,,20,780.9207763776623,150.9654348367547,3,162.99834954762238,Optimal,True,Optimal,heuristic,0.00035579499672167003
8,5,62,50,0.7,ILP,0.986,True,0.0,True,True,7,296.09790278520944,113.22407612756604,3,162.99834954762238,Optimal,True,Optimal,heuristic,0.11034407900297083
8,5,62,50,0.7,MILP,0.986,True,0.0,True,,7,296.09790278520944,113.22407612756604,3,162.99834954762238,Optimal,True,Optimal,heuristic,0.09107994800433517
8,5,62,50,0.7,Dijkstra,0.986,True,0.0,True,,7,296.09790278520944,113.22407612756604,3,162.99834954762238,Optimal,True,Optimal,heuristic,0.0003512440016493201
8,5,62,50,0.8,ILP,0.996,True,0.0,True,True,2,95.24178092315458,75.48271741837732,3,162.99834954762238,Optimal,True,Optimal,heuristic,0.10017698400042718
8,5,62,50,0.8,MILP,0.996,True,0.0,True,,2,95.24178092315458,75.48271741837732,3,162.99834954762238,Optimal,True,Optimal,heuristic,0.08584384599816985
8,5,62,50,0.8,Dijkstra,0.996,True,0.0,True,,2,95.24178092315458,75.48271741837732,3,162.99834954762238,Optimal,True,Optimal,heuristic,0.0003633660016930662
8,5,62,50,0.9,ILP,0.998,True,0.0,True,True,1,37.74135870918866,37.74135870918866,3,162.99834954762238,Optimal,True,Optimal,heuristic,0.09201358199788956
8,5,62,50,0.9,MILP,0.998,True,0.0,True,,1,37.74135870918866,37.74135870918866,3,162.99834954762238,Optimal,True,Optimal,heuristic,0.08157894000032684
8,5,62,50,0.9,Dijkstra,0.998,True,0.0,True,,1,37.74135870918866,37.74135870918866,3,162.99834954762238,Optimal,True,Optimal,heuristic,0.000322705993312411
8,6,32,44,0.5,ILP,0.978,True,0.0,True,True,11,1147.3033136029112,503.5814616574319,9,453.2656999115788,Optimal,True,Optimal,heuristic,0.13469715499377344
8,6,32,44,0.5,MILP,0.978,True,0.0,True,,11,1147.3033136029112,503.5814616574319,9,453.2656999115788,Optimal,True,Optimal,heuristic,0.0762674630022957
8,6,32,44,0.5,Dijkstra,0.978,True,0.0,True,,11,1147.3033136029112,503.5814616574319,9,453.2656999115788,Optimal,True,Optimal,heuristic,0.0003458869978203438
8,6,32,44,0.6,ILP,0.994,True,0.0,True,True,3,498.5651175175989,403.45235926686405,9,453.2656999115788,Optimal,True,Optimal,heuristic,0.08473628699721303
8,6,32,44,0.6,MILP,0.994,True,0.0,True,,3,498.5651175175989,403.45235926686405,9,453.2656999115788,Optimal,True,Optimal,heuristic,0.07854458500514738
8,6,32,44,0.6,Dijkstra,0.994,True,0.0,True,,3,498.5651175175989,403.45235926686405,9,453.2656999115788,Optimal,True,Optimal,heuristic,0.0003350970000610687
8,6,32,44,0.7,ILP,0.998,True,0.0,True,True,1,303.32325687629645,303.32325687629645,9,453.2656999115788,Optimal,True,Optimal,heuristic,0.08162817200354766
8,6,32,44,0.7,MILP,0.998,True,0.0,True,,1,303.32325687629645,303.32325687629645,9,453.2656999115788,Optimal,True,Optimal,heuristic,0.08517352800117806
8,6,32,44,0.7,Dijkstra,0.998,True,0.0,True,,1,303.32325687629645,303.32325687629645,9,453.2656999115788,Optimal,True,Optimal,heuristic,0.00035502499667927623
8,6,32,44,0.8,ILP,0.998,True,0.0,True,True,1,200.25820478113542,200.25820478113542,10,491.27797478842024,Optimal,True,Optimal,heuristic,0.12223706600343576
8,6,32,44,0.8,MILP,0.998,True,0.0,True,,1,200.25820478113542,200.25820478113542,10,491.27797478842024,Optimal,True,Optimal,heuristic,0.08043955600442132
8,6,32,44,0.8,Dijkstra,0.998,False,0.0,True,,1,203.19415448572863,203.19415448572863,9,453.2656999115788,Optimal,True,Optimal,heuristic,0.00034590400173328817
8,6,32,44,0.9,ILP,0.998,True,0.0,True,True,1,100.1291023905676,100.1291023905676,10,491.27797478842024,Optimal,True,Optimal,heuristic,0.08981541500543244
8,6,32,44,0.9,MILP,0.998,True,0.0,True,,1,100.1291023905676,100.1291023905676,10,491.27797478842024,Optimal,True,Optimal,heuristic,0.07749928700650344
8,6,32,44,0.9,Dijkstra,0.998,False,0.0,True,,1,103.06505209516081,103.06505209516081,9,453.2656999115788,Optimal,True,Optimal,heuristic,0.00036975900002289563
8,7,50,22,0.5,ILP,0.928,True,0.0,True,True,36,3361.0830669775905,320.2091851372756,7,235.54260105469544,Optimal,True,Optimal,heuristic,0.14323160500498489
8,7,50,22,0.5,MILP,0.928,True,0.0,True,,36,3361.0830669775905,320.2091851372756,7,235.54260105469544,Optimal,True,Optimal,heuristic,0.07958490400051232
8,7,50,22,0.5,Dijkstra,0.928,True,0.0,True,,36,3361.0830669775905,320.2091851372756,7,235.54260105469544,Optimal,True,Optimal,heuristic,0.00039621400355827063
8,7,50,22,0.6,ILP,0.954,True,0.0,True,True,23,1667.2155995588357,256.16734810982047,7,235.54260105469544,Optimal,True,Optimal,heuristic,0.12830943399603711
8,7,50,22,0.6,MILP,0.954,True,0.0,True,,23,1667.2155995588357,256.16734810982047,7,235.54260105469544,Optimal,True,Optimal,heuristic,0.07911364100436913
8,7,50,22,0.6,Dijkstra,0.954,True,0.0,True,,23,1667.2155995588357,256.16734810982047,7,235.54260105469544,Optimal,True,Optimal,heuristic,0.00036915199598297477
8,7,50,22,0.7,ILP,0.984,True,0.0,True,True,8,626.0841523194258,192.1255110823654,7,235.54260105469544,Optimal,True,Optimal,heuristic,0.09522939399903407
8,7,50,22,0.7,MILP,0.984,True,0.0,True,,8,626.0841523194258,192.1255110823654,7,235.54260105469544,Optimal,True,Optimal,heuristic,0.08264379100000951
8,7,50,22,0.7,Dijkstra,0.984,True,0.0,True,,8,626.0841523194258,192.1255110823654,7,235.54260105469544,Optimal,True,Optimal,heuristic,0.00034899100137408823
8,7,50,22,0.8,ILP,0.992,True,0.0,True,True,4,198.70220404292604,128.08367405491026,7,235.54260105469544,Optimal,True,Optimal,heuristic,0.08714686600433197
8,7,50,22,0.8,MILP,0.992,True,0.0,True,,4,198.70220404292604,128.08367405491026,7,235.54260105469544,Optimal,True,Optimal,heuristic,0.08050900600210298
8,7,50,22,0.8,Dijkstra,0.992,True,0.0,True,,4,198.70220404292604,128.08367405491026,7,235.54260105469544,Optimal,True,Optimal,heuristic,0.00037506799708353356
8,7,50,22,0.9,ILP,0.998,True,0.0,True,True,1,64.04183702745513,64.04183702745513,7,235.54260105469544,Optimal,True,Optimal,heuristic,0.09159060699312249
8,7,50,22,0.9,MILP,0.998,True,0.0,True,,1,64.04183702745513,64.04183702745513,7,235.54260105469544,Optimal,True,Optimal,heuristic,0.07942159399681259
8,7,50,22,0.9,Dijkstra,0.998,True,0.0,True,,1,64.04183702745513,64.04183702745513,7,235.54260105469544,Optimal,True,Optimal,heuristic,0.0003503679981804453
8,8,61,4,0.5,ILP,0.9,True,0.0,True,True,50,4339.9984780245295,324.64682619101666,8,402.6235142200842,Optimal,True,Optimal,heuristic,1.023664023996389
8,8,61,4,0.5,MILP,0.9,True,0.0,True,,50,4339.9984780245295,324.64682619101666,8,402.6235142200842,Optimal,True,Optimal,heuristic,0.4140962800011039
8,8,61,4,0.5,Dijkstra,0.892,False,0.008000000000000007,False,,54,5168.3450463003865,336.3204421884842,9,363.65833221129304,Optimal,True,Optimal,heuristic,0.0004998150034225546
8,8,61,4,0.6,ILP,0.948,True,0.0,True,True,26,2091.6819363413383,262.84581149144515,8,402.6235142200842,Optimal,True,Optimal,heuristic,0.6053554409954813
8,8,61,4,0.6,MILP,0.948,False,0.0,True,,26,2091.6819363413383,262.84581149144515,8,402.6235142200842,Optimal,True,Optimal,heuristic,0.4645003459954751
8,8,61,4,0.6,Dijkstra,0.948,False,0.0,True,,26,2701.3764914423314,274.5194274889127,9,363.65833221129304,Optimal,True,Optimal,heuristic,0.0004138280055485666
8,8,61,4,0.7,ILP,0.972,True,0.0,True,True,14,857.274479333031,201.04479679187364,8,402.6235142200842,Optimal,True,Optimal,heuristic,0.4884331450011814
8,8,61,4,0.7,MILP,0.972,False,0.0,True,,14,857.2744793330287,201.04479679187352,8,402.6235142200842,Optimal,True,Optimal,heuristic,0.5471705370000564
8,8,61,4,0.7,Dijkstra,0.966,False,0.006000000000000005,False,,17,1441.3889825185556,212.7184127893412,9,363.65833221129304,Optimal,True,Optimal,heuristic,0.0004225730008329265
8,8,61,4,0.8,ILP,0.992,True,0.0,True,True,4,293.1323201062927,139.24378209230213,8,402.6235142200842,Optimal,True,Optimal,heuristic,0.4326365950037143
8,8,61,4,0.8,MILP,0.992,True,0.0,True,,4,293.1323201062927,139.24378209230213,8,402.6235142200842,Optimal,True,Optimal,heuristic,0.41947139400144806
8,8,61,4,0.8,Dijkstra,0.984,False,0.008000000000000007,False,,8,579.7197240815211,150.91739808976968,9,363.65833221129304,Optimal,True,Optimal,heuristic,0.00038784000207670033
8,8,61,4,0.9,ILP,0.994,True,0.0,True,True,3,105.95798316633568,77.44276739273062,8,402.6235142200842,Optimal,True,Optimal,heuristic,0.561670889997913
8,8,61,4,0.9,MILP,0.994,True,0.0,True,,3,105.95798316633568,77.44276739273062,8,402.6235142200842,Optimal,True,Optimal,heuristic,0.4871875649987487
8,8,61,4,0.9,Dijkstra,0.992,False,0.0020000000000000018,False,,4,223.1058044774486,89.11638339019817,9,363.65833221129304,Optimal,True,Optimal,heuristic,0.00044584299757843837
8,9,45,16,0.5,ILP,0.91,True,0.0,True,True,45,2481.5265508279945,217.48151572073004,6,231.58555579425345,Optimal,True,Optimal,heuristic,0.4191753460036125
8,9,45,16,0.5,MILP,0.91,True,0.0,True,,45,2481.5265508279945,217.48151572073004,6,231.58555579425345,Optimal,True,Optimal,heuristic,0.1105158999998821
8,9,45,16,0.5,Dijkstra,0.91,True,0.0,True,,45,2481.5265508279945,217.48151572073004,6,231.58555579425345,Optimal,True,Optimal,heuristic,0.0004175139983999543
8,9,45,16,0.6,ILP,0.96,True,0.0,True,True,20,1169.8525063591367,173.985212576584,6,231.58555579425345,Optimal,True,Optimal,heuristic,0.23301709700172069
8,9,45,16,0.6,MILP,0.96,True,0.0,True,,20,1169.8525063591367,173.985212576584,6,231.58555579425345,Optimal,True,Optimal,heuristic,0.10804823500075145
8,9,45,16,0.6,Dijkstra,0.96,True,0.0,True,,20,1169.8525063591367,173.985212576584,6,231.58555579425345,Optimal,True,Optimal,heuristic,0.00039504500455223024
8,9,45,16,0.7,ILP,0.98,True,0.0,True,True,10,570.979904560075,130.48890943243805,6,231.58555579425345,Optimal,True,Optimal,heuristic,0.17288169200037373
8,9,45,16,0.7,MILP,0.98,True,0.0,True,,10,570.979904560075,130.48890943243805,6,231.58555579425345,Optimal,True,Optimal,heuristic,0.0918234049968305
8,9,45,16,0.7,Dijkstra,0.98,True,0.0,True,,10,570.979904560075,130.48890943243805,6,231.58555579425345,Optimal,True,Optimal,heuristic,0.0003545660001691431
8,9,45,16,0.8,ILP,0.99,True,0.0,True,True,5,263.66230744166984,86.992606288292,6,231.58555579425345,Optimal,True,Optimal,heuristic,0.14588306500081671
8,9,45,16,0.8,MILP,0.99,True,0.0,True,,5,263.66230744166984,86.992606288292,6,231.58555579425345,Optimal,True,Optimal,heuristic,0.09383986499597086
8,9,45,16,0.8,Dijkstra,0.99,True,0.0,True,,5,263.66230744166984,86.992606288292,6,231.58555579425345,Optimal,True,Optimal,heuristic,0.0003567359963199124
8,9,45,16,0.9,ILP,0.994,True,0.0,True,True,3,179.08845304515967,95.98494472325956,5,275.0705134971536,Optimal,True,Optimal,heuristic,0.12546728699817322
8,9,45,16,0.9,MILP,0.994,False,0.0,True,,3,77.76258515551365,43.496303144146054,6,231.58555579425345,Optimal,True,Optimal,heuristic,0.08674673700443236
8,9,45,16,0.9,Dijkstra,0.994,False,0.0,True,,3,77.76258515551365,43.496303144146054,6,231.58555579425345,Optimal,True,Optimal,heuristic,0.0003354360014782287
8,10,53,49,0.5,ILP,0.972,True,0.0,True,True,14,1534.3062687520724,310.6300907147742,5,212.64341580026402,Optimal,True,Optimal,heuristic,0.1593756790025509
8,10,53,49,0.5,MILP,0.972,True,0.0,True,,14,1534.3062687520724,310.6300907147742,5,212.64341580026402,Optimal,True,Optimal,heuristic,0.1129577559986501
8,10,53,49,0.5,Dijkstra,0.972,True,0.0,True,,14,1534.3062687520724,310.6300907147742,5,212.64341580026402,Optimal,True,Optimal,heuristic,0.000438454000686761
8,10,53,49,0.6,ILP,0.984,True,0.0,True,True,8,842.7227155677217,248.5040725718194,5,212.64341580026402,Optimal,True,Optimal,heuristic,0.15404739000223344
8,10,53,49,0.6,MILP,0.984,True,0.0,True,,8,842.7227155677217,248.5040725718194,5,212.64341580026402,Optimal,True,Optimal,heuristic,0.10542461100703804
8,10,53,49,0.6,Dijkstra,0.984,True,0.0,True,,8,842.7227155677217,248.5040725718194,5,212.64341580026402,Optimal,True,Optimal,heuristic,0.00044714300020132214
8,10,53,49,0.7,ILP,0.988,True,0.0,True,True,6,392.8546844824782,186.37805442886452,5,212.64341580026402,Optimal,True,Optimal,heuristic,0.19336664200091036
8,10,53,49,0.7,MILP,0.988,True,0.0,True,,6,392.8546844824782,186.37805442886452,5,212.64341580026402,Optimal,True,Optimal,heuristic,0.11211729099886725
8,10,53,49,0.7,Dijkstra,0.988,True,0.0,True,,6,392.8546844824782,186.37805442886452,5,212.64341580026402,Optimal,True,Optimal,heuristic,0.0007329529980779625
8,10,53,49,0.8,ILP,0.994,True,0.0,True,True,3,159.36351905195477,124.25203628590964,5,212.64341580026402,Optimal,True,Optimal,heuristic,0.1121958919975441
8,10,53,49,0.8,MILP,0.994,True,0.0,True,,3,159.36351905195477,124.25203628590964,5,212.64341580026402,Optimal,True,Optimal,heuristic,0.1036834410042502
8,10,53,49,0.8,Dijkstra,0.994,True,0.0,True,,3,159.36351905195477,124.25203628590964,5,212.64341580026402,Optimal,True,Optimal,heuristic,0.0003634430031524971
8,10,53,49,0.9,ILP,0.998,True,0.0,True,True,1,62.12601814295476,62.12601814295476,5,212.64341580026402,Optimal,True,Optimal,heuristic,0.10252175400091801
8,10,53,49,0.9,MILP,0.998,True,0.0,True,,1,62.12601814295476,62.12601814295476,5,212.64341580026402,Optimal,True,Optimal,heuristic,0.10619301500264555
8,10,53,49,0.9,Dijkstra,0.998,True,0.0,True,,1,62.12601814295476,62.12601814295476,5,212.64341580026402,Optimal,True,Optimal,heuristic,0.0003964309944421984
8,11,1,32,0.5,ILP,0.998,True,0.0,True,True,1,191.1566411856454,191.1566411856454,3,45.05460732708352,Optimal,True,Optimal,heuristic,0.122562126001867
8,11,1,32,0.5,MILP,0.998,True,0.0,True,,1,191.1566411856454,191.1566411856454,3,45.05460732708352,Optimal,True,Optimal,heuristic,0.14240506599890068
8,11,1,32,0.5,Dijkstra,0.998,True,0.0,True,,1,191.1566411856454,191.1566411856454,3,45.05460732708352,Optimal,True,Optimal,heuristic,0.00041423099901294336
8,11,1,32,0.6,ILP,0.998,True,0.0,True,True,1,152.92531294851634,152.92531294851634,3,45.05460732708352,Optimal,True,Optimal,heuristic,0.11920605000341311
8,11,1,32,0.6,MILP,0.998,True,0.0,True,,1,152.92531294851634,152.92531294851634,3,45.05460732708352,Optimal,True,Optimal,heuristic,0.1250956439980655
8,11,1,32,0.6,Dijkstra,0.998,True,0.0,True,,1,152.92531294851634,152.92531294851634,3,45.05460732708352,Optimal,True,Optimal,heuristic,0.0003497599973343313
8,11,1,32,0.7,ILP,0.998,True,0.0,True,True,1,114.69398471138726,114.69398471138726,3,45.0546073270835,Optimal,True,Optimal,heuristic,0.11604500400426332
8,11,1,32,0.7,MILP,0.998,False,0.0,True,,1,114.69398471138726,114.69398471138726,3,45.05460732708352,Optimal,True,Optimal,heuristic,0.12642846100061433
8,11,1,32,0.7,Dijkstra,0.998,False,0.0,True,,1,114.69398471138726,114.69398471138726,3,45.05460732708352,Optimal,True,Optimal,heuristic,0.00040623599488753825
8,11,1,32,0.8,ILP,0.998,True,0.0,True,True,1,76.46265647425815,76.46265647425815,3,45.05460732708352,Optimal,True,Optimal,heuristic,0.12684991199785145
8,11,1,32,0.8,MILP,0.998,True,0.0,True,,1,76.46265647425815,76.46265647425815,3,45.05460732708352,Optimal,True,Optimal,heuristic,0.13640599400241626
8,11,1,32,0.8,Dijkstra,0.998,True,0.0,True,,1,76.46265647425815,76.46265647425815,3,45.05460732708352,Optimal,True,Optimal,heuristic,0.0003495980054140091
8,11,1,32,0.9,ILP,0.998,True,0.0,True,True,1,38.23132823712905,38.23132823712905,3,45.05460732708352,Optimal,True,Optimal,heuristic,0.12156937200052198
8,11,1,32,0.9,MILP,0.998,True,0.0,True,,1,38.23132823712905,38.23132823712905,3,45.05460732708352,Optimal,True,Optimal,heuristic,0.12208171100064646
8,11,1,32,0.9,Dijkstra,0.998,True,0.0,True,,1,38.23132823712905,38.23132823712905,3,45.05460732708352,Optimal,True,Optimal,heuristic,0.00030868600151734427
8,12,59,32,0.5,ILP,0.972,True,0.0,True,True,14,908.4925752668044,188.8473746113455,2,55.56511108184655,Optimal,True,Optimal,heuristic,0.3161352069946588
8,12,59,32,0.5,MILP,0.972,False,0.0,True,,14,908.4925752668044,188.84737461134554,2,55.56511108184652,Optimal,True,Optimal,heuristic,0.19817724599852227
8,12,59,32,0.5,Dijkstra,0.972,False,0.0,True,,14,908.4925752668044,188.84737461134554,2,55.56511108184652,Optimal,True,Optimal,heuristic,0.0003537359953043051
8,12,59,32,0.6,ILP,0.988,True,0.0,True,True,6,577.5697674030955,151.07789968907645,2,55.56511108184652,Optimal,True,Optimal,heuristic,0.21251171299809357
8,12,59,32,0.6,MILP,0.988,True,0.0,True,,6,577.5697674030955,151.07789968907645,2,55.56511108184652,Optimal,True,Optimal,heuristic,0.20155274100397946
8,12,59,32,0.6,Dijkstra,0.988,True,0.0,True,,6,577.5697674030955,151.07789968907645,2,55.56511108184652,Optimal,True,Optimal,heuristic,0.00038799200410721824
8,12,59,32,0.7,ILP,0.99,True,0.0,True,True,5,378.0902173799788,113.30842476680732,2,55.56511108184652,Optimal,True,Optimal,heuristic,0.24634029399749124
8,12,59,32,0.7,MILP,0.99,True,0.0,True,,5,378.0902173799788,113.30842476680732,2,55.56511108184652,Optimal,True,Optimal,heuristic,0.16980083999806084
8,12,59,32,0.7,Dijkstra,0.99,True,0.0,True,,5,378.0902173799788,113.30842476680732,2,55.56511108184652,Optimal,True,Optimal,heuristic,0.000347507004335057
8,12,59,32,0.8,ILP,0.992,True,0.0,True,True,4,214.17107395682598,75.5389498445382,2,55.56511108184652,Optimal,True,Optimal,heuristic,0.19108071200025734
8,12,59,32,0.8,MILP,0.992,True,0.0,True,,4,214.17107395682598,75.5389498445382,2,55.56511108184652,Optimal,True,Optimal,heuristic,0.19283622300281422
8,12,59,32,0.8,Dijkstra,0.992,True,0.0,True,,4,214.17107395682598,75.5389498445382,2,55.56511108184652,Optimal,True,Optimal,heuristic,0.0008000239977263846
8,12,59,32,0.9,ILP,0.994,True,0.0,True,True,3,82.01015279271712,37.76947492226907,2,55.56511108184652,Optimal,True,Optimal,heuristic,0.23248009499366162
8,12,59,32,0.9,MILP,0.994,False,0.0,True,,3,82.01015279271701,37.769474922269126,2,55.56511108184654,Optimal,True,Optimal,heuristic,0.15305777600588044
8,12,59,32,0.9,Dijkstra,0.994,True,0.0,True,,3,82.01015279271712,37.76947492226907,2,55.56511108184652,Optimal,True,Optimal,heuristic,0.0003837669937638566
8,13,32,16,0.5,ILP,0.892,True,0.0,True,True,54,5321.846699326357,330.3464576517581,8,381.7330915163715,Optimal,True,Optimal,heuristic,0.15404533200489823
8,13,32,16,0.5,MILP,0.892,True,0.0,True,,54,5321.846699326357,330.3464576517581,8,381.7330915163715,Optimal,True,Optimal,heuristic,0.07817829600389814
8,13,32,16,0.5,Dijkstra,0.892,True,0.0,True,,54,5321.846699326357,330.3464576517581,8,381.7330915163715,Optimal,True,Optimal,heuristic,0.0003521649996400811
8,13,32,16,0.6,ILP,0.94,True,0.0,True,True,30,2661.971703749727,264.2771661214065,8,381.7330915163715,Optimal,True,Optimal,heuristic,0.10587427399877924
8,13,32,16,0.6,MILP,0.94,True,0.0,True,,30,2661.971703749727,264.2771661214065,8,381.7330915163715,Optimal,True,Optimal,heuristic,0.078142939004465
8,13,32,16,0.6,Dijkstra,0.94,True,0.0,True,,30,2661.971703749727,264.2771661214065,8,381.7330915163715,Optimal,True,Optimal,heuristic,0.00039752500015310943
8,13,32,16,0.7,ILP,0.968,True,0.0,True,True,16,1240.0742195295409,198.20787459105486,8,381.7330915163715,Optimal,True,Optimal,heuristic,0.11217759500141256
8,13,32,16,0.7,MILP,0.968,True,0.0,True,,16,1240.0742195295409,198.20787459105486,8,381.7330915163715,Optimal,True,Optimal,heuristic,0.12319493500399403
8,13,32,16,0.7,Dijkstra,0.968,True,0.0,True,,16,1240.0742195295409,198.20787459105486,8,381.7330915163715,Optimal,True,Optimal,heuristic,0.00031661999673815444
8,13,32,16,0.8,ILP,0.984,True,0.0,True,True,8,418.7216276323078,132.13858306070324,8,381.7330915163715,Optimal,True,Optimal,heuristic,0.09708428700105287
8,13,32,16,0.8,MILP,0.984,True,0.0,True,,8,418.7216276323078,132.13858306070324,8,381.7330915163715,Optimal,True,Optimal,heuristic,0.07804304899764247
8,13,32,16,0.8,Dijkstra,0.984,True,0.0,True,,8,418.7216276323078,132.13858306070324,8,381.7330915163715,Optimal,True,Optimal,heuristic,0.00033954399987123907
8,13,32,16,0.9,ILP,0.994,True,0.0,True,True,3,129.16409218212334,66.06929153035162,8,381.7330915163715,Optimal,True,Optimal,heuristic,0.10153010299836751
8,13,32,16,0.9,MILP,0.994,True,0.0,True,,3,129.16409218212334,66.06929153035162,8,381.7330915163715,Optimal,True,Optimal,heuristic,0.08491002500522882
8,13,32,16,0.9,Dijkstra,0.994,True,0.0,True,,3,129.16409218212334,66.06929153035162,8,381.7330915163715,Optimal,True,Optimal,heuristic,0.0004947889974573627
8,14,19,21,0.5,ILP,0.98,True,0.0,True,True,10,1329.5712680604404,493.8669401900777,9,418.4292105316565,Optimal,True,Optimal,heuristic,0.1227408079939778
8,14,19,21,0.5,MILP,0.98,True,0.0,True,,10,1329.5712680604404,493.8669401900777,9,418.4292105316565,Optimal,True,Optimal,heuristic,0.09167561300273519
8,14,19,21,0.5,Dijkstra,0.98,True,0.0,True,,10,1329.5712680604404,493.8669401900777,9,418.4292105316565,Optimal,True,Optimal,heuristic,0.00042919200495816767
8,14,19,21,0.6,ILP,0.988,True,0.0,True,True,6,603.5130798033729,395.0935521520622,9,418.4292105316565,Optimal,True,Optimal,heuristic,0.13693136499932734
8,14,19,21,0.6,MILP,0.988,True,0.0,True,,6,603.5130798033729,395.0935521520622,9,418.4292105316565,Optimal,True,Optimal,heuristic,0.08199958899785997
8,14,19,21,0.6,Dijkstra,0.988,True,0.0,True,,6,603.5130798033729,395.0935521520622,9,418.4292105316565,Optimal,True,Optimal,heuristic,0.00037553600122919306
8,14,19,21,0.7,ILP,0.996,True,0.0,True,True,2,347.07823712792356,296.32016411404663,9,418.4292105316565,Optimal,True,Optimal,heuristic,0.08362017800391186
8,14,19,21,0.7,MILP,0.996,True,0.0,True,,2,347.07823712792356,296.32016411404663,9,418.4292105316565,Optimal,True,Optimal,heuristic,0.08177838399569737
8,14,19,21,0.7,Dijkstra,0.996,True,0.0,True,,2,347.07823712792356,296.32016411404663,9,418.4292105316565,Optimal,True,Optimal,heuristic,0.00034766600583679974
8,14,19,21,0.8,ILP,0.998,True,0.0,True,True,1,197.54677607603105,197.54677607603105,9,418.4292105316565,Optimal,True,Optimal,heuristic,0.08922247999726096
8,14,19,21,0.8,MILP,0.998,True,0.0,True,,1,197.54677607603105,197.54677607603105,9,418.4292105316565,Optimal,True,Optimal,heuristic,0.08108968799933791
8,14,19,21,0.8,Dijkstra,0.998,True,0.0,True,,1,197.54677607603105,197.54677607603105,9,418.4292105316565,Optimal,True,Optimal,heuristic,0.0003713870028150268
8,14,19,21,0.9,ILP,0.998,True,0.0,True,True,1,98.77338803801536,98.77338803801536,9,418.4292105316565,Optimal,True,Optimal,heuristic,0.0919153670038213
8,14,19,21,0.9,MILP,0.998,True,0.0,True,,1,98.77338803801536,98.77338803801536,9,418.4292105316565,Optimal,True,Optimal,heuristic,0.083074629001203
8,14,19,21,0.9,Dijkstra,0.998,True,0.0,True,,1,98.77338803801536,98.77338803801536,9,418.4292105316565,Optimal,True,Optimal,heuristic,0.00037607699778163806
8,15,41,63,0.5,ILP,0.852,True,0.0,True,True,74,2994.5212639379615,195.85970204138255,7,303.36651409551695,Optimal,True,Optimal,heuristic,0.7201421810023021
8,15,41,63,0.5,MILP,0.852,True,0.0,True,,74,2994.5212639379615,195.85970204138255,7,303.36651409551695,Optimal,True,Optimal,heuristic,0.2692305500022485
8,15,41,63,0.5,Dijkstra,0.852,True,0.0,True,,74,2994.5212639379615,195.85970204138255,7,303.36651409551695,Optimal,True,Optimal,heuristic,0.00042200900497846305
8,15,41,63,0.6,ILP,0.946,True,0.0,True,True,27,1149.0556420851326,156.68776163310605,7,303.36651409551695,Optimal,True,Optimal,heuristic,0.5336813120011357
8,15,41,63,0.6,MILP,0.946,True,0.0,True,,27,1149.0556420851326,156.68776163310605,7,303.36651409551695,Optimal,True,Optimal,heuristic,0.20782077899639262
8,15,41,63,0.6,Dijkstra,0.946,True,0.0,True,,27,1149.0556420851326,156.68776163310605,7,303.36651409551695,Optimal,True,Optimal,heuristic,0.00035127699811710045
8,15,41,63,0.7,ILP,0.978,True,0.0,True,True,11,447.0899273412092,117.51582122482955,7,303.36651409551695,Optimal,True,Optimal,heuristic,0.29120453799987445
8,15,41,63,0.7,MILP,0.978,True,0.0,True,,11,447.0899273412092,117.51582122482955,7,303.36651409551695,Optimal,True,Optimal,heuristic,0.1483656050040736
8,15,41,63,0.7,Dijkstra,0.978,True,0.0,True,,11,447.0899273412092,117.51582122482955,7,303.36651409551695,Optimal,True,Optimal,heuristic,0.00042015700455522165
8,15,41,63,0.8,ILP,0.992,True,0.0,True,True,4,182.5270348042573,78.343880816553,7,303.36651409551695,Optimal,True,Optimal,heuristic,0.14873122499557212
8,15,41,63,0.8,MILP,0.992,True,0.0,True,,4,182.5270348042573,78.343880816553,7,303.36651409551695,Optimal,True,Optimal,heuristic,0.1085558169943397
8,15,41,63,0.8,Dijkstra,0.992,True,0.0,True,,4,182.5270348042573,78.343880816553,7,303.36651409551695,Optimal,True,Optimal,heuristic,0.00034695499925874174
8,15,41,63,0.9,ILP,0.996,True,0.0,True,True,2,65.92277848932395,39.171940408276555,7,303.36651409551695,Optimal,True,Optimal,heuristic,0.14197036399855278
8,15,41,63,0.9,MILP,0.996,True,0.0,True,,2,65.92277848932395,39.171940408276555,7,303.36651409551695,Optimal,True,Optimal,heuristic,0.11373743299918715
8,15,41,63,0.9,Dijkstra,0.996,True,0.0,True,,2,65.92277848932395,39.171940408276555,7,303.36651409551695,Optimal,True,Optimal,heuristic,0.00036235999868949875
8,16,41,60,0.5,ILP,0.84,True,0.0,True,True,80,3437.2061247409665,194.52562255182033,6,240.63769456621648,Optimal,True,Optimal,heuristic,0.8559539170018979
8,16,41,60,0.5,MILP,0.84,True,0.0,True,,80,3437.2061247409665,194.52562255182033,6,240.63769456621648,Optimal,True,Optimal,heuristic,0.3000398879958084
8,16,41,60,0.5,Dijkstra,0.84,True,0.0,True,,80,3437.2061247409665,194.52562255182033,6,240.63769456621648,Optimal,True,Optimal,heuristic,0.000486544995510485
8,16,41,60,0.6,ILP,0.9319999999999999,True,0.0,True,True,34,1357.4689015022661,155.62049804145624,6,240.63769456621662,Optimal,True,Optimal,heuristic,0.5472613219972118
8,16,41,60,0.6,MILP,0.9319999999999999,False,0.0,True,,34,1357.4689015022634,155.62049804145624,6,240.63769456621648,Optimal,True,Optimal,heuristic,0.22553186399454717
8,16,41,60,0.6,Dijkstra,0.9319999999999999,False,0.0,True,,34,1357.4689015022634,155.62049804145624,6,240.63769456621648,Optimal,True,Optimal,heuristic,0.0004408710010466166
8,16,41,60,0.7,ILP,0.978,True,0.0,True,True,11,549.0267008034731,116.71537353109221,6,240.63769456621648,Optimal,True,Optimal,heuristic,0.24713828800304327
8,16,41,60,0.7,MILP,0.978,False,0.0,True,,11,549.0267008034733,116.71537353109221,6,240.63769456621648,Optimal,True,Optimal,heuristic,0.131043208995834
8,16,41,60,0.7,Dijkstra,0.978,False,0.0,True,,11,549.0267008034733,116.71537353109221,6,240.63769456621648,Optimal,True,Optimal,heuristic,0.0004046869944431819
8,16,41,60,0.8,ILP,0.99,True,0.0,True,True,5,223.05522960216354,77.81024902072812,6,240.63769456621648,Optimal,True,Optimal,heuristic,0.1581356090027839
8,16,41,60,0.8,MILP,0.99,True,0.0,True,,5,223.05522960216354,77.81024902072812,6,240.63769456621648,Optimal,True,Optimal,heuristic,0.1195904470005189
8,16,41,60,0.8,Dijkstra,0.99,True,0.0,True,,5,223.05522960216354,77.81024902072812,6,240.63769456621648,Optimal,True,Optimal,heuristic,0.00040214099863078445
8,16,41,60,0.9,ILP,0.996,True,0.0,True,True,2,77.69877067711218,38.90512451036403,6,240.63769456621648,Optimal,True,Optimal,heuristic,0.14878099400084466
8,16,41,60,0.9,MILP,0.996,True,0.0,True,,2,77.69877067711218,38.90512451036403,6,240.63769456621648,Optimal,True,Optimal,heuristic,0.1137623850008822
8,16,41,60,0.9,Dijkstra,0.996,True,0.0,True,,2,77.69877067711218,38.90512451036403,6,240.63769456621648,Optimal,True,Optimal,heuristic,0.0004208820027997717
8,17,44,45,0.5,ILP,0.944,True,0.0,True,True,28,3423.9480554261427,732.1521831315943,7,313.22679392023326,Optimal,True,Optimal,heuristic,0.24072279300162336
8,17,44,45,0.5,MILP,0.944,True,0.0,True,,28,3423.9480554261427,732.1521831315943,7,313.22679392023326,Optimal,True,Optimal,heuristic,0.17779429700021865
8,17,44,45,0.5,Dijkstra,0.944,True,0.0,True,,28,3423.9480554261427,732.1521831315943,7,313.22679392023326,Optimal,True,Optimal,heuristic,0.00035970599856227636
8,17,44,45,0.6,ILP,0.966,True,0.0,True,True,17,2021.0234005972018,668.1031982597378,7,313.22679392023326,Optimal,True,Optimal,heuristic,0.1921129709953675
8,17,44,45,0.6,MILP,0.966,True,0.0,True,,17,2021.0234005972018,668.1031982597378,7,313.22679392023326,Optimal,True,Optimal,heuristic,0.18846774600388017
8,17,44,45,0.6,Dijkstra,0.966,True,0.0,True,,17,2021.0234005972018,668.1031982597378,7,313.22679392023326,Optimal,True,Optimal,heuristic,0.00035545900027500466
8,17,44,45,0.7,ILP,0.982,True,0.0,True,True,9,1313.2802376452987,604.0542133878815,7,313.22679392023326,Optimal,True,Optimal,heuristic,0.1541270509987953
8,17,44,45,0.7,MILP,0.972,False,0.010000000000000009,False,,14,1169.5499170060998,192.14695461556903,9,393.52369455300436,Optimal,True,Optimal,heuristic,0.16432237399567384
8,17,44,45,0.7,Dijkstra,0.982,True,0.0,True,,9,1313.2802376452987,604.0542133878815,7,313.22679392023326,Optimal,True,Optimal,heuristic,0.00035170000046491623
8,17,44,45,0.8,ILP,0.99,True,0.0,True,True,5,834.8890961799718,540.0052285160251,7,313.22679392023326,Optimal,True,Optimal,heuristic,0.16968704399914714
8,17,44,45,0.8,MILP,0.984,False,0.006000000000000005,False,,8,490.19763194865675,128.0979697437126,9,393.52369455300436,Optimal,True,Optimal,heuristic,0.08774955799890449
8,17,44,45,0.8,Dijkstra,0.99,True,0.0,True,,5,834.8890961799718,540.0052285160251,7,313.22679392023326,Optimal,True,Optimal,heuristic,0.0003687839998747222
8,17,44,45,0.9,ILP,0.994,True,0.0,True,True,3,125.24208851825824,64.0489848718563,9,393.52369455300436,Optimal,True,Optimal,heuristic,0.1105396160055534
8,17,44,45,0.9,MILP,0.994,True,0.0,True,,3,125.24208851825824,64.0489848718563,9,393.52369455300436,Optimal,True,Optimal,heuristic,0.08588477099692682
8,17,44,45,0.9,Dijkstra,0.994,False,0.0,True,,3,618.1459953620173,475.9562436441688,7,313.22679392023326,Optimal,True,Optimal,heuristic,0.00033942600566660985
8,18,13,35,0.5,ILP,0.8280000000000001,True,0.0,True,True,86,1074.4410669565907,57.485852468674054,1,79.11713611697503,Optimal,True,Optimal,heuristic,0.41956065200065495
8,18,13,35,0.5,MILP,0.8280000000000001,True,0.0,True,,86,1074.4410669565907,57.485852468674054,1,79.11713611697503,Optimal,True,Optimal,heuristic,0.13393580599949928
8,18,13,35,0.5,Dijkstra,0.8280000000000001,True,0.0,True,,86,1074.4410669565907,57.485852468674054,1,79.11713611697503,Optimal,True,Optimal,heuristic,0.0003436939950915985
8,18,13,35,0.6,ILP,0.922,True,0.0,True,True,39,363.9864639207857,45.98868197493924,1,79.11713611697503,Optimal,True,Optimal,heuristic,0.1764725120010553
8,18,13,35,0.6,MILP,0.922,True,0.0,True,,39,363.9864639207857,45.98868197493924,1,79.11713611697503,Optimal,True,Optimal,heuristic,0.10964789599529468
8,18,13,35,0.6,Dijkstra,0.922,True,0.0,True,,39,363.9864639207857,45.98868197493924,1,79.11713611697503,Optimal,True,Optimal,heuristic,0.00036267599352868274
8,18,13,35,0.7,ILP,0.98,True,0.0,True,True,10,108.6553605497422,34.49151148120444,1,79.11713611697503,Optimal,True,Optimal,heuristic,0.12650727900472702
8,18,13,35,0.7,MILP,0.98,True,0.0,True,,10,108.6553605497422,34.49151148120444,1,79.11713611697503,Optimal,True,Optimal,heuristic,0.11332981400482822
8,18,13,35,0.7,Dijkstra,0.98,True,0.0,True,,10,108.6553605497422,34.49151148120444,1,79.11713611697503,Optimal,True,Optimal,heuristic,0.00032076599745778367
8,18,13,35,0.8,ILP,0.994,True,0.0,True,True,3,36.276242784051334,22.9943409874696,1,79.11713611697503,Optimal,True,Optimal,heuristic,0.11481439999624854
8,18,13,35,0.8,MILP,0.994,True,0.0,True,,3,36.276242784051334,22.9943409874696,1,79.11713611697503,Optimal,True,Optimal,heuristic,0.10459890300262487
8,18,13,35,0.8,Dijkstra,0.994,True,0.0,True,,3,36.276242784051334,22.9943409874696,1,79.11713611697503,Optimal,True,Optimal,heuristic,0.0004396479998831637
8,18,13,35,0.9,ILP,0.998,True,0.0,True,True,1,11.497170493734814,11.497170493734814,1,79.11713611697503,Optimal,True,Optimal,heuristic,0.11377552300109528
8,18,13,35,0.9,MILP,0.998,True,0.0,True,,1,11.497170493734814,11.497170493734814,1,79.11713611697503,Optimal,True,Optimal,heuristic,0.11262266500125406
8,18,13,35,0.9,Dijkstra,0.998,True,0.0,True,,1,11.497170493734814,11.497170493734814,1,79.11713611697503,Optimal,True,Optimal,heuristic,0.00036248999822419137
8,19,11,24,0.5,ILP,0.874,True,0.0,True,True,63,1043.9157913952895,65.50964953934918,1,51.87435755733906,Optimal,True,Optimal,heuristic,0.4103326399999787
8,19,11,24,0.5,MILP,0.874,True,0.0,True,,63,1043.9157913952895,65.50964953934918,1,51.87435755733906,Optimal,True,Optimal,heuristic,0.13733746099751443
8,19,11,24,0.5,Dijkstra,0.874,True,0.0,True,,63,1043.9157913952895,65.50964953934918,1,51.87435755733906,Optimal,True,Optimal,heuristic,0.0003716329956660047
8,19,11,24,0.6,ILP,0.944,True,0.0,True,True,28,466.5157871153593,52.40771963147935,1,51.87435755733906,Optimal,True,Optimal,heuristic,0.25010204299906036
8,19,11,24,0.6,MILP,0.944,True,0.0,True,,28,466.5157871153593,52.40771963147935,1,51.87435755733906,Optimal,True,Optimal,heuristic,0.12435627199738519
8,19,11,24,0.6,Dijkstra,0.944,True,0.0,True,,28,466.5157871153593,52.40771963147935,1,51.87435755733906,Optimal,True,Optimal,heuristic,0.0003976340012741275
8,19,11,24,0.7,ILP,0.974,True,0.0,True,True,13,213.7669103663033,39.30578972360952,1,51.87435755733906,Optimal,True,Optimal,heuristic,0.16226483100035693
8,19,11,24,0.7,MILP,0.974,True,0.0,True,,13,213.7669103663033,39.30578972360952,1,51.87435755733906,Optimal,True,Optimal,heuristic,0.12219376400025794
8,19,11,24,0.7,Dijkstra,0.974,True,0.0,True,,13,213.7669103663033,39.30578972360952,1,51.87435755733906,Optimal,True,Optimal,heuristic,0.0003430010037845932
8,19,11,24,0.8,ILP,0.986,True,0.0,True,True,7,85.31960975618118,26.203859815739662,1,51.87435755733906,Optimal,True,Optimal,heuristic,0.14641827800369356
8,19,11,24,0.8,MILP,0.986,True,0.0,True,,7,85.31960975618118,26.203859815739662,1,51.87435755733906,Optimal,True,Optimal,heuristic,0.12538909800059628
8,19,11,24,0.8,Dijkstra,0.986,True,0.0,True,,7,85.31960975618118,26.203859815739662,1,51.87435755733906,Optimal,True,Optimal,heuristic,0.0003445820038905367
8,19,11,24,0.9,ILP,0.994,True,0.0,True,True,3,26.74306574801699,13.101929907869845,1,51.87435755733906,Optimal,True,Optimal,heuristic,0.12198875499598216
8,19,11,24,0.9,MILP,0.994,True,0.0,True,,3,26.74306574801699,13.101929907869845,1,51.87435755733906,Optimal,True,Optimal,heuristic,0.12037955399864586
8,19,11,24,0.9,Dijkstra,0.994,True,0.0,True,,3,26.74306574801699,13.101929907869845,1,51.87435755733906,Optimal,True,Optimal,heuristic,0.0003908850048901513
9,0,11,32,0.5,ILP,0.908,True,0.0,True,True,46,1564.2749787495898,147.5206596449864,3,162.94617136624254,Optimal,True,Optimal,heuristic,0.954548628993507
9,0,11,32,0.5,MILP,0.908,False,0.0,True,,46,1564.2749787495904,147.52065964498647,3,162.94617136624254,Optimal,True,Optimal,heuristic,0.41396123899903614
9,0,11,32,0.5,Dijkstra,0.908,False,0.0,True,,46,1564.2749787495904,147.52065964498647,3,162.94617136624254,Optimal,True,Optimal,heuristic,0.00039178700535558164
9,0,11,32,0.6,ILP,0.96,True,0.0,True,True,20,678.1484283001971,118.01652771598918,3,162.94617136624254,Optimal,True,Optimal,heuristic,0.6095819699985441
9,0,11,32,0.6,MILP,0.96,False,0.0,True,,20,678.1484283001971,118.01652771598918,3,162.94617136624254,Optimal,True,Optimal,heuristic,0.22572668099746807
9,0,11,32,0.6,Dijkstra,0.96,False,0.0,True,,20,678.1484283001971,118.01652771598918,3,162.94617136624254,Optimal,True,Optimal,heuristic,0.0004048869959660806
9,0,11,32,0.7,ILP,0.982,True,0.0,True,True,9,287.16844130986,88.51239578699187,3,162.94617136624254,Optimal,True,Optimal,heuristic,0.2336982210035785
9,0,11,32,0.7,MILP,0.982,True,0.0,True,,9,287.16844130986,88.51239578699187,3,162.94617136624254,Optimal,True,Optimal,heuristic,0.17332783799793106
9,0,11,32,0.7,Dijkstra,0.982,True,0.0,True,,9,287.16844130986,88.51239578699187,3,162.94617136624254,Optimal,True,Optimal,heuristic,0.000384687002224382
9,0,11,32,0.8,ILP,0.994,True,0.0,True,True,3,99.66901960385377,59.008263857994564,3,162.94617136624254,Optimal,True,Optimal,heuristic,0.15262539900140837
9,0,11,32,0.8,MILP,0.994,True,0.0,True,,3,99.66901960385377,59.008263857994564,3,162.94617136624254,Optimal,True,Optimal,heuristic,0.12107098200067412
9,0,11,32,0.8,Dijkstra,0.994,True,0.0,True,,3,99.66901960385377,59.008263857994564,3,162.94617136624254,Optimal,True,Optimal,heuristic,0.00035603299329522997
9,0,11,32,0.9,ILP,0.996,True,0.0,True,True,2,31.114400920354342,29.50413192899731,3,162.94617136624254,Optimal,True,Optimal,heuristic,0.16299426500336267
9,0,11,32,0.9,MILP,0.996,False,0.0,True,,2,31.114400920354342,29.50413192899731,3,162.94617136624254,Optimal,True,Optimal,heuristic,0.1197195249987999
9,0,11,32,0.9,Dijkstra,0.996,False,0.0,True,,2,31.114400920354342,29.50413192899731,3,162.94617136624254,Optimal,True,Optimal,heuristic,0.000476316999993287
9,1,47,24,0.5,ILP,0.8180000000000001,True,0.0,True,True,91,2816.636560650959,108.44020611092174,2,100.29914700040773,Optimal,True,Optimal,heuristic,0.09612480999930995
9,1,47,24,0.5,MILP,0.8180000000000001,True,0.0,True,,91,2816.636560650959,108.44020611092174,2,100.29914700040773,Optimal,True,Optimal,heuristic,0.08733231500082184
9,1,47,24,0.5,Dijkstra,0.8180000000000001,True,0.0,True,,91,2816.636560650959,108.44020611092174,2,100.29914700040773,Optimal,True,Optimal,heuristic,0.00035280500014778227
9,1,47,24,0.6,ILP,0.904,True,0.0,True,True,48,1330.3321975353847,86.75216488873741,2,100.29914700040773,Optimal,True,Optimal,heuristic,0.10152093700162368
9,1,47,24,0.6,MILP,0.904,True,0.0,True,,48,1330.3321975353847,86.75216488873741,2,100.29914700040773,Optimal,True,Optimal,heuristic,0.09163682300277287
9,1,47,24,0.6,Dijkstra,0.904,True,0.0,True,,48,1330.3321975353847,86.75216488873741,2,100.29914700040773,Optimal,True,Optimal,heuristic,0.0003580490010790527
9,1,47,24,0.7,ILP,0.956,True,0.0,True,True,22,619.1015713018624,65.06412366655303,2,100.29914700040773,Optimal,True,Optimal,heuristic,0.09600842500367435
9,1,47,24,0.7,MILP,0.956,True,0.0,True,,22,619.1015713018624,65.06412366655303,2,100.29914700040773,Optimal,True,Optimal,heuristic,0.09164851999958046
9,1,47,24,0.7,Dijkstra,0.956,True,0.0,True,,22,619.1015713018624,65.06412366655303,2,100.29914700040773,Optimal,True,Optimal,heuristic,0.0003329579994897358
9,1,47,24,0.8,ILP,0.978,True,0.0,True,True,11,296.3105340871046,43.376082444368706,2,100.29914700040773,Optimal,True,Optimal,heuristic,0.09653476099629188
9,1,47,24,0.8,MILP,0.978,True,0.0,True,,11,296.3105340871046,43.376082444368706,2,100.29914700040773,Optimal,True,Optimal,heuristic,0.0904417720012134
9,1,47,24,0.8,Dijkstra,0.978,True,0.0,True,,11,296.3105340871046,43.376082444368706,2,100.29914700040773,Optimal,True,Optimal,heuristic,0.00034771300124702975
9,1,47,24,0.9,ILP,0.986,True,0.0,True,True,7,99.41320106508246,21.688041222184324,2,100.29914700040773,Optimal,True,Optimal,heuristic,0.09359545099869138
9,1,47,24,0.9,MILP,0.986,True,0.0,True,,7,99.41320106508246,21.688041222184324,2,100.29914700040773,Optimal,True,Optimal,heuristic,0.09055889899900649
9,1,47,24,0.9,Dijkstra,0.986,True,0.0,True,,7,99.41320106508246,21.688041222184324,2,100.29914700040773,Optimal,True,Optimal,heuristic,0.0003368580000824295
9,2,24,16,0.5,ILP,0.944,True,0.0,True,True,28,2288.424878366587,290.6994033121869,7,219.65729949463125,Optimal,True,Optimal,heuristic,0.10405146599805448
9,2,24,16,0.5,MILP,0.944,True,0.0,True,,28,2288.424878366587,290.6994033121869,7,219.65729949463125,Optimal,True,Optimal,heuristic,0.07732247999956599
9,2,24,16,0.5,Dijkstra,0.944,True,0.0,True,,28,2288.424878366587,290.6994033121869,7,219.65729949463125,Optimal,True,Optimal,heuristic,0.000334019998263102
9,2,24,16,0.6,ILP,0.97,True,0.0,True,True,15,1020.6100656844518,232.5595226497495,7,219.65729949463125,Optimal,True,Optimal,heuristic,0.08931523900537286
9,2,24,16,0.6,MILP,0.97,True,0.0,True,,15,1020.6100656844518,232.5595226497495,7,219.65729949463125,Optimal,True,Optimal,heuristic,0.07645943699753843
9,2,24,16,0.6,Dijkstra,0.97,True,0.0,True,,15,1020.6100656844518,232.5595226497495,7,219.65729949463125,Optimal,True,Optimal,heuristic,0.0003955330030294135
9,2,24,16,0.7,ILP,0.99,True,0.0,True,True,5,475.97979822415186,174.41964198731216,7,219.65729949463125,Optimal,True,Optimal,heuristic,0.08651410300080897
9,2,24,16,0.7,MILP,0.99,True,0.0,True,,5,475.97979822415186,174.41964198731216,7,219.65729949463125,Optimal,True,Optimal,heuristic,0.08236004000355024
9,2,24,16,0.7,Dijkstra,0.99,True,0.0,True,,5,475.97979822415186,174.41964198731216,7,219.65729949463125,Optimal,True,Optimal,heuristic,0.0003640180002548732
9,2,24,16,0.8,ILP,0.992,True,0.0,True,True,4,208.72890235472312,116.2797613248747,7,219.65729949463125,Optimal,True,Optimal,heuristic,0.08632268400106113
9,2,24,16,0.8,MILP,0.992,True,0.0,True,,4,208.72890235472312,116.2797613248747,7,219.65729949463125,Optimal,True,Optimal,heuristic,0.06914964599855011
9,2,24,16,0.8,Dijkstra,0.992,True,0.0,True,,4,208.72890235472312,116.2797613248747,7,219.65729949463125,Optimal,True,Optimal,heuristic,0.00033034700027201325
9,2,24,16,0.9,ILP,0.998,True,0.0,True,True,1,58.13988066243735,58.13988066243735,7,219.65729949463125,Optimal,True,Optimal,heuristic,0.07882916500238935
9,2,24,16,0.9,MILP,0.998,True,0.0,True,,1,58.13988066243735,58.13988066243735,7,219.65729949463125,Optimal,True,Optimal,heuristic,0.07245421599509427
9,2,24,16,0.9,Dijkstra,0.998,True,0.0,True,,1,58.13988066243735,58.13988066243735,7,219.65729949463125,Optimal,True,Optimal,heuristic,0.0004152180044911802
9,3,61,47,0.5,ILP,0.96,True,0.0,True,True,20,2222.889067566726,398.0929547580398,9,317.5688332707096,Optimal,True,Optimal,heuristic,0.5781103749977774
9,3,61,47,0.5,MILP,0.958,False,0.0020000000000000018,False,,21,2169.874700494265,450.29249990259564,8,360.56565191244135,Optimal,True,Optimal,heuristic,0.45389363600406796
9,3,61,47,0.5,Dijkstra,0.96,True,0.0,True,,20,2222.889067566726,398.0929547580398,9,317.5688332707096,Optimal,True,Optimal,heuristic,0.00036714599991682917
9,3,61,47,0.6,ILP,0.978,True,0.0,True,True,11,1060.484216920227,382.74091560317277,8,360.56565191244135,Optimal,True,Optimal,heuristic,0.4848280030055321
9,3,61,47,0.6,MILP,0.978,True,0.0,True,,11,1060.484216920227,382.74091560317277,8,360.56565191244135,Optimal,True,Optimal,heuristic,0.4705895170045551
9,3,61,47,0.6,Dijkstra,0.976,False,0.0020000000000000018,False,,12,1125.0201811309232,330.54137045861694,9,317.5688332707096,Optimal,True,Optimal,heuristic,0.0003884149991790764
9,3,61,47,0.7,ILP,0.99,True,0.0,True,True,5,595.7533629513919,262.9897861591942,9,317.5688332707096,Optimal,True,Optimal,heuristic,0.40129584899841575
9,3,61,47,0.7,MILP,0.988,False,0.0020000000000000018,False,,6,556.7934153024537,315.18933130375,8,360.56565191244135,Optimal,True,Optimal,heuristic,0.4016757930003223
9,3,61,47,0.7,Dijkstra,0.99,False,0.0,True,,5,595.7533629513916,262.9897861591942,9,317.5688332707096,Optimal,True,Optimal,heuristic,0.0004686470056185499
9,3,61,47,0.8,ILP,0.996,True,0.0,True,True,2,332.82091495592204,195.4382018597713,9,317.5688332707096,Optimal,True,Optimal,heuristic,0.36714856699836673
9,3,61,47,0.8,MILP,0.996,False,0.0,True,,2,275.34411159612114,247.63774700432714,8,360.56565191244135,Optimal,True,Optimal,heuristic,0.32171283600473544
9,3,61,47,0.8,Dijkstra,0.996,True,0.0,True,,2,332.82091495592204,195.4382018597713,9,317.5688332707096,Optimal,True,Optimal,heuristic,0.00042459899850655347
9,3,61,47,0.9,ILP,0.998,True,0.0,True,True,1,180.08616270490427,180.08616270490427,8,360.56565191244135,Optimal,True,Optimal,heuristic,0.17326010699616745
9,3,61,47,0.9,MILP,0.994,False,0.0040000000000000036,False,,3,159.93758758323622,67.55158429942276,10,395.31831586217146,Optimal,True,Optimal,heuristic,0.2786148689992842
9,3,61,47,0.9,Dijkstra,0.996,False,0.0020000000000000018,False,,2,197.7177463570763,127.88661756034844,9,317.5688332707096,Optimal,True,Optimal,heuristic,0.0004212400017422624
9,4,50,35,0.5,ILP,0.99,True,0.0,True,True,5,612.1590138780257,393.1479645314714,3,127.65389759620156,Optimal,True,Optimal,heuristic,0.08379647899710108
9,4,50,35,0.5,MILP,0.99,True,0.0,True,,5,612.1590138780257,393.1479645314714,3,127.65389759620156,Optimal,True,Optimal,heuristic,0.08221196600061376
9,4,50,35,0.5,Dijkstra,0.99,True,0.0,True,,5,612.1590138780257,393.1479645314714,3,127.65389759620156,Optimal,True,Optimal,heuristic,0.0004204819997539744
9,4,50,35,0.6,ILP,0.996,True,0.0,True,True,2,317.24306730880875,314.5183716251771,3,127.65389759620156,Optimal,True,Optimal,heuristic,0.08812205800495576
9,4,50,35,0.6,MILP,0.996,True,0.0,True,,2,317.24306730880875,314.5183716251771,3,127.65389759620156,Optimal,True,Optimal,heuristic,0.08004760000039823
9,4,50,35,0.6,Dijkstra,0.996,True,0.0,True,,2,317.24306730880875,314.5183716251771,3,127.65389759620156,Optimal,True,Optimal,heuristic,0.0003512880066409707
9,4,50,35,0.7,ILP,0.998,True,0.0,True,True,1,235.88877871888292,235.88877871888292,3,127.65389759620156,Optimal,True,Optimal,heuristic,0.09424063099868363
9,4,50,35,0.7,MILP,0.998,True,0.0,True,,1,235.88877871888292,235.88877871888292,3,127.65389759620156,Optimal,True,Optimal,heuristic,0.08087965899903793
9,4,50,35,0.7,Dijkstra,0.998,True,0.0,True,,1,235.88877871888292,235.88877871888292,3,127.65389759620156,Optimal,True,Optimal,heuristic,0.0003604099983931519
9,4,50,35,0.8,ILP,0.998,True,0.0,True,True,1,157.2591858125885,157.2591858125885,3,127.65389759620156,Optimal,True,Optimal,heuristic,0.08373940199817298
9,4,50,35,0.8,MILP,0.998,True,0.0,True,,1,157.2591858125885,157.2591858125885,3,127.65389759620156,Optimal,True,Optimal,heuristic,0.08272780800325563
9,4,50,35,0.8,Dijkstra,0.998,True,0.0,True,,1,157.2591858125885,157.2591858125885,3,127.65389759620156,Optimal,True,Optimal,heuristic,0.00036745199759025127
9,4,50,35,0.9,ILP,0.998,True,0.0,True,True,1,78.6295929062943,78.6295929062943,3,127.65389759620156,Optimal,True,Optimal,heuristic,0.08625378199940315
9,4,50,35,0.9,MILP,0.998,True,0.0,True,,1,78.6295929062943,78.6295929062943,3,127.65389759620156,Optimal,True,Optimal,heuristic,0.07653221700456925
9,4,50,35,0.9,Dijkstra,0.998,True,0.0,True,,1,78.6295929062943,78.6295929062943,3,127.65389759620156,Optimal,True,Optimal,heuristic,0.00031321599817601964
9,5,62,50,0.5,ILP,0.992,True,0.0,True,True,4,400.9144672967234,272.5901053767579,3,163.8132687310942,Optimal,True,Optimal,heuristic,0.08981170400511473
9,5,62,50,0.5,MILP,0.992,True,0.0,True,,4,400.9144672967234,272.5901053767579,3,163.8132687310942,Optimal,True,Optimal,heuristic,0.08165689899760764
9,5,62,50,0.5,Dijkstra,0.992,True,0.0,True,,4,400.9144672967234,272.5901053767579,3,163.8132687310942,Optimal,True,Optimal,heuristic,0.0003171960051986389
9,5,62,50,0.6,ILP,0.996,True,0.0,True,True,2,228.97451935914376,218.07208430140633,3,163.8132687310942,Optimal,True,Optimal,heuristic,0.08611351099534659
9,5,62,50,0.6,MILP,0.996,True,0.0,True,,2,228.97451935914376,218.07208430140633,3,163.8132687310942,Optimal,True,Optimal,heuristic,0.08517666399711743
9,5,62,50,0.6,Dijkstra,0.996,True,0.0,True,,2,228.97451935914376,218.07208430140633,3,163.8132687310942,Optimal,True,Optimal,heuristic,0.00034528600372141227
9,5,62,50,0.7,ILP,0.998,True,0.0,True,True,1,163.55406322605478,163.55406322605478,3,163.8132687310942,Optimal,True,Optimal,heuristic,0.09238470700074686
9,5,62,50,0.7,MILP,0.998,True,0.0,True,,1,163.55406322605478,163.55406322605478,3,163.8132687310942,Optimal,True,Optimal,heuristic,0.08751719000429148
9,5,62,50,0.7,Dijkstra,0.998,True,0.0,True,,1,163.55406322605478,163.55406322605478,3,163.8132687310942,Optimal,True,Optimal,heuristic,0.00037751700438093394
9,5,62,50,0.8,ILP,0.998,True,0.0,True,True,1,109.03604215070317,109.03604215070317,3,163.8132687310942,Optimal,True,Optimal,heuristic,0.09702340800140519
9,5,62,50,0.8,MILP,0.998,True,0.0,True,,1,109.03604215070317,109.03604215070317,3,163.8132687310942,Optimal,True,Optimal,heuristic,0.08572718600044027
9,5,62,50,0.8,Dijkstra,0.998,True,0.0,True,,1,109.03604215070317,109.03604215070317,3,163.8132687310942,Optimal,True,Optimal,heuristic,0.0003225799955544062
9,5,62,50,0.9,ILP,0.998,True,0.0,True,True,1,54.51802107535161,54.51802107535161,3,163.8132687310942,Optimal,True,Optimal,heuristic,0.09182552200218197
9,5,62,50,0.9,MILP,0.998,True,0.0,True,,1,54.51802107535161,54.51802107535161,3,163.8132687310942,Optimal,True,Optimal,heuristic,0.08529931199882412
9,5,62,50,0.9,Dijkstra,0.998,True,0.0,True,,1,54.51802107535161,54.51802107535161,3,163.8132687310942,Optimal,True,Optimal,heuristic,0.00036092999653192237
9,6,32,44,0.5,ILP,0.956,True,0.0,True,True,22,1880.1514001598284,401.61845409490525,9,391.5281201038009,Optimal,True,Optimal,heuristic,0.1201069219969213
9,6,32,44,0.5,MILP,0.956,True,0.0,True,,22,1880.1514001598284,401.61845409490525,9,391.5281201038009,Optimal,True,Optimal,heuristic,0.083378757997707
9,6,32,44,0.5,Dijkstra,0.956,True,0.0,True,,22,1880.1514001598284,401.61845409490525,9,391.5281201038009,Optimal,True,Optimal,heuristic,0.0003679280052892864
9,6,32,44,0.6,ILP,0.986,True,0.0,True,True,7,917.0321391473595,321.2947632759242,9,391.5281201038009,Optimal,True,Optimal,heuristic,0.10930506900331238
9,6,32,44,0.6,MILP,0.986,True,0.0,True,,7,917.0321391473595,321.2947632759242,9,391.5281201038009,Optimal,True,Optimal,heuristic,0.09133059199666604
9,6,32,44,0.6,Dijkstra,0.986,True,0.0,True,,7,917.0321391473595,321.2947632759242,9,391.5281201038009,Optimal,True,Optimal,heuristic,0.000639742000203114
9,6,32,44,0.7,ILP,0.994,True,0.0,True,True,3,501.1938793765605,240.97107245694326,9,391.5281201038009,Optimal,True,Optimal,heuristic,0.08978029699937906
9,6,32,44,0.7,MILP,0.994,True,0.0,True,,3,501.1938793765605,240.97107245694326,9,391.5281201038009,Optimal,True,Optimal,heuristic,0.08437105600023642
9,6,32,44,0.7,Dijkstra,0.994,True,0.0,True,,3,501.1938793765605,240.97107245694326,9,391.5281201038009,Optimal,True,Optimal,heuristic,0.0004119020013604313
9,6,32,44,0.8,ILP,0.996,True,0.0,True,True,2,318.89978340683604,160.6473816379621,9,391.5281201038009,Optimal,True,Optimal,heuristic,0.12983905200235313
9,6,32,44,0.8,MILP,0.996,True,0.0,True,,2,318.89978340683604,160.6473816379621,9,391.5281201038009,Optimal,True,Optimal,heuristic,0.08866067400231259
9,6,32,44,0.8,Dijkstra,0.996,True,0.0,True,,2,318.89978340683604,160.6473816379621,9,391.5281201038009,Optimal,True,Optimal,heuristic,0.0004446949969860725
9,6,32,44,0.9,ILP,0.996,True,0.0,True,True,2,158.25240176887394,80.32369081898105,9,391.5281201038009,Optimal,True,Optimal,heuristic,0.08963907200086396
9,6,32,44,0.9,MILP,0.996,True,0.0,True,,2,158.25240176887394,80.32369081898105,9,391.5281201038009,Optimal,True,Optimal,heuristic,0.08493753099901369
9,6,32,44,0.9,Dijkstra,0.996,True,0.0,True,,2,158.25240176887394,80.32369081898105,9,391.5281201038009,Optimal,True,Optimal,heuristic,0.00043438099964987487
9,7,50,22,0.5,ILP,0.978,True,0.0,True,True,11,973.3087038119048,412.7083378600464,7,241.32566642674985,Optimal,True,Optimal,heuristic,0.08621993900305824
9,7,50,22,0.5,MILP,0.978,True,0.0,True,,11,973.3087038119048,412.7083378600464,7,241.32566642674985,Optimal,True,Optimal,heuristic,0.07533391700417269
9,7,50,22,0.5,Dijkstra,0.978,True,0.0,True,,11,973.3087038119048,412.7083378600464,7,241.32566642674985,Optimal,True,Optimal,heuristic,0.0003572570058167912
9,7,50,22,0.6,ILP,0.994,True,0.0,True,True,3,455.72332489464486,330.16667028803715,7,241.32566642674985,Optimal,True,Optimal,heuristic,0.08430130900524091
9,7,50,22,0.6,MILP,0.994,True,0.0,True,,3,455.72332489464486,330.16667028803715,7,241.32566642674985,Optimal,True,Optimal,heuristic,0.06893930400110548
9,7,50,22,0.6,Dijkstra,0.994,True,0.0,True,,3,455.72332489464486,330.16667028803715,7,241.32566642674985,Optimal,True,Optimal,heuristic,0.0003224949978175573
9,7,50,22,0.7,ILP,0.996,True,0.0,True,True,2,269.2023522814178,247.6250027160279,7,241.32566642674985,Optimal,True,Optimal,heuristic,0.0824798479952733
9,7,50,22,0.7,MILP,0.996,True,0.0,True,,2,269.2023522814178,247.6250027160279,7,241.32566642674985,Optimal,True,Optimal,heuristic,0.07932042299944442
9,7,50,22,0.7,Dijkstra,0.996,True,0.0,True,,2,269.2023522814178,247.6250027160279,7,241.32566642674985,Optimal,True,Optimal,heuristic,0.00048628800141159445
9,7,50,22,0.8,ILP,0.998,True,0.0,True,True,1,165.08333514401852,165.08333514401852,7,241.32566642674985,Optimal,True,Optimal,heuristic,0.07951692699862178
9,7,50,22,0.8,MILP,0.998,True,0.0,True,,1,165.08333514401852,165.08333514401852,7,241.32566642674985,Optimal,True,Optimal,heuristic,0.07163529100216692
9,7,50,22,0.8,Dijkstra,0.998,True,0.0,True,,1,165.08333514401852,165.08333514401852,7,241.32566642674985,Optimal,True,Optimal,heuristic,0.00041907699778676033
9,7,50,22,0.9,ILP,0.998,True,0.0,True,True,1,214.11812493575223,214.11812493575223,9,378.6452292597438,Optimal,True,Optimal,heuristic,0.07545683700300287
9,7,50,22,0.9,MILP,0.998,False,0.0,True,,1,82.54166757200926,82.54166757200926,7,241.32566642674985,Optimal,True,Optimal,heuristic,0.06452950400125701
9,7,50,22,0.9,Dijkstra,0.998,False,0.0,True,,1,82.54166757200926,82.54166757200926,7,241.32566642674985,Optimal,True,Optimal,heuristic,0.0003183559965691529
9,8,61,4,0.5,ILP,0.972,True,0.0,True,True,14,1675.6496419452897,451.1039065908245,8,313.36448871184643,Optimal,True,Optimal,heuristic,0.4914017000046442
9,8,61,4,0.5,MILP,0.97,False,0.0020000000000000018,False,,15,1580.4478867361968,414.11315999930684,9,285.81885016338583,Optimal,True,Optimal,heuristic,0.43216429500171216
9,8,61,4,0.5,Dijkstra,0.97,False,0.0020000000000000018,False,,15,1580.4478867361968,414.11315999930684,9,285.81885016338583,Optimal,True,Optimal,heuristic,0.00038653999945381656
9,8,61,4,0.6,ILP,0.986,True,0.0,True,True,7,958.8414070273661,387.04608661094755,8,313.36448871184643,Optimal,True,Optimal,heuristic,0.4372980690022814
9,8,61,4,0.6,MILP,0.982,False,0.0040000000000000036,False,,9,850.3657211372196,350.0553400194299,9,285.81885016338583,Optimal,True,Optimal,heuristic,0.5214847800016287
9,8,61,4,0.6,Dijkstra,0.982,False,0.0040000000000000036,False,,9,850.3657211372196,350.0553400194299,9,285.81885016338583,Optimal,True,Optimal,heuristic,0.000381101002858486
9,8,61,4,0.7,ILP,0.994,True,0.0,True,True,3,489.76531301427315,285.9975200395529,9,285.81885016338583,Optimal,True,Optimal,heuristic,0.3493862090035691
9,8,61,4,0.7,MILP,0.994,False,0.0,True,,3,489.7653130142729,285.9975200395528,9,285.81885016338583,Optimal,True,Optimal,heuristic,0.4508691020018887
9,8,61,4,0.7,Dijkstra,0.994,True,0.0,True,,3,489.76531301427315,285.9975200395529,9,285.81885016338583,Optimal,True,Optimal,heuristic,0.000373333998140879
9,8,61,4,0.8,ILP,0.996,True,0.0,True,True,2,312.84916703082024,258.9304466511936,8,313.36448871184643,Optimal,True,Optimal,heuristic,0.3184630460018525
9,8,61,4,0.8,MILP,0.994,False,0.0020000000000000018,False,,3,260.65285372106723,128.11563995975382,10,363.5683327548477,Optimal,True,Optimal,heuristic,0.33957644900510786
9,8,61,4,0.8,Dijkstra,0.996,False,0.0,True,,2,328.8254782192579,221.93970005967594,9,285.81885016338583,Optimal,True,Optimal,heuristic,0.00044158599484944716
9,8,61,4,0.9,ILP,0.998,True,0.0,True,True,1,194.87262667131677,194.87262667131677,8,313.36448871184643,Optimal,True,Optimal,heuristic,0.13368958100181771
9,8,61,4,0.9,MILP,0.996,False,0.0020000000000000018,False,,2,104.60623366227696,64.05781997987697,10,363.5683327548477,Optimal,True,Optimal,heuristic,0.2369119770010002
9,8,61,4,0.9,Dijkstra,0.996,False,0.0020000000000000018,False,,2,200.70983825950418,157.8818800797991,9,285.81885016338583,Optimal,True,Optimal,heuristic,0.0003424659953452647
9,9,45,16,0.5,ILP,0.96,True,0.0,True,True,20,1205.7035285287648,198.93608836259546,5,213.55611709756445,Optimal,True,Optimal,heuristic,0.14551464800024405
9,9,45,16,0.5,MILP,0.96,True,0.0,True,,20,1205.7035285287648,198.93608836259546,5,213.55611709756445,Optimal,True,Optimal,heuristic,0.10622177000186639
9,9,45,16,0.5,Dijkstra,0.96,True,0.0,True,,20,1205.7035285287648,198.93608836259546,5,213.55611709756445,Optimal,True,Optimal,heuristic,0.0004109069996047765
9,9,45,16,0.6,ILP,0.978,True,0.0,True,True,11,650.2669273424907,159.14887069007636,5,213.55611709756445,Optimal,True,Optimal,heuristic,0.12133099600032438
9,9,45,16,0.6,MILP,0.978,True,0.0,True,,11,650.2669273424907,159.14887069007636,5,213.55611709756445,Optimal,True,Optimal,heuristic,0.088795862000552
9,9,45,16,0.6,Dijkstra,0.978,True,0.0,True,,11,650.2669273424907,159.14887069007636,5,213.55611709756445,Optimal,True,Optimal,heuristic,0.0003505460044834763
9,9,45,16,0.7,ILP,0.988,True,0.0,True,True,6,332.6926323785766,119.36165301755727,5,213.55611709756445,Optimal,True,Optimal,heuristic,0.09864162799931364
9,9,45,16,0.7,MILP,0.988,True,0.0,True,,6,332.6926323785766,119.36165301755727,5,213.55611709756445,Optimal,True,Optimal,heuristic,0.09035862000018824
9,9,45,16,0.7,Dijkstra,0.988,True,0.0,True,,6,332.6926323785766,119.36165301755727,5,213.55611709756445,Optimal,True,Optimal,heuristic,0.0003850169960060157
9,9,45,16,0.8,ILP,0.994,True,0.0,True,True,3,154.2932475398299,79.57443534503813,5,213.55611709756445,Optimal,True,Optimal,heuristic,0.105943523994938
9,9,45,16,0.8,MILP,0.994,True,0.0,True,,3,154.2932475398299,79.57443534503813,5,213.55611709756445,Optimal,True,Optimal,heuristic,0.09481833300378639
9,9,45,16,0.8,Dijkstra,0.994,True,0.0,True,,3,154.2932475398299,79.57443534503813,5,213.55611709756445,Optimal,True,Optimal,heuristic,0.000356017000740394
9,9,45,16,0.9,ILP,0.996,True,0.0,True,True,2,71.30879232730564,39.78721767251909,5,213.55611709756445,Optimal,True,Optimal,heuristic,0.102068888998474
9,9,45,16,0.9,MILP,0.996,True,0.0,True,,2,71.30879232730564,39.78721767251909,5,213.55611709756445,Optimal,True,Optimal,heuristic,0.0907643270038534
9,9,45,16,0.9,Dijkstra,0.996,True,0.0,True,,2,71.30879232730564,39.78721767251909,5,213.55611709756445,Optimal,True,Optimal,heuristic,0.00033676600287435576
9,10,53,49,0.5,ILP,0.788,True,0.0,True,True,106,4646.870093924399,178.697192681131,5,211.27971353951654,Optimal,True,Optimal,heuristic,0.29429192499810597
9,10,53,49,0.5,MILP,0.788,True,0.0,True,,106,4646.870093924399,178.697192681131,5,211.27971353951654,Optimal,True,Optimal,heuristic,0.1110931490038638
9,10,53,49,0.5,Dijkstra,0.788,True,0.0,True,,106,4646.870093924399,178.697192681131,5,211.27971353951654,Optimal,True,Optimal,heuristic,0.00032992599881254137
9,10,53,49,0.6,ILP,0.902,True,0.0,True,True,49,1994.2699138368164,142.9577541449048,5,211.27971353951654,Optimal,True,Optimal,heuristic,0.24879790600243723
9,10,53,49,0.6,MILP,0.902,True,0.0,True,,49,1994.2699138368164,142.9577541449048,5,211.27971353951654,Optimal,True,Optimal,heuristic,0.11376043200289132
9,10,53,49,0.6,Dijkstra,0.902,True,0.0,True,,49,1994.2699138368164,142.9577541449048,5,211.27971353951654,Optimal,True,Optimal,heuristic,0.0003475499979685992
9,10,53,49,0.7,ILP,0.952,True,0.0,True,True,24,715.81830896054,107.21831560867867,5,211.27971353951654,Optimal,True,Optimal,heuristic,0.21638191700185416
9,10,53,49,0.7,MILP,0.952,True,0.0,True,,24,715.81830896054,107.21831560867867,5,211.27971353951654,Optimal,True,Optimal,heuristic,0.1140317059980589
9,10,53,49,0.7,Dijkstra,0.952,True,0.0,True,,24,715.81830896054,107.21831560867867,5,211.27971353951654,Optimal,True,Optimal,heuristic,0.0003603020013542846
9,10,53,49,0.8,ILP,0.986,True,0.0,True,True,7,226.1942090393017,71.4788770724524,5,211.27971353951654,Optimal,True,Optimal,heuristic,0.1243298980043619
9,10,53,49,0.8,MILP,0.986,True,0.0,True,,7,226.1942090393017,71.4788770724524,5,211.27971353951654,Optimal,True,Optimal,heuristic,0.10351900399837177
9,10,53,49,0.8,Dijkstra,0.986,True,0.0,True,,7,226.1942090393017,71.4788770724524,5,211.27971353951654,Optimal,True,Optimal,heuristic,0.00035383400245336816
9,10,53,49,0.9,ILP,0.996,True,0.0,True,True,2,49.27330070302867,35.7394385362262,5,211.27971353951654,Optimal,True,Optimal,heuristic,0.11637251200590981
9,10,53,49,0.9,MILP,0.996,True,0.0,True,,2,49.27330070302867,35.7394385362262,5,211.27971353951654,Optimal,True,Optimal,heuristic,0.1065273940039333
9,10,53,49,0.9,Dijkstra,0.996,True,0.0,True,,2,49.27330070302867,35.7394385362262,5,211.27971353951654,Optimal,True,Optimal,heuristic,0.00035869899875251576
9,11,1,32,0.5,ILP,0.976,True,0.0,True,True,12,572.8069753248235,193.45581094616284,3,69.98385368612662,Optimal,True,Optimal,heuristic,0.24090088500088314
9,11,1,32,0.5,MILP,0.976,True,0.0,True,,12,572.8069753248235,193.45581094616284,3,69.98385368612662,Optimal,True,Optimal,heuristic,0.1691831389980507
9,11,1,32,0.5,Dijkstra,0.976,True,0.0,True,,12,572.8069753248235,193.45581094616284,3,69.98385368612662,Optimal,True,Optimal,heuristic,0.0003522629995131865
9,11,1,32,0.6,ILP,0.992,True,0.0,True,True,4,232.94716089926519,154.76464875693028,3,69.98385368612662,Optimal,True,Optimal,heuristic,0.20853380399785237
9,11,1,32,0.6,MILP,0.992,True,0.0,True,,4,232.94716089926519,154.76464875693028,3,69.98385368612662,Optimal,True,Optimal,heuristic,0.1347126790060429
9,11,1,32,0.6,Dijkstra,0.992,True,0.0,True,,4,232.94716089926519,154.76464875693028,3,69.98385368612662,Optimal,True,Optimal,heuristic,0.00036170900420984253
9,11,1,32,0.7,ILP,0.996,True,0.0,True,True,2,136.9630784372365,116.07348656769773,3,69.98385368612662,Optimal,True,Optimal,heuristic,0.16339553800207796
9,11,1,32,0.7,MILP,0.996,True,0.0,True,,2,136.9630784372365,116.07348656769773,3,69.98385368612662,Optimal,True,Optimal,heuristic,0.14098979200207395
9,11,1,32,0.7,Dijkstra,0.996,True,0.0,True,,2,136.9630784372365,116.07348656769773,3,69.98385368612662,Optimal,True,Optimal,heuristic,0.0003640830036601983
9,11,1,32,0.8,ILP,0.998,True,0.0,True,True,1,77.38232437846511,77.38232437846511,3,69.98385368612662,Optimal,True,Optimal,heuristic,0.13576876300066942
9,11,1,32,0.8,MILP,0.998,True,0.0,True,,1,77.38232437846511,77.38232437846511,3,69.98385368612662,Optimal,True,Optimal,heuristic,0.13665131300513167
9,11,1,32,0.8,Dijkstra,0.998,True,0.0,True,,1,77.38232437846511,77.38232437846511,3,69.98385368612662,Optimal,True,Optimal,heuristic,0.00038924899854464456
9,11,1,32,0.9,ILP,0.998,True,0.0,True,True,1,38.69116218923256,38.69116218923256,3,69.98385368612662,Optimal,True,Optimal,heuristic,0.14464514599967515
9,11,1,32,0.9,MILP,0.998,False,0.0,True,,1,38.69116218923256,38.69116218923256,3,69.98385368612662,Optimal,True,Optimal,heuristic,0.12356876699777786
9,11,1,32,0.9,Dijkstra,0.998,False,0.0,True,,1,38.69116218923256,38.69116218923256,3,69.98385368612662,Optimal,True,Optimal,heuristic,0.00038169699837453663
9,12,59,32,0.5,ILP,0.978,True,0.0,True,True,11,597.5531685987191,134.11879933978702,2,47.495823406065,Optimal,True,Optimal,heuristic,0.2634501779975835
9,12,59,32,0.5,MILP,0.978,True,0.0,True,,11,597.5531685987191,134.11879933978702,2,47.495823406065,Optimal,True,Optimal,heuristic,0.19954358600080013
9,12,59,32,0.5,Dijkstra,0.978,True,0.0,True,,11,597.5531685987191,134.11879933978702,2,47.495823406065,Optimal,True,Optimal,heuristic,0.000321166000503581
9,12,59,32,0.6,ILP,0.984,True,0.0,True,True,8,406.32977109455373,114.2622849082693,2,47.495823406065,Optimal,True,Optimal,heuristic,0.2376806129977922
9,12,59,32,0.6,MILP,0.984,True,0.0,True,,8,406.32977109455373,114.2622849082693,2,47.495823406065,Optimal,True,Optimal,heuristic,0.19458642200333998
9,12,59,32,0.6,Dijkstra,0.984,True,0.0,True,,8,406.32977109455373,114.2622849082693,2,47.495823406065,Optimal,True,Optimal,heuristic,0.0003517539953463711
9,12,59,32,0.7,ILP,0.988,True,0.0,True,True,6,275.16944723697384,94.4057704767516,2,47.495823406065,Optimal,True,Optimal,heuristic,0.21805074800067814
9,12,59,32,0.7,MILP,0.988,True,0.0,True,,6,275.16944723697384,94.4057704767516,2,47.495823406065,Optimal,True,Optimal,heuristic,0.24551970799802803
9,12,59,32,0.7,Dijkstra,0.988,True,0.0,True,,6,275.16944723697384,94.4057704767516,2,47.495823406065,Optimal,True,Optimal,heuristic,0.0003410400022403337
9,12,59,32,0.8,ILP,0.99,True,0.0,True,True,5,160.2571429153594,74.54925604523388,2,47.495823406065,Optimal,True,Optimal,heuristic,0.18906773399794474
9,12,59,32,0.8,MILP,0.99,True,0.0,True,,5,160.2571429153594,74.54925604523388,2,47.495823406065,Optimal,True,Optimal,heuristic,0.15662398399581434
9,12,59,32,0.8,Dijkstra,0.99,True,0.0,True,,5,160.2571429153594,74.54925604523388,2,47.495823406065,Optimal,True,Optimal,heuristic,0.0003867780033033341
9,12,59,32,0.9,ILP,0.994,True,0.0,True,True,3,93.81542089702631,54.69274161371615,2,47.49582340606499,Optimal,True,Optimal,heuristic,0.1887963929984835
9,12,59,32,0.9,MILP,0.992,False,0.0020000000000000018,False,,4,58.22512819143938,19.856514431517695,3,113.1006045275003,Optimal,True,Optimal,heuristic,0.1467278880008962
9,12,59,32,0.9,Dijkstra,0.994,False,0.0,True,,3,93.81542089702631,54.69274161371615,2,47.495823406065,Optimal,True,Optimal,heuristic,0.0003664329997263849
9,13,32,16,0.5,ILP,0.94,True,0.0,True,True,30,3100.2457874018028,406.1835679599051,8,380.2638279812971,Optimal,True,Optimal,heuristic,0.10059640400140779
9,13,32,16,0.5,MILP,0.94,True,0.0,True,,30,3100.2457874018028,406.1835679599051,8,380.2638279812971,Optimal,True,Optimal,heuristic,0.09042079099890543
9,13,32,16,0.5,Dijkstra,0.94,True,0.0,True,,30,3100.2457874018028,406.1835679599051,8,380.2638279812971,Optimal,True,Optimal,heuristic,0.00036870799522148445
9,13,32,16,0.6,ILP,0.97,True,0.0,True,True,15,1549.1807135423385,324.94685436792406,8,380.2638279812971,Optimal,True,Optimal,heuristic,0.08771275600156514
9,13,32,16,0.6,MILP,0.97,True,0.0,True,,15,1549.1807135423385,324.94685436792406,8,380.2638279812971,Optimal,True,Optimal,heuristic,0.07729604499763809
9,13,32,16,0.6,Dijkstra,0.97,True,0.0,True,,15,1549.1807135423385,324.94685436792406,8,380.2638279812971,Optimal,True,Optimal,heuristic,0.00036392999754752964
9,13,32,16,0.7,ILP,0.982,True,0.0,True,True,9,696.2968927260154,243.71014077594305,8,380.2638279812971,Optimal,True,Optimal,heuristic,0.09315462400263641
9,13,32,16,0.7,MILP,0.982,True,0.0,True,,9,696.2968927260154,243.71014077594305,8,380.2638279812971,Optimal,True,Optimal,heuristic,0.11661750699568074
9,13,32,16,0.7,Dijkstra,0.982,True,0.0,True,,9,696.2968927260154,243.71014077594305,8,380.2638279812971,Optimal,True,Optimal,heuristic,0.0003460340012679808
9,13,32,16,0.8,ILP,0.994,True,0.0,True,True,3,319.3528257492517,162.47342718396203,8,380.2638279812971,Optimal,True,Optimal,heuristic,0.08870311299688183
9,13,32,16,0.8,MILP,0.994,True,0.0,True,,3,319.3528257492517,162.47342718396203,8,380.2638279812971,Optimal,True,Optimal,heuristic,0.07809558699955232
9,13,32,16,0.8,Dijkstra,0.994,True,0.0,True,,3,319.3528257492517,162.47342718396203,8,380.2638279812971,Optimal,True,Optimal,heuristic,0.00040048299706541
9,13,32,16,0.9,ILP,0.996,True,0.0,True,True,2,144.1807399186415,81.23671359198102,8,380.2638279812971,Optimal,True,Optimal,heuristic,0.08434816499357112
9,13,32,16,0.9,MILP,0.996,True,0.0,True,,2,144.1807399186415,81.23671359198102,8,380.2638279812971,Optimal,True,Optimal,heuristic,0.0761041989972
9,13,32,16,0.9,Dijkstra,0.996,True,0.0,True,,2,144.1807399186415,81.23671359198102,8,380.2638279812971,Optimal,True,Optimal,heuristic,0.0003583729994716123
9,14,19,21,0.5,ILP,0.976,True,0.0,True,True,12,1978.6432924178366,512.4374918543097,9,398.57545747447665,Optimal,True,Optimal,heuristic,0.2554752039941377
9,14,19,21,0.5,MILP,0.976,True,0.0,True,,12,1978.6432924178366,512.4374918543097,9,398.57545747447665,Optimal,True,Optimal,heuristic,0.14585256899590604
9,14,19,21,0.5,Dijkstra,0.976,True,0.0,True,,12,1978.6432924178366,512.4374918543097,9,398.57545747447665,Optimal,True,Optimal,heuristic,0.00034077599411830306
9,14,19,21,0.6,ILP,0.982,True,0.0,True,True,9,1347.7740753887163,451.1161068937796,9,398.57545747447665,Optimal,True,Optimal,heuristic,0.2562356650014408
9,14,19,21,0.6,MILP,0.982,True,0.0,True,,9,1347.7740753887163,451.1161068937796,9,398.57545747447665,Optimal,True,Optimal,heuristic,0.1171301240028697
9,14,19,21,0.6,Dijkstra,0.982,True,0.0,True,,9,1347.7740753887163,451.1161068937796,9,398.57545747447665,Optimal,True,Optimal,heuristic,0.0003404160015634261
9,14,19,21,0.7,ILP,0.99,True,0.0,True,True,5,966.1349296185192,389.79472193324955,9,398.57545747447665,Optimal,True,Optimal,heuristic,0.12014439800259424
9,14,19,21,0.7,MILP,0.986,False,0.0040000000000000036,False,,7,869.0677210798782,313.1454998730726,12,410.5190438271804,Optimal,True,Optimal,heuristic,0.12368601900379872
9,14,19,21,0.7,Dijkstra,0.99,True,0.0,True,,5,966.1349296185192,389.79472193324955,9,398.57545747447665,Optimal,True,Optimal,heuristic,0.0005919660034123808
9,14,19,21,0.8,ILP,0.994,True,0.0,True,True,3,708.9034968723836,328.4733369727195,9,398.57545747447665,Optimal,True,Optimal,heuristic,0.12255424899922218
9,14,19,21,0.8,MILP,0.988,False,0.006000000000000005,False,,6,470.13015891706834,251.82411491254254,12,410.5190438271805,Optimal,True,Optimal,heuristic,0.12080962899926817
9,14,19,21,0.8,Dijkstra,0.994,True,0.0,True,,3,708.9034968723836,328.4733369727195,9,398.57545747447665,Optimal,True,Optimal,heuristic,0.00040486999932909384
9,14,19,21,0.9,ILP,0.996,True,0.0,True,True,2,228.2252991031271,190.5027299520125,12,410.5190438271805,Optimal,True,Optimal,heuristic,0.12842740999622038
9,14,19,21,0.9,MILP,0.996,True,0.0,True,,2,228.2252991031271,190.5027299520125,12,410.5190438271805,Optimal,True,Optimal,heuristic,0.16337655600364087
9,14,19,21,0.9,Dijkstra,0.994,False,0.0020000000000000018,False,,3,524.9393419907934,267.15195201218944,9,398.57545747447665,Optimal,True,Optimal,heuristic,0.00041062400123337284
9,15,41,63,0.5,ILP,0.986,True,0.0,True,True,7,774.9759108670029,389.8905094144368,7,322.1586117641027,Optimal,True,Optimal,heuristic,0.3076182799995877
9,15,41,63,0.5,MILP,0.986,True,0.0,True,,7,774.9759108670029,389.8905094144368,7,322.1586117641027,Optimal,True,Optimal,heuristic,0.38973255999735557
9,15,41,63,0.5,Dijkstra,0.966,False,0.020000000000000018,False,,17,1959.2708287872565,538.8054226718045,7,310.2254574342039,Optimal,True,Optimal,heuristic,0.00041207500180462375
9,15,41,63,0.6,ILP,0.994,True,0.0,True,True,3,421.4735276249727,327.01190563874366,7,322.15861176410266,Optimal,True,Optimal,heuristic,0.17084600599628175
9,15,41,63,0.6,MILP,0.994,False,0.0,True,,3,421.4735276249728,327.01190563874366,7,322.1586117641027,Optimal,True,Optimal,heuristic,0.33304274599504424
9,15,41,63,0.6,Dijkstra,0.978,False,0.016000000000000014,False,,11,1083.580913392026,475.9268188961114,7,310.2254574342039,Optimal,True,Optimal,heuristic,0.0003719469968928024
9,15,41,63,0.7,ILP,0.996,True,0.0,True,True,2,352.1679707989898,289.20660421001423,9,369.1003824019585,Optimal,True,Optimal,heuristic,0.36287717900268035
9,15,41,63,0.7,MILP,0.996,False,0.0,True,,2,277.60324808750215,264.1333018630505,7,322.1586117641027,Optimal,True,Optimal,heuristic,0.14918106100230943
9,15,41,63,0.7,Dijkstra,0.99,False,0.006000000000000005,False,,5,590.7762923664029,413.04821512041826,7,310.2254574342039,Optimal,True,Optimal,heuristic,0.00043438099964987487
9,15,41,63,0.8,ILP,0.998,True,0.0,True,True,1,201.25469808735738,201.25469808735738,7,322.1586117641027,Optimal,True,Optimal,heuristic,0.1271980740057188
9,15,41,63,0.8,MILP,0.998,True,0.0,True,,1,201.25469808735738,201.25469808735738,7,322.1586117641027,Optimal,True,Optimal,heuristic,0.14631346399983158
9,15,41,63,0.8,Dijkstra,0.996,False,0.0020000000000000018,False,,2,405.79047127537524,350.1696113447251,7,310.2254574342039,Optimal,True,Optimal,heuristic,0.00040128399996319786
9,15,41,63,0.9,ILP,0.998,True,0.0,True,True,1,138.37609431166436,138.37609431166436,7,322.1586117641027,Optimal,True,Optimal,heuristic,0.14066969099803828
9,15,41,63,0.9,MILP,0.996,False,0.0020000000000000018,False,,2,120.48977425891428,73.3988732235656,11,371.93573695050316,Optimal,True,Optimal,heuristic,0.2458161350004957
9,15,41,63,0.9,Dijkstra,0.998,False,0.0,True,,1,287.2910075690321,287.2910075690321,7,310.2254574342039,Optimal,True,Optimal,heuristic,0.000364720996003598
9,16,41,60,0.5,ILP,0.988,True,0.0,True,True,6,704.1621879280501,384.7260020846131,6,272.8029240615276,Optimal,True,Optimal,heuristic,0.28936567500204546
9,16,41,60,0.5,MILP,0.988,True,0.0,True,,6,704.1621879280501,384.7260020846131,6,272.8029240615276,Optimal,True,Optimal,heuristic,0.25934610400145175
9,16,41,60,0.5,Dijkstra,0.968,False,0.020000000000000018,False,,16,1915.6653300743606,497.3741727241571,6,260.8697697316289,Optimal,True,Optimal,heuristic,0.0003428960044402629
9,16,41,60,0.6,ILP,0.994,True,0.0,True,True,3,397.09055053514305,320.95241165105074,5,272.8029240615275,Optimal,True,Optimal,heuristic,0.22018776700133458
9,16,41,60,0.6,MILP,0.994,False,0.0,True,,3,397.0905505351435,320.95241165105074,6,272.8029240615276,Optimal,True,Optimal,heuristic,0.21079389700025786
9,16,41,60,0.6,Dijkstra,0.976,False,0.018000000000000016,False,,12,1054.3122720627794,433.60058229059473,6,260.8697697316289,Optimal,True,Optimal,heuristic,0.0003402259972062893
9,16,41,60,0.7,ILP,0.998,True,0.0,True,True,1,257.17882121748846,257.17882121748846,6,272.8029240615276,Optimal,True,Optimal,heuristic,0.1266940190034802
9,16,41,60,0.7,MILP,0.998,True,0.0,True,,1,257.17882121748846,257.17882121748846,6,272.8029240615276,Optimal,True,Optimal,heuristic,0.15609344399854308
9,16,41,60,0.7,Dijkstra,0.99,False,0.008000000000000007,False,,5,562.1133909618992,369.82699185703245,6,260.8697697316289,Optimal,True,Optimal,heuristic,0.00037831800000276417
9,16,41,60,0.8,ILP,0.998,True,0.0,True,True,1,193.40523078392607,193.40523078392607,6,272.8029240615276,Optimal,True,Optimal,heuristic,0.13885778300027596
9,16,41,60,0.8,MILP,0.998,False,0.0,True,,1,193.40523078392607,193.40523078392607,6,272.8029240615276,Optimal,True,Optimal,heuristic,0.18626357699395157
9,16,41,60,0.8,Dijkstra,0.996,False,0.0020000000000000018,False,,2,386.8965092129374,306.05340142347006,6,260.8697697316289,Optimal,True,Optimal,heuristic,0.0003697700012708083
9,16,41,60,0.9,ILP,0.998,True,0.0,True,True,1,80.6951705214484,80.6951705214484,10,322.58004924792806,Optimal,True,Optimal,heuristic,0.12970291799865663
9,16,41,60,0.9,MILP,0.998,True,0.0,True,,1,80.6951705214484,80.6951705214484,10,322.58004924792806,Optimal,True,Optimal,heuristic,0.14448183700005757
9,16,41,60,0.9,Dijkstra,0.996,False,0.0020000000000000018,False,,2,259.34932834581264,242.27981098990767,6,260.8697697316289,Optimal,True,Optimal,heuristic,0.00038249999488471076
9,17,44,45,0.5,ILP,0.976,True,0.0,True,True,12,1346.2101965865807,291.2823654463634,7,220.4399288921191,Optimal,True,Optimal,heuristic,0.11311602299974766
9,17,44,45,0.5,MILP,0.976,True,0.0,True,,12,1346.2101965865807,291.2823654463634,7,220.4399288921191,Optimal,True,Optimal,heuristic,0.0985498509980971
9,17,44,45,0.5,Dijkstra,0.976,True,0.0,True,,12,1346.2101965865807,291.2823654463634,7,220.4399288921191,Optimal,True,Optimal,heuristic,0.00035899099748348817
9,17,44,45,0.6,ILP,0.986,True,0.0,True,True,7,781.3330229911605,233.0258923570907,7,220.4399288921191,Optimal,True,Optimal,heuristic,0.10130687600030797
9,17,44,45,0.6,MILP,0.986,True,0.0,True,,7,781.3330229911605,233.0258923570907,7,220.4399288921191,Optimal,True,Optimal,heuristic,0.09195365000050515
9,17,44,45,0.6,Dijkstra,0.986,True,0.0,True,,7,781.3330229911605,233.0258923570907,7,220.4399288921191,Optimal,True,Optimal,heuristic,0.0003715679995366372
9,17,44,45,0.7,ILP,0.988,True,0.0,True,True,6,403.8398694421947,174.76941926781808,7,220.4399288921191,Optimal,True,Optimal,heuristic,0.09958645200094907
9,17,44,45,0.7,MILP,0.988,True,0.0,True,,6,403.8398694421947,174.76941926781808,7,220.4399288921191,Optimal,True,Optimal,heuristic,0.08568528100295225
9,17,44,45,0.7,Dijkstra,0.988,True,0.0,True,,6,403.8398694421947,174.76941926781808,7,220.4399288921191,Optimal,True,Optimal,heuristic,0.0003491540046525188
9,17,44,45,0.8,ILP,0.992,True,0.0,True,True,4,147.77369888736052,116.51294617854535,7,220.4399288921191,Optimal,True,Optimal,heuristic,0.09856216399930418
9,17,44,45,0.8,MILP,0.992,True,0.0,True,,4,147.77369888736052,116.51294617854535,7,220.4399288921191,Optimal,True,Optimal,heuristic,0.0832068299932871
9,17,44,45,0.8,Dijkstra,0.992,True,0.0,True,,4,147.77369888736052,116.51294617854535,7,220.4399288921191,Optimal,True,Optimal,heuristic,0.0003398690023459494
9,17,44,45,0.9,ILP,0.998,True,0.0,True,True,1,58.25647308927262,58.25647308927262,7,220.4399288921191,Optimal,True,Optimal,heuristic,0.09893142600049032
9,17,44,45,0.9,MILP,0.998,True,0.0,True,,1,58.25647308927262,58.25647308927262,7,220.4399288921191,Optimal,True,Optimal,heuristic,0.08501769900612999
9,17,44,45,0.9,Dijkstra,0.998,True,0.0,True,,1,58.25647308927262,58.25647308927262,7,220.4399288921191,Optimal,True,Optimal,heuristic,0.00035590300103649497
9,18,13,35,0.5,ILP,0.888,True,0.0,True,True,56,1529.8309878807497,94.88732714167075,1,83.72120717088859,Optimal,True,Optimal,heuristic,0.28026100200077053
9,18,13,35,0.5,MILP,0.888,True,0.0,True,,56,1529.8309878807497,94.88732714167075,1,83.72120717088859,Optimal,True,Optimal,heuristic,0.11438714899850311
9,18,13,35,0.5,Dijkstra,0.888,True,0.0,True,,56,1529.8309878807497,94.88732714167075,1,83.72120717088859,Optimal,True,Optimal,heuristic,0.0003650250000646338
9,18,13,35,0.6,ILP,0.942,True,0.0,True,True,29,778.9272613172669,75.9098617133366,1,83.72120717088859,Optimal,True,Optimal,heuristic,0.2378811750022578
9,18,13,35,0.6,MILP,0.942,True,0.0,True,,29,778.9272613172669,75.9098617133366,1,83.72120717088859,Optimal,True,Optimal,heuristic,0.1128831829992123
9,18,13,35,0.6,Dijkstra,0.942,True,0.0,True,,29,778.9272613172669,75.9098617133366,1,83.72120717088859,Optimal,True,Optimal,heuristic,0.00036469999758992344
9,18,13,35,0.7,ILP,0.964,True,0.0,True,True,18,343.7342448597628,56.932396285002454,1,83.72120717088859,Optimal,True,Optimal,heuristic,0.16759911899862345
9,18,13,35,0.7,MILP,0.964,True,0.0,True,,18,343.7342448597628,56.932396285002454,1,83.72120717088859,Optimal,True,Optimal,heuristic,0.11373408100189408
9,18,13,35,0.7,Dijkstra,0.964,True,0.0,True,,18,343.7342448597628,56.932396285002454,1,83.72120717088859,Optimal,True,Optimal,heuristic,0.0003472359967418015
9,18,13,35,0.8,ILP,0.984,True,0.0,True,True,8,94.73982479477056,37.95493085666831,1,83.72120717088859,Optimal,True,Optimal,heuristic,0.11335154799598968
9,18,13,35,0.8,MILP,0.984,True,0.0,True,,8,94.73982479477056,37.95493085666831,1,83.72120717088859,Optimal,True,Optimal,heuristic,0.10298806399805471
9,18,13,35,0.8,Dijkstra,0.984,True,0.0,True,,8,94.73982479477056,37.95493085666831,1,83.72120717088859,Optimal,True,Optimal,heuristic,0.0003296060021966696
9,18,13,35,0.9,ILP,0.996,True,0.0,True,True,2,20.545449946248397,18.977465428334142,1,83.72120717088859,Optimal,True,Optimal,heuristic,0.10355101000459399
9,18,13,35,0.9,MILP,0.996,True,0.0,True,,2,20.545449946248397,18.977465428334142,1,83.72120717088859,Optimal,True,Optimal,heuristic,0.10423824199824594
9,18,13,35,0.9,Dijkstra,0.996,True,0.0,True,,2,20.545449946248397,18.977465428334142,1,83.72120717088859,Optimal,True,Optimal,heuristic,0.0003131460034637712
9,19,11,24,0.5,ILP,0.938,True,0.0,True,True,31,585.8045258683977,66.39349868914076,1,45.91956940856979,Optimal,True,Optimal,heuristic,0.23741117299505277
9,19,11,24,0.5,MILP,0.938,True,0.0,True,,31,585.8045258683977,66.39349868914076,1,45.91956940856979,Optimal,True,Optimal,heuristic,0.11427786699641729
9,19,11,24,0.5,Dijkstra,0.938,True,0.0,True,,31,585.8045258683977,66.39349868914076,1,45.91956940856979,Optimal,True,Optimal,heuristic,0.0003297560033388436
9,19,11,24,0.6,ILP,0.968,True,0.0,True,True,16,267.07655386874563,53.11479895131261,1,45.91956940856979,Optimal,True,Optimal,heuristic,0.18577518799429527
9,19,11,24,0.6,MILP,0.968,True,0.0,True,,16,267.07655386874563,53.11479895131261,1,45.91956940856979,Optimal,True,Optimal,heuristic,0.11874597100540996
9,19,11,24,0.6,Dijkstra,0.968,True,0.0,True,,16,267.07655386874563,53.11479895131261,1,45.91956940856979,Optimal,True,Optimal,heuristic,0.00035951099562225863
9,19,11,24,0.7,ILP,0.98,True,0.0,True,True,10,104.94224235329548,39.83609921348446,1,45.91956940856979,Optimal,True,Optimal,heuristic,0.16199074700125493
9,19,11,24,0.7,MILP,0.98,True,0.0,True,,10,104.94224235329548,39.83609921348446,1,45.91956940856979,Optimal,True,Optimal,heuristic,0.12220647100184578
9,19,11,24,0.7,Dijkstra,0.98,True,0.0,True,,10,104.94224235329548,39.83609921348446,1,45.91956940856979,Optimal,True,Optimal,heuristic,0.0003462290042079985
9,19,11,24,0.8,ILP,0.994,True,0.0,True,True,3,40.12851728852759,26.557399475656283,1,45.91956940856979,Optimal,True,Optimal,heuristic,0.12144908799382392
9,19,11,24,0.8,MILP,0.994,True,0.0,True,,3,40.12851728852759,26.557399475656283,1,45.91956940856979,Optimal,True,Optimal,heuristic,0.12012333000166109
9,19,11,24,0.8,Dijkstra,0.994,True,0.0,True,,3,40.12851728852759,26.557399475656283,1,45.91956940856979,Optimal,True,Optimal,heuristic,0.0003397070031496696
9,19,11,24,0.9,ILP,0.998,True,0.0,True,True,1,13.278699737828134,13.278699737828134,1,45.91956940856979,Optimal,True,Optimal,heuristic,0.11791536300006555
9,19,11,24,0.9,MILP,0.998,True,0.0,True,,1,13.278699737828134,13.278699737828134,1,45.91956940856979,Optimal,True,Optimal,heuristic,0.11859646099765087
9,19,11,24,0.9,Dijkstra,0.998,True,0.0,True,,1,13.278699737828134,13.278699737828134,1,45.91956940856979,Optimal,True,Optimal,heuristic,0.0003425780014367774
