repeat,od_idx,origin,dest,alpha,method,punctuality_prob,correct,objective_gap,tie_aware_correct,late_count,delay_sum,max_delay,path_length,mean_time,status,reference_available,reference_status,deadline_mode,solve_time
0,0,145,507,0.5,ILP,0.99,True,0.0,True,5,29.72760432155129,10.94504622535483,134,10.510991726809884,Optimal,True,Optimal,heuristic,18.647751427999992
0,0,145,507,0.5,MILP,0.984,False,0.006000000000000005,False,8,27.40572302184126,10.99033483815682,109,10.30897976012369,Optimal,True,Optimal,heuristic,14.391553362000195
0,0,145,507,0.5,Dijkstra,0.976,False,0.014000000000000012,False,12,69.51175434539881,29.081858303491416,104,10.306883558988845,Optimal,True,Optimal,heuristic,0.002808349000133603
0,0,145,507,0.6,ILP,0.994,True,0.0,True,3,16.68092305221828,8.801325593085853,109,10.30897976012369,Optimal,True,Optimal,heuristic,13.014513373999762
0,0,145,507,0.6,MILP,0.994,True,0.0,True,3,16.68092305221828,8.801325593085853,109,10.30897976012369,Optimal,True,Optimal,heuristic,5.027665591999721
0,0,145,507,0.6,Dijkstra,0.984,False,0.010000000000000009,False,8,47.15965201911666,26.89284905842045,104,10.306883558988845,Optimal,True,Optimal,heuristic,0.0036650300003202574
0,0,145,507,0.7,ILP,0.996,True,0.0,True,2,10.227463591277168,6.61231634801489,109,10.30897976012369,Optimal,True,Optimal,heuristic,5.662755581000056
0,0,145,507,0.7,MILP,0.996,True,0.0,True,2,10.227463591277168,6.61231634801489,109,10.30897976012369,Optimal,True,Optimal,heuristic,7.054221119999966
0,0,145,507,0.7,Dijkstra,0.994,False,0.0020000000000000018,False,3,34.61692083331337,24.703839813349486,104,10.306883558988845,Optimal,True,Optimal,heuristic,0.003904022999904555
0,0,145,507,0.8,ILP,0.996,True,0.0,True,2,7.179142702069328,4.378018490141933,134,10.510991726809884,Optimal,True,Optimal,heuristic,4.304864952000116
0,0,145,507,0.8,MILP,0.996,False,0.0,True,2,5.849445101135235,4.423307102943923,109,10.308979760123691,Optimal,True,Optimal,heuristic,5.649692516999949
0,0,145,507,0.8,Dijkstra,0.994,False,0.0020000000000000018,False,3,28.049893098100476,22.51483056827852,104,10.306883558988845,Optimal,True,Optimal,heuristic,0.00775953499987736
0,0,145,507,0.9,ILP,0.998,True,0.0,True,1,2.2342978578729564,2.2342978578729564,109,10.30897976012369,Optimal,True,Optimal,heuristic,4.648198730000331
0,0,145,507,0.9,MILP,0.998,False,0.0,True,1,2.2342978578729564,2.2342978578729564,109,10.30897976012369,Optimal,True,Optimal,heuristic,5.05528896199985
0,0,145,507,0.9,Dijkstra,0.996,False,0.0020000000000000018,False,2,22.443128770725956,20.325821323207553,104,10.306883558988845,Optimal,True,Optimal,heuristic,0.00471430000015971
0,1,444,33,0.5,ILP,0.954,True,0.0,True,23,101.6599781330776,51.99305017242385,34,4.855134480277447,Optimal,True,Optimal,heuristic,23.376957574000244
0,1,444,33,0.5,MILP,0.942,False,0.01200000000000001,False,29,39.648973423715184,5.32522442635141,34,6.343949863268419,Optimal,True,Optimal,heuristic,15.922055356000328
0,1,444,33,0.5,Dijkstra,0.954,True,0.0,True,23,101.6599781330776,51.99305017242385,34,4.855134480277447,Optimal,True,Optimal,heuristic,0.005034537000028649
0,1,444,33,0.6,ILP,0.976,True,0.0,True,12,18.79773137907372,4.2743016966360745,34,6.343949863268419,Optimal,True,Optimal,heuristic,23.098769575000006
0,1,444,33,0.6,MILP,0.976,True,0.0,True,12,18.79773137907372,4.2743016966360745,34,6.343949863268419,Optimal,True,Optimal,heuristic,15.397306477999791
0,1,444,33,0.6,Dijkstra,0.966,False,0.010000000000000009,False,17,81.27769876458737,50.94212744270851,34,4.855134480277447,Optimal,True,Optimal,heuristic,0.0033792419999372214
0,1,444,33,0.7,ILP,0.984,True,0.0,True,8,9.29467618608375,3.2699116210451127,36,6.3895379042480505,Optimal,True,Optimal,heuristic,21.203987951999807
0,1,444,33,0.7,MILP,0.984,False,0.0,True,8,8.229573300536845,3.1527681891460055,41,6.339531123195162,Optimal,True,Optimal,heuristic,13.021804340000017
0,1,444,33,0.7,Dijkstra,0.982,False,0.0020000000000000018,False,9,67.21213045980859,49.89120471299317,34,4.855134480277447,Optimal,True,Optimal,heuristic,0.002777137000066432
0,1,444,33,0.8,ILP,0.994,True,0.0,True,3,4.149820027980164,2.2402781141826296,38,6.420236348829144,Optimal,True,Optimal,heuristic,16.13962497600005
0,1,444,33,0.8,MILP,0.994,False,0.0,True,3,3.3813368078808743,2.1018454594306704,41,6.339531123195162,Optimal,True,Optimal,heuristic,8.364482187999783
0,1,444,33,0.8,Dijkstra,0.99,False,0.0040000000000000036,False,5,59.50577989825882,48.84028198327784,34,4.855134480277447,Optimal,True,Optimal,heuristic,0.0033607840000513534
0,1,444,33,0.9,ILP,0.998,True,0.0,True,1,1.0509227297153352,1.0509227297153352,41,6.339531123195162,Optimal,True,Optimal,heuristic,22.02894427299998
0,1,444,33,0.9,MILP,0.998,True,0.0,True,1,1.0509227297153352,1.0509227297153352,41,6.339531123195162,Optimal,True,Optimal,heuristic,9.789098145000025
0,1,444,33,0.9,Dijkstra,0.992,False,0.006000000000000005,False,4,54.678426476558506,47.78935925356251,34,4.855134480277447,Optimal,True,Optimal,heuristic,0.002359413000249333
0,2,143,467,0.5,ILP,0.972,True,0.0,True,14,10.961613193849868,2.1251845664665456,50,3.822391495832617,Optimal,True,Optimal,heuristic,20.847182042999975
0,2,143,467,0.5,MILP,0.972,False,0.0,True,14,10.961613193849868,2.1251845664665447,50,3.822391495832617,Optimal,True,Optimal,heuristic,3.5496673090001423
0,2,143,467,0.5,Dijkstra,0.972,True,0.0,True,14,10.961613193849868,2.1251845664665456,50,3.822391495832617,Optimal,True,Optimal,heuristic,0.0033956719998968765
0,2,143,467,0.6,ILP,0.988,True,0.0,True,6,6.6506229076940615,1.7001476531732376,50,3.822391495832617,Optimal,True,Optimal,heuristic,23.970962553999925
0,2,143,467,0.6,MILP,0.988,False,0.0,True,6,6.650622907694065,1.7001476531732385,50,3.822391495832617,Optimal,True,Optimal,heuristic,3.6982836499996665
0,2,143,467,0.6,Dijkstra,0.988,True,0.0,True,6,6.6506229076940615,1.7001476531732376,50,3.822391495832617,Optimal,True,Optimal,heuristic,0.005765445999713847
0,2,143,467,0.7,ILP,0.99,True,0.0,True,5,4.32043096854856,1.355336275487275,54,3.8650636713413604,Optimal,True,Optimal,heuristic,18.653125707999607
0,2,143,467,0.7,MILP,0.99,False,0.0,True,5,4.257275807542433,1.2751107398799277,50,3.822391495832617,Optimal,True,Optimal,heuristic,4.891554656999688
0,2,143,467,0.7,Dijkstra,0.99,False,0.0,True,5,4.257275807542433,1.2751107398799277,50,3.822391495832617,Optimal,True,Optimal,heuristic,0.003809579000062513
0,2,143,467,0.8,ILP,0.994,True,0.0,True,3,3.0675892293288465,1.1246551158778466,58,4.019070432355939,Optimal,True,Optimal,heuristic,20.29364690200009
0,2,143,467,0.8,MILP,0.992,False,0.0020000000000000018,False,4,2.554221487959915,0.8500738265866179,50,3.822391495832617,Optimal,True,Optimal,heuristic,7.122550165000121
0,2,143,467,0.8,Dijkstra,0.992,False,0.0020000000000000018,False,4,2.554221487959915,0.8500738265866179,50,3.822391495832617,Optimal,True,Optimal,heuristic,0.002869368000119721
0,2,143,467,0.9,ILP,0.994,True,0.0,True,3,1.182155936559682,0.42503691329330984,50,3.822391495832617,Optimal,True,Optimal,heuristic,17.265086448000147
0,2,143,467,0.9,MILP,0.994,False,0.0,True,3,1.182155936559682,0.42503691329330984,50,3.822391495832617,Optimal,True,Optimal,heuristic,8.720046643999922
0,2,143,467,0.9,Dijkstra,0.994,False,0.0,True,3,1.182155936559682,0.42503691329330984,50,3.822391495832617,Optimal,True,Optimal,heuristic,0.0030753860000913846
0,3,204,148,0.5,ILP,0.804,True,0.0,True,98,88.21430063053529,3.3770210573512465,45,7.54711901528345,Optimal,True,Optimal,heuristic,61.28123883099988
0,3,204,148,0.5,MILP,0.804,True,0.0,True,98,88.21430063053529,3.3770210573512465,45,7.54711901528345,Optimal,True,Optimal,heuristic,2.866272887999912
0,3,204,148,0.5,Dijkstra,0.804,True,0.0,True,98,88.21430063053529,3.3770210573512465,45,7.54711901528345,Optimal,True,Optimal,heuristic,0.011420913000165456
0,3,204,148,0.6,ILP,0.894,True,0.0,True,53,38.3302037690284,2.7016168458809986,45,7.54711901528345,Optimal,True,Optimal,heuristic,39.09270094700014
0,3,204,148,0.6,MILP,0.894,True,0.0,True,53,38.3302037690284,2.7016168458809986,45,7.54711901528345,Optimal,True,Optimal,heuristic,2.8187865049999346
0,3,204,148,0.6,Dijkstra,0.894,True,0.0,True,53,38.3302037690284,2.7016168458809986,45,7.54711901528345,Optimal,True,Optimal,heuristic,0.0034367220000603993
0,3,204,148,0.7,ILP,0.958,True,0.0,True,21,16.229211115253097,2.026212634410749,45,7.54711901528345,Optimal,True,Optimal,heuristic,22.953572971000085
0,3,204,148,0.7,MILP,0.958,True,0.0,True,21,16.229211115253097,2.026212634410749,45,7.54711901528345,Optimal,True,Optimal,heuristic,2.7930210250001437
0,3,204,148,0.7,Dijkstra,0.958,True,0.0,True,21,16.229211115253097,2.026212634410749,45,7.54711901528345,Optimal,True,Optimal,heuristic,0.0030278330000328424
0,3,204,148,0.8,ILP,0.982,True,0.0,True,9,5.994959068121949,1.3508084229404993,45,7.54711901528345,Optimal,True,Optimal,heuristic,21.047871446000045
0,3,204,148,0.8,MILP,0.982,True,0.0,True,9,5.994959068121949,1.3508084229404993,45,7.54711901528345,Optimal,True,Optimal,heuristic,2.8029781349996483
0,3,204,148,0.8,Dijkstra,0.982,True,0.0,True,9,5.994959068121949,1.3508084229404993,45,7.54711901528345,Optimal,True,Optimal,heuristic,0.003192898999714089
0,3,204,148,0.9,ILP,0.992,True,0.0,True,4,1.2094378554360201,0.6754042114702496,45,7.54711901528345,Optimal,True,Optimal,heuristic,14.096192828999847
0,3,204,148,0.9,MILP,0.992,True,0.0,True,4,1.2094378554360201,0.6754042114702496,45,7.54711901528345,Optimal,True,Optimal,heuristic,2.797926510000252
0,3,204,148,0.9,Dijkstra,0.992,True,0.0,True,4,1.2094378554360201,0.6754042114702496,45,7.54711901528345,Optimal,True,Optimal,heuristic,0.003641712999979063
0,4,377,86,0.5,ILP,0.96,True,0.0,True,20,42.384905532004694,7.902317255410292,31,5.370880432260632,Optimal,True,Optimal,heuristic,26.000571668000248
0,4,377,86,0.5,MILP,0.96,False,0.0,True,20,42.384905532004744,7.902317255410292,30,5.3708804322606305,Optimal,True,Optimal,heuristic,19.317363144999945
0,4,377,86,0.5,Dijkstra,0.96,True,0.0,True,20,42.384905532004694,7.902317255410292,31,5.370880432260632,Optimal,True,Optimal,heuristic,0.007139209999877494
0,4,377,86,0.6,ILP,0.976,True,0.0,True,12,24.17630057573784,6.753964959971,33,5.4034243254095475,Optimal,True,Optimal,heuristic,13.793326840999725
0,4,377,86,0.6,MILP,0.964,False,0.01200000000000001,False,18,23.164305528047574,4.689888568610787,10,6.10968236828204,Optimal,True,Optimal,heuristic,16.23343697600012
0,4,377,86,0.6,Dijkstra,0.976,False,0.0,True,12,23.814610751978726,6.729845113257596,31,5.370880432260632,Optimal,True,Optimal,heuristic,0.004083916000126919
0,4,377,86,0.7,ILP,0.984,True,0.0,True,8,8.577102938365812,3.517416426458091,10,6.109682368282042,Optimal,True,Optimal,heuristic,25.386376847000065
0,4,377,86,0.7,MILP,0.984,False,0.0,True,8,8.577102938365808,3.517416426458091,10,6.10968236828204,Optimal,True,Optimal,heuristic,10.307725606000531
0,4,377,86,0.7,Dijkstra,0.982,False,0.0020000000000000018,False,9,12.271026519133361,5.5573729711049005,31,5.370880432260632,Optimal,True,Optimal,heuristic,0.0025938429998859647
0,4,377,86,0.8,ILP,0.994,True,0.0,True,3,4.36815460533589,3.6616051377694827,88,7.83112642965531,Optimal,True,Optimal,heuristic,8.42951903500034
0,4,377,86,0.8,MILP,0.994,False,0.0,True,3,3.4681366636600863,2.3449442843053916,10,6.10968236828204,Optimal,True,Optimal,heuristic,8.63528110200059
0,4,377,86,0.8,Dijkstra,0.994,False,0.0,True,3,5.181646984509436,4.384900828952201,31,5.370880432260632,Optimal,True,Optimal,heuristic,0.002574490000370133
0,4,377,86,0.9,ILP,0.998,True,0.0,True,1,1.1724721421526958,1.1724721421526958,10,6.10968236828204,Optimal,True,Optimal,heuristic,9.461892575000093
0,4,377,86,0.9,MILP,0.998,True,0.0,True,1,1.1724721421526958,1.1724721421526958,10,6.10968236828204,Optimal,True,Optimal,heuristic,12.532088779000333
0,4,377,86,0.9,Dijkstra,0.998,False,0.0,True,1,3.2124286867995053,3.2124286867995053,31,5.370880432260632,Optimal,True,Optimal,heuristic,0.002947794999272446
0,5,478,513,0.5,ILP,0.998,True,0.0,True,1,2.2661492613321017,2.2661492613321017,26,1.1240117435350208,Optimal,True,Optimal,heuristic,3.400971669999308
0,5,478,513,0.5,MILP,0.998,False,0.0,True,1,2.266149261332101,2.266149261332101,25,1.1240117435350199,Optimal,True,Optimal,heuristic,3.4706356329998016
0,5,478,513,0.5,Dijkstra,0.998,True,0.0,True,1,2.2661492613321017,2.2661492613321017,26,1.1240117435350208,Optimal,True,Optimal,heuristic,0.002393061000475427
0,5,478,513,0.6,ILP,0.998,True,0.0,True,1,1.8129194090656813,1.8129194090656813,26,1.1240117435350208,Optimal,True,Optimal,heuristic,3.356126816000142
0,5,478,513,0.6,MILP,0.998,True,0.0,True,1,1.8129194090656813,1.8129194090656813,26,1.1240117435350208,Optimal,True,Optimal,heuristic,3.0057650079997984
0,5,478,513,0.6,Dijkstra,0.998,True,0.0,True,1,1.8129194090656813,1.8129194090656813,26,1.1240117435350208,Optimal,True,Optimal,heuristic,0.0035705420004887856
0,5,478,513,0.7,ILP,0.998,True,0.0,True,1,1.3596895567992608,1.3596895567992608,26,1.1240117435350208,Optimal,True,Optimal,heuristic,3.4064721079994342
0,5,478,513,0.7,MILP,0.998,True,0.0,True,1,1.3596895567992608,1.3596895567992608,26,1.1240117435350208,Optimal,True,Optimal,heuristic,2.98011828899962
0,5,478,513,0.7,Dijkstra,0.998,True,0.0,True,1,1.3596895567992608,1.3596895567992608,26,1.1240117435350208,Optimal,True,Optimal,heuristic,0.002365530999668408
0,5,478,513,0.8,ILP,0.998,True,0.0,True,1,0.90645970453284,0.90645970453284,26,1.1240117435350208,Optimal,True,Optimal,heuristic,3.663250782000432
0,5,478,513,0.8,MILP,0.998,False,0.0,True,1,0.9064597045328382,0.9064597045328382,25,1.124011743535023,Optimal,True,Optimal,heuristic,2.979022411999722
0,5,478,513,0.8,Dijkstra,0.998,True,0.0,True,1,0.90645970453284,0.90645970453284,26,1.1240117435350208,Optimal,True,Optimal,heuristic,0.003856784999697993
0,5,478,513,0.9,ILP,0.998,True,0.0,True,1,0.45322985226642043,0.45322985226642043,26,1.1240117435350208,Optimal,True,Optimal,heuristic,3.5920677140002226
0,5,478,513,0.9,MILP,0.998,True,0.0,True,1,0.45322985226642043,0.45322985226642043,26,1.1240117435350208,Optimal,True,Optimal,heuristic,3.1528516810003566
0,5,478,513,0.9,Dijkstra,0.998,True,0.0,True,1,0.45322985226642043,0.45322985226642043,26,1.1240117435350208,Optimal,True,Optimal,heuristic,0.002881060000618163
0,6,37,166,0.5,ILP,0.992,True,0.0,True,4,26.5143383213812,11.055192451714946,70,6.630487463966244,Optimal,True,Optimal,heuristic,6.315576215999499
0,6,37,166,0.5,MILP,0.992,True,0.0,True,4,26.5143383213812,11.055192451714946,70,6.630487463966244,Optimal,True,Optimal,heuristic,5.513251391000267
0,6,37,166,0.5,Dijkstra,0.98,False,0.01200000000000001,False,10,60.62410090180214,30.277091071940717,65,6.628391262831401,Optimal,True,Optimal,heuristic,0.0038336970001182635
0,6,37,166,0.6,ILP,0.992,True,0.0,True,4,17.670184360009248,8.844153961371958,70,6.630487463966244,Optimal,True,Optimal,heuristic,12.215856714999973
0,6,37,166,0.6,MILP,0.992,True,0.0,True,4,17.670184360009248,8.844153961371958,70,6.630487463966244,Optimal,True,Optimal,heuristic,5.34399553700041
0,6,37,166,0.6,Dijkstra,0.986,False,0.006000000000000005,False,7,41.615853593664944,28.066052581597727,65,6.628391262831401,Optimal,True,Optimal,heuristic,0.002897067999583669
0,6,37,166,0.7,ILP,0.996,True,0.0,True,2,11.23045318119799,6.633115471028969,70,6.630487463966244,Optimal,True,Optimal,heuristic,4.590722588000062
0,6,37,166,0.7,MILP,0.996,True,0.0,True,2,11.23045318119799,6.633115471028969,70,6.630487463966244,Optimal,True,Optimal,heuristic,3.808622614000342
0,6,37,166,0.7,Dijkstra,0.994,False,0.0020000000000000018,False,3,31.160850233388647,25.855014091254738,65,6.628391262831401,Optimal,True,Optimal,heuristic,0.03728536900052859
0,6,37,166,0.8,ILP,0.996,True,0.0,True,2,6.808376200512011,4.422076980685979,70,6.630487463966244,Optimal,True,Optimal,heuristic,5.786857959999907
0,6,37,166,0.8,MILP,0.996,True,0.0,True,2,6.808376200512011,4.422076980685979,70,6.630487463966244,Optimal,True,Optimal,heuristic,4.731973427000412
0,6,37,166,0.8,Dijkstra,0.996,False,0.0,True,2,26.469997221977955,23.643975600911748,65,6.628391262831401,Optimal,True,Optimal,heuristic,0.002917861000241828
0,6,37,166,0.9,ILP,0.996,True,0.0,True,2,2.386299219826032,2.2110384903429896,70,6.630487463966244,Optimal,True,Optimal,heuristic,22.63726011699964
0,6,37,166,0.9,MILP,0.996,True,0.0,True,2,2.386299219826032,2.2110384903429896,70,6.630487463966244,Optimal,True,Optimal,heuristic,4.186010602000351
0,6,37,166,0.9,Dijkstra,0.996,False,0.0,True,2,22.047920241291976,21.43293711056876,65,6.628391262831401,Optimal,True,Optimal,heuristic,0.003680996999719355
0,7,362,294,0.5,ILP,0.988,True,0.0,True,6,9.689768617569307,4.926082357941007,39,2.2074384442151858,Optimal,True,Optimal,heuristic,13.290899505000198
0,7,362,294,0.5,MILP,0.968,False,0.020000000000000018,False,16,7.685772319330871,1.8849104307836377,58,4.131320730737601,Optimal,True,Optimal,heuristic,10.515451434999704
0,7,362,294,0.5,Dijkstra,0.988,True,0.0,True,6,9.689768617569307,4.926082357941007,39,2.2074384442151858,Optimal,True,Optimal,heuristic,0.003981199999543605
0,7,362,294,0.6,ILP,0.99,True,0.0,True,5,7.497988268297012,4.54910027178428,39,2.2074384442151858,Optimal,True,Optimal,heuristic,18.367681808999805
0,7,362,294,0.6,MILP,0.988,False,0.0020000000000000018,False,6,4.050680744641348,1.5079283446269107,58,4.131320730737601,Optimal,True,Optimal,heuristic,7.20290760700027
0,7,362,294,0.6,Dijkstra,0.99,True,0.0,True,5,7.497988268297012,4.54910027178428,39,2.2074384442151858,Optimal,True,Optimal,heuristic,0.0030436220004048664
0,7,362,294,0.7,ILP,0.992,True,0.0,True,4,2.0480073456860346,1.1309462584701828,58,4.131320730737601,Optimal,True,Optimal,heuristic,17.849369972000204
0,7,362,294,0.7,MILP,0.992,True,0.0,True,4,2.0480073456860346,1.1309462584701828,58,4.131320730737601,Optimal,True,Optimal,heuristic,4.37664689399935
0,7,362,294,0.7,Dijkstra,0.992,False,0.0,True,4,5.927950505650158,4.172118185627552,39,2.2074384442151858,Optimal,True,Optimal,heuristic,0.002608169999803067
0,7,362,294,0.8,ILP,0.996,True,0.0,True,2,1.2289965278515558,0.8319385859222619,60,4.232821636364512,Optimal,True,Optimal,heuristic,5.954627293000158
0,7,362,294,0.8,MILP,0.996,False,0.0,True,2,0.9325519715077428,0.7539641723134549,58,4.131320730737601,Optimal,True,Optimal,heuristic,6.356515546999617
0,7,362,294,0.8,Dijkstra,0.992,False,0.0040000000000000036,False,4,4.420022161023247,3.795136099470824,39,2.2074384442151858,Optimal,True,Optimal,heuristic,0.0029186889996708487
0,7,362,294,0.9,ILP,0.998,True,0.0,True,1,0.376982086156727,0.376982086156727,58,4.131320730737601,Optimal,True,Optimal,heuristic,3.972062828000162
0,7,362,294,0.9,MILP,0.998,True,0.0,True,1,0.376982086156727,0.376982086156727,58,4.131320730737601,Optimal,True,Optimal,heuristic,7.594753835999654
0,7,362,294,0.9,Dijkstra,0.996,False,0.0020000000000000018,False,2,3.5555587854960766,3.418154013314096,39,2.2074384442151858,Optimal,True,Optimal,heuristic,0.0024966129994936637
0,8,195,60,0.5,ILP,0.966,True,0.0,True,17,31.966749170159957,5.342049982406881,85,6.917944274720863,Optimal,True,Optimal,heuristic,59.6350989550001
0,8,195,60,0.5,MILP,0.966,True,0.0,True,17,31.966749170159957,5.342049982406881,85,6.917944274720863,Optimal,True,Optimal,heuristic,14.131271442999605
0,8,195,60,0.5,Dijkstra,0.966,True,0.0,True,17,31.966749170159957,5.342049982406881,85,6.917944274720863,Optimal,True,Optimal,heuristic,0.004562496000289684
0,8,195,60,0.6,ILP,0.978,True,0.0,True,11,19.238346352236007,4.390387300144358,85,6.917944274720863,Optimal,True,Optimal,heuristic,25.338418510999873
0,8,195,60,0.6,MILP,0.976,False,0.0020000000000000018,False,12,18.78644442508612,3.806650729050098,134,8.454584921902388,Optimal,True,Optimal,heuristic,12.863777962000313
0,8,195,60,0.6,Dijkstra,0.978,True,0.0,True,11,19.238346352236007,4.390387300144358,85,6.917944274720863,Optimal,True,Optimal,heuristic,0.0039595469997948385
0,8,195,60,0.7,ILP,0.986,True,0.0,True,7,9.415295236080446,2.8549880467875735,134,8.454584921902388,Optimal,True,Optimal,heuristic,23.979165018999993
0,8,195,60,0.7,MILP,0.986,True,0.0,True,7,9.415295236080446,2.8549880467875735,134,8.454584921902388,Optimal,True,Optimal,heuristic,15.049846672000058
0,8,195,60,0.7,Dijkstra,0.986,False,0.0,True,7,10.235194860910857,3.4387246178818334,85,6.917944274720863,Optimal,True,Optimal,heuristic,0.0036258869995435816
0,8,195,60,0.8,ILP,0.992,True,0.0,True,4,5.109639109973342,2.487061935619309,85,6.917944274720863,Optimal,True,Optimal,heuristic,25.11644635799985
0,8,195,60,0.8,MILP,0.992,False,0.0,True,4,4.411489146140269,1.903325364525049,134,8.454584921902388,Optimal,True,Optimal,heuristic,10.060590318999857
0,8,195,60,0.8,Dijkstra,0.992,True,0.0,True,4,5.109639109973342,2.487061935619309,85,6.917944274720863,Optimal,True,Optimal,heuristic,0.004929159999846888
0,8,195,60,0.9,ILP,0.996,True,0.0,True,2,2.5243053815181966,1.5353992533567862,85,6.917944274720863,Optimal,True,Optimal,heuristic,31.672315626000454
0,8,195,60,0.9,MILP,0.996,False,0.0,True,2,1.8899441345835317,0.9516626822625263,134,8.454584921902388,Optimal,True,Optimal,heuristic,14.537265379000019
0,8,195,60,0.9,Dijkstra,0.996,True,0.0,True,2,2.5243053815181966,1.5353992533567862,85,6.917944274720863,Optimal,True,Optimal,heuristic,0.0033232400000997586
0,9,510,438,0.5,ILP,0.92,True,0.0,True,40,12.326878150371202,1.2009398289386328,45,2.793700362897624,Optimal,True,Optimal,heuristic,30.817570938000244
0,9,510,438,0.5,MILP,0.92,True,0.0,True,40,12.326878150371202,1.2009398289386328,45,2.793700362897624,Optimal,True,Optimal,heuristic,4.1975914829999965
0,9,510,438,0.5,Dijkstra,0.92,True,0.0,True,40,12.326878150371202,1.2009398289386328,45,2.793700362897624,Optimal,True,Optimal,heuristic,0.0032597950003037113
0,9,510,438,0.6,ILP,0.97,True,0.0,True,15,5.808348052823556,0.9670329648683182,45,2.793700362897624,Optimal,True,Optimal,heuristic,29.179131175999828
0,9,510,438,0.6,MILP,0.97,True,0.0,True,15,5.808348052823556,0.9670329648683182,45,2.793700362897624,Optimal,True,Optimal,heuristic,4.072216844999275
0,9,510,438,0.6,Dijkstra,0.97,True,0.0,True,15,5.808348052823556,0.9670329648683182,45,2.793700362897624,Optimal,True,Optimal,heuristic,0.0049388340003133635
0,9,510,438,0.7,ILP,0.986,True,0.0,True,7,3.3474371462681765,0.7331261007980037,45,2.793700362897624,Optimal,True,Optimal,heuristic,22.38938085999962
0,9,510,438,0.7,MILP,0.978,False,0.008000000000000007,False,11,2.7320663368714024,0.7017205922109437,50,2.815289945565738,Optimal,True,Optimal,heuristic,3.8131124980000095
0,9,510,438,0.7,Dijkstra,0.986,True,0.0,True,7,3.3474371462681765,0.7331261007980037,45,2.793700362897624,Optimal,True,Optimal,heuristic,0.0027833240001200465
0,9,510,438,0.8,ILP,0.99,True,0.0,True,5,1.255015967624309,0.46781372814062916,50,2.815289945565738,Optimal,True,Optimal,heuristic,14.973728903999472
0,9,510,438,0.8,MILP,0.99,True,0.0,True,5,1.255015967624309,0.46781372814062916,50,2.815289945565738,Optimal,True,Optimal,heuristic,3.54406029600068
0,9,510,438,0.8,Dijkstra,0.988,False,0.0020000000000000018,False,6,1.7696845145451219,0.4992192367276891,45,2.793700362897624,Optimal,True,Optimal,heuristic,0.003030814999874565
0,9,510,438,0.9,ILP,0.994,True,0.0,True,3,0.51220041079283,0.23390686407031414,50,2.815289945565738,Optimal,True,Optimal,heuristic,13.912236455999846
0,9,510,438,0.9,MILP,0.994,True,0.0,True,3,0.51220041079283,0.23390686407031414,50,2.815289945565738,Optimal,True,Optimal,heuristic,3.7473627019999185
0,9,510,438,0.9,Dijkstra,0.992,False,0.0020000000000000018,False,4,0.6183110199932722,0.26531237265737406,45,2.793700362897624,Optimal,True,Optimal,heuristic,0.004090139000254567
0,10,310,532,0.5,ILP,0.974,True,0.0,True,13,19.923925398620792,5.435092041101983,46,2.8281424853021124,Optimal,True,Optimal,heuristic,42.68979695300004
0,10,310,532,0.5,MILP,0.974,False,0.0,True,13,15.41127501896688,5.122364493636521,42,2.4639651626210615,Optimal,True,Optimal,heuristic,16.63647722799942
0,10,310,532,0.5,Dijkstra,0.974,False,0.0,True,13,15.411275018966894,5.122364493636523,42,2.4639651626210615,Optimal,True,Optimal,heuristic,0.002983739999763202
0,10,310,532,0.6,ILP,0.986,True,0.0,True,7,8.542397048171713,4.446243200413279,42,2.4639651626210615,Optimal,True,Optimal,heuristic,28.467836510999405
0,10,310,532,0.6,MILP,0.986,True,0.0,True,7,8.542397048171713,4.446243200413279,42,2.4639651626210615,Optimal,True,Optimal,heuristic,12.72659181400013
0,10,310,532,0.6,Dijkstra,0.986,True,0.0,True,7,8.542397048171713,4.446243200413279,42,2.4639651626210615,Optimal,True,Optimal,heuristic,0.002628821999678621
0,10,310,532,0.7,ILP,0.99,True,0.0,True,5,4.977290300720616,3.770121907190034,42,2.4639651626210615,Optimal,True,Optimal,heuristic,17.94468985200001
0,10,310,532,0.7,MILP,0.99,True,0.0,True,5,4.977290300720616,3.770121907190034,42,2.4639651626210615,Optimal,True,Optimal,heuristic,15.894590321000578
0,10,310,532,0.7,Dijkstra,0.99,True,0.0,True,5,4.977290300720616,3.770121907190034,42,2.4639651626210615,Optimal,True,Optimal,heuristic,0.01621551000062027
0,10,310,532,0.8,ILP,0.998,True,0.0,True,1,3.094000613966788,3.094000613966788,42,2.4639651626210615,Optimal,True,Optimal,heuristic,10.238951983000334
0,10,310,532,0.8,MILP,0.992,False,0.006000000000000005,False,4,3.0711021392433597,2.706654924006923,107,5.522935526220704,Optimal,True,Optimal,heuristic,11.047052558999894
0,10,310,532,0.8,Dijkstra,0.998,True,0.0,True,1,3.094000613966788,3.094000613966788,42,2.4639651626210615,Optimal,True,Optimal,heuristic,0.004440673999852152
0,10,310,532,0.9,ILP,0.998,True,0.0,True,1,2.030533630783678,2.030533630783678,107,5.522935526220704,Optimal,True,Optimal,heuristic,5.929163382999832
0,10,310,532,0.9,MILP,0.992,False,0.006000000000000005,False,4,0.9718158118587974,0.676121293223245,39,2.8669010484149218,Optimal,True,Optimal,heuristic,10.553897036999842
0,10,310,532,0.9,Dijkstra,0.998,False,0.0,True,1,2.417879320743543,2.417879320743543,42,2.4639651626210615,Optimal,True,Optimal,heuristic,0.003293857999778993
0,11,387,332,0.5,ILP,0.988,True,0.0,True,6,18.736450107536886,9.8434056858004,14,2.9255198856757687,Optimal,True,Optimal,heuristic,3.584913814999709
0,11,387,332,0.5,MILP,0.988,True,0.0,True,6,18.736450107536886,9.8434056858004,14,2.9255198856757687,Optimal,True,Optimal,heuristic,2.6824663769994004
0,11,387,332,0.5,Dijkstra,0.988,True,0.0,True,6,18.736450107536886,9.8434056858004,14,2.9255198856757687,Optimal,True,Optimal,heuristic,0.0022910480001883116
0,11,387,332,0.6,ILP,0.994,True,0.0,True,3,9.797679818464571,7.874724548640321,14,2.9255198856757687,Optimal,True,Optimal,heuristic,3.4872807889996693
0,11,387,332,0.6,MILP,0.994,True,0.0,True,3,9.797679818464571,7.874724548640321,14,2.9255198856757687,Optimal,True,Optimal,heuristic,3.020541499000501
0,11,387,332,0.6,Dijkstra,0.994,True,0.0,True,3,9.797679818464571,7.874724548640321,14,2.9255198856757687,Optimal,True,Optimal,heuristic,0.002420097000140231
0,11,387,332,0.7,ILP,0.998,True,0.0,True,1,5.9060434114802405,5.9060434114802405,14,2.9255198856757687,Optimal,True,Optimal,heuristic,3.2201824529993246
0,11,387,332,0.7,MILP,0.998,True,0.0,True,1,5.9060434114802405,5.9060434114802405,14,2.9255198856757687,Optimal,True,Optimal,heuristic,2.839053018999948
0,11,387,332,0.7,Dijkstra,0.998,True,0.0,True,1,5.9060434114802405,5.9060434114802405,14,2.9255198856757687,Optimal,True,Optimal,heuristic,0.00479268500021135
0,11,387,332,0.8,ILP,0.998,True,0.0,True,1,3.937362274320158,3.937362274320158,14,2.9255198856757687,Optimal,True,Optimal,heuristic,3.2622425319996182
0,11,387,332,0.8,MILP,0.998,True,0.0,True,1,3.937362274320158,3.937362274320158,14,2.9255198856757687,Optimal,True,Optimal,heuristic,2.6921404340000663
0,11,387,332,0.8,Dijkstra,0.998,True,0.0,True,1,3.937362274320158,3.937362274320158,14,2.9255198856757687,Optimal,True,Optimal,heuristic,0.002204506000452966
0,11,387,332,0.9,ILP,0.998,True,0.0,True,1,1.968681137160079,1.968681137160079,14,2.9255198856757687,Optimal,True,Optimal,heuristic,3.4812507789993106
0,11,387,332,0.9,MILP,0.998,True,0.0,True,1,1.968681137160079,1.968681137160079,14,2.9255198856757687,Optimal,True,Optimal,heuristic,2.856976361999841
0,11,387,332,0.9,Dijkstra,0.998,True,0.0,True,1,1.968681137160079,1.968681137160079,14,2.9255198856757687,Optimal,True,Optimal,heuristic,0.0037764310000056867
0,12,147,391,0.5,ILP,0.996,True,0.0,True,2,2.6132905912755007,1.8564528859621778,29,2.4410028663485184,Optimal,True,Optimal,heuristic,4.418978839000374
0,12,147,391,0.5,MILP,0.996,True,0.0,True,2,2.6132905912755007,1.8564528859621778,29,2.4410028663485184,Optimal,True,Optimal,heuristic,2.858949964000203
0,12,147,391,0.5,Dijkstra,0.996,True,0.0,True,2,2.6132905912755007,1.8564528859621778,29,2.4410028663485184,Optimal,True,Optimal,heuristic,0.004974388999471557
0,12,147,391,0.6,ILP,0.996,True,0.0,True,2,1.87070943689063,1.4851623087697425,29,2.4410028663485184,Optimal,True,Optimal,heuristic,4.577341885000351
0,12,147,391,0.6,MILP,0.996,True,0.0,True,2,1.87070943689063,1.4851623087697425,29,2.4410028663485184,Optimal,True,Optimal,heuristic,2.8831250900002487
0,12,147,391,0.6,Dijkstra,0.996,True,0.0,True,2,1.87070943689063,1.4851623087697425,29,2.4410028663485184,Optimal,True,Optimal,heuristic,0.003851525999380101
0,12,147,391,0.7,ILP,0.996,True,0.0,True,2,1.1281282825057586,1.1138717315773068,29,2.4410028663485184,Optimal,True,Optimal,heuristic,4.8475853429999916
0,12,147,391,0.7,MILP,0.996,True,0.0,True,2,1.1281282825057586,1.1138717315773068,29,2.4410028663485184,Optimal,True,Optimal,heuristic,2.8785521800000424
0,12,147,391,0.7,Dijkstra,0.996,True,0.0,True,2,1.1281282825057586,1.1138717315773068,29,2.4410028663485184,Optimal,True,Optimal,heuristic,0.0024705700006961706
0,12,147,391,0.8,ILP,0.998,True,0.0,True,1,0.7425811543848715,0.7425811543848715,29,2.4410028663485184,Optimal,True,Optimal,heuristic,3.479267224999603
0,12,147,391,0.8,MILP,0.998,True,0.0,True,1,0.7425811543848715,0.7425811543848715,29,2.4410028663485184,Optimal,True,Optimal,heuristic,2.849541968000267
0,12,147,391,0.8,Dijkstra,0.998,True,0.0,True,1,0.7425811543848715,0.7425811543848715,29,2.4410028663485184,Optimal,True,Optimal,heuristic,0.0030405249999603257
0,12,147,391,0.9,ILP,0.998,True,0.0,True,1,0.3712905771924353,0.3712905771924353,29,2.4410028663485184,Optimal,True,Optimal,heuristic,3.490997052000239
0,12,147,391,0.9,MILP,0.998,True,0.0,True,1,0.3712905771924353,0.3712905771924353,29,2.4410028663485184,Optimal,True,Optimal,heuristic,2.8875048029995014
0,12,147,391,0.9,Dijkstra,0.998,True,0.0,True,1,0.3712905771924353,0.3712905771924353,29,2.4410028663485184,Optimal,True,Optimal,heuristic,0.002780528999210219
0,13,551,535,0.5,ILP,0.95,True,0.0,True,25,39.140277616228694,4.240114680351612,80,5.624882367781267,Optimal,True,Optimal,heuristic,45.81805510100003
0,13,551,535,0.5,MILP,0.95,False,0.0,True,25,39.1402776162287,4.240114680351612,80,5.624882367781267,Optimal,True,Optimal,heuristic,3.4499812750000274
0,13,551,535,0.5,Dijkstra,0.95,False,0.0,True,25,39.1402776162287,4.240114680351612,80,5.624882367781267,Optimal,True,Optimal,heuristic,0.0035631760001706425
0,13,551,535,0.6,ILP,0.968,True,0.0,True,16,22.224278792593054,3.3920917442812915,80,5.624882367781269,Optimal,True,Optimal,heuristic,40.141959478999524
0,13,551,535,0.6,MILP,0.968,False,0.0,True,16,22.224278792593033,3.3920917442812897,80,5.624882367781267,Optimal,True,Optimal,heuristic,3.0277574459996686
0,13,551,535,0.6,Dijkstra,0.968,False,0.0,True,16,22.224278792593033,3.3920917442812897,80,5.624882367781267,Optimal,True,Optimal,heuristic,0.004154752999966149
0,13,551,535,0.7,ILP,0.976,True,0.0,True,12,11.925961557173224,2.605095912901854,83,5.707084363242377,Optimal,True,Optimal,heuristic,61.066609843999686
0,13,551,535,0.7,MILP,0.976,False,0.0,True,12,10.872687837326596,2.544069367972323,79,5.624883671272837,Optimal,True,Optimal,heuristic,3.1983917299994573
0,13,551,535,0.7,Dijkstra,0.976,False,0.0,True,12,10.872678621992897,2.5440688082109677,80,5.624882367781267,Optimal,True,Optimal,heuristic,0.005832421999912185
0,13,551,535,0.8,ILP,0.994,True,0.0,True,3,3.4728176579623167,1.696045872140644,80,5.624882367781267,Optimal,True,Optimal,heuristic,10.646303290000105
0,13,551,535,0.8,MILP,0.994,True,0.0,True,3,3.4728176579623167,1.696045872140644,80,5.624882367781267,Optimal,True,Optimal,heuristic,3.0138691399997697
0,13,551,535,0.8,Dijkstra,0.994,True,0.0,True,3,3.4728176579623167,1.696045872140644,80,5.624882367781267,Optimal,True,Optimal,heuristic,0.006002240000270831
0,13,551,535,0.9,ILP,0.996,True,0.0,True,2,1.6918690576598792,0.848022936070322,80,5.624882367781267,Optimal,True,Optimal,heuristic,4.790952621000542
0,13,551,535,0.9,MILP,0.996,True,0.0,True,2,1.6918690576598792,0.848022936070322,80,5.624882367781267,Optimal,True,Optimal,heuristic,3.236526854000658
0,13,551,535,0.9,Dijkstra,0.996,True,0.0,True,2,1.6918690576598792,0.848022936070322,80,5.624882367781267,Optimal,True,Optimal,heuristic,0.004834316000597028
0,14,244,431,0.5,ILP,0.9339999999999999,True,0.0,True,33,44.71238384862691,5.165075921988484,103,11.417479897592,Optimal,True,Optimal,heuristic,34.74111581199941
0,14,244,431,0.5,MILP,0.9339999999999999,True,0.0,True,33,44.71238384862691,5.165075921988484,103,11.417479897592,Optimal,True,Optimal,heuristic,5.302557486000296
0,14,244,431,0.5,Dijkstra,0.9339999999999999,True,0.0,True,33,44.71238384862691,5.165075921988484,103,11.417479897592,Optimal,True,Optimal,heuristic,0.0037973220005369512
0,14,244,431,0.6,ILP,0.966,True,0.0,True,17,20.303298736691367,4.132060737590788,103,11.417479897592,Optimal,True,Optimal,heuristic,21.13473954300025
0,14,244,431,0.6,MILP,0.966,True,0.0,True,17,20.303298736691367,4.132060737590788,103,11.417479897592,Optimal,True,Optimal,heuristic,4.81315062000067
0,14,244,431,0.6,Dijkstra,0.966,True,0.0,True,17,20.303298736691367,4.132060737590788,103,11.417479897592,Optimal,True,Optimal,heuristic,0.004687010001362069
0,14,244,431,0.7,ILP,0.99,True,0.0,True,5,10.215797790940073,3.09904555319309,103,11.417479897592,Optimal,True,Optimal,heuristic,26.310318421001284
0,14,244,431,0.7,MILP,0.99,True,0.0,True,5,10.215797790940073,3.09904555319309,103,11.417479897592,Optimal,True,Optimal,heuristic,8.163498314001117
0,14,244,431,0.7,Dijkstra,0.99,True,0.0,True,5,10.215797790940073,3.09904555319309,103,11.417479897592,Optimal,True,Optimal,heuristic,0.004274403001545579
0,14,244,431,0.8,ILP,0.992,True,0.0,True,4,5.59868722854652,2.0660303687953956,103,11.417479897592,Optimal,True,Optimal,heuristic,23.189127596999242
0,14,244,431,0.8,MILP,0.992,True,0.0,True,4,5.59868722854652,2.0660303687953956,103,11.417479897592,Optimal,True,Optimal,heuristic,9.720632276001197
0,14,244,431,0.8,Dijkstra,0.992,True,0.0,True,4,5.59868722854652,2.0660303687953956,103,11.417479897592,Optimal,True,Optimal,heuristic,0.006157820000225911
0,14,244,431,0.9,ILP,0.994,True,0.0,True,3,2.0238161046248635,1.0625756677734834,105,11.46346824098269,Optimal,True,Optimal,heuristic,20.386397504998968
0,14,244,431,0.9,MILP,0.994,False,0.0,True,3,1.9561395263785961,1.0330151843976978,103,11.417479897592,Optimal,True,Optimal,heuristic,8.99839787900055
0,14,244,431,0.9,Dijkstra,0.994,False,0.0,True,3,1.9561395263785961,1.0330151843976978,103,11.417479897592,Optimal,True,Optimal,heuristic,0.0033452129991928814
0,15,185,499,0.5,ILP,0.998,True,0.0,True,1,44.57228175183822,44.57228175183822,35,6.075409674752515,Optimal,True,Optimal,heuristic,3.9592729120013246
0,15,185,499,0.5,MILP,0.984,False,0.014000000000000012,False,8,33.24795440073051,11.59360194268669,85,11.178507980097848,Optimal,True,Optimal,heuristic,21.177317493999
0,15,185,499,0.5,Dijkstra,0.998,False,0.0,True,1,44.49305469593531,44.49305469593531,31,5.958818466082937,Optimal,True,Optimal,heuristic,0.0036818140015384415
0,15,185,499,0.6,ILP,0.998,True,0.0,True,1,44.72500841986392,44.72500841986392,43,8.094106661369088,Optimal,True,Optimal,heuristic,3.894516090000252
0,15,185,499,0.6,MILP,0.992,False,0.006000000000000005,False,4,18.971129657853034,9.274881554149353,85,11.178507980097848,Optimal,True,Optimal,heuristic,13.0069660019999
0,15,185,499,0.6,Dijkstra,0.998,False,0.0,True,1,42.17433430739797,42.17433430739797,31,5.958818466082937,Optimal,True,Optimal,heuristic,0.0027632849996734876
0,15,185,499,0.7,ILP,0.998,True,0.0,True,1,45.599537314153466,45.599537314153466,69,10.492167032679859,Optimal,True,Optimal,heuristic,5.762431703000402
0,15,185,499,0.7,MILP,0.994,False,0.0040000000000000036,False,3,11.80474031049416,6.956161165612016,85,11.178507980097848,Optimal,True,Optimal,heuristic,11.133974139998827
0,15,185,499,0.7,Dijkstra,0.998,False,0.0,True,1,39.855613918860634,39.855613918860634,31,5.958818466082937,Optimal,True,Optimal,heuristic,0.004002017001766944
0,15,185,499,0.8,ILP,0.998,True,0.0,True,1,37.53689353032329,37.53689353032329,31,5.958818466082937,Optimal,True,Optimal,heuristic,4.436967460000233
0,15,185,499,0.8,MILP,0.996,False,0.0020000000000000018,False,2,6.382167768915835,4.637440777074673,84,11.178507980097846,Optimal,True,Optimal,heuristic,3.5260756079987914
0,15,185,499,0.8,Dijkstra,0.998,True,0.0,True,1,37.53689353032329,37.53689353032329,31,5.958818466082937,Optimal,True,Optimal,heuristic,0.0026463160011189757
0,15,185,499,0.9,ILP,0.998,True,0.0,True,1,41.86189132970838,41.86189132970838,80,13.077309549974308,Optimal,True,Optimal,heuristic,8.418881743999009
0,15,185,499,0.9,MILP,0.998,False,0.0,True,1,2.3187203885373364,2.3187203885373364,85,11.17850798009785,Optimal,True,Optimal,heuristic,11.285264027999801
0,15,185,499,0.9,Dijkstra,0.998,False,0.0,True,1,35.218173141785954,35.218173141785954,31,5.958818466082937,Optimal,True,Optimal,heuristic,0.0022901379998074844
0,16,469,286,0.5,ILP,0.886,True,0.0,True,57,10.929424214799464,1.0527707018222752,49,1.941090094919489,Optimal,True,Optimal,heuristic,62.09949307699935
0,16,469,286,0.5,MILP,0.886,True,0.0,True,57,10.929424214799464,1.0527707018222752,49,1.941090094919489,Optimal,True,Optimal,heuristic,2.838521951000075
0,16,469,286,0.5,Dijkstra,0.886,True,0.0,True,57,10.929424214799464,1.0527707018222752,49,1.941090094919489,Optimal,True,Optimal,heuristic,0.002684094999494846
0,16,469,286,0.6,ILP,0.958,True,0.0,True,21,4.308004290280106,0.8422165614578203,49,1.941090094919489,Optimal,True,Optimal,heuristic,22.671067015999142
0,16,469,286,0.6,MILP,0.958,True,0.0,True,21,4.308004290280106,0.8422165614578203,49,1.941090094919489,Optimal,True,Optimal,heuristic,2.837978778999968
0,16,469,286,0.6,Dijkstra,0.958,True,0.0,True,21,4.308004290280106,0.8422165614578203,49,1.941090094919489,Optimal,True,Optimal,heuristic,0.0030608469987782883
0,16,469,286,0.7,ILP,0.986,True,0.0,True,7,1.5450109477769827,0.631662421093365,49,1.941090094919489,Optimal,True,Optimal,heuristic,22.59884474499995
0,16,469,286,0.7,MILP,0.986,True,0.0,True,7,1.5450109477769827,0.631662421093365,49,1.941090094919489,Optimal,True,Optimal,heuristic,2.811841946999266
0,16,469,286,0.7,Dijkstra,0.986,True,0.0,True,7,1.5450109477769827,0.631662421093365,49,1.941090094919489,Optimal,True,Optimal,heuristic,0.006719233000694658
0,16,469,286,0.8,ILP,0.996,True,0.0,True,2,0.6077892216207275,0.4211082807289097,49,1.941090094919489,Optimal,True,Optimal,heuristic,4.591316490999816
0,16,469,286,0.8,MILP,0.996,True,0.0,True,2,0.6077892216207275,0.4211082807289097,49,1.941090094919489,Optimal,True,Optimal,heuristic,3.3751803930008464
0,16,469,286,0.8,Dijkstra,0.996,True,0.0,True,2,0.6077892216207275,0.4211082807289097,49,1.941090094919489,Optimal,True,Optimal,heuristic,0.002643387000716757
0,16,469,286,0.9,ILP,0.998,True,0.0,True,1,0.2105541403644553,0.2105541403644553,49,1.941090094919489,Optimal,True,Optimal,heuristic,3.689351158000136
0,16,469,286,0.9,MILP,0.998,True,0.0,True,1,0.2105541403644553,0.2105541403644553,49,1.941090094919489,Optimal,True,Optimal,heuristic,3.2288892899996426
0,16,469,286,0.9,Dijkstra,0.998,True,0.0,True,1,0.2105541403644553,0.2105541403644553,49,1.941090094919489,Optimal,True,Optimal,heuristic,0.003222126000764547
0,17,133,83,0.5,ILP,0.984,True,0.0,True,8,15.128665951100443,4.454272960293542,73,6.0807852134569,Optimal,True,Optimal,heuristic,23.229342205999274
0,17,133,83,0.5,MILP,0.984,True,0.0,True,8,15.128665951100443,4.454272960293542,73,6.0807852134569,Optimal,True,Optimal,heuristic,13.33580001900009
0,17,133,83,0.5,Dijkstra,0.964,False,0.020000000000000018,False,18,36.60861010483913,9.646411871188187,47,5.408468971586479,Optimal,True,Optimal,heuristic,0.0030752380007470492
0,17,133,83,0.6,ILP,0.988,True,0.0,True,6,9.01054303456656,3.563418368234835,73,6.0807852134569,Optimal,True,Optimal,heuristic,13.281909273000565
0,17,133,83,0.6,MILP,0.988,True,0.0,True,6,9.01054303456656,3.563418368234835,73,6.0807852134569,Optimal,True,Optimal,heuristic,7.472664064998753
0,17,133,83,0.6,Dijkstra,0.978,False,0.010000000000000009,False,11,23.822085059614686,8.75555727912948,47,5.408468971586479,Optimal,True,Optimal,heuristic,0.002688282000235631
0,17,133,83,0.7,ILP,0.996,True,0.0,True,2,4.5850029409804485,2.6725637761761263,73,6.0807852134569,Optimal,True,Optimal,heuristic,14.929071063001174
0,17,133,83,0.7,MILP,0.996,True,0.0,True,2,4.5850029409804485,2.6725637761761263,73,6.0807852134569,Optimal,True,Optimal,heuristic,14.163872929999343
0,17,133,83,0.7,Dijkstra,0.986,False,0.010000000000000009,False,7,17.05583521555579,7.864702687070771,47,5.408468971586479,Optimal,True,Optimal,heuristic,0.002779176000331063
0,17,133,83,0.8,ILP,0.996,True,0.0,True,2,3.3521242520860923,2.0036996696685705,80,6.302133501077455,Optimal,True,Optimal,heuristic,7.259073161001652
0,17,133,83,0.8,MILP,0.996,False,0.0,True,2,2.803293756863031,1.7817091841174175,73,6.0807852134569,Optimal,True,Optimal,heuristic,9.833544443999926
0,17,133,83,0.8,Dijkstra,0.99,False,0.006000000000000005,False,5,12.098431254482932,6.9738480950120625,47,5.408468971586479,Optimal,True,Optimal,heuristic,0.0028839309998147655
0,17,133,83,0.9,ILP,0.996,True,0.0,True,2,1.1970370066827858,0.9721339979416488,78,6.102374796125015,Optimal,True,Optimal,heuristic,16.12177597200025
0,17,133,83,0.9,MILP,0.996,False,0.0,True,2,1.0215845727456099,0.8908545920587088,73,6.0807852134569,Optimal,True,Optimal,heuristic,3.7578422099995805
0,17,133,83,0.9,Dijkstra,0.992,False,0.0040000000000000036,False,4,8.291058391524421,6.082993502953354,47,5.408468971586479,Optimal,True,Optimal,heuristic,0.004798788999323733
0,18,333,570,0.5,ILP,0.968,True,0.0,True,16,22.96297869157911,5.812484252230934,129,9.503219946775872,Optimal,True,Optimal,heuristic,31.476440012998864
0,18,333,570,0.5,MILP,0.968,True,0.0,True,16,22.96297869157911,5.812484252230934,129,9.503219946775872,Optimal,True,Optimal,heuristic,4.422698800000944
0,18,333,570,0.5,Dijkstra,0.968,True,0.0,True,16,22.96297869157911,5.812484252230934,129,9.503219946775872,Optimal,True,Optimal,heuristic,0.0037006830007157987
0,18,333,570,0.6,ILP,0.986,True,0.0,True,7,11.041079667601004,4.649987401784749,129,9.503219946775872,Optimal,True,Optimal,heuristic,20.125956408999627
0,18,333,570,0.6,MILP,0.986,True,0.0,True,7,11.041079667601004,4.649987401784749,129,9.503219946775872,Optimal,True,Optimal,heuristic,6.7366292950009665
0,18,333,570,0.6,Dijkstra,0.986,True,0.0,True,7,11.041079667601004,4.649987401784749,129,9.503219946775872,Optimal,True,Optimal,heuristic,0.0063875450014165835
0,18,333,570,0.7,ILP,0.996,True,0.0,True,2,5.013350629374745,3.4874905513385634,129,9.503219946775872,Optimal,True,Optimal,heuristic,7.129473644999962
0,18,333,570,0.7,MILP,0.996,True,0.0,True,2,5.013350629374745,3.4874905513385634,129,9.503219946775872,Optimal,True,Optimal,heuristic,4.070435267998619
0,18,333,570,0.7,Dijkstra,0.996,True,0.0,True,2,5.013350629374745,3.4874905513385634,129,9.503219946775872,Optimal,True,Optimal,heuristic,0.003955946000132826
0,18,333,570,0.8,ILP,0.996,True,0.0,True,2,2.845836767114072,2.4021729697720673,133,9.592787203727264,Optimal,True,Optimal,heuristic,10.153150703999927
0,18,333,570,0.8,MILP,0.996,False,0.0,True,2,2.688356928482367,2.3249937008923744,129,9.503219946775872,Optimal,True,Optimal,heuristic,6.1283509629993205
0,18,333,570,0.8,Dijkstra,0.996,False,0.0,True,2,2.688356928482367,2.3249937008923744,129,9.503219946775872,Optimal,True,Optimal,heuristic,0.007162407999203424
0,18,333,570,0.9,ILP,0.998,True,0.0,True,1,1.162496850446189,1.162496850446189,129,9.503219946775872,Optimal,True,Optimal,heuristic,3.5329386969988263
0,18,333,570,0.9,MILP,0.998,True,0.0,True,1,1.162496850446189,1.162496850446189,129,9.503219946775872,Optimal,True,Optimal,heuristic,3.3134457109990763
0,18,333,570,0.9,Dijkstra,0.998,True,0.0,True,1,1.162496850446189,1.162496850446189,129,9.503219946775872,Optimal,True,Optimal,heuristic,0.00421606000054453
0,19,456,509,0.5,ILP,0.99,True,0.0,True,5,30.616074695241835,12.285928838341363,135,11.363501005335902,Optimal,True,Optimal,heuristic,25.828882198999054
0,19,456,509,0.5,MILP,0.986,False,0.0040000000000000036,False,7,28.041295833013844,12.284057933263608,106,11.10236111025945,Optimal,True,Optimal,heuristic,25.71325516900106
0,19,456,509,0.5,Dijkstra,0.974,False,0.016000000000000014,False,13,69.60092002396168,29.403299718439484,101,11.100264909124608,Optimal,True,Optimal,heuristic,0.008609074000560213
0,19,456,509,0.6,ILP,0.994,True,0.0,True,3,17.54288701099419,9.41078986838692,108,11.448683691643158,Optimal,True,Optimal,heuristic,17.13632130299993
0,19,456,509,0.6,MILP,0.994,False,0.0,True,3,17.421803581510336,9.931360466166876,106,11.10236111025945,Optimal,True,Optimal,heuristic,7.396204871000009
0,19,456,509,0.6,Dijkstra,0.986,False,0.008000000000000007,False,7,46.09823670715176,27.050602251342752,101,11.100264909124608,Optimal,True,Optimal,heuristic,0.007322266999835847
0,19,456,509,0.7,ILP,0.996,True,0.0,True,2,11.105611753133672,7.058092401290189,108,11.448683691643158,Optimal,True,Optimal,heuristic,4.1212105530012195
0,19,456,509,0.7,MILP,0.996,True,0.0,True,2,11.105611753133672,7.058092401290189,108,11.448683691643158,Optimal,True,Optimal,heuristic,10.199099093999394
0,19,456,509,0.7,Dijkstra,0.994,False,0.0020000000000000018,False,3,34.04170638423976,24.69790478424602,101,11.100264909124608,Optimal,True,Optimal,heuristic,0.00417241200011631
0,19,456,509,0.8,ILP,0.996,True,0.0,True,2,7.825444349190587,4.707265839271219,137,11.70982358671961,Optimal,True,Optimal,heuristic,7.160905961000026
0,19,456,509,0.8,MILP,0.996,False,0.0,True,2,6.400216818940223,4.705394934193464,108,11.448683691643158,Optimal,True,Optimal,heuristic,3.1513741740000114
0,19,456,509,0.8,Dijkstra,0.994,False,0.0020000000000000018,False,3,26.983613982949585,22.345207317149296,101,11.100264909124608,Optimal,True,Optimal,heuristic,0.009263392999855569
0,19,456,509,0.9,ILP,0.998,True,0.0,True,1,2.3526974670967284,2.3526974670967284,108,11.448683691643156,Optimal,True,Optimal,heuristic,5.720844703999319
0,19,456,509,0.9,MILP,0.998,False,0.0,True,1,2.3526974670967284,2.3526974670967284,108,11.448683691643156,Optimal,True,Optimal,heuristic,5.3528913499994815
0,19,456,509,0.9,Dijkstra,0.996,False,0.0020000000000000018,False,2,21.38800130774029,19.992509850052564,101,11.100264909124608,Optimal,True,Optimal,heuristic,0.00375573000019358
1,0,145,507,0.5,ILP,0.896,True,0.0,True,52,73.87800755346407,5.481277200704863,134,10.418942817909008,Optimal,True,Optimal,heuristic,62.422237468001185
1,0,145,507,0.5,MILP,0.896,False,0.0,True,52,73.87800755346407,5.481277200704863,134,10.41894281790901,Optimal,True,Optimal,heuristic,26.20180417099982
1,0,145,507,0.5,Dijkstra,0.868,False,0.028000000000000025,False,66,241.9728935877044,17.91788110036547,104,10.25047994400921,Optimal,True,Optimal,heuristic,0.003911276000508224
1,0,145,507,0.6,ILP,0.958,True,0.0,True,21,37.51530798716457,4.385021760563891,134,10.418942817909008,Optimal,True,Optimal,heuristic,39.74395900399941
1,0,145,507,0.6,MILP,0.958,True,0.0,True,21,37.51530798716457,4.385021760563891,134,10.418942817909008,Optimal,True,Optimal,heuristic,24.605003905999183
1,0,145,507,0.6,Dijkstra,0.908,False,0.04999999999999993,False,46,183.61946347339114,16.8216256602245,104,10.25047994400921,Optimal,True,Optimal,heuristic,0.004910268000458018
1,0,145,507,0.7,ILP,0.97,True,0.0,True,15,18.646809340782433,3.288766320422919,134,10.418942817909008,Optimal,True,Optimal,heuristic,35.26298741500068
1,0,145,507,0.7,MILP,0.97,True,0.0,True,15,18.646809340782433,3.288766320422919,134,10.418942817909008,Optimal,True,Optimal,heuristic,14.948049593000178
1,0,145,507,0.7,Dijkstra,0.9359999999999999,False,0.03400000000000003,False,32,139.4006525018687,15.725370220083526,104,10.25047994400921,Optimal,True,Optimal,heuristic,0.00714539200089348
1,0,145,507,0.8,ILP,0.982,True,0.0,True,9,6.5244010261075704,2.1925108802819455,134,10.418942817909008,Optimal,True,Optimal,heuristic,27.910615572000097
1,0,145,507,0.8,MILP,0.982,True,0.0,True,9,6.5244010261075704,2.1925108802819455,134,10.418942817909008,Optimal,True,Optimal,heuristic,8.456710459999158
1,0,145,507,0.8,Dijkstra,0.956,False,0.026000000000000023,False,22,109.87431831386294,14.629114779942553,104,10.25047994400921,Optimal,True,Optimal,heuristic,0.0036637069988501025
1,0,145,507,0.9,ILP,0.996,True,0.0,True,2,1.1501374542268863,1.0962554401409719,134,10.418942817909008,Optimal,True,Optimal,heuristic,5.494278542000757
1,0,145,507,0.9,MILP,0.996,True,0.0,True,2,1.1501374542268863,1.0962554401409719,134,10.418942817909008,Optimal,True,Optimal,heuristic,11.219501575000322
1,0,145,507,0.9,Dijkstra,0.964,False,0.03200000000000003,False,18,88.08019630838011,13.532859339801579,104,10.25047994400921,Optimal,True,Optimal,heuristic,0.0042787970014614984
1,1,444,33,0.5,ILP,0.95,True,0.0,True,25,82.68817506811372,15.484319429022243,34,4.8717981243019945,Optimal,True,Optimal,heuristic,38.02399436899941
1,1,444,33,0.5,MILP,0.9339999999999999,False,0.016000000000000014,False,33,33.27618035400921,4.275094521229002,34,6.224538345604252,Optimal,True,Optimal,heuristic,16.381472173001384
1,1,444,33,0.5,Dijkstra,0.95,True,0.0,True,25,82.68817506811372,15.484319429022243,34,4.8717981243019945,Optimal,True,Optimal,heuristic,0.003839519999019103
1,1,444,33,0.6,ILP,0.974,True,0.0,True,13,14.88689963370029,3.420075616983203,34,6.224538345604252,Optimal,True,Optimal,heuristic,24.137982308000574
1,1,444,33,0.6,MILP,0.974,True,0.0,True,13,14.88689963370029,3.420075616983203,34,6.224538345604252,Optimal,True,Optimal,heuristic,9.883108697000353
1,1,444,33,0.6,Dijkstra,0.964,False,0.010000000000000009,False,18,65.33741559925181,14.629300524776443,34,4.8717981243019945,Optimal,True,Optimal,heuristic,0.0029121739989932394
1,1,444,33,0.7,ILP,0.99,True,0.0,True,5,7.906880289550735,2.5650567127374018,34,6.224538345604252,Optimal,True,Optimal,heuristic,15.218941724000615
1,1,444,33,0.7,MILP,0.99,False,0.0,True,5,7.906880289550738,2.5650567127374018,34,6.224538345604253,Optimal,True,Optimal,heuristic,5.992678612999953
1,1,444,33,0.7,Dijkstra,0.978,False,0.01200000000000001,False,11,51.7056237160738,13.774281620530642,34,4.8717981243019945,Optimal,True,Optimal,heuristic,0.00272596499962674
1,1,444,33,0.8,ILP,0.992,True,0.0,True,4,3.7736787609599585,1.7100378084916006,34,6.224538345604252,Optimal,True,Optimal,heuristic,13.36079213100129
1,1,444,33,0.8,MILP,0.992,False,0.0,True,4,3.773678760959955,1.7100378084915935,33,6.224538345604249,Optimal,True,Optimal,heuristic,5.025315218001197
1,1,444,33,0.8,Dijkstra,0.98,False,0.01200000000000001,False,10,42.87282393041015,12.919262716284841,34,4.8717981243019945,Optimal,True,Optimal,heuristic,0.0026204799996776273
1,1,444,33,0.9,ILP,0.998,True,0.0,True,1,0.8550189042458012,0.8550189042458012,34,6.224538345604252,Optimal,True,Optimal,heuristic,4.382062339000186
1,1,444,33,0.9,MILP,0.998,True,0.0,True,1,0.8550189042458012,0.8550189042458012,34,6.224538345604252,Optimal,True,Optimal,heuristic,12.251371100001052
1,1,444,33,0.9,Dijkstra,0.984,False,0.014000000000000012,False,8,34.91348599512917,12.064243812039042,34,4.8717981243019945,Optimal,True,Optimal,heuristic,0.0039036790003592614
1,2,143,467,0.5,ILP,0.99,True,0.0,True,5,4.562334030719598,2.278456903983999,54,3.8578754227265564,Optimal,True,Optimal,heuristic,17.13088421700013
1,2,143,467,0.5,MILP,0.99,True,0.0,True,5,4.562334030719598,2.278456903983999,54,3.8578754227265564,Optimal,True,Optimal,heuristic,8.23129438900105
1,2,143,467,0.5,Dijkstra,0.99,False,0.0,True,5,5.119111352256933,2.257318974433689,50,3.8334835900758826,Optimal,True,Optimal,heuristic,0.0026989779998984886
1,2,143,467,0.6,ILP,0.994,True,0.0,True,3,3.3235779453072727,1.9486790629501503,56,3.920755944265804,Optimal,True,Optimal,heuristic,11.637100019999707
1,2,143,467,0.6,MILP,0.994,False,0.0,True,3,3.229958457540045,1.9136655323664904,54,3.8578754227265564,Optimal,True,Optimal,heuristic,9.739892613999473
1,2,143,467,0.6,Dijkstra,0.992,False,0.0020000000000000018,False,4,3.4889667579570194,1.8925276028161804,50,3.8334835900758826,Optimal,True,Optimal,heuristic,0.0032759240002633305
1,2,143,467,0.7,ILP,0.994,True,0.0,True,3,2.1355843426875216,1.5488741607489827,54,3.8578754227265564,Optimal,True,Optimal,heuristic,17.48546860299939
1,2,143,467,0.7,MILP,0.994,False,0.0,True,3,2.1355843426875216,1.5488741607489827,54,3.8578754227265564,Optimal,True,Optimal,heuristic,11.538627948000794
1,2,143,467,0.7,Dijkstra,0.994,False,0.0,True,3,2.2844225458368204,1.5277362311986726,50,3.8334835900758826,Optimal,True,Optimal,heuristic,0.0031160589987848653
1,2,143,467,0.8,ILP,0.996,True,0.0,True,2,1.8745866876911865,1.457276963336394,52,4.025470584774319,Optimal,True,Optimal,heuristic,15.214881891000914
1,2,143,467,0.8,MILP,0.996,False,0.0,True,2,1.2339101592489063,1.184082789131475,54,3.8578754227265564,Optimal,True,Optimal,heuristic,15.254198664000796
1,2,143,467,0.8,Dijkstra,0.996,False,0.0,True,2,1.4686814896114955,1.162944859581165,50,3.8334835900758826,Optimal,True,Optimal,heuristic,0.004984500999853481
1,2,143,467,0.9,ILP,0.998,True,0.0,True,1,0.7981534879636563,0.7981534879636563,50,3.8334835900758826,Optimal,True,Optimal,heuristic,6.34919611299847
1,2,143,467,0.9,MILP,0.996,False,0.0020000000000000018,False,2,0.5476242903507753,0.36479137161750774,91,5.229534526541203,Optimal,True,Optimal,heuristic,7.18151047199899
1,2,143,467,0.9,Dijkstra,0.998,True,0.0,True,1,0.7981534879636563,0.7981534879636563,50,3.8334835900758826,Optimal,True,Optimal,heuristic,0.0028333430000202497
1,3,204,148,0.5,ILP,0.878,True,0.0,True,61,61.49313063281607,3.9003066352754754,45,7.636949979524551,Optimal,True,Optimal,heuristic,57.90943366200008
1,3,204,148,0.5,MILP,0.878,True,0.0,True,61,61.49313063281607,3.9003066352754754,45,7.636949979524551,Optimal,True,Optimal,heuristic,2.9270042309999553
1,3,204,148,0.5,Dijkstra,0.878,True,0.0,True,61,61.49313063281607,3.9003066352754754,45,7.636949979524551,Optimal,True,Optimal,heuristic,0.004487910999159794
1,3,204,148,0.6,ILP,0.938,True,0.0,True,31,26.5576140951841,3.1202453082203796,45,7.636949979524551,Optimal,True,Optimal,heuristic,36.67696461899868
1,3,204,148,0.6,MILP,0.938,True,0.0,True,31,26.5576140951841,3.1202453082203796,45,7.636949979524551,Optimal,True,Optimal,heuristic,2.9760011349990236
1,3,204,148,0.6,Dijkstra,0.938,True,0.0,True,31,26.5576140951841,3.1202453082203796,45,7.636949979524551,Optimal,True,Optimal,heuristic,0.003189869999914663
1,3,204,148,0.7,ILP,0.976,True,0.0,True,12,10.941238244612439,2.3401839811652856,45,7.636949979524551,Optimal,True,Optimal,heuristic,19.739331300999766
1,3,204,148,0.7,MILP,0.976,True,0.0,True,12,10.941238244612439,2.3401839811652856,45,7.636949979524551,Optimal,True,Optimal,heuristic,2.8696905710003193
1,3,204,148,0.7,Dijkstra,0.976,True,0.0,True,12,10.941238244612439,2.3401839811652856,45,7.636949979524551,Optimal,True,Optimal,heuristic,0.0038132040008349577
1,3,204,148,0.8,ILP,0.986,True,0.0,True,7,3.750515059633301,1.5601226541101898,45,7.636949979524551,Optimal,True,Optimal,heuristic,19.410002111000722
1,3,204,148,0.8,MILP,0.986,True,0.0,True,7,3.750515059633301,1.5601226541101898,45,7.636949979524551,Optimal,True,Optimal,heuristic,2.83046971299882
1,3,204,148,0.8,Dijkstra,0.986,True,0.0,True,7,3.750515059633301,1.5601226541101898,45,7.636949979524551,Optimal,True,Optimal,heuristic,0.004001060000518919
1,3,204,148,0.9,ILP,0.996,True,0.0,True,2,0.9773162487821097,0.780061327055094,45,7.636949979524551,Optimal,True,Optimal,heuristic,3.6306208170008176
1,3,204,148,0.9,MILP,0.996,True,0.0,True,2,0.9773162487821097,0.780061327055094,45,7.636949979524551,Optimal,True,Optimal,heuristic,2.9080004050010757
1,3,204,148,0.9,Dijkstra,0.996,True,0.0,True,2,0.9773162487821097,0.780061327055094,45,7.636949979524551,Optimal,True,Optimal,heuristic,0.0034444369994162116
1,4,377,86,0.5,ILP,0.952,True,0.0,True,24,30.234491713622496,4.889221605207972,10,6.018410371321133,Optimal,True,Optimal,heuristic,27.880419673998404
1,4,377,86,0.5,MILP,0.952,True,0.0,True,24,30.234491713622496,4.889221605207972,10,6.018410371321133,Optimal,True,Optimal,heuristic,18.164940324999407
1,4,377,86,0.5,Dijkstra,0.918,False,0.03399999999999992,False,41,140.8124238012288,18.374230747759675,31,5.4355020306034145,Optimal,True,Optimal,heuristic,0.0026754350001283456
1,4,377,86,0.6,ILP,0.978,True,0.0,True,11,12.824325045117748,3.9113772841663774,10,6.018410371321133,Optimal,True,Optimal,heuristic,16.170390109000436
1,4,377,86,0.6,MILP,0.978,True,0.0,True,11,12.824325045117748,3.9113772841663774,10,6.018410371321133,Optimal,True,Optimal,heuristic,16.14374931800012
1,4,377,86,0.6,Dijkstra,0.9359999999999999,False,0.04200000000000004,False,32,105.08816928869086,17.39638642671808,31,5.4355020306034145,Optimal,True,Optimal,heuristic,0.0031209589997160947
1,4,377,86,0.7,ILP,0.99,True,0.0,True,5,5.755375681733495,2.933532963124783,10,6.018410371321133,Optimal,True,Optimal,heuristic,20.933226221999576
1,4,377,86,0.7,MILP,0.99,True,0.0,True,5,5.755375681733495,2.933532963124783,10,6.018410371321133,Optimal,True,Optimal,heuristic,17.435563520999494
1,4,377,86,0.7,Dijkstra,0.956,False,0.03400000000000003,False,22,80.1721671509488,16.418542105676487,31,5.4355020306034145,Optimal,True,Optimal,heuristic,0.0026306660001864657
1,4,377,86,0.8,ILP,0.996,True,0.0,True,2,2.310703578451598,1.9556886420831887,10,6.018410371321133,Optimal,True,Optimal,heuristic,5.233509708999918
1,4,377,86,0.8,MILP,0.996,True,0.0,True,2,2.310703578451598,1.9556886420831887,10,6.018410371321133,Optimal,True,Optimal,heuristic,4.463852822000263
1,4,377,86,0.8,Dijkstra,0.97,False,0.026000000000000023,False,15,61.576323201828345,15.440697784634892,31,5.4355020306034145,Optimal,True,Optimal,heuristic,0.004431351999301114
1,4,377,86,0.9,ILP,0.998,True,0.0,True,1,1.0083217341050403,1.0083217341050403,12,6.050809440274032,Optimal,True,Optimal,heuristic,5.926295752999067
1,4,377,86,0.9,MILP,0.998,False,0.0,True,1,0.9778443210415944,0.9778443210415944,10,6.018410371321133,Optimal,True,Optimal,heuristic,17.687161281000954
1,4,377,86,0.9,Dijkstra,0.98,False,0.018000000000000016,False,10,49.77000595099035,14.462853463593298,31,5.4355020306034145,Optimal,True,Optimal,heuristic,0.0051060030000371626
1,5,478,513,0.5,ILP,0.99,True,0.0,True,5,3.8301696677750194,1.7988305785116108,26,1.1218611870147575,Optimal,True,Optimal,heuristic,7.643125426999177
1,5,478,513,0.5,MILP,0.99,True,0.0,True,5,3.8301696677750194,1.7988305785116108,26,1.1218611870147575,Optimal,True,Optimal,heuristic,2.8722877000000153
1,5,478,513,0.5,Dijkstra,0.99,True,0.0,True,5,3.8301696677750194,1.7988305785116108,26,1.1218611870147575,Optimal,True,Optimal,heuristic,0.0032507899995835032
1,5,478,513,0.6,ILP,0.994,True,0.0,True,3,2.386713749104805,1.4390644628092888,26,1.1218611870147575,Optimal,True,Optimal,heuristic,5.56579549900016
1,5,478,513,0.6,MILP,0.994,True,0.0,True,3,2.386713749104805,1.4390644628092888,26,1.1218611870147575,Optimal,True,Optimal,heuristic,2.8834945429989602
1,5,478,513,0.6,Dijkstra,0.994,True,0.0,True,3,2.386713749104805,1.4390644628092888,26,1.1218611870147575,Optimal,True,Optimal,heuristic,0.002424431999315857
1,5,478,513,0.7,ILP,0.996,True,0.0,True,2,1.4230810869834722,1.0792983471069668,26,1.1218611870147575,Optimal,True,Optimal,heuristic,3.841001323000455
1,5,478,513,0.7,MILP,0.996,True,0.0,True,2,1.4230810869834722,1.0792983471069668,26,1.1218611870147575,Optimal,True,Optimal,heuristic,3.162459838000359
1,5,478,513,0.7,Dijkstra,0.996,True,0.0,True,2,1.4230810869834722,1.0792983471069668,26,1.1218611870147575,Optimal,True,Optimal,heuristic,0.0031219149987009587
1,5,478,513,0.8,ILP,0.998,True,0.0,True,1,0.7195322314046444,0.7195322314046444,26,1.1218611870147575,Optimal,True,Optimal,heuristic,3.4333859250000387
1,5,478,513,0.8,MILP,0.998,True,0.0,True,1,0.7195322314046444,0.7195322314046444,26,1.1218611870147575,Optimal,True,Optimal,heuristic,2.904737100001512
1,5,478,513,0.8,Dijkstra,0.998,True,0.0,True,1,0.7195322314046444,0.7195322314046444,26,1.1218611870147575,Optimal,True,Optimal,heuristic,0.0025877899988699937
1,5,478,513,0.9,ILP,0.998,True,0.0,True,1,0.359766115702322,0.359766115702322,26,1.1218611870147575,Optimal,True,Optimal,heuristic,3.462246856999627
1,5,478,513,0.9,MILP,0.998,True,0.0,True,1,0.359766115702322,0.359766115702322,26,1.1218611870147575,Optimal,True,Optimal,heuristic,2.9635273889998643
1,5,478,513,0.9,Dijkstra,0.998,True,0.0,True,1,0.359766115702322,0.359766115702322,26,1.1218611870147575,Optimal,True,Optimal,heuristic,0.007802471998729743
1,6,37,166,0.5,ILP,0.898,True,0.0,True,51,73.26098096643247,4.852314240258586,70,6.53219871050073,Optimal,True,Optimal,heuristic,21.42491228899962
1,6,37,166,0.5,MILP,0.898,True,0.0,True,51,73.26098096643247,4.852314240258586,70,6.53219871050073,Optimal,True,Optimal,heuristic,12.27561938100007
1,6,37,166,0.5,Dijkstra,0.882,False,0.016000000000000014,False,59,139.77989469383257,14.361142478105496,65,6.521470898272541,Optimal,True,Optimal,heuristic,0.007079570999849238
1,6,37,166,0.6,ILP,0.944,True,0.0,True,28,38.97614145836763,3.881851392206869,70,6.53219871050073,Optimal,True,Optimal,heuristic,24.810780506999436
1,6,37,166,0.6,MILP,0.944,True,0.0,True,28,38.97614145836763,3.881851392206869,70,6.53219871050073,Optimal,True,Optimal,heuristic,7.429678491998857
1,6,37,166,0.6,Dijkstra,0.926,False,0.017999999999999905,False,37,95.22718696777223,13.390679630053778,65,6.521470898272541,Optimal,True,Optimal,heuristic,0.0038287439983832883
1,6,37,166,0.7,ILP,0.972,True,0.0,True,14,20.2934188348788,2.9113885441551517,70,6.53219871050073,Optimal,True,Optimal,heuristic,24.474152679000326
1,6,37,166,0.7,MILP,0.972,True,0.0,True,14,20.2934188348788,2.9113885441551517,70,6.53219871050073,Optimal,True,Optimal,heuristic,5.999026806999609
1,6,37,166,0.7,Dijkstra,0.954,False,0.018000000000000016,False,23,67.67032016711937,12.420216782002061,65,6.521470898272541,Optimal,True,Optimal,heuristic,0.004242181999870809
1,6,37,166,0.8,ILP,0.98,True,0.0,True,10,8.288987432650945,1.9409256961034345,70,6.53219871050073,Optimal,True,Optimal,heuristic,23.995962057000725
1,6,37,166,0.8,MILP,0.98,True,0.0,True,10,8.288987432650945,1.9409256961034345,70,6.53219871050073,Optimal,True,Optimal,heuristic,4.104065650999473
1,6,37,166,0.8,Dijkstra,0.966,False,0.014000000000000012,False,17,48.458958109017075,11.449753933950344,65,6.521470898272541,Optimal,True,Optimal,heuristic,0.0037786510001751594
1,6,37,166,0.9,ILP,0.992,True,0.0,True,4,1.4434607785245372,0.9704628480517172,70,6.53219871050073,Optimal,True,Optimal,heuristic,16.4622624069998
1,6,37,166,0.9,MILP,0.992,False,0.0,True,4,1.4434607785245355,0.9704628480517172,69,6.532198710500729,Optimal,True,Optimal,heuristic,5.011357897999915
1,6,37,166,0.9,Dijkstra,0.98,False,0.01200000000000001,False,10,35.90786358265517,10.479291085898627,65,6.521470898272541,Optimal,True,Optimal,heuristic,0.004608735000147135
1,7,362,294,0.5,ILP,0.984,True,0.0,True,8,10.877840324525557,2.7388146637302446,39,2.2080038964398017,Optimal,True,Optimal,heuristic,17.258861164000336
1,7,362,294,0.5,MILP,0.984,True,0.0,True,8,10.877840324525557,2.7388146637302446,39,2.2080038964398017,Optimal,True,Optimal,heuristic,13.220486885000355
1,7,362,294,0.5,Dijkstra,0.984,True,0.0,True,8,10.877840324525557,2.7388146637302446,39,2.2080038964398017,Optimal,True,Optimal,heuristic,0.003721818000485655
1,7,362,294,0.6,ILP,0.988,True,0.0,True,6,8.863722726918063,2.4448648789948457,39,2.2080038964398017,Optimal,True,Optimal,heuristic,38.850860192000255
1,7,362,294,0.6,MILP,0.9339999999999999,False,0.05400000000000005,False,33,8.815895668267796,1.1757991389415974,58,4.148947477850743,Optimal,True,Optimal,heuristic,13.149815485001454
1,7,362,294,0.6,Dijkstra,0.988,True,0.0,True,6,8.863722726918063,2.4448648789948457,39,2.2080038964398017,Optimal,True,Optimal,heuristic,0.005975815000056173
1,7,362,294,0.7,ILP,0.988,True,0.0,True,6,7.100024018505669,2.150915094259447,39,2.2080038964398017,Optimal,True,Optimal,heuristic,21.317936526000267
1,7,362,294,0.7,MILP,0.98,False,0.008000000000000007,False,10,2.7285654793063454,0.8818493542061985,58,4.148947477850743,Optimal,True,Optimal,heuristic,8.139829248999376
1,7,362,294,0.7,Dijkstra,0.988,True,0.0,True,6,7.100024018505669,2.150915094259447,39,2.2080038964398017,Optimal,True,Optimal,heuristic,0.0033548820010764757
1,7,362,294,0.8,ILP,0.994,True,0.0,True,3,0.9184565424242503,0.5878995694707987,58,4.148947477850743,Optimal,True,Optimal,heuristic,11.755019659000027
1,7,362,294,0.8,MILP,0.994,False,0.0,True,3,0.9184565424242503,0.5878995694707987,58,4.148947477850743,Optimal,True,Optimal,heuristic,5.5063175479990605
1,7,362,294,0.8,Dijkstra,0.992,False,0.0020000000000000018,False,4,5.432373781891144,1.856965309524047,39,2.2080038964398017,Optimal,True,Optimal,heuristic,0.003404609000426717
1,7,362,294,0.9,ILP,0.998,True,0.0,True,1,0.2939497847353989,0.2939497847353989,58,4.148947477850743,Optimal,True,Optimal,heuristic,3.7223359679992427
1,7,362,294,0.9,MILP,0.998,False,0.0,True,1,0.2939497847354051,0.2939497847354051,58,4.148947477850746,Optimal,True,Optimal,heuristic,4.435293773000012
1,7,362,294,0.9,Dijkstra,0.992,False,0.006000000000000005,False,4,4.256574642949545,1.5630155247886472,39,2.2080038964398017,Optimal,True,Optimal,heuristic,0.00273818899950129
1,8,195,60,0.5,ILP,0.924,True,0.0,True,38,129.8188231628186,17.537875154613253,87,7.084142808333612,Optimal,True,Optimal,heuristic,62.62280442199881
1,8,195,60,0.5,MILP,0.894,False,0.030000000000000027,False,53,52.25289575726906,3.9541915207985507,134,8.402898116370764,Optimal,True,Optimal,heuristic,13.329905668999345
1,8,195,60,0.5,Dijkstra,0.928,False,-0.0040000000000000036,False,36,122.94549888846204,17.346077159227363,85,6.906089969180904,Optimal,True,Optimal,heuristic,0.003674748999401345
1,8,195,60,0.6,ILP,0.95,True,0.0,True,25,21.418082718928723,3.163353216638841,134,8.402898116370764,Optimal,True,Optimal,heuristic,62.421651476999614
1,8,195,60,0.6,MILP,0.95,True,0.0,True,25,21.418082718928723,3.163353216638841,134,8.402898116370764,Optimal,True,Optimal,heuristic,6.953804818000208
1,8,195,60,0.6,Dijkstra,0.944,False,0.006000000000000005,False,28,98.12764953055402,16.55523885506765,85,6.906089969180904,Optimal,True,Optimal,heuristic,0.0062294050003401935
1,8,195,60,0.7,ILP,0.982,True,0.0,True,9,9.704122496445393,2.372514912479131,134,8.402898116370764,Optimal,True,Optimal,heuristic,15.97329001899925
1,8,195,60,0.7,MILP,0.982,True,0.0,True,9,9.704122496445393,2.372514912479131,134,8.402898116370764,Optimal,True,Optimal,heuristic,4.116050385999188
1,8,195,60,0.7,Dijkstra,0.958,False,0.02400000000000002,False,21,80.20838142197508,15.764400550907942,85,6.906089969180904,Optimal,True,Optimal,heuristic,0.00985515799948189
1,8,195,60,0.8,ILP,0.99,True,0.0,True,5,3.199521078605823,1.5816766083194196,134,8.402898116370764,Optimal,True,Optimal,heuristic,28.153188321000925
1,8,195,60,0.8,MILP,0.99,True,0.0,True,5,3.199521078605823,1.5816766083194196,134,8.402898116370764,Optimal,True,Optimal,heuristic,7.556843946000299
1,8,195,60,0.8,Dijkstra,0.968,False,0.02200000000000002,False,16,66.5239727702956,14.97356224674823,85,6.906089969180904,Optimal,True,Optimal,heuristic,0.005302739000399015
1,8,195,60,0.9,ILP,0.996,True,0.0,True,2,0.7963592578262428,0.7908383041597098,134,8.402898116370764,Optimal,True,Optimal,heuristic,8.44529047099968
1,8,195,60,0.9,MILP,0.996,True,0.0,True,2,0.7963592578262428,0.7908383041597098,134,8.402898116370764,Optimal,True,Optimal,heuristic,3.803161722000368
1,8,195,60,0.9,Dijkstra,0.98,False,0.016000000000000014,False,10,56.65393286191423,14.18272394258852,85,6.906089969180904,Optimal,True,Optimal,heuristic,0.0034069299999828218
1,9,510,438,0.5,ILP,0.948,True,0.0,True,26,5.8284114376804865,1.1797539177628802,45,2.8013644101358497,Optimal,True,Optimal,heuristic,31.584392955999647
1,9,510,438,0.5,MILP,0.948,True,0.0,True,26,5.8284114376804865,1.1797539177628802,45,2.8013644101358497,Optimal,True,Optimal,heuristic,4.991082954999001
1,9,510,438,0.5,Dijkstra,0.948,True,0.0,True,26,5.8284114376804865,1.1797539177628802,45,2.8013644101358497,Optimal,True,Optimal,heuristic,0.04348996500084468
1,9,510,438,0.6,ILP,0.982,True,0.0,True,9,2.2593322661994053,0.9516443818071916,45,2.8013644101358497,Optimal,True,Optimal,heuristic,19.47969905699938
1,9,510,438,0.6,MILP,0.982,True,0.0,True,9,2.2593322661994053,0.9516443818071916,45,2.8013644101358497,Optimal,True,Optimal,heuristic,4.704275288000645
1,9,510,438,0.6,Dijkstra,0.982,True,0.0,True,9,2.2593322661994053,0.9516443818071916,45,2.8013644101358497,Optimal,True,Optimal,heuristic,0.00621548499839264
1,9,510,438,0.7,ILP,0.996,True,0.0,True,2,0.7557284594862548,0.723534845851503,45,2.8013644101358497,Optimal,True,Optimal,heuristic,3.951642129000902
1,9,510,438,0.7,MILP,0.996,True,0.0,True,2,0.7557284594862548,0.723534845851503,45,2.8013644101358497,Optimal,True,Optimal,heuristic,3.4528446100011934
1,9,510,438,0.7,Dijkstra,0.996,True,0.0,True,2,0.7557284594862548,0.723534845851503,45,2.8013644101358497,Optimal,True,Optimal,heuristic,0.0038933160012675216
1,9,510,438,0.8,ILP,0.998,True,0.0,True,1,0.4954253098958139,0.4954253098958139,45,2.8013644101358497,Optimal,True,Optimal,heuristic,3.4526339920012106
1,9,510,438,0.8,MILP,0.998,True,0.0,True,1,0.4954253098958139,0.4954253098958139,45,2.8013644101358497,Optimal,True,Optimal,heuristic,3.97958476399981
1,9,510,438,0.8,Dijkstra,0.998,True,0.0,True,1,0.4954253098958139,0.4954253098958139,45,2.8013644101358497,Optimal,True,Optimal,heuristic,0.004972289998477208
1,9,510,438,0.9,ILP,0.998,True,0.0,True,1,0.2281095359556886,0.2281095359556886,50,2.8167333967034067,Optimal,True,Optimal,heuristic,3.2866483929992683
1,9,510,438,0.9,MILP,0.998,True,0.0,True,1,0.2281095359556886,0.2281095359556886,50,2.8167333967034067,Optimal,True,Optimal,heuristic,3.6956501879994903
1,9,510,438,0.9,Dijkstra,0.998,False,0.0,True,1,0.2673157739401253,0.2673157739401253,45,2.8013644101358497,Optimal,True,Optimal,heuristic,0.0024880339988158084
1,10,310,532,0.5,ILP,0.96,True,0.0,True,20,30.084732223307974,3.4622900530347955,42,2.4870746934226733,Optimal,True,Optimal,heuristic,26.682800698999927
1,10,310,532,0.5,MILP,0.946,False,0.014000000000000012,False,27,23.348351593101306,2.9487480110075515,39,2.8224356934473906,Optimal,True,Optimal,heuristic,12.789072710000255
1,10,310,532,0.5,Dijkstra,0.96,True,0.0,True,20,30.084732223307974,3.4622900530347955,42,2.4870746934226733,Optimal,True,Optimal,heuristic,0.0027878889995918144
1,10,310,532,0.6,ILP,0.972,True,0.0,True,14,11.982654654584774,2.3589984088060403,39,2.8224356934473906,Optimal,True,Optimal,heuristic,23.63649613800044
1,10,310,532,0.6,MILP,0.972,False,0.0,True,14,11.982654654584778,2.3589984088060403,39,2.8224356934473915,Optimal,True,Optimal,heuristic,15.047723166000651
1,10,310,532,0.6,Dijkstra,0.968,False,0.0040000000000000036,False,16,19.489873368186103,2.8725404508332844,42,2.4870746934226733,Optimal,True,Optimal,heuristic,0.04168526200010092
1,10,310,532,0.7,ILP,0.986,True,0.0,True,7,6.206045043571486,1.8173328228646515,43,2.8635771156144156,Optimal,True,Optimal,heuristic,32.72319080300076
1,10,310,532,0.7,MILP,0.986,False,0.0,True,7,5.935069184273323,1.7692488066045309,39,2.8224356934473906,Optimal,True,Optimal,heuristic,9.359103118000348
1,10,310,532,0.7,Dijkstra,0.98,False,0.006000000000000005,False,10,10.856703580247846,2.282790848631775,42,2.4870746934226733,Optimal,True,Optimal,heuristic,0.005921586001932155
1,10,310,532,0.8,ILP,0.992,True,0.0,True,4,2.500198385074344,1.1794992044030188,39,2.8224356934473955,Optimal,True,Optimal,heuristic,18.35260078599822
1,10,310,532,0.8,MILP,0.992,False,0.0,True,4,2.5001983850743486,1.1794992044030206,39,2.8224356934473906,Optimal,True,Optimal,heuristic,22.226638247000665
1,10,310,532,0.8,Dijkstra,0.984,False,0.008000000000000007,False,8,5.460600026546078,1.6930412464302647,42,2.4870746934226733,Optimal,True,Optimal,heuristic,0.0029742299993813504
1,10,310,532,0.9,ILP,0.996,True,0.0,True,2,0.8012398738710784,0.5897496022015094,39,2.8224356934473915,Optimal,True,Optimal,heuristic,13.29114804799974
1,10,310,532,0.9,MILP,0.996,False,0.0,True,2,0.8012398738710784,0.5897496022015103,39,2.8224356934473906,Optimal,True,Optimal,heuristic,7.993256609999662
1,10,310,532,0.9,Dijkstra,0.992,False,0.0040000000000000036,False,4,2.247845044477491,1.1032916442287544,42,2.4870746934226733,Optimal,True,Optimal,heuristic,0.0027722869999706745
1,11,387,332,0.5,ILP,0.992,True,0.0,True,4,19.14968048881561,8.85288432952117,16,3.139095989191639,Optimal,True,Optimal,heuristic,4.79306407400145
1,11,387,332,0.5,MILP,0.992,False,0.0,True,4,18.358562935894064,8.696754580156522,14,2.918629622752059,Optimal,True,Optimal,heuristic,6.091325280001911
1,11,387,332,0.5,Dijkstra,0.992,False,0.0,True,4,18.358562935894064,8.696754580156522,14,2.918629622752059,Optimal,True,Optimal,heuristic,0.003860521002934547
1,11,387,332,0.6,ILP,0.994,True,0.0,True,3,15.235222659348938,7.623603194823776,20,3.1062238393303008,Optimal,True,Optimal,heuristic,7.664732422999805
1,11,387,332,0.6,MILP,0.994,False,0.0,True,3,14.816436701139459,7.530025076429194,14,2.918629622752059,Optimal,True,Optimal,heuristic,6.730856791000406
1,11,387,332,0.6,Dijkstra,0.994,False,0.0,True,3,14.816436701139459,7.530025076429194,14,2.918629622752059,Optimal,True,Optimal,heuristic,0.002993603000504663
1,11,387,332,0.7,ILP,0.994,True,0.0,True,3,11.316248189957474,6.363295572701865,14,2.918629622752059,Optimal,True,Optimal,heuristic,8.744563232001383
1,11,387,332,0.7,MILP,0.984,False,0.010000000000000009,False,8,9.272773625922182,3.575798073748242,23,7.424078477300023,Optimal,True,Optimal,heuristic,9.474318179996772
1,11,387,332,0.7,Dijkstra,0.994,True,0.0,True,3,11.316248189957474,6.363295572701865,14,2.918629622752059,Optimal,True,Optimal,heuristic,0.004693983002653113
1,11,387,332,0.8,ILP,0.996,True,0.0,True,2,8.128253681298844,5.196566068974537,14,2.918629622752059,Optimal,True,Optimal,heuristic,7.3279506510007195
1,11,387,332,0.8,MILP,0.994,False,0.0020000000000000018,False,3,3.722122300670865,2.4090685700209136,23,7.424078477300023,Optimal,True,Optimal,heuristic,2.8943953220004914
1,11,387,332,0.8,Dijkstra,0.996,True,0.0,True,2,8.128253681298844,5.196566068974537,14,2.918629622752059,Optimal,True,Optimal,heuristic,0.0026409249985590577
1,11,387,332,0.9,ILP,0.998,True,0.0,True,1,1.2971997008519018,1.2971997008519018,21,7.42956857373011,Optimal,True,Optimal,heuristic,3.404894097999204
1,11,387,332,0.9,MILP,0.998,False,0.0,True,1,1.1667295037273284,1.1667295037273284,24,7.410452696773303,Optimal,True,Optimal,heuristic,2.8175670609998633
1,11,387,332,0.9,Dijkstra,0.996,False,0.0020000000000000018,False,2,5.794794673844187,4.029836565247209,14,2.918629622752059,Optimal,True,Optimal,heuristic,0.0029518490009650122
1,12,147,391,0.5,ILP,0.9339999999999999,True,0.0,True,33,5.465377036416926,0.9219560357775247,29,2.437092670665622,Optimal,True,Optimal,heuristic,61.406125917998
1,12,147,391,0.5,MILP,0.9339999999999999,True,0.0,True,33,5.465377036416926,0.9219560357775247,29,2.437092670665622,Optimal,True,Optimal,heuristic,2.783514260998345
1,12,147,391,0.5,Dijkstra,0.9339999999999999,True,0.0,True,33,5.465377036416926,0.9219560357775247,29,2.437092670665622,Optimal,True,Optimal,heuristic,0.002990554999996675
1,12,147,391,0.6,ILP,0.98,True,0.0,True,10,1.9210301498930988,0.7375648286220198,29,2.437092670665622,Optimal,True,Optimal,heuristic,24.304102443999
1,12,147,391,0.6,MILP,0.98,True,0.0,True,10,1.9210301498930988,0.7375648286220198,29,2.437092670665622,Optimal,True,Optimal,heuristic,2.8987550890014973
1,12,147,391,0.6,Dijkstra,0.98,True,0.0,True,10,1.9210301498930988,0.7375648286220198,29,2.437092670665622,Optimal,True,Optimal,heuristic,0.0077855170020484366
1,12,147,391,0.7,ILP,0.992,True,0.0,True,4,0.687667407186912,0.5531736214665148,29,2.437092670665622,Optimal,True,Optimal,heuristic,9.550128143997426
1,12,147,391,0.7,MILP,0.992,True,0.0,True,4,0.687667407186912,0.5531736214665148,29,2.437092670665622,Optimal,True,Optimal,heuristic,2.790417004001938
1,12,147,391,0.7,Dijkstra,0.992,True,0.0,True,4,0.687667407186912,0.5531736214665148,29,2.437092670665622,Optimal,True,Optimal,heuristic,0.0071911560007720254
1,12,147,391,0.8,ILP,0.998,True,0.0,True,1,0.3687824143110099,0.3687824143110099,29,2.437092670665622,Optimal,True,Optimal,heuristic,3.383921504002501
1,12,147,391,0.8,MILP,0.998,True,0.0,True,1,0.3687824143110099,0.3687824143110099,29,2.437092670665622,Optimal,True,Optimal,heuristic,2.876816741001676
1,12,147,391,0.8,Dijkstra,0.998,True,0.0,True,1,0.3687824143110099,0.3687824143110099,29,2.437092670665622,Optimal,True,Optimal,heuristic,0.005412908001744654
1,12,147,391,0.9,ILP,0.998,True,0.0,True,1,0.18439120715550494,0.18439120715550494,29,2.437092670665622,Optimal,True,Optimal,heuristic,3.456702375999157
1,12,147,391,0.9,MILP,0.998,True,0.0,True,1,0.18439120715550494,0.18439120715550494,29,2.437092670665622,Optimal,True,Optimal,heuristic,2.886379998999473
1,12,147,391,0.9,Dijkstra,0.998,True,0.0,True,1,0.18439120715550494,0.18439120715550494,29,2.437092670665622,Optimal,True,Optimal,heuristic,0.005785888999525923
1,13,551,535,0.5,ILP,0.944,True,0.0,True,28,34.01609766776495,3.632523129881559,80,5.5599360885570785,Optimal,True,Optimal,heuristic,34.08669015600026
1,13,551,535,0.5,MILP,0.944,True,0.0,True,28,34.01609766776495,3.632523129881559,80,5.5599360885570785,Optimal,True,Optimal,heuristic,2.810054814999603
1,13,551,535,0.5,Dijkstra,0.944,True,0.0,True,28,34.01609766776495,3.632523129881559,80,5.5599360885570785,Optimal,True,Optimal,heuristic,0.005392628998379223
1,13,551,535,0.6,ILP,0.97,True,0.0,True,15,17.854523309283408,2.906018503905246,80,5.5599360885570785,Optimal,True,Optimal,heuristic,31.65230214300027
1,13,551,535,0.6,MILP,0.97,True,0.0,True,15,17.854523309283408,2.906018503905246,80,5.5599360885570785,Optimal,True,Optimal,heuristic,2.805771937000827
1,13,551,535,0.6,Dijkstra,0.97,True,0.0,True,15,17.854523309283408,2.906018503905246,80,5.5599360885570785,Optimal,True,Optimal,heuristic,0.005522536997887073
1,13,551,535,0.7,ILP,0.984,True,0.0,True,8,9.737337277013916,2.179513877928935,80,5.5599360885570785,Optimal,True,Optimal,heuristic,32.91323430600096
1,13,551,535,0.7,MILP,0.984,True,0.0,True,8,9.737337277013916,2.179513877928935,80,5.5599360885570785,Optimal,True,Optimal,heuristic,2.8205308120013797
1,13,551,535,0.7,Dijkstra,0.984,True,0.0,True,8,9.737337277013916,2.179513877928935,80,5.5599360885570785,Optimal,True,Optimal,heuristic,0.0040505559991288465
1,13,551,535,0.8,ILP,0.986,True,0.0,True,7,4.169119939510859,1.4530092519526239,80,5.5599360885570785,Optimal,True,Optimal,heuristic,17.25342927499878
1,13,551,535,0.8,MILP,0.986,True,0.0,True,7,4.169119939510859,1.4530092519526239,80,5.5599360885570785,Optimal,True,Optimal,heuristic,2.9115047630002664
1,13,551,535,0.8,Dijkstra,0.986,True,0.0,True,7,4.169119939510859,1.4530092519526239,80,5.5599360885570785,Optimal,True,Optimal,heuristic,0.005595915998128476
1,13,551,535,0.9,ILP,0.994,True,0.0,True,3,1.4857090018903492,0.7265046259763128,80,5.5599360885570785,Optimal,True,Optimal,heuristic,30.44811790699896
1,13,551,535,0.9,MILP,0.994,False,0.0,True,3,1.485709001890351,0.7265046259763128,80,5.5599360885570785,Optimal,True,Optimal,heuristic,3.103312590999849
1,13,551,535,0.9,Dijkstra,0.994,True,0.0,True,3,1.4857090018903492,0.7265046259763128,80,5.5599360885570785,Optimal,True,Optimal,heuristic,0.011549558999831788
1,14,244,431,0.5,ILP,0.944,True,0.0,True,28,29.24432335863122,5.033353398156171,103,11.535859308121175,Optimal,True,Optimal,heuristic,43.16251625899895
1,14,244,431,0.5,MILP,0.944,True,0.0,True,28,29.24432335863122,5.033353398156171,103,11.535859308121175,Optimal,True,Optimal,heuristic,8.75543247099995
1,14,244,431,0.5,Dijkstra,0.944,True,0.0,True,28,29.24432335863122,5.033353398156171,103,11.535859308121175,Optimal,True,Optimal,heuristic,0.008858794000843773
1,14,244,431,0.6,ILP,0.984,True,0.0,True,8,11.702079634041503,4.026682718524938,103,11.535859308121175,Optimal,True,Optimal,heuristic,24.372379415999603
1,14,244,431,0.6,MILP,0.984,True,0.0,True,8,11.702079634041503,4.026682718524938,103,11.535859308121175,Optimal,True,Optimal,heuristic,5.643433475997881
1,14,244,431,0.6,Dijkstra,0.984,True,0.0,True,8,11.702079634041503,4.026682718524938,103,11.535859308121175,Optimal,True,Optimal,heuristic,0.003952043000026606
1,14,244,431,0.7,ILP,0.992,True,0.0,True,4,5.525023418830681,3.0200120388937037,103,11.535859308121175,Optimal,True,Optimal,heuristic,11.311880918001407
1,14,244,431,0.7,MILP,0.992,True,0.0,True,4,5.525023418830681,3.0200120388937037,103,11.535859308121175,Optimal,True,Optimal,heuristic,4.3715684580020024
1,14,244,431,0.7,Dijkstra,0.992,True,0.0,True,4,5.525023418830681,3.0200120388937037,103,11.535859308121175,Optimal,True,Optimal,heuristic,0.0037270569991960656
1,14,244,431,0.8,ILP,0.996,True,0.0,True,2,2.3398478470111534,2.013341359262469,103,11.535859308121175,Optimal,True,Optimal,heuristic,3.5767669470005785
1,14,244,431,0.8,MILP,0.996,True,0.0,True,2,2.3398478470111534,2.013341359262469,103,11.535859308121175,Optimal,True,Optimal,heuristic,5.110195871999167
1,14,244,431,0.8,Dijkstra,0.996,True,0.0,True,2,2.3398478470111534,2.013341359262469,103,11.535859308121175,Optimal,True,Optimal,heuristic,0.003928472997358767
1,14,244,431,0.9,ILP,0.998,True,0.0,True,1,1.0066706796312346,1.0066706796312346,103,11.535859308121175,Optimal,True,Optimal,heuristic,3.6660987489995023
1,14,244,431,0.9,MILP,0.998,True,0.0,True,1,1.0066706796312346,1.0066706796312346,103,11.535859308121175,Optimal,True,Optimal,heuristic,5.151580672001728
1,14,244,431,0.9,Dijkstra,0.998,True,0.0,True,1,1.0066706796312346,1.0066706796312346,103,11.535859308121175,Optimal,True,Optimal,heuristic,0.004175908001343487
1,15,185,499,0.5,ILP,0.984,True,0.0,True,8,37.61230890905388,13.314302887788957,35,6.08218790297474,Optimal,True,Optimal,heuristic,25.027613550999376
1,15,185,499,0.5,MILP,0.984,False,0.0,True,8,36.785380950574435,13.230397948766951,31,5.978362288363676,Optimal,True,Optimal,heuristic,10.011273586002062
1,15,185,499,0.5,Dijkstra,0.984,False,0.0,True,8,36.785380950574435,13.230397948766951,31,5.978362288363676,Optimal,True,Optimal,heuristic,0.005095443997561233
1,15,185,499,0.6,ILP,0.988,True,0.0,True,6,29.336012075695137,12.184446410280778,33,5.997266397892979,Optimal,True,Optimal,heuristic,16.997137668000505
1,15,185,499,0.6,MILP,0.988,False,0.0,True,6,29.233034962669556,12.168128885334287,31,5.978362288363676,Optimal,True,Optimal,heuristic,9.58922234900092
1,15,185,499,0.6,Dijkstra,0.988,False,0.0,True,6,29.233034962669556,12.168128885334287,31,5.978362288363676,Optimal,True,Optimal,heuristic,0.0033400189968233462
1,15,185,499,0.7,ILP,0.99,True,0.0,True,5,23.06830731721861,11.105859821901625,31,5.978362288363676,Optimal,True,Optimal,heuristic,20.425179150002805
1,15,185,499,0.7,MILP,0.99,False,0.0,True,5,23.06830731721861,11.105859821901625,31,5.978362288363676,Optimal,True,Optimal,heuristic,8.368344456001068
1,15,185,499,0.7,Dijkstra,0.99,True,0.0,True,5,23.06830731721861,11.105859821901625,31,5.978362288363676,Optimal,True,Optimal,heuristic,0.0030511000004480593
1,15,185,499,0.8,ILP,0.992,True,0.0,True,4,18.668019878649844,10.04359075846896,31,5.978362288363676,Optimal,True,Optimal,heuristic,19.198914421001973
1,15,185,499,0.8,MILP,0.968,False,0.02400000000000002,False,16,12.635382220350548,2.1245381268653265,85,10.974417115965272,Optimal,True,Optimal,heuristic,14.676226567000413
1,15,185,499,0.8,Dijkstra,0.992,True,0.0,True,4,18.668019878649844,10.04359075846896,31,5.978362288363676,Optimal,True,Optimal,heuristic,0.0027639749969239347
1,15,185,499,0.9,ILP,0.994,True,0.0,True,3,14.610301013499175,8.981321695036296,31,5.978362288363682,Optimal,True,Optimal,heuristic,19.5742907260028
1,15,185,499,0.9,MILP,0.99,False,0.0040000000000000036,False,5,2.342815519335211,1.0622690634326624,85,10.974417115965272,Optimal,True,Optimal,heuristic,12.458089281000866
1,15,185,499,0.9,Dijkstra,0.994,False,0.0,True,3,14.610301013499164,8.981321695036296,31,5.978362288363676,Optimal,True,Optimal,heuristic,0.010402601001260336
1,16,469,286,0.5,ILP,0.972,True,0.0,True,14,5.831265151565675,1.3796918782384315,49,1.9596933025592311,Optimal,True,Optimal,heuristic,21.623430146999453
1,16,469,286,0.5,MILP,0.972,True,0.0,True,14,5.831265151565675,1.3796918782384315,49,1.9596933025592311,Optimal,True,Optimal,heuristic,2.865432230002625
1,16,469,286,0.5,Dijkstra,0.972,True,0.0,True,14,5.831265151565675,1.3796918782384315,49,1.9596933025592311,Optimal,True,Optimal,heuristic,0.003170150997902965
1,16,469,286,0.6,ILP,0.988,True,0.0,True,6,3.1710321792455782,1.1037535025907452,49,1.9596933025592311,Optimal,True,Optimal,heuristic,10.97465803399973
1,16,469,286,0.6,MILP,0.988,True,0.0,True,6,3.1710321792455782,1.1037535025907452,49,1.9596933025592311,Optimal,True,Optimal,heuristic,2.811595593000675
1,16,469,286,0.6,Dijkstra,0.988,True,0.0,True,6,3.1710321792455782,1.1037535025907452,49,1.9596933025592311,Optimal,True,Optimal,heuristic,0.002971582998725353
1,16,469,286,0.7,ILP,0.992,True,0.0,True,4,1.9095180712933288,0.8278151269430589,49,1.9596933025592311,Optimal,True,Optimal,heuristic,10.096113206000155
1,16,469,286,0.7,MILP,0.992,True,0.0,True,4,1.9095180712933288,0.8278151269430589,49,1.9596933025592311,Optimal,True,Optimal,heuristic,2.867705048996868
1,16,469,286,0.7,Dijkstra,0.992,True,0.0,True,4,1.9095180712933288,0.8278151269430589,49,1.9596933025592311,Optimal,True,Optimal,heuristic,0.0035739940030907746
1,16,469,286,0.8,ILP,0.994,True,0.0,True,3,1.078598431670251,0.5518767512953726,49,1.9596933025592311,Optimal,True,Optimal,heuristic,7.700878311999986
1,16,469,286,0.8,MILP,0.994,True,0.0,True,3,1.078598431670251,0.5518767512953726,49,1.9596933025592311,Optimal,True,Optimal,heuristic,2.881489044000773
1,16,469,286,0.8,Dijkstra,0.994,True,0.0,True,3,1.078598431670251,0.5518767512953726,49,1.9596933025592311,Optimal,True,Optimal,heuristic,0.0033695060010359157
1,16,469,286,0.9,ILP,0.996,True,0.0,True,2,0.34276964973609747,0.2759383756476863,49,1.9596933025592311,Optimal,True,Optimal,heuristic,3.8962500109992106
1,16,469,286,0.9,MILP,0.996,True,0.0,True,2,0.34276964973609747,0.2759383756476863,49,1.9596933025592311,Optimal,True,Optimal,heuristic,2.887627705000341
1,16,469,286,0.9,Dijkstra,0.996,True,0.0,True,2,0.34276964973609747,0.2759383756476863,49,1.9596933025592311,Optimal,True,Optimal,heuristic,0.00822218199755298
1,17,133,83,0.5,ILP,0.928,True,0.0,True,36,40.672626780417524,4.153868601078248,53,5.375318214208379,Optimal,True,Optimal,heuristic,21.040659890000825
1,17,133,83,0.5,MILP,0.928,True,0.0,True,36,40.672626780417524,4.153868601078248,53,5.375318214208379,Optimal,True,Optimal,heuristic,16.45867701300085
1,17,133,83,0.5,Dijkstra,0.928,False,0.0,True,36,42.04205967919375,3.96971028675123,48,5.361390977133195,Optimal,True,Optimal,heuristic,0.003149115997075569
1,17,133,83,0.6,ILP,0.966,True,0.0,True,17,24.78992848759622,3.671546926557978,78,6.09044550093798,Optimal,True,Optimal,heuristic,12.689423802999954
1,17,133,83,0.6,MILP,0.96,False,0.006000000000000005,False,20,18.826128452671043,3.2935410218647423,53,5.376759963700754,Optimal,True,Optimal,heuristic,7.667927377999149
1,17,133,83,0.6,Dijkstra,0.954,False,0.01200000000000001,False,23,18.855376879087224,3.175768229400985,48,5.361390977133195,Optimal,True,Optimal,heuristic,0.0026645700017979834
1,17,133,83,0.7,ILP,0.99,True,0.0,True,5,7.322564452893429,2.3818261720507383,48,5.361390977133195,Optimal,True,Optimal,heuristic,9.562765044000116
1,17,133,83,0.7,MILP,0.99,True,0.0,True,5,7.322564452893429,2.3818261720507383,48,5.361390977133195,Optimal,True,Optimal,heuristic,4.767619827998715
1,17,133,83,0.7,Dijkstra,0.99,True,0.0,True,5,7.322564452893429,2.3818261720507383,48,5.361390977133195,Optimal,True,Optimal,heuristic,0.003329617000417784
1,17,133,83,0.8,ILP,0.992,True,0.0,True,4,3.5137512969144744,1.5878841147004916,48,5.361390977133195,Optimal,True,Optimal,heuristic,11.599285543001315
1,17,133,83,0.8,MILP,0.992,True,0.0,True,4,3.5137512969144744,1.5878841147004916,48,5.361390977133195,Optimal,True,Optimal,heuristic,2.8920257249992574
1,17,133,83,0.8,Dijkstra,0.992,True,0.0,True,4,3.5137512969144744,1.5878841147004916,48,5.361390977133195,Optimal,True,Optimal,heuristic,0.0035334839994902723
1,17,133,83,0.9,ILP,0.996,True,0.0,True,2,1.3164521537300597,0.9781003716772645,53,5.375318214208379,Optimal,True,Optimal,heuristic,4.906682083998021
1,17,133,83,0.9,MILP,0.996,False,0.0,True,2,1.0798727401676054,0.7939420573502467,48,5.361390977133195,Optimal,True,Optimal,heuristic,3.7457437009979913
1,17,133,83,0.9,Dijkstra,0.996,False,0.0,True,2,1.0798727401676054,0.7939420573502467,48,5.361390977133195,Optimal,True,Optimal,heuristic,0.007253347001096699
1,18,333,570,0.5,ILP,0.852,True,0.0,True,74,81.61709063736296,3.9521917413963052,129,9.427635676794395,Optimal,True,Optimal,heuristic,46.525076260997594
1,18,333,570,0.5,MILP,0.852,True,0.0,True,74,81.61709063736296,3.9521917413963052,129,9.427635676794395,Optimal,True,Optimal,heuristic,10.348523381002451
1,18,333,570,0.5,Dijkstra,0.832,False,0.020000000000000018,False,84,119.93443110903823,11.922023588801913,110,9.376375449740797,Optimal,True,Optimal,heuristic,0.004841671001486247
1,18,333,570,0.6,ILP,0.926,True,0.0,True,37,38.11093837089389,3.161753393117044,129,9.427635676794395,Optimal,True,Optimal,heuristic,35.89491873899897
1,18,333,570,0.6,MILP,0.926,True,0.0,True,37,38.11093837089389,3.161753393117044,129,9.427635676794395,Optimal,True,Optimal,heuristic,6.439362345998234
1,18,333,570,0.6,Dijkstra,0.91,False,0.016000000000000014,False,45,70.10325414541373,11.131585240522652,110,9.376375449740797,Optimal,True,Optimal,heuristic,0.006406425000022864
1,18,333,570,0.7,ILP,0.966,True,0.0,True,17,17.751931841334013,2.3713150448377824,129,9.427635676794395,Optimal,True,Optimal,heuristic,33.706840066999575
1,18,333,570,0.7,MILP,0.966,True,0.0,True,17,17.751931841334013,2.3713150448377824,129,9.427635676794395,Optimal,True,Optimal,heuristic,4.292676630000642
1,18,333,570,0.7,Dijkstra,0.958,False,0.008000000000000007,False,21,44.18809606065483,10.34114689224339,110,9.376375449740797,Optimal,True,Optimal,heuristic,0.0037071669976285193
1,18,333,570,0.8,ILP,0.98,True,0.0,True,10,7.897414041059417,1.580876696558521,129,9.427635676794395,Optimal,True,Optimal,heuristic,32.15311164099694
1,18,333,570,0.8,MILP,0.98,True,0.0,True,10,7.897414041059417,1.580876696558521,129,9.427635676794395,Optimal,True,Optimal,heuristic,3.6268338810004934
1,18,333,570,0.8,Dijkstra,0.976,False,0.0040000000000000036,False,12,31.605822200291207,9.550708543964129,110,9.376375449740797,Optimal,True,Optimal,heuristic,0.004383344999951078
1,18,333,570,0.9,ILP,0.992,True,0.0,True,4,2.027165643812353,0.7904383482792596,129,9.427635676794395,Optimal,True,Optimal,heuristic,25.538187060999917
1,18,333,570,0.9,MILP,0.992,True,0.0,True,4,2.027165643812353,0.7904383482792596,129,9.427635676794395,Optimal,True,Optimal,heuristic,4.956865994001419
1,18,333,570,0.9,Dijkstra,0.986,False,0.006000000000000005,False,7,24.298621207478806,8.760270195684868,110,9.376375449740797,Optimal,True,Optimal,heuristic,0.0035600859991973266
1,19,456,509,0.5,ILP,0.8779999984388235,True,0.0,True,62,84.09173183201432,5.854942552554093,135,11.268313902788046,Optimal,True,Optimal,heuristic,63.48546382600034
1,19,456,509,0.5,MILP,0.876,True,0.0019999984388234804,True,62,84.09173183201432,5.854942552554093,135,11.268313902788046,Optimal,True,Optimal,heuristic,25.814352710000094
1,19,456,509,0.5,Dijkstra,0.854,False,0.0239999984388235,False,73,254.80379294392088,17.357944320581506,101,11.03974805753853,Optimal,True,Optimal,heuristic,0.0043430090008769184
1,19,456,509,0.6,ILP,0.952,True,0.0,True,24,39.63175681503874,4.6839540420432755,135,11.268313902788046,Optimal,True,Optimal,heuristic,26.668939461000264
1,19,456,509,0.6,MILP,0.952,True,0.0,True,24,39.63175681503874,4.6839540420432755,135,11.268313902788046,Optimal,True,Optimal,heuristic,25.19734899800096
1,19,456,509,0.6,Dijkstra,0.906,False,0.04599999999999993,False,47,186.26659491814547,16.18695581007069,101,11.03974805753853,Optimal,True,Optimal,heuristic,0.0034129849991586525
1,19,456,509,0.7,ILP,0.976,True,0.0,True,12,20.091561627194064,3.512965531532455,135,11.268313902788046,Optimal,True,Optimal,heuristic,36.577941875999386
1,19,456,509,0.7,MILP,0.976,True,0.0,True,12,20.091561627194064,3.512965531532455,135,11.268313902788046,Optimal,True,Optimal,heuristic,15.692782529000397
1,19,456,509,0.7,Dijkstra,0.944,False,0.03200000000000003,False,28,138.46461187005173,15.015967299559868,101,11.03974805753853,Optimal,True,Optimal,heuristic,0.011375081001460785
1,19,456,509,0.8,ILP,0.986,True,0.0,True,7,7.346438136361851,2.3419770210216377,135,11.268313902788046,Optimal,True,Optimal,heuristic,26.604911632999574
1,19,456,509,0.8,MILP,0.986,True,0.0,True,7,7.346438136361851,2.3419770210216377,135,11.268313902788046,Optimal,True,Optimal,heuristic,15.915183623998018
1,19,456,509,0.8,Dijkstra,0.956,False,0.030000000000000027,False,22,109.03466650084071,13.844978789049051,101,11.03974805753853,Optimal,True,Optimal,heuristic,0.012011005001113517
1,19,456,509,0.9,ILP,0.996,True,0.0,True,2,2.071876054008733,1.170988510510817,135,11.268313902788046,Optimal,True,Optimal,heuristic,11.54776196199964
1,19,456,509,0.9,MILP,0.996,True,0.0,True,2,2.071876054008733,1.170988510510817,135,11.268313902788046,Optimal,True,Optimal,heuristic,8.33711072600272
1,19,456,509,0.9,Dijkstra,0.964,False,0.03200000000000003,False,18,86.11656819721637,12.67399027853823,101,11.03974805753853,Optimal,True,Optimal,heuristic,0.005657059002260212
2,0,145,507,0.5,ILP,0.958,True,0.0,True,21,70.91229116869104,8.146723175815785,115,10.433063275097018,Optimal,True,Optimal,heuristic,29.796253032000095
2,0,145,507,0.5,MILP,0.958,True,0.0,True,21,70.91229116869104,8.146723175815785,115,10.433063275097018,Optimal,True,Optimal,heuristic,32.31692767599816
2,0,145,507,0.5,Dijkstra,0.9359999999999999,False,0.02200000000000002,False,32,126.9410894901479,21.101558520147165,109,10.348993007052322,Optimal,True,Optimal,heuristic,0.009463294001761824
2,0,145,507,0.6,ILP,0.974,True,0.0,True,13,45.050920122237855,6.517378540652626,115,10.433063275097018,Optimal,True,Optimal,heuristic,24.540090451999276
2,0,145,507,0.6,MILP,0.968,False,0.006000000000000005,False,16,42.96429164048908,6.578276972698042,134,10.472590966960531,Optimal,True,Optimal,heuristic,24.670570032998512
2,0,145,507,0.6,Dijkstra,0.962,False,0.01200000000000001,False,19,86.73289504211579,19.472213884984008,109,10.348993007052322,Optimal,True,Optimal,heuristic,0.003971499001636403
2,0,145,507,0.7,ILP,0.982,True,0.0,True,9,28.22771667627587,4.888033905489472,115,10.433063275097018,Optimal,True,Optimal,heuristic,22.307967966000433
2,0,145,507,0.7,MILP,0.982,False,0.0,True,9,22.581565299918665,4.948932337534885,134,10.472590966960531,Optimal,True,Optimal,heuristic,14.632005527000729
2,0,145,507,0.7,Dijkstra,0.968,False,0.014000000000000012,False,16,59.19725174730033,17.84286924982085,109,10.348993007052322,Optimal,True,Optimal,heuristic,0.00961804899998242
2,0,145,507,0.8,ILP,0.99,True,0.0,True,5,12.189115405374789,3.3195877023717273,134,10.472590966960531,Optimal,True,Optimal,heuristic,17.608969131000777
2,0,145,507,0.8,MILP,0.99,False,0.0,True,5,12.189115405374789,3.3195877023717273,134,10.47259096696053,Optimal,True,Optimal,heuristic,4.3001287919978495
2,0,145,507,0.8,Dijkstra,0.98,False,0.010000000000000009,False,10,39.30161869115017,16.213524614657693,109,10.348993007052322,Optimal,True,Optimal,heuristic,0.0038327430011122487
2,0,145,507,0.9,ILP,0.99,True,0.0,True,5,4.0423922295590025,1.69024306720857,134,10.472590966960531,Optimal,True,Optimal,heuristic,21.668844408999576
2,0,145,507,0.9,MILP,0.99,True,0.0,True,5,4.0423922295590025,1.69024306720857,134,10.472590966960531,Optimal,True,Optimal,heuristic,7.80287530699934
2,0,145,507,0.9,Dijkstra,0.986,False,0.0040000000000000036,False,7,25.412067972001118,14.584179979494536,109,10.348993007052322,Optimal,True,Optimal,heuristic,0.003301662000012584
2,1,444,33,0.5,ILP,0.96,True,0.0,True,20,91.34864307347071,24.60963232204956,34,4.7741274589480795,Optimal,True,Optimal,heuristic,14.634459590997722
2,1,444,33,0.5,MILP,0.908,False,0.051999999999999935,False,46,63.005366466305375,4.857906010413451,34,6.143720179406835,Optimal,True,Optimal,heuristic,11.171411437000643
2,1,444,33,0.5,Dijkstra,0.96,True,0.0,True,20,91.34864307347071,24.60963232204956,34,4.7741274589480795,Optimal,True,Optimal,heuristic,0.0027499559982970823
2,1,444,33,0.6,ILP,0.97,True,0.0,True,15,74.67764640709396,23.643770438362534,34,4.7741274589480795,Optimal,True,Optimal,heuristic,22.121770359997754
2,1,444,33,0.6,MILP,0.958,False,0.01200000000000001,False,21,31.109421652719877,3.892044126726425,34,6.143720179406835,Optimal,True,Optimal,heuristic,18.68234161899818
2,1,444,33,0.6,Dijkstra,0.97,True,0.0,True,15,74.67764640709396,23.643770438362534,34,4.7741274589480795,Optimal,True,Optimal,heuristic,0.0023042050015646964
2,1,444,33,0.7,ILP,0.976,True,0.0,True,12,62.333247496171296,22.67790855467551,34,4.7741274589480795,Optimal,True,Optimal,heuristic,22.470822096998745
2,1,444,33,0.7,MILP,0.976,False,0.0,True,12,16.15958911936358,2.926182243039401,34,6.143720179406835,Optimal,True,Optimal,heuristic,15.481714075001946
2,1,444,33,0.7,Dijkstra,0.976,True,0.0,True,12,62.333247496171296,22.67790855467551,34,4.7741274589480795,Optimal,True,Optimal,heuristic,0.0026657560010789894
2,1,444,33,0.8,ILP,0.986,True,0.0,True,7,6.550486106555539,1.9603203593523748,34,6.143720179406835,Optimal,True,Optimal,heuristic,15.387354390000837
2,1,444,33,0.8,MILP,0.984,False,0.0020000000000000018,False,8,6.248713102802558,1.9317237673740504,41,6.163080308600505,Optimal,True,Optimal,heuristic,10.407383182999183
2,1,444,33,0.8,Dijkstra,0.982,False,0.0040000000000000036,False,9,52.142114749189794,21.712046670988485,34,4.7741274589480795,Optimal,True,Optimal,heuristic,0.002498922000086168
2,1,444,33,0.9,ILP,0.996,True,0.0,True,2,1.2505314676498696,0.9737214854887473,43,6.172904830304583,Optimal,True,Optimal,heuristic,24.172856129000138
2,1,444,33,0.9,MILP,0.996,False,0.0,True,2,1.2344467968377515,0.9658618836870243,41,6.163080308600505,Optimal,True,Optimal,heuristic,9.7910682239999
2,1,444,33,0.9,Dijkstra,0.988,False,0.008000000000000007,False,6,44.83608017807059,20.74618478730146,34,4.7741274589480795,Optimal,True,Optimal,heuristic,0.00258460099939839
2,2,143,467,0.5,ILP,0.988,True,0.0,True,6,5.262820954295797,2.833997115002381,52,3.9080891708867993,Optimal,True,Optimal,heuristic,18.158412590000808
2,2,143,467,0.5,MILP,0.988,False,0.0,True,6,4.83305502564275,2.7364262863053845,50,3.8330259015638313,Optimal,True,Optimal,heuristic,6.626312329997745
2,2,143,467,0.5,Dijkstra,0.988,False,0.0,True,6,4.83305502564275,2.7364262863053845,50,3.8330259015638313,Optimal,True,Optimal,heuristic,0.0052186940010869876
2,2,143,467,0.6,ILP,0.994,True,0.0,True,3,3.3791071468840563,2.3726322922409864,52,3.8651076458447404,Optimal,True,Optimal,heuristic,30.033968460000324
2,2,143,467,0.6,MILP,0.994,False,0.0,True,3,3.286136695309292,2.3349895248592443,50,3.8330259015638313,Optimal,True,Optimal,heuristic,8.696092512996984
2,2,143,467,0.6,Dijkstra,0.994,False,0.0,True,3,3.286136695309292,2.3349895248592443,50,3.8330259015638313,Optimal,True,Optimal,heuristic,0.0037901180003245827
2,2,143,467,0.7,ILP,0.996,True,0.0,True,2,2.4427859640763003,2.0083385768077795,54,3.86496166468399,Optimal,True,Optimal,heuristic,18.959460111000226
2,2,143,467,0.7,MILP,0.996,True,0.0,True,2,2.4427859640763003,2.0083385768077795,54,3.86496166468399,Optimal,True,Optimal,heuristic,10.556936649998534
2,2,143,467,0.7,Dijkstra,0.996,False,0.0,True,2,2.4793254669440827,1.9335527634131031,50,3.8330259015638313,Optimal,True,Optimal,heuristic,0.004774018998432439
2,2,143,467,0.8,ILP,0.996,True,0.0,True,2,1.639912441184018,1.6069018153616383,54,3.86496166468399,Optimal,True,Optimal,heuristic,11.019498625999404
2,2,143,467,0.8,MILP,0.992,False,0.0040000000000000036,False,4,1.1113843642305934,0.8028735228922823,91,5.196735649328659,Optimal,True,Optimal,heuristic,16.10262556700036
2,2,143,467,0.8,Dijkstra,0.996,False,0.0,True,2,1.6764519440518004,1.532116001966962,50,3.8330259015638313,Optimal,True,Optimal,heuristic,0.003019006002432434
2,2,143,467,0.9,ILP,0.998,True,0.0,True,1,0.48277142806231677,0.48277142806231677,95,5.319255039740015,Optimal,True,Optimal,heuristic,11.078654847002326
2,2,143,467,0.9,MILP,0.998,False,0.0,True,1,0.40143676144614115,0.40143676144614115,91,5.196735649328659,Optimal,True,Optimal,heuristic,9.557316055001138
2,2,143,467,0.9,Dijkstra,0.998,False,0.0,True,1,1.1306792405208208,1.1306792405208208,50,3.8330259015638313,Optimal,True,Optimal,heuristic,0.003454916997725377
2,3,204,148,0.5,ILP,0.8260000000000001,True,0.0,True,87,76.49524985612024,3.444324282203919,45,7.53948291372889,Optimal,True,Optimal,heuristic,55.247787290001725
2,3,204,148,0.5,MILP,0.8260000000000001,True,0.0,True,87,76.49524985612024,3.444324282203919,45,7.53948291372889,Optimal,True,Optimal,heuristic,2.9804285549980705
2,3,204,148,0.5,Dijkstra,0.8260000000000001,True,0.0,True,87,76.49524985612024,3.444324282203919,45,7.53948291372889,Optimal,True,Optimal,heuristic,0.04311759099800838
2,3,204,148,0.6,ILP,0.922,True,0.0,True,39,35.98901241429778,2.755459425763135,45,7.53948291372889,Optimal,True,Optimal,heuristic,35.038621119998425
2,3,204,148,0.6,MILP,0.922,True,0.0,True,39,35.98901241429778,2.755459425763135,45,7.53948291372889,Optimal,True,Optimal,heuristic,2.907613436000247
2,3,204,148,0.6,Dijkstra,0.922,True,0.0,True,39,35.98901241429778,2.755459425763135,45,7.53948291372889,Optimal,True,Optimal,heuristic,0.00693731100182049
2,3,204,148,0.7,ILP,0.962,True,0.0,True,19,17.96204574831793,2.0665945693223513,45,7.53948291372889,Optimal,True,Optimal,heuristic,27.32832585200231
2,3,204,148,0.7,MILP,0.962,True,0.0,True,19,17.96204574831793,2.0665945693223513,45,7.53948291372889,Optimal,True,Optimal,heuristic,2.8736654079984874
2,3,204,148,0.7,Dijkstra,0.962,True,0.0,True,19,17.96204574831793,2.0665945693223513,45,7.53948291372889,Optimal,True,Optimal,heuristic,0.013364631002332317
2,3,204,148,0.8,ILP,0.978,True,0.0,True,11,8.140586782026508,1.3777297128815675,45,7.53948291372889,Optimal,True,Optimal,heuristic,24.303235004997987
2,3,204,148,0.8,MILP,0.978,True,0.0,True,11,8.140586782026508,1.3777297128815675,45,7.53948291372889,Optimal,True,Optimal,heuristic,2.873521797002468
2,3,204,148,0.8,Dijkstra,0.978,True,0.0,True,11,8.140586782026508,1.3777297128815675,45,7.53948291372889,Optimal,True,Optimal,heuristic,0.04708996499903151
2,3,204,148,0.9,ILP,0.988,True,0.0,True,6,1.897913678128539,0.6888648564407838,45,7.53948291372889,Optimal,True,Optimal,heuristic,15.821728060000169
2,3,204,148,0.9,MILP,0.988,True,0.0,True,6,1.897913678128539,0.6888648564407838,45,7.53948291372889,Optimal,True,Optimal,heuristic,2.8576561929985473
2,3,204,148,0.9,Dijkstra,0.988,True,0.0,True,6,1.897913678128539,0.6888648564407838,45,7.53948291372889,Optimal,True,Optimal,heuristic,0.0035383960021135863
2,4,377,86,0.5,ILP,0.958,True,0.0,True,21,65.73446515827584,21.37068517486331,31,5.500672609309756,Optimal,True,Optimal,heuristic,20.40791623000041
2,4,377,86,0.5,MILP,0.952,False,0.006000000000000005,False,24,37.59052076485182,5.001930831238598,10,5.95459440760875,Optimal,True,Optimal,heuristic,10.91248215500309
2,4,377,86,0.5,Dijkstra,0.958,False,0.0,True,21,65.73446515827584,21.37068517486331,31,5.500672609309756,Optimal,True,Optimal,heuristic,0.0026312039990443736
2,4,377,86,0.6,ILP,0.976,True,0.0,True,12,54.22034538316183,20.631336145473888,35,5.5683616762692525,Optimal,True,Optimal,heuristic,19.95510391300195
2,4,377,86,0.6,MILP,0.972,False,0.0040000000000000036,False,14,23.880422581438864,4.239298701462895,10,5.95459440760875,Optimal,True,Optimal,heuristic,17.228708681999706
2,4,377,86,0.6,Dijkstra,0.976,False,0.0,True,12,53.74717654664843,20.60805304508761,31,5.500672609309756,Optimal,True,Optimal,heuristic,0.004716438001196366
2,4,377,86,0.7,ILP,0.984,True,0.0,True,8,45.043932949205185,19.792097778678645,25,5.806667140541648,Optimal,True,Optimal,heuristic,20.6865738589986
2,4,377,86,0.7,MILP,0.976,False,0.008000000000000007,False,12,10.080509900398843,2.287896389327111,88,7.89132765377178,Optimal,True,Optimal,heuristic,11.39152059999833
2,4,377,86,0.7,Dijkstra,0.982,False,0.0020000000000000018,False,9,46.1373284761484,19.845420915311905,31,5.500672609309756,Optimal,True,Optimal,heuristic,0.0038153700006660074
2,4,377,86,0.8,ILP,0.992,True,0.0,True,4,3.300805832747903,1.525264259551406,88,7.89132765377178,Optimal,True,Optimal,heuristic,15.713940728001035
2,4,377,86,0.8,MILP,0.992,True,0.0,True,4,3.300805832747903,1.525264259551406,88,7.89132765377178,Optimal,True,Optimal,heuristic,13.589867539001716
2,4,377,86,0.8,Dijkstra,0.984,False,0.008000000000000007,False,8,39.64225929991837,19.0827887855362,31,5.500672609309756,Optimal,True,Optimal,heuristic,0.0034958090000145603
2,4,377,86,0.9,ILP,0.996,True,0.0,True,2,2.3153118790482274,1.1958055938014365,98,8.325297169672377,Optimal,True,Optimal,heuristic,11.952040545998898
2,4,377,86,0.9,MILP,0.996,False,0.0,True,2,1.4091182299388016,0.762632129775703,88,7.89132765377178,Optimal,True,Optimal,heuristic,14.297147051998763
2,4,377,86,0.9,Dijkstra,0.99,False,0.006000000000000005,False,5,35.646689814414074,18.320156655760496,31,5.500672609309756,Optimal,True,Optimal,heuristic,0.003267082000093069
2,5,478,513,0.5,ILP,0.972,True,0.0,True,14,6.0196898185731005,1.3031499437224774,26,1.1455093563647114,Optimal,True,Optimal,heuristic,21.856469313999696
2,5,478,513,0.5,MILP,0.972,True,0.0,True,14,6.0196898185731005,1.3031499437224774,26,1.1455093563647114,Optimal,True,Optimal,heuristic,2.9944183789993986
2,5,478,513,0.5,Dijkstra,0.972,True,0.0,True,14,6.0196898185731005,1.3031499437224774,26,1.1455093563647114,Optimal,True,Optimal,heuristic,0.010589453002467053
2,5,478,513,0.6,ILP,0.984,True,0.0,True,8,3.1807821244308148,1.042519954977982,26,1.1455093563647114,Optimal,True,Optimal,heuristic,6.915903102999437
2,5,478,513,0.6,MILP,0.984,True,0.0,True,8,3.1807821244308148,1.042519954977982,26,1.1455093563647114,Optimal,True,Optimal,heuristic,2.922822480999457
2,5,478,513,0.6,Dijkstra,0.984,True,0.0,True,8,3.1807821244308148,1.042519954977982,26,1.1455093563647114,Optimal,True,Optimal,heuristic,0.0027791390020865947
2,5,478,513,0.7,ILP,0.992,True,0.0,True,4,1.6633833828005664,0.7818899662334866,26,1.1455093563647114,Optimal,True,Optimal,heuristic,7.192307348002942
2,5,478,513,0.7,MILP,0.992,True,0.0,True,4,1.6633833828005664,0.7818899662334866,26,1.1455093563647114,Optimal,True,Optimal,heuristic,2.835080561002542
2,5,478,513,0.7,Dijkstra,0.992,True,0.0,True,4,1.6633833828005664,0.7818899662334866,26,1.1455093563647114,Optimal,True,Optimal,heuristic,0.003792591000092216
2,5,478,513,0.8,ILP,0.996,True,0.0,True,2,0.7823626944876492,0.5212599774889908,26,1.1455093563647114,Optimal,True,Optimal,heuristic,3.78326499099785
2,5,478,513,0.8,MILP,0.996,True,0.0,True,2,0.7823626944876492,0.5212599774889908,26,1.1455093563647114,Optimal,True,Optimal,heuristic,2.8377589250012534
2,5,478,513,0.8,Dijkstra,0.996,True,0.0,True,2,0.7823626944876492,0.5212599774889908,26,1.1455093563647114,Optimal,True,Optimal,heuristic,0.0028880979989480693
2,5,478,513,0.9,ILP,0.996,True,0.0,True,2,0.2611027169986584,0.2606299887444954,26,1.1455093563647114,Optimal,True,Optimal,heuristic,5.319927604999975
2,5,478,513,0.9,MILP,0.996,True,0.0,True,2,0.2611027169986584,0.2606299887444954,26,1.1455093563647114,Optimal,True,Optimal,heuristic,2.877610003000882
2,5,478,513,0.9,Dijkstra,0.996,True,0.0,True,2,0.2611027169986584,0.2606299887444954,26,1.1455093563647114,Optimal,True,Optimal,heuristic,0.004719570999441203
2,6,37,166,0.5,ILP,0.962,True,0.0,True,19,63.76184769662286,8.371823525327136,70,6.582942190946526,Optimal,True,Optimal,heuristic,26.355998367998836
2,6,37,166,0.5,MILP,0.962,True,0.0,True,19,63.76184769662286,8.371823525327136,70,6.582942190946526,Optimal,True,Optimal,heuristic,15.7450530970018
2,6,37,166,0.5,Dijkstra,0.962,True,0.0,True,19,63.76184769662286,8.371823525327136,70,6.582942190946526,Optimal,True,Optimal,heuristic,0.003270355002314318
2,6,37,166,0.6,ILP,0.978,True,0.0,True,11,38.67551642027301,6.6974588202617085,70,6.582942190946526,Optimal,True,Optimal,heuristic,21.35444357799861
2,6,37,166,0.6,MILP,0.978,True,0.0,True,11,38.67551642027301,6.6974588202617085,70,6.582942190946526,Optimal,True,Optimal,heuristic,15.003353885000251
2,6,37,166,0.6,Dijkstra,0.978,True,0.0,True,11,38.67551642027301,6.6974588202617085,70,6.582942190946526,Optimal,True,Optimal,heuristic,0.0037322419993870426
2,6,37,166,0.7,ILP,0.984,True,0.0,True,8,22.091554371349602,5.023094115196281,70,6.582942190946526,Optimal,True,Optimal,heuristic,14.22120196600008
2,6,37,166,0.7,MILP,0.984,True,0.0,True,8,22.091554371349602,5.023094115196281,70,6.582942190946526,Optimal,True,Optimal,heuristic,3.190220774999034
2,6,37,166,0.7,Dijkstra,0.984,True,0.0,True,8,22.091554371349602,5.023094115196281,70,6.582942190946526,Optimal,True,Optimal,heuristic,0.0034667860018089414
2,6,37,166,0.8,ILP,0.99,True,0.0,True,5,12.286387520194683,3.3487294101308542,70,6.582942190946526,Optimal,True,Optimal,heuristic,17.79097104900211
2,6,37,166,0.8,MILP,0.99,True,0.0,True,5,12.286387520194683,3.3487294101308542,70,6.582942190946526,Optimal,True,Optimal,heuristic,3.7877357229990594
2,6,37,166,0.8,Dijkstra,0.99,True,0.0,True,5,12.286387520194683,3.3487294101308542,70,6.582942190946526,Optimal,True,Optimal,heuristic,0.005223181000474142
2,6,37,166,0.9,ILP,0.992,True,0.0,True,4,4.745271002109639,1.6743647050654253,70,6.582942190946526,Optimal,True,Optimal,heuristic,28.71932657200159
2,6,37,166,0.9,MILP,0.992,True,0.0,True,4,4.745271002109639,1.6743647050654253,70,6.582942190946526,Optimal,True,Optimal,heuristic,4.130747531999077
2,6,37,166,0.9,Dijkstra,0.992,True,0.0,True,4,4.745271002109639,1.6743647050654253,70,6.582942190946526,Optimal,True,Optimal,heuristic,0.0032774389983387664
2,7,362,294,0.5,ILP,0.954,True,0.0,True,23,54.097316037859706,28.325048982855165,39,2.3243152424244427,Optimal,True,Optimal,heuristic,21.823512962000677
2,7,362,294,0.5,MILP,0.698,False,0.256,False,151,43.64699737208744,0.9512905779861738,58,4.096605832585804,Optimal,True,Optimal,heuristic,6.21743486899868
2,7,362,294,0.5,Dijkstra,0.954,False,0.0,True,23,54.0973160378597,28.325048982855165,39,2.3243152424244427,Optimal,True,Optimal,heuristic,0.0033733739983290434
2,7,362,294,0.6,ILP,0.958,True,0.0,True,21,49.840189721175946,28.134790867257927,39,2.3243152424244427,Optimal,True,Optimal,heuristic,20.074257264001062
2,7,362,294,0.6,MILP,0.832,False,0.126,False,84,21.20467037615981,0.7610324623889388,58,4.096605832585804,Optimal,True,Optimal,heuristic,7.519065219999902
2,7,362,294,0.6,Dijkstra,0.958,True,0.0,True,21,49.840189721175946,28.134790867257927,39,2.3243152424244427,Optimal,True,Optimal,heuristic,0.006526274999487214
2,7,362,294,0.7,ILP,0.962,True,0.0,True,19,47.59866838844911,28.000187279488046,43,2.3950604923034975,Optimal,True,Optimal,heuristic,35.710164120002446
2,7,362,294,0.7,MILP,0.92,False,0.041999999999999926,False,40,9.380796623939776,0.5707743467917048,58,4.096605832585804,Optimal,True,Optimal,heuristic,9.405487959000311
2,7,362,294,0.7,Dijkstra,0.962,False,0.0,True,19,46.21998713810041,27.944532751660695,39,2.3243152424244427,Optimal,True,Optimal,heuristic,0.0024807879999571014
2,7,362,294,0.8,ILP,0.968,True,0.0,True,16,42.942187857769724,27.754274636063457,39,2.3243152424244427,Optimal,True,Optimal,heuristic,28.898731955003313
2,7,362,294,0.8,MILP,0.958,False,0.010000000000000009,False,21,3.628150998126422,0.380516231194469,58,4.096605832585804,Optimal,True,Optimal,heuristic,5.75906901900089
2,7,362,294,0.8,Dijkstra,0.968,False,0.0,True,16,42.942187857769724,27.754274636063457,39,2.3243152424244427,Optimal,True,Optimal,heuristic,0.004724051999801304
2,7,362,294,0.9,ILP,0.982,True,0.0,True,9,0.8551214301974976,0.19025811559723493,58,4.096605832585804,Optimal,True,Optimal,heuristic,16.447372328999336
2,7,362,294,0.9,MILP,0.982,True,0.0,True,9,0.8551214301974976,0.19025811559723493,58,4.096605832585804,Optimal,True,Optimal,heuristic,4.588191620998259
2,7,362,294,0.9,Dijkstra,0.974,False,0.008000000000000007,False,13,40.20222490007128,27.564016520466225,39,2.3243152424244427,Optimal,True,Optimal,heuristic,0.0024877920004655607
2,8,195,60,0.5,ILP,0.984,True,0.0,True,8,29.178347058513644,8.31407461272724,140,8.531455910401302,Optimal,True,Optimal,heuristic,25.909518830001616
2,8,195,60,0.5,MILP,0.982,False,0.0020000000000000018,False,9,27.622281903983676,8.079824780731702,115,8.342404258734163,Optimal,True,Optimal,heuristic,9.805463363001763
2,8,195,60,0.5,Dijkstra,0.98,False,0.0040000000000000036,False,10,47.37577751395133,18.65808030254219,85,6.907897819369689,Optimal,True,Optimal,heuristic,0.0038695969997206703
2,8,195,60,0.6,ILP,0.992,True,0.0,True,4,16.32659243355114,6.463859824585361,115,8.342404258734163,Optimal,True,Optimal,heuristic,18.40382708099787
2,8,195,60,0.6,MILP,0.992,False,0.0,True,4,16.326592433551145,6.463859824585361,114,8.342404258734165,Optimal,True,Optimal,heuristic,9.03018802799852
2,8,195,60,0.6,Dijkstra,0.988,False,0.0040000000000000036,False,6,34.76166002822967,17.042115346395846,85,6.907897819369689,Optimal,True,Optimal,heuristic,0.003887496000970714
2,8,195,60,0.7,ILP,0.994,True,0.0,True,3,10.271386020528055,4.847894868439024,115,8.342404258734163,Optimal,True,Optimal,heuristic,27.062143172002834
2,8,195,60,0.7,MILP,0.994,True,0.0,True,3,10.271386020528055,4.847894868439024,115,8.342404258734163,Optimal,True,Optimal,heuristic,9.174545571000635
2,8,195,60,0.7,Dijkstra,0.992,False,0.0020000000000000018,False,4,27.22234902246796,15.42615039024951,85,6.907897819369689,Optimal,True,Optimal,heuristic,0.007803569998941384
2,8,195,60,0.8,ILP,0.996,True,0.0,True,2,6.598568782700735,3.3439304666941503,140,8.436339927719397,Optimal,True,Optimal,heuristic,8.462725381999917
2,8,195,60,0.8,MILP,0.996,False,0.0,True,2,6.091463808184372,3.2319299122926743,114,8.342404258734172,Optimal,True,Optimal,heuristic,11.816594289000932
2,8,195,60,0.8,Dijkstra,0.992,False,0.0040000000000000036,False,4,20.75848919788259,13.810185434103168,85,6.907897819369689,Optimal,True,Optimal,heuristic,0.008830130002024816
2,8,195,60,0.9,ILP,0.996,True,0.0,True,2,3.2573464815972137,1.6768633881917445,134,8.381931950597677,Optimal,True,Optimal,heuristic,7.764580557002773
2,8,195,60,0.9,MILP,0.996,False,0.0,True,2,2.8595338958916976,1.615964956146339,115,8.342404258734163,Optimal,True,Optimal,heuristic,5.63933663699936
2,8,195,60,0.9,Dijkstra,0.996,False,0.0,True,2,16.143240354982794,12.194220477956826,85,6.907897819369689,Optimal,True,Optimal,heuristic,0.004032197000924498
2,9,510,438,0.5,ILP,0.95,True,0.0,True,25,6.169118774077031,1.1429002991119752,45,2.786048108191476,Optimal,True,Optimal,heuristic,33.47826511599851
2,9,510,438,0.5,MILP,0.95,True,0.0,True,25,6.169118774077031,1.1429002991119752,45,2.786048108191476,Optimal,True,Optimal,heuristic,3.832215725000424
2,9,510,438,0.5,Dijkstra,0.95,True,0.0,True,25,6.169118774077031,1.1429002991119752,45,2.786048108191476,Optimal,True,Optimal,heuristic,0.003936707002139883
2,9,510,438,0.6,ILP,0.984,True,0.0,True,8,2.800148514216444,0.9143202392895802,45,2.786048108191476,Optimal,True,Optimal,heuristic,28.644820069999696
2,9,510,438,0.6,MILP,0.98,False,0.0040000000000000036,False,10,2.7870760692672047,1.0837666286408147,49,2.8022344310831495,Optimal,True,Optimal,heuristic,3.1746963580008014
2,9,510,438,0.6,Dijkstra,0.984,True,0.0,True,8,2.800148514216444,0.9143202392895802,45,2.786048108191476,Optimal,True,Optimal,heuristic,0.006505176999780815
2,9,510,438,0.7,ILP,0.992,True,0.0,True,4,1.2633422537895211,0.8551865688184206,50,2.8022344310831495,Optimal,True,Optimal,heuristic,23.552047311000933
2,9,510,438,0.7,MILP,0.992,True,0.0,True,4,1.2633422537895211,0.8551865688184206,50,2.8022344310831495,Optimal,True,Optimal,heuristic,3.850750199999311
2,9,510,438,0.7,Dijkstra,0.992,False,0.0,True,4,1.345832888822966,0.6857401794671851,45,2.786048108191476,Optimal,True,Optimal,heuristic,0.003978484997787746
2,9,510,438,0.8,ILP,0.998,True,0.0,True,1,0.6266065089960247,0.6266065089960247,49,2.8022344310831495,Optimal,True,Optimal,heuristic,7.517087670999899
2,9,510,438,0.8,MILP,0.996,False,0.0020000000000000018,False,2,0.4805417006759045,0.4571601196447901,45,2.786048108191476,Optimal,True,Optimal,heuristic,3.1378087419980147
2,9,510,438,0.8,Dijkstra,0.996,False,0.0020000000000000018,False,2,0.4805417006759045,0.4571601196447901,45,2.786048108191476,Optimal,True,Optimal,heuristic,0.0029196940013207495
2,9,510,438,0.9,ILP,0.998,True,0.0,True,1,0.22858005982239504,0.22858005982239504,45,2.786048108191476,Optimal,True,Optimal,heuristic,3.547536078000121
2,9,510,438,0.9,MILP,0.998,True,0.0,True,1,0.22858005982239504,0.22858005982239504,45,2.786048108191476,Optimal,True,Optimal,heuristic,3.7271174720008275
2,9,510,438,0.9,Dijkstra,0.998,True,0.0,True,1,0.22858005982239504,0.22858005982239504,45,2.786048108191476,Optimal,True,Optimal,heuristic,0.004046255999128334
2,10,310,532,0.5,ILP,0.968,True,0.0,True,16,48.79979111850378,27.99762530627192,42,2.6229021818504976,Optimal,True,Optimal,heuristic,19.83545240300009
2,10,310,532,0.5,MILP,0.964,False,0.0040000000000000036,False,18,21.002645226871422,3.510593216580558,39,2.8472502240266,Optimal,True,Optimal,heuristic,16.81139651200283
2,10,310,532,0.5,Dijkstra,0.968,True,0.0,True,16,48.79979111850378,27.99762530627192,42,2.6229021818504976,Optimal,True,Optimal,heuristic,0.010285143998771673
2,10,310,532,0.6,ILP,0.982,True,0.0,True,9,12.074346619316177,2.808474573264447,39,2.8472502240266,Optimal,True,Optimal,heuristic,38.54958459900081
2,10,310,532,0.6,MILP,0.982,True,0.0,True,9,12.074346619316177,2.808474573264447,39,2.8472502240266,Optimal,True,Optimal,heuristic,13.348279370002274
2,10,310,532,0.6,Dijkstra,0.98,False,0.0020000000000000018,False,10,39.7222154362197,27.29550666295581,42,2.6229021818504976,Optimal,True,Optimal,heuristic,0.01898272299877135
2,10,310,532,0.7,ILP,0.988,True,0.0,True,6,6.472216217346093,2.106355929948335,39,2.8472502240266,Optimal,True,Optimal,heuristic,31.311555914002383
2,10,310,532,0.7,MILP,0.988,True,0.0,True,6,6.472216217346093,2.106355929948335,39,2.8472502240266,Optimal,True,Optimal,heuristic,9.126639321999392
2,10,310,532,0.7,Dijkstra,0.988,False,0.0,True,6,33.70020578630311,26.593388019639697,42,2.6229021818504976,Optimal,True,Optimal,heuristic,0.004449033000128111
2,10,310,532,0.8,ILP,0.992,True,0.0,True,4,3.1841993524159005,1.4264625068623955,41,2.8710511921863495,Optimal,True,Optimal,heuristic,34.30204781900102
2,10,310,532,0.8,MILP,0.992,False,0.0,True,4,3.088451217165712,1.404237286632223,39,2.8472502240266,Optimal,True,Optimal,heuristic,11.912099913999555
2,10,310,532,0.8,Dijkstra,0.992,False,0.0,True,4,30.68257036661239,25.891269376323585,42,2.6229021818504976,Optimal,True,Optimal,heuristic,0.003944615000364138
2,10,310,532,0.9,ILP,0.996,True,0.0,True,2,1.1569297254219162,0.8019390300798275,41,2.9551272779712607,Optimal,True,Optimal,heuristic,26.375919848000194
2,10,310,532,0.9,MILP,0.996,False,0.0,True,2,1.0266814540721487,0.702118643316112,39,2.8472502240266,Optimal,True,Optimal,heuristic,14.743074519999936
2,10,310,532,0.9,Dijkstra,0.992,False,0.0040000000000000036,False,4,27.874095793347948,25.189150733007473,42,2.6229021818504976,Optimal,True,Optimal,heuristic,0.004942004001350142
2,11,387,332,0.5,ILP,0.996,True,0.0,True,2,21.526184508297007,19.374489009684165,14,2.786677350586048,Optimal,True,Optimal,heuristic,3.726740261998202
2,11,387,332,0.5,MILP,0.996,False,0.0,True,2,21.526184508297007,19.374489009684165,14,2.786677350586048,Optimal,True,Optimal,heuristic,3.4597474630027136
2,11,387,332,0.5,Dijkstra,0.996,True,0.0,True,2,21.526184508297007,19.374489009684165,14,2.786677350586048,Optimal,True,Optimal,heuristic,0.0032241180015262216
2,11,387,332,0.6,ILP,0.996,True,0.0,True,2,17.911334529018582,17.567064020044953,14,2.786677350586048,Optimal,True,Optimal,heuristic,3.9268492750015866
2,11,387,332,0.6,MILP,0.996,True,0.0,True,2,17.911334529018582,17.567064020044953,14,2.786677350586048,Optimal,True,Optimal,heuristic,6.955689228998381
2,11,387,332,0.6,Dijkstra,0.996,True,0.0,True,2,17.911334529018582,17.567064020044953,14,2.786677350586048,Optimal,True,Optimal,heuristic,0.008373870001378236
2,11,387,332,0.7,ILP,0.998,True,0.0,True,1,15.75963903040574,15.75963903040574,14,2.786677350586048,Optimal,True,Optimal,heuristic,3.786955398001737
2,11,387,332,0.7,MILP,0.998,True,0.0,True,1,15.75963903040574,15.75963903040574,14,2.786677350586048,Optimal,True,Optimal,heuristic,6.6905116669986455
2,11,387,332,0.7,Dijkstra,0.998,True,0.0,True,1,15.75963903040574,15.75963903040574,14,2.786677350586048,Optimal,True,Optimal,heuristic,0.008020376997592393
2,11,387,332,0.8,ILP,0.998,True,0.0,True,1,13.952214040766528,13.952214040766528,14,2.786677350586048,Optimal,True,Optimal,heuristic,4.008784904999629
2,11,387,332,0.8,MILP,0.99,False,0.008000000000000007,False,5,11.498835717615329,3.614849979278425,24,7.6115632375836375,Optimal,True,Optimal,heuristic,2.9900080469997192
2,11,387,332,0.8,Dijkstra,0.998,True,0.0,True,1,13.952214040766528,13.952214040766528,14,2.786677350586048,Optimal,True,Optimal,heuristic,0.0033207730011781678
2,11,387,332,0.9,ILP,0.998,True,0.0,True,1,13.071947878606796,13.071947878606796,42,4.332456289980935,Optimal,True,Optimal,heuristic,10.080237105998094
2,11,387,332,0.9,MILP,0.994,False,0.0040000000000000036,False,3,4.1666946637735265,1.807424989639209,23,7.611563237583637,Optimal,True,Optimal,heuristic,3.2435402599985537
2,11,387,332,0.9,Dijkstra,0.998,False,0.0,True,1,12.144789051127315,12.144789051127315,14,2.786677350586048,Optimal,True,Optimal,heuristic,0.0035001420001208317
2,12,147,391,0.5,ILP,0.792,True,0.0,True,104,19.731575235397223,0.7975913674672666,29,2.425762816324977,Optimal,True,Optimal,heuristic,63.785128024002915
2,12,147,391,0.5,MILP,0.792,True,0.0,True,104,19.731575235397223,0.7975913674672666,29,2.425762816324977,Optimal,True,Optimal,heuristic,2.9718820140005846
2,12,147,391,0.5,Dijkstra,0.792,True,0.0,True,104,19.731575235397223,0.7975913674672666,29,2.425762816324977,Optimal,True,Optimal,heuristic,0.003828002998488955
2,12,147,391,0.6,ILP,0.904,True,0.0,True,48,7.809963900191103,0.6380730939738135,29,2.425762816324977,Optimal,True,Optimal,heuristic,39.66587185800017
2,12,147,391,0.6,MILP,0.904,True,0.0,True,48,7.809963900191103,0.6380730939738135,29,2.425762816324977,Optimal,True,Optimal,heuristic,2.8628803610008617
2,12,147,391,0.6,Dijkstra,0.904,True,0.0,True,48,7.809963900191103,0.6380730939738135,29,2.425762816324977,Optimal,True,Optimal,heuristic,0.0027884640003321692
2,12,147,391,0.7,ILP,0.966,True,0.0,True,17,2.982029220268764,0.47855482048036,29,2.425762816324977,Optimal,True,Optimal,heuristic,22.087066538999352
2,12,147,391,0.7,MILP,0.966,True,0.0,True,17,2.982029220268764,0.47855482048036,29,2.425762816324977,Optimal,True,Optimal,heuristic,2.8353025860014895
2,12,147,391,0.7,Dijkstra,0.966,True,0.0,True,17,2.982029220268764,0.47855482048036,29,2.425762816324977,Optimal,True,Optimal,heuristic,0.0048549419989285525
2,12,147,391,0.8,ILP,0.988,True,0.0,True,6,1.1666915543640686,0.31903654698690653,29,2.425762816324977,Optimal,True,Optimal,heuristic,14.868173296999885
2,12,147,391,0.8,MILP,0.988,True,0.0,True,6,1.1666915543640686,0.31903654698690653,29,2.425762816324977,Optimal,True,Optimal,heuristic,2.9547076750022825
2,12,147,391,0.8,Dijkstra,0.988,True,0.0,True,6,1.1666915543640686,0.31903654698690653,29,2.425762816324977,Optimal,True,Optimal,heuristic,0.006149095999717247
2,12,147,391,0.9,ILP,0.992,True,0.0,True,4,0.39434527011736975,0.1595182734934535,29,2.425762816324977,Optimal,True,Optimal,heuristic,16.808924595999997
2,12,147,391,0.9,MILP,0.992,True,0.0,True,4,0.39434527011736975,0.1595182734934535,29,2.425762816324977,Optimal,True,Optimal,heuristic,2.857386243002111
2,12,147,391,0.9,Dijkstra,0.992,True,0.0,True,4,0.39434527011736975,0.1595182734934535,29,2.425762816324977,Optimal,True,Optimal,heuristic,0.0029732399998465553
2,13,551,535,0.5,ILP,0.986,True,0.0,True,7,24.17245181723019,8.012450902386968,80,5.577487098487005,Optimal,True,Optimal,heuristic,26.223462049001682
2,13,551,535,0.5,MILP,0.986,True,0.0,True,7,24.17245181723019,8.012450902386968,80,5.577487098487005,Optimal,True,Optimal,heuristic,3.0859955720006838
2,13,551,535,0.5,Dijkstra,0.986,True,0.0,True,7,24.17245181723019,8.012450902386968,80,5.577487098487005,Optimal,True,Optimal,heuristic,0.009379712002555607
2,13,551,535,0.6,ILP,0.99,True,0.0,True,5,15.125659170450685,6.409960721909574,80,5.577487098487005,Optimal,True,Optimal,heuristic,9.453041228000075
2,13,551,535,0.6,MILP,0.99,True,0.0,True,5,15.125659170450685,6.409960721909574,80,5.577487098487005,Optimal,True,Optimal,heuristic,3.145085370997549
2,13,551,535,0.6,Dijkstra,0.99,True,0.0,True,5,15.125659170450685,6.409960721909574,80,5.577487098487005,Optimal,True,Optimal,heuristic,0.0083561749997898
2,13,551,535,0.7,ILP,0.994,True,0.0,True,3,8.921977882035698,4.807470541432181,80,5.577487098487005,Optimal,True,Optimal,heuristic,7.030941259003157
2,13,551,535,0.7,MILP,0.994,True,0.0,True,3,8.921977882035698,4.807470541432181,80,5.577487098487005,Optimal,True,Optimal,heuristic,4.624466624998604
2,13,551,535,0.7,Dijkstra,0.994,True,0.0,True,3,8.921977882035698,4.807470541432181,80,5.577487098487005,Optimal,True,Optimal,heuristic,0.007218709000881063
2,13,551,535,0.8,ILP,0.996,True,0.0,True,2,5.241948683191442,3.204980360954785,80,5.577487098487005,Optimal,True,Optimal,heuristic,4.297661900000094
2,13,551,535,0.8,MILP,0.996,True,0.0,True,2,5.241948683191442,3.204980360954785,80,5.577487098487005,Optimal,True,Optimal,heuristic,4.870382604000042
2,13,551,535,0.8,Dijkstra,0.996,True,0.0,True,2,5.241948683191442,3.204980360954785,80,5.577487098487005,Optimal,True,Optimal,heuristic,0.004136087001825217
2,13,551,535,0.9,ILP,0.996,True,0.0,True,2,2.036968322236657,1.6024901804773926,80,5.577487098487005,Optimal,True,Optimal,heuristic,10.668812793999678
2,13,551,535,0.9,MILP,0.996,True,0.0,True,2,2.036968322236657,1.6024901804773926,80,5.577487098487005,Optimal,True,Optimal,heuristic,4.054546241997741
2,13,551,535,0.9,Dijkstra,0.996,True,0.0,True,2,2.036968322236657,1.6024901804773926,80,5.577487098487005,Optimal,True,Optimal,heuristic,0.014346054002089659
2,14,244,431,0.5,ILP,0.9339999999999999,True,0.0,True,33,45.94620399064131,5.090760941744492,103,11.39712802925827,Optimal,True,Optimal,heuristic,33.513491195000825
2,14,244,431,0.5,MILP,0.9339999999999999,True,0.0,True,33,45.94620399064131,5.090760941744492,103,11.39712802925827,Optimal,True,Optimal,heuristic,5.413446643000498
2,14,244,431,0.5,Dijkstra,0.9339999999999999,True,0.0,True,33,45.94620399064131,5.090760941744492,103,11.39712802925827,Optimal,True,Optimal,heuristic,0.004021545002615312
2,14,244,431,0.6,ILP,0.968,True,0.0,True,16,21.848440432135686,4.072608753395594,103,11.39712802925827,Optimal,True,Optimal,heuristic,35.260959059000015
2,14,244,431,0.6,MILP,0.968,True,0.0,True,16,21.848440432135686,4.072608753395594,103,11.39712802925827,Optimal,True,Optimal,heuristic,4.542653200001951
2,14,244,431,0.6,Dijkstra,0.968,True,0.0,True,16,21.848440432135686,4.072608753395594,103,11.39712802925827,Optimal,True,Optimal,heuristic,0.005229655998846283
2,14,244,431,0.7,ILP,0.982,True,0.0,True,9,10.388186743886418,3.0544565650466957,103,11.39712802925827,Optimal,True,Optimal,heuristic,16.551815184997395
2,14,244,431,0.7,MILP,0.982,True,0.0,True,9,10.388186743886418,3.0544565650466957,103,11.39712802925827,Optimal,True,Optimal,heuristic,5.234285803999228
2,14,244,431,0.7,Dijkstra,0.982,True,0.0,True,9,10.388186743886418,3.0544565650466957,103,11.39712802925827,Optimal,True,Optimal,heuristic,0.005775441997684538
2,14,244,431,0.8,ILP,0.992,True,0.0,True,4,4.161885416538524,2.036304376697796,103,11.39712802925827,Optimal,True,Optimal,heuristic,16.175683565001236
2,14,244,431,0.8,MILP,0.992,True,0.0,True,4,4.161885416538524,2.036304376697796,103,11.39712802925827,Optimal,True,Optimal,heuristic,5.281948433002981
2,14,244,431,0.8,Dijkstra,0.992,True,0.0,True,4,4.161885416538524,2.036304376697796,103,11.39712802925827,Optimal,True,Optimal,heuristic,0.00393807899672538
2,14,244,431,0.9,ILP,0.996,True,0.0,True,2,1.5030226625788892,1.1550417693085357,105,11.569551058597902,Optimal,True,Optimal,heuristic,29.74876242999744
2,14,244,431,0.9,MILP,0.996,False,0.0,True,2,1.2401609142293673,1.0181521883488962,103,11.39712802925827,Optimal,True,Optimal,heuristic,3.6325939040034427
2,14,244,431,0.9,Dijkstra,0.996,False,0.0,True,2,1.2401609142293673,1.0181521883488962,103,11.39712802925827,Optimal,True,Optimal,heuristic,0.007934070999908727
2,15,185,499,0.5,ILP,0.992,True,0.0,True,4,30.71124644441165,17.795957051899506,31,5.882891541518027,Optimal,True,Optimal,heuristic,16.300197215998196
2,15,185,499,0.5,MILP,0.992,False,0.0,True,4,30.71124644441165,17.795957051899506,31,5.882891541518027,Optimal,True,Optimal,heuristic,11.578407029999653
2,15,185,499,0.5,Dijkstra,0.992,False,0.0,True,4,30.71124644441165,17.795957051899506,31,5.882891541518027,Optimal,True,Optimal,heuristic,0.0026453539976500906
2,15,185,499,0.6,ILP,0.994,True,0.0,True,3,25.336295605025946,16.041778875220388,35,5.977831120455261,Optimal,True,Optimal,heuristic,14.916422269998293
2,15,185,499,0.6,MILP,0.994,False,0.0,True,3,25.107655322089016,16.004562082089514,31,5.882891541518027,Optimal,True,Optimal,heuristic,14.170339700998738
2,15,185,499,0.6,Dijkstra,0.994,False,0.0,True,3,25.107655322089016,16.004562082089514,31,5.882891541518027,Optimal,True,Optimal,heuristic,0.008161192999978084
2,15,185,499,0.7,ILP,0.996,True,0.0,True,2,20.557868287780362,14.213167112279521,31,5.882891541518027,Optimal,True,Optimal,heuristic,6.423861170998862
2,15,185,499,0.7,MILP,0.996,True,0.0,True,2,20.557868287780362,14.213167112279521,31,5.882891541518027,Optimal,True,Optimal,heuristic,11.901417518998642
2,15,185,499,0.7,Dijkstra,0.996,True,0.0,True,2,20.557868287780362,14.213167112279521,31,5.882891541518027,Optimal,True,Optimal,heuristic,0.007967727000504965
2,15,185,499,0.8,ILP,0.996,True,0.0,True,2,16.975078348160377,12.421772142469528,31,5.882891541518027,Optimal,True,Optimal,heuristic,10.185625420002907
2,15,185,499,0.8,MILP,0.988,False,0.008000000000000007,False,6,13.198370892608558,6.321277757421061,85,10.95238369482226,Optimal,True,Optimal,heuristic,18.008413061001193
2,15,185,499,0.8,Dijkstra,0.996,False,0.0,True,2,16.975078348160377,12.421772142469528,31,5.882891541518027,Optimal,True,Optimal,heuristic,0.010965059998852666
2,15,185,499,0.9,ILP,0.996,True,0.0,True,2,13.742989367489052,10.91274504413228,33,5.951100553148679,Optimal,True,Optimal,heuristic,13.738683178999054
2,15,185,499,0.9,MILP,0.992,False,0.0040000000000000036,False,4,3.313104805226768,1.7913949698099927,72,11.560336544317357,Optimal,True,Optimal,heuristic,9.029734984000243
2,15,185,499,0.9,Dijkstra,0.996,False,0.0,True,2,13.392288408540391,10.630377172659536,31,5.882891541518027,Optimal,True,Optimal,heuristic,0.003978527001891052
2,16,469,286,0.5,ILP,0.988,True,0.0,True,6,4.647824884504704,1.6073313852725621,49,1.9323251898205203,Optimal,True,Optimal,heuristic,11.040384793999692
2,16,469,286,0.5,MILP,0.988,True,0.0,True,6,4.647824884504704,1.6073313852725621,49,1.9323251898205203,Optimal,True,Optimal,heuristic,3.0160363989998586
2,16,469,286,0.5,Dijkstra,0.988,True,0.0,True,6,4.647824884504704,1.6073313852725621,49,1.9323251898205203,Optimal,True,Optimal,heuristic,0.006138193999504438
2,16,469,286,0.6,ILP,0.99,True,0.0,True,5,2.8997202180185364,1.28586510821805,49,1.9323251898205203,Optimal,True,Optimal,heuristic,11.52952320699842
2,16,469,286,0.6,MILP,0.99,True,0.0,True,5,2.8997202180185364,1.28586510821805,49,1.9323251898205203,Optimal,True,Optimal,heuristic,2.8826749280015065
2,16,469,286,0.6,Dijkstra,0.99,True,0.0,True,5,2.8997202180185364,1.28586510821805,49,1.9323251898205203,Optimal,True,Optimal,heuristic,0.004847442000027513
2,16,469,286,0.7,ILP,0.996,True,0.0,True,2,1.8127965730885789,0.9643988311635376,49,1.9323251898205203,Optimal,True,Optimal,heuristic,3.7408719760023814
2,16,469,286,0.7,MILP,0.996,True,0.0,True,2,1.8127965730885789,0.9643988311635376,49,1.9323251898205203,Optimal,True,Optimal,heuristic,3.02262645600058
2,16,469,286,0.7,Dijkstra,0.996,True,0.0,True,2,1.8127965730885789,0.9643988311635376,49,1.9323251898205203,Optimal,True,Optimal,heuristic,0.004352359999757027
2,16,469,286,0.8,ILP,0.996,True,0.0,True,2,1.1698640189795526,0.6429325541090245,49,1.9323251898205203,Optimal,True,Optimal,heuristic,4.632786674999807
2,16,469,286,0.8,MILP,0.996,True,0.0,True,2,1.1698640189795526,0.6429325541090245,49,1.9323251898205203,Optimal,True,Optimal,heuristic,2.9854596060031326
2,16,469,286,0.8,Dijkstra,0.996,True,0.0,True,2,1.1698640189795526,0.6429325541090245,49,1.9323251898205203,Optimal,True,Optimal,heuristic,0.007205255998997018
2,16,469,286,0.9,ILP,0.996,True,0.0,True,2,0.5269314648705272,0.3214662770545118,49,1.9323251898205203,Optimal,True,Optimal,heuristic,4.99619390099906
2,16,469,286,0.9,MILP,0.996,True,0.0,True,2,0.5269314648705272,0.3214662770545118,49,1.9323251898205203,Optimal,True,Optimal,heuristic,3.0047921369987307
2,16,469,286,0.9,Dijkstra,0.996,True,0.0,True,2,0.5269314648705272,0.3214662770545118,49,1.9323251898205203,Optimal,True,Optimal,heuristic,0.003452803000982385
2,17,133,83,0.5,ILP,0.99,True,0.0,True,5,15.148973619553383,4.865784391857998,78,6.073999954243529,Optimal,True,Optimal,heuristic,16.415251209000417
2,17,133,83,0.5,MILP,0.99,False,0.0,True,5,15.148973619553377,4.865784391857995,77,6.073999954243529,Optimal,True,Optimal,heuristic,3.5714544780021242
2,17,133,83,0.5,Dijkstra,0.974,False,0.016000000000000014,False,13,40.9097739890051,24.078152593673728,52,5.381316320645108,Optimal,True,Optimal,heuristic,0.007270215999596985
2,17,133,83,0.6,ILP,0.992,True,0.0,True,4,13.673173297816653,4.066746832119948,82,6.256299159461058,Optimal,True,Optimal,heuristic,17.575412991998746
2,17,133,83,0.6,MILP,0.992,False,0.0,True,4,10.975876145349773,3.900281025375822,78,6.073999954243529,Optimal,True,Optimal,heuristic,3.5131576739986485
2,17,133,83,0.6,Dijkstra,0.986,False,0.006000000000000005,False,7,31.521320170215404,23.11264922719155,52,5.381316320645108,Optimal,True,Optimal,heuristic,0.009624608002923196
2,17,133,83,0.7,ILP,0.994,True,0.0,True,3,7.333992383101084,2.928290503704897,77,6.098040166413312,Optimal,True,Optimal,heuristic,14.23623861500164
2,17,133,83,0.7,MILP,0.994,False,0.0,True,3,7.126818803010353,2.934777658893646,77,6.073999954243529,Optimal,True,Optimal,heuristic,4.871671597000386
2,17,133,83,0.7,Dijkstra,0.994,False,0.0,True,3,27.06038654458142,22.147145860709376,52,5.381316320645108,Optimal,True,Optimal,heuristic,0.008015146002435358
2,17,133,83,0.8,ILP,0.994,True,0.0,True,3,4.230308703563823,1.9692742924114714,78,6.073999954243529,Optimal,True,Optimal,heuristic,13.320595381999738
2,17,133,83,0.8,MILP,0.994,True,0.0,True,3,4.230308703563823,1.9692742924114714,78,6.073999954243529,Optimal,True,Optimal,heuristic,2.870052525002393
2,17,133,83,0.8,Dijkstra,0.994,False,0.0,True,3,24.163876445134893,21.181642494227198,52,5.381316320645108,Optimal,True,Optimal,heuristic,0.011213311001483817
2,17,133,83,0.9,ILP,0.996,True,0.0,True,2,2.2887468161472544,1.1498607890251566,80,6.211700203317651,Optimal,True,Optimal,heuristic,16.753751829997782
2,17,133,83,0.9,MILP,0.996,False,0.0,True,2,1.8223461072867515,0.9655033664821744,73,6.057813631351856,Optimal,True,Optimal,heuristic,2.817407878999802
2,17,133,83,0.9,Dijkstra,0.996,False,0.0,True,2,21.401319828280688,20.216139127745024,52,5.381316320645108,Optimal,True,Optimal,heuristic,0.003020881998963887
2,18,333,570,0.5,ILP,0.984,True,0.0,True,8,31.25324998856955,8.555655451168784,131,9.464124780304871,Optimal,True,Optimal,heuristic,33.27420036700278
2,18,333,570,0.5,MILP,0.984,False,0.0,True,8,31.079079123398273,8.533835554551034,129,9.439671471202637,Optimal,True,Optimal,heuristic,4.891211063997616
2,18,333,570,0.5,Dijkstra,0.98,False,0.0040000000000000036,False,10,32.19300320663993,8.426093470586382,110,9.400143779339125,Optimal,True,Optimal,heuristic,0.004721069999504834
2,18,333,570,0.6,ILP,0.99,True,0.0,True,5,17.813114626287195,6.740874776469106,110,9.400143779339125,Optimal,True,Optimal,heuristic,15.096727296000608
2,18,333,570,0.6,MILP,0.99,False,0.0,True,5,17.813114626287195,6.740874776469106,110,9.400143779339125,Optimal,True,Optimal,heuristic,4.863641700998414
2,18,333,570,0.6,Dijkstra,0.99,True,0.0,True,5,17.813114626287195,6.740874776469106,110,9.400143779339125,Optimal,True,Optimal,heuristic,0.004631183997844346
2,18,333,570,0.7,ILP,0.994,True,0.0,True,3,11.112239706807717,5.055656082351831,110,9.400143779339125,Optimal,True,Optimal,heuristic,12.062721503996727
2,18,333,570,0.7,MILP,0.994,True,0.0,True,3,11.112239706807717,5.055656082351831,110,9.400143779339125,Optimal,True,Optimal,heuristic,4.467909511000471
2,18,333,570,0.7,Dijkstra,0.994,True,0.0,True,3,11.112239706807717,5.055656082351831,110,9.400143779339125,Optimal,True,Optimal,heuristic,0.005379795002227183
2,18,333,570,0.8,ILP,0.996,True,0.0,True,2,6.511702706773647,3.370437388234553,110,9.400143779339125,Optimal,True,Optimal,heuristic,3.6834589340032835
2,18,333,570,0.8,MILP,0.996,True,0.0,True,2,6.511702706773647,3.370437388234553,110,9.400143779339125,Optimal,True,Optimal,heuristic,4.662775601002068
2,18,333,570,0.8,Dijkstra,0.996,True,0.0,True,2,6.511702706773647,3.370437388234553,110,9.400143779339125,Optimal,True,Optimal,heuristic,0.006344411998725263
2,18,333,570,0.9,ILP,0.996,True,0.0,True,2,4.275531456278053,2.265100061291875,131,9.732620343986277,Optimal,True,Optimal,heuristic,9.002518574001442
2,18,333,570,0.9,MILP,0.996,False,0.0,True,2,3.141265318539098,1.6852186941172782,110,9.400143779339125,Optimal,True,Optimal,heuristic,3.3994720200025768
2,18,333,570,0.9,Dijkstra,0.996,False,0.0,True,2,3.141265318539098,1.6852186941172782,110,9.400143779339125,Optimal,True,Optimal,heuristic,0.0036119389988016337
2,19,456,509,0.5,ILP,0.952,True,0.0,True,24,82.09443545556512,8.361527144898986,116,11.301623026819518,Optimal,True,Optimal,heuristic,34.66243924700029
2,19,456,509,0.5,MILP,0.952,False,0.0,True,24,82.09443545556512,8.361527144898986,116,11.301623026819518,Optimal,True,Optimal,heuristic,34.327997614000196
2,19,456,509,0.5,Dijkstra,0.9359999999999999,False,0.016000000000000014,False,32,136.0126811127758,20.996708881480096,106,11.157979418798051,Optimal,True,Optimal,heuristic,0.006322598001133883
2,19,456,509,0.6,ILP,0.972,True,0.0,True,14,52.235799302236856,6.715155118974774,116,11.301623026819518,Optimal,True,Optimal,heuristic,24.900315851002233
2,19,456,509,0.6,MILP,0.968,False,0.0040000000000000036,False,16,49.31957798883016,6.585488103696857,135,11.34115071868303,Optimal,True,Optimal,heuristic,17.864490749998367
2,19,456,509,0.6,Dijkstra,0.956,False,0.016000000000000014,False,22,93.1278478476235,19.350336855555884,106,11.157979418798051,Optimal,True,Optimal,heuristic,0.006002108999382472
2,19,456,509,0.7,ILP,0.98,True,0.0,True,10,28.12591444847001,4.939116077772642,135,11.34115071868303,Optimal,True,Optimal,heuristic,23.78748488900237
2,19,456,509,0.7,MILP,0.98,True,0.0,True,10,28.12591444847001,4.939116077772642,135,11.34115071868303,Optimal,True,Optimal,heuristic,18.81506102700223
2,19,456,509,0.7,Dijkstra,0.968,False,0.01200000000000001,False,16,63.276072978464576,17.70396482963167,106,11.157979418798051,Optimal,True,Optimal,heuristic,0.005335627000022214
2,19,456,509,0.8,ILP,0.986,True,0.0,True,7,18.852672375031325,5.019127387577296,106,11.564282439988196,Optimal,True,Optimal,heuristic,22.39841594400059
2,19,456,509,0.8,MILP,0.986,False,0.0,True,7,14.490529873318692,3.2927440518484232,135,11.34115071868303,Optimal,True,Optimal,heuristic,10.706234770001174
2,19,456,509,0.8,Dijkstra,0.978,False,0.008000000000000007,False,11,40.16752649868771,16.057592803707454,106,11.157979418798051,Optimal,True,Optimal,heuristic,0.0030878209981892724
2,19,456,509,0.9,ILP,0.99,True,0.0,True,5,5.165166306720572,1.6463720259242116,135,11.34115071868303,Optimal,True,Optimal,heuristic,24.877524998999434
2,19,456,509,0.9,MILP,0.99,False,0.0,True,5,5.165166306720565,1.6463720259242152,135,11.341150718683032,Optimal,True,Optimal,heuristic,9.606186118999176
2,19,456,509,0.9,Dijkstra,0.986,False,0.0040000000000000036,False,7,25.325089842864077,14.411220777783239,106,11.157979418798051,Optimal,True,Optimal,heuristic,0.004907442998955958
