repeat,od_idx,origin,dest,alpha,method,punctuality_prob,correct,objective_gap,tie_aware_correct,late_count,delay_sum,max_delay,path_length,mean_time,status,reference_available,reference_status,deadline_mode,solve_time
0,0,34,63,0.5,ILP,0.9339999999999999,True,0.0,True,33,2999.877633494752,397.58410243256367,6,271.3991645296181,Optimal,True,Optimal,heuristic,1.7366576319982414
0,0,34,63,0.5,MILP,0.924,False,0.009999999999999898,False,38,2398.741400821509,303.79029125216107,5,264.8210991554075,Optimal,True,Optimal,heuristic,1.5987983429986343
0,0,34,63,0.5,Dijkstra,0.924,False,0.009999999999999898,False,38,2398.741400821509,303.79029125216107,5,264.8210991554075,Optimal,True,Optimal,heuristic,0.00035748300069826655
0,0,34,63,0.6,ILP,0.98,True,0.0,True,10,999.939106826736,243.03223300172886,5,264.8210991554075,Optimal,True,Optimal,heuristic,1.5113096680033777
0,0,34,63,0.6,MILP,0.98,True,0.0,True,10,999.939106826736,243.03223300172886,5,264.8210991554075,Optimal,True,Optimal,heuristic,0.6198414940008661
0,0,34,63,0.6,Dijkstra,0.98,True,0.0,True,10,999.939106826736,243.03223300172886,5,264.8210991554075,Optimal,True,Optimal,heuristic,0.00036056899989489466
0,0,34,63,0.7,ILP,0.986,True,0.0,True,7,839.4997132179537,276.06798593169924,6,271.3991645296181,Optimal,True,Optimal,heuristic,1.0046012009988772
0,0,34,63,0.7,MILP,0.986,False,0.0,True,7,505.9471308855682,182.27417475129664,5,264.8210991554075,Optimal,True,Optimal,heuristic,0.9626913510001032
0,0,34,63,0.7,Dijkstra,0.986,False,0.0,True,7,505.9471308855682,182.27417475129664,5,264.8210991554075,Optimal,True,Optimal,heuristic,0.0004278999986127019
0,0,34,63,0.8,ILP,0.994,True,0.0,True,3,235.0048679464055,121.51611650086443,4,264.8210991554074,Optimal,True,Optimal,heuristic,0.35657079099837574
0,0,34,63,0.8,MILP,0.994,False,0.0,True,3,235.0048679464054,121.51611650086443,5,264.8210991554075,Optimal,True,Optimal,heuristic,0.4811834339998313
0,0,34,63,0.8,Dijkstra,0.994,False,0.0,True,3,235.0048679464054,121.51611650086443,5,264.8210991554075,Optimal,True,Optimal,heuristic,0.0004279950007912703
0,0,34,63,0.9,ILP,0.996,True,0.0,True,2,291.5638394974005,154.5518694308348,6,271.3991645296181,Optimal,True,Optimal,heuristic,0.2953632610006025
0,0,34,63,0.9,MILP,0.996,False,0.0,True,2,90.3787568509963,60.758058250432214,5,264.8210991554075,Optimal,True,Optimal,heuristic,0.21364309199998388
0,0,34,63,0.9,Dijkstra,0.996,False,0.0,True,2,90.3787568509963,60.758058250432214,5,264.8210991554075,Optimal,True,Optimal,heuristic,0.0003277280011388939
0,1,47,49,0.5,ILP,0.992,True,0.0,True,4,395.5627786634835,184.18316159482828,1,55.68233765953072,Optimal,True,Optimal,heuristic,0.09810023699901649
0,1,47,49,0.5,MILP,0.992,True,0.0,True,4,395.5627786634835,184.18316159482828,1,55.68233765953072,Optimal,True,Optimal,heuristic,0.10142054300013115
0,1,47,49,0.5,Dijkstra,0.992,True,0.0,True,4,395.5627786634835,184.18316159482828,1,55.68233765953072,Optimal,True,Optimal,heuristic,0.00033763699684641324
0,1,47,49,0.6,ILP,0.994,True,0.0,True,3,270.51234000104523,147.34652927586262,1,55.68233765953072,Optimal,True,Optimal,heuristic,0.09611833199960529
0,1,47,49,0.6,MILP,0.994,True,0.0,True,3,270.51234000104523,147.34652927586262,1,55.68233765953072,Optimal,True,Optimal,heuristic,0.10504526300064754
0,1,47,49,0.6,Dijkstra,0.994,True,0.0,True,3,270.51234000104523,147.34652927586262,1,55.68233765953072,Optimal,True,Optimal,heuristic,0.0004155749993515201
0,1,47,49,0.7,ILP,0.996,True,0.0,True,2,172.1349396729579,110.50989695689702,1,55.68233765953072,Optimal,True,Optimal,heuristic,0.0931674719977309
0,1,47,49,0.7,MILP,0.996,True,0.0,True,2,172.1349396729579,110.50989695689702,1,55.68233765953072,Optimal,True,Optimal,heuristic,0.1079240029976063
0,1,47,49,0.7,Dijkstra,0.996,True,0.0,True,2,172.1349396729579,110.50989695689702,1,55.68233765953072,Optimal,True,Optimal,heuristic,0.00036964999890187755
0,1,47,49,0.8,ILP,0.996,True,0.0,True,2,98.46167503502647,73.67326463793131,1,55.68233765953072,Optimal,True,Optimal,heuristic,0.0909931489986775
0,1,47,49,0.8,MILP,0.996,True,0.0,True,2,98.46167503502647,73.67326463793131,1,55.68233765953072,Optimal,True,Optimal,heuristic,0.09269068099820288
0,1,47,49,0.8,Dijkstra,0.996,True,0.0,True,2,98.46167503502647,73.67326463793131,1,55.68233765953072,Optimal,True,Optimal,heuristic,0.00030161099857650697
0,1,47,49,0.9,ILP,0.998,True,0.0,True,1,36.836632318965655,36.836632318965655,1,55.68233765953072,Optimal,True,Optimal,heuristic,0.1375602459993388
0,1,47,49,0.9,MILP,0.998,True,0.0,True,1,36.836632318965655,36.836632318965655,1,55.68233765953072,Optimal,True,Optimal,heuristic,0.09188499900119496
0,1,47,49,0.9,Dijkstra,0.998,True,0.0,True,1,36.836632318965655,36.836632318965655,1,55.68233765953072,Optimal,True,Optimal,heuristic,0.00034253400008310564
0,2,46,51,0.5,ILP,0.9299999999999999,True,0.0,True,35,5792.159399853128,1537.851020137212,8,324.1812914651444,Optimal,True,Optimal,heuristic,0.5035472490017128
0,2,46,51,0.5,MILP,0.914,False,0.015999999999999903,False,43,4464.750695214954,411.71606000567635,8,346.7371313028325,Optimal,True,Optimal,heuristic,0.24407044899999164
0,2,46,51,0.5,Dijkstra,0.9299999999999999,False,0.0,True,35,5792.15939985313,1537.851020137212,8,324.1812914651442,Optimal,True,Optimal,heuristic,0.0003161859967804048
0,2,46,51,0.6,ILP,0.966,True,0.0,True,17,3425.5374913119135,1455.5078081360762,8,324.1812914651442,Optimal,True,Optimal,heuristic,0.3427480229984212
0,2,46,51,0.6,MILP,0.962,False,0.0040000000000000036,False,19,1993.533307643761,329.3728480045413,8,346.7371313028326,Optimal,True,Optimal,heuristic,0.21367108400227153
0,2,46,51,0.6,Dijkstra,0.966,False,0.0,True,17,3425.5374913119153,1455.5078081360766,8,324.1812914651442,Optimal,True,Optimal,heuristic,0.0003969039971707389
0,2,46,51,0.7,ILP,0.984,True,0.0,True,8,2265.344567639838,1373.1645961349413,8,324.1812914651442,Optimal,True,Optimal,heuristic,0.29805745399789885
0,2,46,51,0.7,MILP,0.984,False,0.0,True,8,928.3103904479119,247.02963600340536,8,346.7371313028325,Optimal,True,Optimal,heuristic,0.12977948800107697
0,2,46,51,0.7,Dijkstra,0.984,True,0.0,True,8,2265.344567639838,1373.1645961349413,8,324.1812914651442,Optimal,True,Optimal,heuristic,0.00040806700053508393
0,2,46,51,0.8,ILP,0.992,True,0.0,True,4,1775.85844671681,1290.821384133806,8,324.1812914651442,Optimal,True,Optimal,heuristic,0.1904260629999044
0,2,46,51,0.8,MILP,0.99,False,0.0020000000000000018,False,5,415.47159516052875,164.686424002271,8,346.73713130283255,Optimal,True,Optimal,heuristic,0.11141163700085599
0,2,46,51,0.8,Dijkstra,0.992,True,0.0,True,4,1775.85844671681,1290.821384133806,8,324.1812914651442,Optimal,True,Optimal,heuristic,0.0003312129992991686
0,2,46,51,0.9,ILP,0.996,True,0.0,True,2,84.24001364891808,82.34321200113527,7,346.7371313028325,Optimal,True,Optimal,heuristic,0.10408534700036398
0,2,46,51,0.9,MILP,0.996,False,0.0,True,2,84.24001364891808,82.34321200113527,8,346.7371313028325,Optimal,True,Optimal,heuristic,0.1057832460028294
0,2,46,51,0.9,Dijkstra,0.994,False,0.0020000000000000018,False,3,1491.8324588411508,1208.4781721326708,8,324.1812914651442,Optimal,True,Optimal,heuristic,0.00031868700170889497
0,3,33,8,0.5,ILP,0.998,True,0.0,True,1,206.46155136066685,206.46155136066685,2,31.50073464027989,Optimal,True,Optimal,heuristic,0.10411296500024037
0,3,33,8,0.5,MILP,0.998,True,0.0,True,1,206.46155136066685,206.46155136066685,2,31.50073464027989,Optimal,True,Optimal,heuristic,0.12463806699815905
0,3,33,8,0.5,Dijkstra,0.998,True,0.0,True,1,206.46155136066685,206.46155136066685,2,31.50073464027989,Optimal,True,Optimal,heuristic,0.0004173880006419495
0,3,33,8,0.6,ILP,0.998,True,0.0,True,1,165.16924108853348,165.16924108853348,1,31.500734640279866,Optimal,True,Optimal,heuristic,0.10745654499987722
0,3,33,8,0.6,MILP,0.998,False,0.0,True,1,165.16924108853337,165.16924108853337,1,31.5007346402799,Optimal,True,Optimal,heuristic,0.12112309700023616
0,3,33,8,0.6,Dijkstra,0.998,False,0.0,True,1,165.16924108853348,165.16924108853348,2,31.50073464027989,Optimal,True,Optimal,heuristic,0.0003240020014345646
0,3,33,8,0.7,ILP,0.998,True,0.0,True,1,123.87693081640015,123.87693081640015,2,31.50073464027989,Optimal,True,Optimal,heuristic,0.10000696600036463
0,3,33,8,0.7,MILP,0.998,False,0.0,True,1,123.87693081640015,123.87693081640015,2,31.50073464027989,Optimal,True,Optimal,heuristic,0.11679645199910738
0,3,33,8,0.7,Dijkstra,0.998,False,0.0,True,1,123.87693081640015,123.87693081640015,2,31.50073464027989,Optimal,True,Optimal,heuristic,0.0003545760009728838
0,3,33,8,0.8,ILP,0.998,True,0.0,True,1,82.58462054426673,82.58462054426673,2,31.50073464027989,Optimal,True,Optimal,heuristic,0.10715122499823337
0,3,33,8,0.8,MILP,0.998,True,0.0,True,1,82.58462054426673,82.58462054426673,2,31.50073464027989,Optimal,True,Optimal,heuristic,0.1312063700024737
0,3,33,8,0.8,Dijkstra,0.998,True,0.0,True,1,82.58462054426673,82.58462054426673,2,31.50073464027989,Optimal,True,Optimal,heuristic,0.0003990949990111403
0,3,33,8,0.9,ILP,0.998,True,0.0,True,1,41.29231027213336,41.29231027213336,2,31.50073464027989,Optimal,True,Optimal,heuristic,0.10844133900172892
0,3,33,8,0.9,MILP,0.998,True,0.0,True,1,41.29231027213336,41.29231027213336,2,31.50073464027989,Optimal,True,Optimal,heuristic,0.135182468999119
0,3,33,8,0.9,Dijkstra,0.998,True,0.0,True,1,41.29231027213336,41.29231027213336,2,31.50073464027989,Optimal,True,Optimal,heuristic,0.0003747099981410429
0,4,54,29,0.5,ILP,0.998,True,0.0,True,1,1133.4019929506442,1133.4019929506442,11,514.5261561832316,Optimal,True,Optimal,heuristic,0.0997477839991916
0,4,54,29,0.5,MILP,0.998,True,0.0,True,1,1133.4019929506442,1133.4019929506442,11,514.5261561832316,Optimal,True,Optimal,heuristic,0.09857960999943316
0,4,54,29,0.5,Dijkstra,0.994,False,0.0040000000000000036,False,3,1630.7017100501043,1041.0474075765508,10,447.13553027052035,Optimal,True,Optimal,heuristic,0.00040927299778559245
0,4,54,29,0.6,ILP,0.998,True,0.0,True,1,925.1925114353342,925.1925114353342,11,514.5261561832316,Optimal,True,Optimal,heuristic,0.09185947399964789
0,4,54,29,0.6,MILP,0.998,True,0.0,True,1,925.1925114353342,925.1925114353342,11,514.5261561832316,Optimal,True,Optimal,heuristic,0.099383778997435
0,4,54,29,0.6,Dijkstra,0.996,False,0.0020000000000000018,False,2,1139.7671817242922,832.8379260612408,10,447.13553027052035,Optimal,True,Optimal,heuristic,0.0003722260007634759
0,4,54,29,0.7,ILP,0.998,True,0.0,True,1,716.9830299200241,716.9830299200241,11,514.5261561832316,Optimal,True,Optimal,heuristic,0.10593219500151463
0,4,54,29,0.7,MILP,0.998,True,0.0,True,1,716.9830299200241,716.9830299200241,11,514.5261561832316,Optimal,True,Optimal,heuristic,0.0975854239986802
0,4,54,29,0.7,Dijkstra,0.996,False,0.0020000000000000018,False,2,723.3482186936722,624.6284445459307,10,447.13553027052035,Optimal,True,Optimal,heuristic,0.00039092800216167234
0,4,54,29,0.8,ILP,0.998,True,0.0,True,1,508.77354840471367,508.77354840471367,11,514.5261561832316,Optimal,True,Optimal,heuristic,0.10386470899902633
0,4,54,29,0.8,MILP,0.998,False,0.0,True,1,416.41896303062026,416.41896303062026,10,447.13553027052035,Optimal,True,Optimal,heuristic,0.0911678699994809
0,4,54,29,0.8,Dijkstra,0.998,False,0.0,True,1,416.41896303062026,416.41896303062026,10,447.13553027052035,Optimal,True,Optimal,heuristic,0.00042815399865503423
0,4,54,29,0.9,ILP,0.998,True,0.0,True,1,300.5640668894034,300.5640668894034,11,514.5261561832316,Optimal,True,Optimal,heuristic,0.09227576500052237
0,4,54,29,0.9,MILP,0.998,False,0.0,True,1,208.20948151531002,208.20948151531002,10,447.13553027052035,Optimal,True,Optimal,heuristic,0.1228804169986688
0,4,54,29,0.9,Dijkstra,0.998,False,0.0,True,1,208.20948151531002,208.20948151531002,10,447.13553027052035,Optimal,True,Optimal,heuristic,0.0003633439991972409
0,5,32,24,0.5,ILP,0.994,True,0.0,True,3,1629.7641165388302,815.3467422385872,7,293.4275504823176,Optimal,True,Optimal,heuristic,0.13948052100022323
0,5,32,24,0.5,MILP,0.994,True,0.0,True,3,1629.7641165388302,815.3467422385872,7,293.4275504823176,Optimal,True,Optimal,heuristic,0.3883758959964325
0,5,32,24,0.5,Dijkstra,0.994,True,0.0,True,3,1629.7641165388302,815.3467422385872,7,293.4275504823176,Optimal,True,Optimal,heuristic,0.0003437570012465585
0,5,32,24,0.6,ILP,0.994,True,0.0,True,3,1272.7848454712093,696.3536518827136,7,293.4275504823176,Optimal,True,Optimal,heuristic,0.17025739000018802
0,5,32,24,0.6,MILP,0.994,True,0.0,True,3,1272.7848454712093,696.3536518827136,7,293.4275504823176,Optimal,True,Optimal,heuristic,0.598872794998897
0,5,32,24,0.6,Dijkstra,0.994,True,0.0,True,3,1272.7848454712093,696.3536518827136,7,293.4275504823176,Optimal,True,Optimal,heuristic,0.00036758499845745973
0,5,32,24,0.7,ILP,0.994,True,0.0,True,3,915.8055744035892,577.3605615268402,7,293.4275504823176,Optimal,True,Optimal,heuristic,0.22600679699826287
0,5,32,24,0.7,MILP,0.994,False,0.0,True,3,649.5602619251001,559.098652329754,10,507.24006195498185,Optimal,True,Optimal,heuristic,0.5484635769971646
0,5,32,24,0.7,Dijkstra,0.994,True,0.0,True,3,915.8055744035892,577.3605615268402,7,293.4275504823176,Optimal,True,Optimal,heuristic,0.00039371200182358734
0,5,32,24,0.8,ILP,0.998,True,0.0,True,1,440.1055619738804,440.1055619738804,10,507.2400619549819,Optimal,True,Optimal,heuristic,0.11840887099970132
0,5,32,24,0.8,MILP,0.996,False,0.0020000000000000018,False,2,370.31508956501193,237.98618071174587,9,463.637354497522,Optimal,True,Optimal,heuristic,0.23714711399952648
0,5,32,24,0.8,Dijkstra,0.996,False,0.0020000000000000018,False,2,567.2709951628283,458.3674711709666,7,293.4275504823176,Optimal,True,Optimal,heuristic,0.00039782699968782254
0,5,32,24,0.9,ILP,0.998,True,0.0,True,1,339.374380815093,339.374380815093,7,293.4275504823176,Optimal,True,Optimal,heuristic,0.0972332559977076
0,5,32,24,0.9,MILP,0.996,False,0.0020000000000000018,False,2,132.32890885326515,118.99309035587339,10,463.63735449752306,Optimal,True,Optimal,heuristic,0.2620254430003115
0,5,32,24,0.9,Dijkstra,0.998,True,0.0,True,1,339.374380815093,339.374380815093,7,293.4275504823176,Optimal,True,Optimal,heuristic,0.0003213740019418765
0,6,50,41,0.5,ILP,0.978,True,0.0,True,11,207.92083764089026,66.36480773158229,1,18.439659211069696,Optimal,True,Optimal,heuristic,0.17612579300111975
0,6,50,41,0.5,MILP,0.978,True,0.0,True,11,207.92083764089026,66.36480773158229,1,18.439659211069696,Optimal,True,Optimal,heuristic,0.12842614200053504
0,6,50,41,0.5,Dijkstra,0.978,True,0.0,True,11,207.92083764089026,66.36480773158229,1,18.439659211069696,Optimal,True,Optimal,heuristic,0.0003068810001423117
0,6,50,41,0.6,ILP,0.99,True,0.0,True,5,109.95508238311399,53.09184618526584,1,18.439659211069696,Optimal,True,Optimal,heuristic,0.1543829239999468
0,6,50,41,0.6,MILP,0.99,True,0.0,True,5,109.95508238311399,53.09184618526584,1,18.439659211069696,Optimal,True,Optimal,heuristic,0.12340275899987319
0,6,50,41,0.6,Dijkstra,0.99,True,0.0,True,5,109.95508238311399,53.09184618526584,1,18.439659211069696,Optimal,True,Optimal,heuristic,0.0003410760000406299
0,6,50,41,0.7,ILP,0.994,True,0.0,True,3,60.63263605392952,39.81888463894937,1,18.439659211069696,Optimal,True,Optimal,heuristic,0.14691182499882416
0,6,50,41,0.7,MILP,0.994,True,0.0,True,3,60.63263605392952,39.81888463894937,1,18.439659211069696,Optimal,True,Optimal,heuristic,0.11427900600028806
0,6,50,41,0.7,Dijkstra,0.994,True,0.0,True,3,60.63263605392952,39.81888463894937,1,18.439659211069696,Optimal,True,Optimal,heuristic,0.0003140699991490692
0,6,50,41,0.8,ILP,0.998,True,0.0,True,1,26.545923092632904,26.545923092632904,1,18.439659211069696,Optimal,True,Optimal,heuristic,0.12743838499955018
0,6,50,41,0.8,MILP,0.998,True,0.0,True,1,26.545923092632904,26.545923092632904,1,18.439659211069696,Optimal,True,Optimal,heuristic,0.12120775600124034
0,6,50,41,0.8,Dijkstra,0.998,True,0.0,True,1,26.545923092632904,26.545923092632904,1,18.439659211069696,Optimal,True,Optimal,heuristic,0.00040281600013258867
0,6,50,41,0.9,ILP,0.998,True,0.0,True,1,13.272961546316438,13.272961546316438,1,18.439659211069696,Optimal,True,Optimal,heuristic,0.1091056289988046
0,6,50,41,0.9,MILP,0.998,True,0.0,True,1,13.272961546316438,13.272961546316438,1,18.439659211069696,Optimal,True,Optimal,heuristic,0.11558333300126833
0,6,50,41,0.9,Dijkstra,0.998,True,0.0,True,1,13.272961546316438,13.272961546316438,1,18.439659211069696,Optimal,True,Optimal,heuristic,0.00030118799986667
0,7,26,53,0.5,ILP,0.99,True,0.0,True,5,1460.513974498887,832.7115120511176,14,692.6204298692387,Optimal,True,Optimal,heuristic,0.11983145999693079
0,7,26,53,0.5,MILP,0.99,True,0.0,True,5,1460.513974498887,832.7115120511176,14,692.6204298692387,Optimal,True,Optimal,heuristic,0.11969426900031976
0,7,26,53,0.5,Dijkstra,0.99,True,0.0,True,5,1460.513974498887,832.7115120511176,14,692.6204298692387,Optimal,True,Optimal,heuristic,0.00034141399737563916
0,7,26,53,0.6,ILP,0.996,True,0.0,True,2,1030.4156966776416,666.1692096408942,14,692.6204298692387,Optimal,True,Optimal,heuristic,0.1017936699972779
0,7,26,53,0.6,MILP,0.996,True,0.0,True,2,1030.4156966776416,666.1692096408942,14,692.6204298692387,Optimal,True,Optimal,heuristic,0.10021020400017733
0,7,26,53,0.6,Dijkstra,0.996,True,0.0,True,2,1030.4156966776416,666.1692096408942,14,692.6204298692387,Optimal,True,Optimal,heuristic,0.0003718090010806918
0,7,26,53,0.7,ILP,0.996,True,0.0,True,2,1222.911527719716,977.0470074806542,12,707.7438317147019,Optimal,True,Optimal,heuristic,0.08689544800290605
0,7,26,53,0.7,MILP,0.996,False,0.0,True,2,697.3310918571945,499.62690723067067,14,692.6204298692387,Optimal,True,Optimal,heuristic,0.10895607099882909
0,7,26,53,0.7,Dijkstra,0.996,False,0.0,True,2,697.3310918571945,499.62690723067067,14,692.6204298692387,Optimal,True,Optimal,heuristic,0.00036682100108009763
0,7,26,53,0.8,ILP,0.996,True,0.0,True,2,889.8269228992685,810.5047050704304,12,707.7438317147019,Optimal,True,Optimal,heuristic,0.10846287199819926
0,7,26,53,0.8,MILP,0.996,False,0.0,True,2,364.2464870367469,333.0846048204469,14,692.6204298692387,Optimal,True,Optimal,heuristic,0.10417152599984547
0,7,26,53,0.8,Dijkstra,0.996,False,0.0,True,2,364.2464870367469,333.0846048204469,14,692.6204298692387,Optimal,True,Optimal,heuristic,0.0003988150019722525
0,7,26,53,0.9,ILP,0.998,True,0.0,True,1,643.9624026602071,643.9624026602071,12,707.7438317147019,Optimal,True,Optimal,heuristic,0.09858840800006874
0,7,26,53,0.9,MILP,0.998,False,0.0,True,1,166.54230241022356,166.54230241022356,14,692.6204298692387,Optimal,True,Optimal,heuristic,0.105081722002069
0,7,26,53,0.9,Dijkstra,0.998,False,0.0,True,1,166.54230241022356,166.54230241022356,14,692.6204298692387,Optimal,True,Optimal,heuristic,0.0004144770027778577
0,8,35,28,0.5,ILP,0.992,True,0.0,True,4,1624.8193889574532,739.1363866297802,6,323.60671854195897,Optimal,True,Optimal,heuristic,0.18877843399968697
0,8,35,28,0.5,MILP,0.992,False,0.0,True,4,1624.8193889574532,739.1363866297802,6,323.60671854195897,Optimal,True,Optimal,heuristic,0.10313728300025105
0,8,35,28,0.5,Dijkstra,0.992,False,0.0,True,4,1624.8193889574532,739.1363866297802,6,323.60671854195897,Optimal,True,Optimal,heuristic,0.00042923399814753793
0,8,35,28,0.6,ILP,0.994,True,0.0,True,3,1177.7303703561279,591.3091093038241,6,323.60671854195897,Optimal,True,Optimal,heuristic,0.11913346499932231
0,8,35,28,0.6,MILP,0.994,True,0.0,True,3,1177.7303703561279,591.3091093038241,6,323.60671854195897,Optimal,True,Optimal,heuristic,0.10630751099961344
0,8,35,28,0.6,Dijkstra,0.994,True,0.0,True,3,1177.7303703561279,591.3091093038241,6,323.60671854195897,Optimal,True,Optimal,heuristic,0.00047511600132565945
0,8,35,28,0.7,ILP,0.994,True,0.0,True,3,734.2485383782598,443.48183197786807,6,323.60671854195897,Optimal,True,Optimal,heuristic,0.11764918100016075
0,8,35,28,0.7,MILP,0.994,True,0.0,True,3,734.2485383782598,443.48183197786807,6,323.60671854195897,Optimal,True,Optimal,heuristic,0.1044294080020336
0,8,35,28,0.7,Dijkstra,0.994,True,0.0,True,3,734.2485383782598,443.48183197786807,6,323.60671854195897,Optimal,True,Optimal,heuristic,0.000333025000145426
0,8,35,28,0.8,ILP,0.996,True,0.0,True,2,321.18968268162666,295.6545546519121,6,323.60671854195897,Optimal,True,Optimal,heuristic,0.10785106199909933
0,8,35,28,0.8,MILP,0.996,True,0.0,True,2,321.18968268162666,295.6545546519121,6,323.60671854195897,Optimal,True,Optimal,heuristic,0.10518265000064275
0,8,35,28,0.8,Dijkstra,0.996,True,0.0,True,2,321.18968268162666,295.6545546519121,6,323.60671854195897,Optimal,True,Optimal,heuristic,0.00032399700285168365
0,8,35,28,0.9,ILP,0.998,True,0.0,True,1,147.82727732595595,147.82727732595595,6,323.60671854195897,Optimal,True,Optimal,heuristic,0.09904747200198472
0,8,35,28,0.9,MILP,0.998,True,0.0,True,1,147.82727732595595,147.82727732595595,6,323.60671854195897,Optimal,True,Optimal,heuristic,0.1017784279974876
0,8,35,28,0.9,Dijkstra,0.998,True,0.0,True,1,147.82727732595595,147.82727732595595,6,323.60671854195897,Optimal,True,Optimal,heuristic,0.00036121100129093975
0,9,57,4,0.5,ILP,0.978,True,0.0,True,11,1414.4388051882493,377.69230113448134,5,199.72681003242712,Optimal,True,Optimal,heuristic,0.11828756100294413
0,9,57,4,0.5,MILP,0.978,True,0.0,True,11,1414.4388051882493,377.69230113448134,5,199.72681003242712,Optimal,True,Optimal,heuristic,0.1100244709996332
0,9,57,4,0.5,Dijkstra,0.978,True,0.0,True,11,1414.4388051882493,377.69230113448134,5,199.72681003242712,Optimal,True,Optimal,heuristic,0.0003037960013898555
0,9,57,4,0.6,ILP,0.986,True,0.0,True,7,726.319694877213,302.15384090758505,5,199.72681003242712,Optimal,True,Optimal,heuristic,0.1159716229994956
0,9,57,4,0.6,MILP,0.986,True,0.0,True,7,726.319694877213,302.15384090758505,5,199.72681003242712,Optimal,True,Optimal,heuristic,0.09826368300127797
0,9,57,4,0.6,Dijkstra,0.986,True,0.0,True,7,726.319694877213,302.15384090758505,5,199.72681003242712,Optimal,True,Optimal,heuristic,0.0003211959992768243
0,9,57,4,0.7,ILP,0.996,True,0.0,True,2,359.33594674586516,226.61538068068876,5,199.72681003242712,Optimal,True,Optimal,heuristic,0.09251098899767385
0,9,57,4,0.7,MILP,0.996,True,0.0,True,2,359.33594674586516,226.61538068068876,5,199.72681003242712,Optimal,True,Optimal,heuristic,0.09858065399748739
0,9,57,4,0.7,Dijkstra,0.996,True,0.0,True,2,359.33594674586516,226.61538068068876,5,199.72681003242712,Optimal,True,Optimal,heuristic,0.00035904100150219165
0,9,57,4,0.8,ILP,0.996,True,0.0,True,2,208.25902629207258,151.07692045379247,5,199.72681003242712,Optimal,True,Optimal,heuristic,0.09799595799995586
0,9,57,4,0.8,MILP,0.996,True,0.0,True,2,208.25902629207258,151.07692045379247,5,199.72681003242712,Optimal,True,Optimal,heuristic,0.09610234499996295
0,9,57,4,0.8,Dijkstra,0.996,True,0.0,True,2,208.25902629207258,151.07692045379247,5,199.72681003242712,Optimal,True,Optimal,heuristic,0.00031778300035512075
0,9,57,4,0.9,ILP,0.998,True,0.0,True,1,75.53846022689629,75.53846022689629,5,199.72681003242712,Optimal,True,Optimal,heuristic,0.09591733100023703
0,9,57,4,0.9,MILP,0.998,True,0.0,True,1,75.53846022689629,75.53846022689629,5,199.72681003242712,Optimal,True,Optimal,heuristic,0.09633854500134476
0,9,57,4,0.9,Dijkstra,0.998,True,0.0,True,1,75.53846022689629,75.53846022689629,5,199.72681003242712,Optimal,True,Optimal,heuristic,0.00029972999982419424
0,10,55,53,0.5,ILP,0.914,True,0.0,True,43,5355.078274723253,516.2801459541231,12,587.4541179836968,Optimal,True,Optimal,heuristic,0.5841046360001201
0,10,55,53,0.5,MILP,0.914,True,0.0,True,43,5355.078274723253,516.2801459541231,12,587.4541179836968,Optimal,True,Optimal,heuristic,0.15618011100013973
0,10,55,53,0.5,Dijkstra,0.914,True,0.0,True,43,5355.078274723253,516.2801459541231,12,587.4541179836968,Optimal,True,Optimal,heuristic,0.0003398180015210528
0,10,55,53,0.6,ILP,0.964,True,0.0,True,18,2579.263358561191,413.02411676329825,11,587.4541179836967,Optimal,True,Optimal,heuristic,0.464284781999595
0,10,55,53,0.6,MILP,0.964,False,0.0,True,18,2579.263358561193,413.0241167632985,12,587.4541179836968,Optimal,True,Optimal,heuristic,0.10277350500109605
0,10,55,53,0.6,Dijkstra,0.964,False,0.0,True,18,2579.263358561193,413.0241167632985,12,587.4541179836968,Optimal,True,Optimal,heuristic,0.0003555330004019197
0,10,55,53,0.7,ILP,0.98,True,0.0,True,10,1268.0504234249984,309.76808757247386,12,587.4541179836968,Optimal,True,Optimal,heuristic,0.24404070799937472
0,10,55,53,0.7,MILP,0.98,True,0.0,True,10,1268.0504234249984,309.76808757247386,12,587.4541179836968,Optimal,True,Optimal,heuristic,0.0956925409991527
0,10,55,53,0.7,Dijkstra,0.98,True,0.0,True,10,1268.0504234249984,309.76808757247386,12,587.4541179836968,Optimal,True,Optimal,heuristic,0.00033714900200720876
0,10,55,53,0.8,ILP,0.99,True,0.0,True,5,424.24465535423064,206.512058381649,11,587.4541179836967,Optimal,True,Optimal,heuristic,0.13718875000267872
0,10,55,53,0.8,MILP,0.99,False,0.0,True,5,424.2446553542318,206.51205838164924,12,587.4541179836968,Optimal,True,Optimal,heuristic,0.09289714500118862
0,10,55,53,0.8,Dijkstra,0.99,False,0.0,True,5,424.2446553542318,206.51205838164924,12,587.4541179836968,Optimal,True,Optimal,heuristic,0.00032227100018644705
0,10,55,53,0.9,ILP,0.998,True,0.0,True,1,103.25602919082462,103.25602919082462,12,587.4541179836968,Optimal,True,Optimal,heuristic,0.08989451800152892
0,10,55,53,0.9,MILP,0.998,True,0.0,True,1,103.25602919082462,103.25602919082462,12,587.4541179836968,Optimal,True,Optimal,heuristic,0.10374640699956217
0,10,55,53,0.9,Dijkstra,0.998,True,0.0,True,1,103.25602919082462,103.25602919082462,12,587.4541179836968,Optimal,True,Optimal,heuristic,0.00038262100133579224
0,11,17,41,0.5,ILP,0.964,True,0.0,True,18,1764.2887704664709,381.01771408405733,4,177.06516954513592,Optimal,True,Optimal,heuristic,1.2573093460014206
0,11,17,41,0.5,MILP,0.964,True,0.0,True,18,1764.2887704664709,381.01771408405733,4,177.06516954513592,Optimal,True,Optimal,heuristic,0.4724599760011188
0,11,17,41,0.5,Dijkstra,0.964,True,0.0,True,18,1764.2887704664709,381.01771408405733,4,177.06516954513592,Optimal,True,Optimal,heuristic,0.0003369799997017253
0,11,17,41,0.6,ILP,0.988,True,0.0,True,6,857.2865565919941,304.81417126724585,4,177.06516954513592,Optimal,True,Optimal,heuristic,0.5617778710002312
0,11,17,41,0.6,MILP,0.988,True,0.0,True,6,857.2865565919941,304.81417126724585,4,177.06516954513592,Optimal,True,Optimal,heuristic,0.3025400289989193
0,11,17,41,0.6,Dijkstra,0.988,True,0.0,True,6,857.2865565919941,304.81417126724585,4,177.06516954513592,Optimal,True,Optimal,heuristic,0.0004036089994770009
0,11,17,41,0.7,ILP,0.994,True,0.0,True,3,518.3085950295474,228.61062845043443,4,177.06516954513592,Optimal,True,Optimal,heuristic,0.27566328600005363
0,11,17,41,0.7,MILP,0.994,False,0.0,True,3,518.3085950295474,228.61062845043443,4,177.06516954513592,Optimal,True,Optimal,heuristic,0.3248904939973727
0,11,17,41,0.7,Dijkstra,0.994,False,0.0,True,3,518.3085950295474,228.61062845043443,4,177.06516954513592,Optimal,True,Optimal,heuristic,0.00041447200055699795
0,11,17,41,0.8,ILP,0.994,True,0.0,True,3,289.6979665791131,152.40708563362296,4,177.06516954513594,Optimal,True,Optimal,heuristic,0.8336129439994693
0,11,17,41,0.8,MILP,0.994,False,0.0,True,3,289.697966579113,152.40708563362296,4,177.06516954513592,Optimal,True,Optimal,heuristic,0.3549295949997031
0,11,17,41,0.8,Dijkstra,0.994,False,0.0,True,3,289.697966579113,152.40708563362296,4,177.06516954513592,Optimal,True,Optimal,heuristic,0.0003394289997231681
0,11,17,41,0.9,ILP,0.996,True,0.0,True,2,126.93277324627229,76.20354281681148,4,177.06516954513592,Optimal,True,Optimal,heuristic,0.4128081739982008
0,11,17,41,0.9,MILP,0.996,False,0.0,True,2,126.93277324627229,76.20354281681148,4,177.06516954513592,Optimal,True,Optimal,heuristic,0.34131296100167674
0,11,17,41,0.9,Dijkstra,0.996,False,0.0,True,2,126.93277324627229,76.20354281681148,4,177.06516954513592,Optimal,True,Optimal,heuristic,0.00034128200059058145
0,12,45,23,0.5,ILP,0.998,True,0.0,True,1,1219.4748332650047,1219.4748332650047,8,513.5580703705032,Optimal,True,Optimal,heuristic,0.0911100119992625
0,12,45,23,0.5,MILP,0.996,False,0.0020000000000000018,False,2,1043.223633965937,949.4334647359119,6,329.650212524594,Optimal,True,Optimal,heuristic,0.10093824800060247
0,12,45,23,0.5,Dijkstra,0.996,False,0.0020000000000000018,False,2,1043.223633965937,949.4334647359119,6,329.650212524594,Optimal,True,Optimal,heuristic,0.0003252479982620571
0,12,45,23,0.6,ILP,0.998,True,0.0,True,1,1029.5881403178223,1029.5881403178223,8,513.5580703705032,Optimal,True,Optimal,heuristic,0.08965628599980846
0,12,45,23,0.6,MILP,0.998,False,0.0,True,1,759.5467717887295,759.5467717887295,6,329.650212524594,Optimal,True,Optimal,heuristic,0.09195244399961666
0,12,45,23,0.6,Dijkstra,0.998,False,0.0,True,1,759.5467717887295,759.5467717887295,6,329.650212524594,Optimal,True,Optimal,heuristic,0.0003396400024939794
0,12,45,23,0.7,ILP,0.998,True,0.0,True,1,839.7014473706399,839.7014473706399,8,513.5580703705032,Optimal,True,Optimal,heuristic,0.0915549210003519
0,12,45,23,0.7,MILP,0.998,False,0.0,True,1,569.6600788415471,569.6600788415471,6,329.650212524594,Optimal,True,Optimal,heuristic,0.09054554999966058
0,12,45,23,0.7,Dijkstra,0.998,False,0.0,True,1,569.6600788415471,569.6600788415471,6,329.650212524594,Optimal,True,Optimal,heuristic,0.0003044340010092128
0,12,45,23,0.8,ILP,0.998,True,0.0,True,1,649.8147544234575,649.8147544234575,8,513.5580703705032,Optimal,True,Optimal,heuristic,0.09082463500089943
0,12,45,23,0.8,MILP,0.998,False,0.0,True,1,379.77338589436476,379.77338589436476,6,329.650212524594,Optimal,True,Optimal,heuristic,0.09291455399943516
0,12,45,23,0.8,Dijkstra,0.998,False,0.0,True,1,379.77338589436476,379.77338589436476,6,329.650212524594,Optimal,True,Optimal,heuristic,0.0003329230021336116
0,12,45,23,0.9,ILP,0.998,True,0.0,True,1,459.92806147627516,459.92806147627516,8,513.5580703705032,Optimal,True,Optimal,heuristic,0.09121128100014175
0,12,45,23,0.9,MILP,0.998,False,0.0,True,1,189.88669294718238,189.88669294718238,6,329.650212524594,Optimal,True,Optimal,heuristic,0.08954363899829332
0,12,45,23,0.9,Dijkstra,0.998,False,0.0,True,1,189.88669294718238,189.88669294718238,6,329.650212524594,Optimal,True,Optimal,heuristic,0.0003246589985792525
0,13,4,63,0.5,ILP,0.996,True,0.0,True,2,685.570067515569,571.166115016265,4,215.83340710550578,Optimal,True,Optimal,heuristic,0.11364339300052961
0,13,4,63,0.5,MILP,0.996,False,0.0,True,2,685.5700675155692,571.166115016265,3,215.83340710550576,Optimal,True,Optimal,heuristic,0.12608719499985455
0,13,4,63,0.5,Dijkstra,0.996,True,0.0,True,2,685.570067515569,571.166115016265,4,215.83340710550578,Optimal,True,Optimal,heuristic,0.00039901700074551627
0,13,4,63,0.6,ILP,0.996,True,0.0,True,2,457.10362150906303,456.93289201301207,4,215.83340710550578,Optimal,True,Optimal,heuristic,0.15850542299813242
0,13,4,63,0.6,MILP,0.996,False,0.0,True,2,457.10362150906315,456.93289201301207,3,215.83340710550578,Optimal,True,Optimal,heuristic,0.1257285050014616
0,13,4,63,0.6,Dijkstra,0.996,True,0.0,True,2,457.10362150906303,456.93289201301207,4,215.83340710550578,Optimal,True,Optimal,heuristic,0.0003094359999522567
0,13,4,63,0.7,ILP,0.998,True,0.0,True,1,342.6996690097591,342.6996690097591,4,215.83340710550578,Optimal,True,Optimal,heuristic,0.10824543499984429
0,13,4,63,0.7,MILP,0.998,True,0.0,True,1,342.6996690097591,342.6996690097591,4,215.83340710550578,Optimal,True,Optimal,heuristic,0.11633384000015212
0,13,4,63,0.7,Dijkstra,0.998,True,0.0,True,1,342.6996690097591,342.6996690097591,4,215.83340710550578,Optimal,True,Optimal,heuristic,0.0005042740012868308
0,13,4,63,0.8,ILP,0.998,True,0.0,True,1,381.4062665003586,381.4062665003586,6,260.04312104160624,Optimal,True,Optimal,heuristic,0.10112638699865784
0,13,4,63,0.8,MILP,0.998,False,0.0,True,1,228.4664460065061,228.4664460065061,4,215.83340710550578,Optimal,True,Optimal,heuristic,0.12187128199730068
0,13,4,63,0.8,Dijkstra,0.998,False,0.0,True,1,228.4664460065061,228.4664460065061,4,215.83340710550578,Optimal,True,Optimal,heuristic,0.00040602900116937235
0,13,4,63,0.9,ILP,0.998,True,0.0,True,1,267.1730434971055,267.1730434971055,6,260.04312104160624,Optimal,True,Optimal,heuristic,0.0994549349998124
0,13,4,63,0.9,MILP,0.998,False,0.0,True,1,114.23322300325299,114.23322300325299,4,215.83340710550578,Optimal,True,Optimal,heuristic,0.11894909900001949
0,13,4,63,0.9,Dijkstra,0.998,False,0.0,True,1,114.23322300325299,114.23322300325299,4,215.83340710550578,Optimal,True,Optimal,heuristic,0.0003433480014791712
0,14,44,50,0.5,ILP,0.992,True,0.0,True,4,1622.5440240019327,722.3199909953936,5,218.6142607287723,Optimal,True,Optimal,heuristic,0.11244527799863135
0,14,44,50,0.5,MILP,0.992,True,0.0,True,4,1622.5440240019327,722.3199909953936,5,218.6142607287723,Optimal,True,Optimal,heuristic,0.11203844400006346
0,14,44,50,0.5,Dijkstra,0.992,True,0.0,True,4,1622.5440240019327,722.3199909953936,5,218.6142607287723,Optimal,True,Optimal,heuristic,0.0003511040013108868
0,14,44,50,0.6,ILP,0.994,True,0.0,True,3,1165.304963576075,577.8559927963149,5,218.6142607287724,Optimal,True,Optimal,heuristic,0.14467007200073567
0,14,44,50,0.6,MILP,0.994,False,0.0,True,3,1165.304963576075,577.8559927963149,5,218.6142607287723,Optimal,True,Optimal,heuristic,0.1415614639990963
0,14,44,50,0.6,Dijkstra,0.994,False,0.0,True,3,1165.304963576075,577.8559927963149,5,218.6142607287723,Optimal,True,Optimal,heuristic,0.0004047289985464886
0,14,44,50,0.7,ILP,0.994,True,0.0,True,3,731.9129689788385,433.39199459723613,5,218.6142607287723,Optimal,True,Optimal,heuristic,0.1420872810012952
0,14,44,50,0.7,MILP,0.994,True,0.0,True,3,731.9129689788385,433.39199459723613,5,218.6142607287723,Optimal,True,Optimal,heuristic,0.11095669100177474
0,14,44,50,0.7,Dijkstra,0.994,True,0.0,True,3,731.9129689788385,433.39199459723613,5,218.6142607287723,Optimal,True,Optimal,heuristic,0.0003459759973338805
0,14,44,50,0.8,ILP,0.996,True,0.0,True,2,352.22856438936947,288.92799639815735,5,218.6142607287723,Optimal,True,Optimal,heuristic,0.1115759700005583
0,14,44,50,0.8,MILP,0.996,True,0.0,True,2,352.22856438936947,288.92799639815735,5,218.6142607287723,Optimal,True,Optimal,heuristic,0.12066600799880689
0,14,44,50,0.8,Dijkstra,0.996,True,0.0,True,2,352.22856438936947,288.92799639815735,5,218.6142607287723,Optimal,True,Optimal,heuristic,0.0003800430022238288
0,14,44,50,0.9,ILP,0.998,True,0.0,True,1,144.46399819907856,144.46399819907856,5,218.6142607287723,Optimal,True,Optimal,heuristic,0.08995884300020407
0,14,44,50,0.9,MILP,0.998,True,0.0,True,1,144.46399819907856,144.46399819907856,5,218.6142607287723,Optimal,True,Optimal,heuristic,0.10988731600082247
0,14,44,50,0.9,Dijkstra,0.998,True,0.0,True,1,144.46399819907856,144.46399819907856,5,218.6142607287723,Optimal,True,Optimal,heuristic,0.0004029660012747627
0,15,49,12,0.5,ILP,0.994,True,0.0,True,3,699.9960210616932,473.92699480033735,2,127.54447676351413,Optimal,True,Optimal,heuristic,0.13635672999953385
0,15,49,12,0.5,MILP,0.994,True,0.0,True,3,699.9960210616932,473.92699480033735,2,127.54447676351413,Optimal,True,Optimal,heuristic,0.10290402700047707
0,15,49,12,0.5,Dijkstra,0.994,True,0.0,True,3,699.9960210616932,473.92699480033735,2,127.54447676351413,Optimal,True,Optimal,heuristic,0.00036312600059318356
0,15,49,12,0.6,ILP,0.996,True,0.0,True,2,449.8979023940933,379.14159584026993,2,127.54447676351413,Optimal,True,Optimal,heuristic,0.11566520600172225
0,15,49,12,0.6,MILP,0.996,True,0.0,True,2,449.8979023940933,379.14159584026993,2,127.54447676351413,Optimal,True,Optimal,heuristic,0.11357027499980177
0,15,49,12,0.6,Dijkstra,0.996,True,0.0,True,2,449.8979023940933,379.14159584026993,2,127.54447676351413,Optimal,True,Optimal,heuristic,0.0003859650023514405
0,15,49,12,0.7,ILP,0.998,True,0.0,True,1,284.35619688020245,284.35619688020245,2,127.54447676351413,Optimal,True,Optimal,heuristic,0.11942122600157745
0,15,49,12,0.7,MILP,0.998,True,0.0,True,1,284.35619688020245,284.35619688020245,2,127.54447676351413,Optimal,True,Optimal,heuristic,0.10632766500202706
0,15,49,12,0.7,Dijkstra,0.998,True,0.0,True,1,284.35619688020245,284.35619688020245,2,127.54447676351413,Optimal,True,Optimal,heuristic,0.0003096069995081052
0,15,49,12,0.8,ILP,0.998,True,0.0,True,1,189.57079792013496,189.57079792013496,2,127.54447676351413,Optimal,True,Optimal,heuristic,0.1041358330003277
0,15,49,12,0.8,MILP,0.998,True,0.0,True,1,189.57079792013496,189.57079792013496,2,127.54447676351413,Optimal,True,Optimal,heuristic,0.09866474299997208
0,15,49,12,0.8,Dijkstra,0.998,True,0.0,True,1,189.57079792013496,189.57079792013496,2,127.54447676351413,Optimal,True,Optimal,heuristic,0.00030528000206686556
0,15,49,12,0.9,ILP,0.998,True,0.0,True,1,94.78539896006748,94.78539896006748,2,127.54447676351413,Optimal,True,Optimal,heuristic,0.09870781800054829
0,15,49,12,0.9,MILP,0.998,True,0.0,True,1,94.78539896006748,94.78539896006748,2,127.54447676351413,Optimal,True,Optimal,heuristic,0.10484066099888878
0,15,49,12,0.9,Dijkstra,0.998,True,0.0,True,1,94.78539896006748,94.78539896006748,2,127.54447676351413,Optimal,True,Optimal,heuristic,0.00034741100171231665
0,16,32,2,0.5,ILP,0.986,True,0.0,True,7,2002.4787019056573,929.7562616542913,5,290.71397014032937,Optimal,True,Optimal,heuristic,0.7634145689989964
0,16,32,2,0.5,MILP,0.982,False,0.0040000000000000036,False,9,1511.719155442411,635.7413640457422,5,269.4905718776874,Optimal,True,Optimal,heuristic,0.673449777001224
0,16,32,2,0.5,Dijkstra,0.982,False,0.0040000000000000036,False,9,1511.719155442411,635.7413640457422,5,269.4905718776874,Optimal,True,Optimal,heuristic,0.00035459199716569856
0,16,32,2,0.6,ILP,0.992,True,0.0,True,4,1654.0202621197525,804.332425167365,7,326.774619768139,Optimal,True,Optimal,heuristic,0.37720631299816887
0,16,32,2,0.6,MILP,0.992,False,0.0,True,4,842.3058579442754,508.59309123659386,5,269.4905718776874,Optimal,True,Optimal,heuristic,0.5376711320022878
0,16,32,2,0.6,Dijkstra,0.992,False,0.0,True,4,842.3058579442754,508.59309123659386,5,269.4905718776874,Optimal,True,Optimal,heuristic,0.00033978899955400266
0,16,32,2,0.7,ILP,0.996,True,0.0,True,2,444.2039386320288,381.4448184274454,5,269.4905718776874,Optimal,True,Optimal,heuristic,0.4351984220011218
0,16,32,2,0.7,MILP,0.996,True,0.0,True,2,444.2039386320288,381.4448184274454,5,269.4905718776874,Optimal,True,Optimal,heuristic,0.16514544800156727
0,16,32,2,0.7,Dijkstra,0.996,True,0.0,True,2,444.2039386320288,381.4448184274454,5,269.4905718776874,Optimal,True,Optimal,heuristic,0.0003286300016043242
0,16,32,2,0.8,ILP,0.998,True,0.0,True,1,548.311443226846,548.311443226846,5,290.71397014032937,Optimal,True,Optimal,heuristic,0.10412101000110852
0,16,32,2,0.8,MILP,0.998,False,0.0,True,1,254.2965456182967,254.2965456182967,5,269.49057187768744,Optimal,True,Optimal,heuristic,0.2075967969976773
0,16,32,2,0.8,Dijkstra,0.998,False,0.0,True,1,254.29654561829693,254.29654561829693,5,269.4905718776874,Optimal,True,Optimal,heuristic,0.0003767829985008575
0,16,32,2,0.9,ILP,0.998,True,0.0,True,1,421.16317041769753,421.16317041769753,5,290.71397014032937,Optimal,True,Optimal,heuristic,0.10537228800239973
0,16,32,2,0.9,MILP,0.998,False,0.0,True,1,127.14827280914847,127.14827280914847,5,269.4905718776874,Optimal,True,Optimal,heuristic,0.2370834930006822
0,16,32,2,0.9,Dijkstra,0.998,False,0.0,True,1,127.14827280914847,127.14827280914847,5,269.4905718776874,Optimal,True,Optimal,heuristic,0.0004223910000291653
0,17,35,10,0.5,ILP,0.988,True,0.0,True,6,2008.4689631579527,691.635091343661,9,452.65903977349046,Optimal,True,Optimal,heuristic,0.31196609099788475
0,17,35,10,0.5,MILP,0.988,False,0.0,True,6,2008.4689631579627,691.6350913436617,10,452.6590397734914,Optimal,True,Optimal,heuristic,0.14375178399859578
0,17,35,10,0.5,Dijkstra,0.988,False,0.0,True,6,2008.4689631579627,691.6350913436617,10,452.6590397734914,Optimal,True,Optimal,heuristic,0.00048330199933843687
0,17,35,10,0.6,ILP,0.992,True,0.0,True,4,1406.8229826846516,553.3080730749293,10,452.6590397734914,Optimal,True,Optimal,heuristic,0.29421970100156614
0,17,35,10,0.6,MILP,0.992,True,0.0,True,4,1406.8229826846516,553.3080730749293,10,452.6590397734914,Optimal,True,Optimal,heuristic,0.10988708199874964
0,17,35,10,0.6,Dijkstra,0.992,True,0.0,True,4,1406.8229826846516,553.3080730749293,10,452.6590397734914,Optimal,True,Optimal,heuristic,0.00033445799999753945
0,17,35,10,0.7,ILP,0.994,True,0.0,True,3,966.9903668636964,414.9810548061971,10,452.6590397734914,Optimal,True,Optimal,heuristic,0.16554850000102306
0,17,35,10,0.7,MILP,0.994,True,0.0,True,3,966.9903668636964,414.9810548061971,10,452.6590397734914,Optimal,True,Optimal,heuristic,0.10695471900180564
0,17,35,10,0.7,Dijkstra,0.994,True,0.0,True,3,966.9903668636964,414.9810548061971,10,452.6590397734914,Optimal,True,Optimal,heuristic,0.00032926100175245665
0,17,35,10,0.8,ILP,0.994,True,0.0,True,3,552.0093120574991,276.65403653746466,10,452.6590397734914,Optimal,True,Optimal,heuristic,0.1471583290003764
0,17,35,10,0.8,MILP,0.994,False,0.0,True,3,552.0093120574991,276.65403653746466,10,452.6590397734914,Optimal,True,Optimal,heuristic,0.10845573600090574
0,17,35,10,0.8,Dijkstra,0.994,False,0.0,True,3,552.0093120574991,276.65403653746466,10,452.6590397734914,Optimal,True,Optimal,heuristic,0.0005005599996366072
0,17,35,10,0.9,ILP,0.996,True,0.0,True,2,216.77171106172955,138.327018268732,9,452.6590397734912,Optimal,True,Optimal,heuristic,0.11209163199964678
0,17,35,10,0.9,MILP,0.996,False,0.0,True,2,216.77171106172977,138.32701826873222,10,452.6590397734914,Optimal,True,Optimal,heuristic,0.1071342029972584
0,17,35,10,0.9,Dijkstra,0.996,False,0.0,True,2,216.77171106172977,138.32701826873222,10,452.6590397734914,Optimal,True,Optimal,heuristic,0.0003734319980139844
0,18,48,44,0.5,ILP,0.964,True,0.0,True,18,3396.438361731035,1409.632900463977,8,365.1953025582095,Optimal,True,Optimal,heuristic,0.41666183300185367
0,18,48,44,0.5,MILP,0.962,False,0.0020000000000000018,False,19,3304.574571954876,566.0213844241481,8,387.7511423958978,Optimal,True,Optimal,heuristic,0.1771754459987278
0,18,48,44,0.5,Dijkstra,0.964,True,0.0,True,18,3396.438361731035,1409.632900463977,8,365.1953025582095,Optimal,True,Optimal,heuristic,0.00039463799839722924
0,18,48,44,0.6,ILP,0.988,True,0.0,True,6,2310.8052600644423,1296.4286235791471,8,365.1953025582095,Optimal,True,Optimal,heuristic,0.17907352999827708
0,18,48,44,0.6,MILP,0.978,False,0.010000000000000009,False,11,1674.6057066365915,452.81710753931884,8,387.7511423958978,Optimal,True,Optimal,heuristic,0.16765419700095663
0,18,48,44,0.6,Dijkstra,0.988,True,0.0,True,6,2310.8052600644423,1296.4286235791471,8,365.1953025582095,Optimal,True,Optimal,heuristic,0.0003577780007617548
0,18,48,44,0.7,ILP,0.992,True,0.0,True,4,819.7898384428582,339.61283065448924,8,387.7511423958978,Optimal,True,Optimal,heuristic,0.16385064200221677
0,18,48,44,0.7,MILP,0.992,False,0.0,True,4,819.7898384428579,339.612830654489,8,387.75114239589783,Optimal,True,Optimal,heuristic,0.10567758799879812
0,18,48,44,0.7,Dijkstra,0.992,False,0.0,True,4,1703.6685321651864,1183.2243466943175,8,365.1953025582095,Optimal,True,Optimal,heuristic,0.0006167009996715933
0,18,48,44,0.8,ILP,0.996,True,0.0,True,2,1376.1361449093367,1070.0200698094877,7,365.19530255820905,Optimal,True,Optimal,heuristic,0.12265094699978363
0,18,48,44,0.8,MILP,0.994,False,0.0020000000000000018,False,3,469.41433951181557,226.4085537696592,8,387.7511423958978,Optimal,True,Optimal,heuristic,0.09893905400167569
0,18,48,44,0.8,Dijkstra,0.996,False,0.0,True,2,1376.136144909337,1070.0200698094877,8,365.1953025582095,Optimal,True,Optimal,heuristic,0.0005185949994483963
0,18,48,44,0.9,ILP,0.996,True,0.0,True,2,1297.3581374150363,1111.8169618382758,10,522.0776817467929,Optimal,True,Optimal,heuristic,0.1083449460020347
0,18,48,44,0.9,MILP,0.996,False,0.0,True,2,204.73937728711303,113.2042768848296,8,387.7511423958978,Optimal,True,Optimal,heuristic,0.09783189500012668
0,18,48,44,0.9,Dijkstra,0.996,False,0.0,True,2,1149.7275911396778,956.8157929246581,8,365.1953025582095,Optimal,True,Optimal,heuristic,0.00037423300091177225
0,19,26,21,0.5,ILP,0.99,True,0.0,True,5,1780.125257351063,1044.8588617947955,12,605.4513025832856,Optimal,True,Optimal,heuristic,0.22294739199787728
0,19,26,21,0.5,MILP,0.98,False,0.010000000000000009,False,10,1569.171875177224,868.4890641418554,17,798.7947358631501,Optimal,True,Optimal,heuristic,0.11597572399841738
0,19,26,21,0.5,Dijkstra,0.99,True,0.0,True,5,1780.125257351063,1044.8588617947955,12,605.4513025832856,Optimal,True,Optimal,heuristic,0.0003773079988604877
0,19,26,21,0.6,ILP,0.998,True,0.0,True,1,694.7912513134843,694.7912513134843,17,798.7947358631501,Optimal,True,Optimal,heuristic,0.11045051499968395
0,19,26,21,0.6,MILP,0.998,True,0.0,True,1,694.7912513134843,694.7912513134843,17,798.7947358631501,Optimal,True,Optimal,heuristic,0.11224353900252027
0,19,26,21,0.6,Dijkstra,0.996,False,0.0020000000000000018,False,2,1183.7119829806206,871.1610489664245,12,605.4513025832856,Optimal,True,Optimal,heuristic,0.00036703799923998304
0,19,26,21,0.7,ILP,0.998,True,0.0,True,1,707.7290874991329,707.7290874991329,18,879.8043086922049,Optimal,True,Optimal,heuristic,0.13418395499684266
0,19,26,21,0.7,MILP,0.998,False,0.0,True,1,521.0934384851132,521.0934384851132,17,798.7947358631501,Optimal,True,Optimal,heuristic,0.10507023000172921
0,19,26,21,0.7,Dijkstra,0.996,False,0.0020000000000000018,False,2,836.3163573238785,697.4632361380534,12,605.4513025832856,Optimal,True,Optimal,heuristic,0.0003510569986246992
0,19,26,21,0.8,ILP,0.998,True,0.0,True,1,347.3956256567419,347.3956256567419,17,798.7947358631501,Optimal,True,Optimal,heuristic,0.11204977499801316
0,19,26,21,0.8,MILP,0.998,False,0.0,True,1,347.3956256567419,347.3956256567419,17,798.7947358631501,Optimal,True,Optimal,heuristic,0.10084486499908962
0,19,26,21,0.8,Dijkstra,0.998,False,0.0,True,1,523.7654233096821,523.7654233096821,12,605.4513025832856,Optimal,True,Optimal,heuristic,0.0003234040013921913
0,19,26,21,0.9,ILP,0.998,True,0.0,True,1,360.33346184239076,360.33346184239076,18,879.8043086922049,Optimal,True,Optimal,heuristic,0.1349701469989668
0,19,26,21,0.9,MILP,0.998,False,0.0,True,1,173.69781282837107,173.69781282837107,17,798.7947358631501,Optimal,True,Optimal,heuristic,0.09762999400118133
0,19,26,21,0.9,Dijkstra,0.998,False,0.0,True,1,350.06761048131125,350.06761048131125,12,605.4513025832856,Optimal,True,Optimal,heuristic,0.0003542379999998957
1,0,34,63,0.5,ILP,0.968,True,0.0,True,16,1247.1302880185792,449.2197983656325,6,246.47164797880424,Optimal,True,Optimal,heuristic,1.1243589849982527
1,0,34,63,0.5,MILP,0.968,True,0.0,True,16,1247.1302880185792,449.2197983656325,6,246.47164797880424,Optimal,True,Optimal,heuristic,0.6330469690001337
1,0,34,63,0.5,Dijkstra,0.962,False,0.006000000000000005,False,19,1836.006707703289,368.1347562243144,5,235.9892526306987,Optimal,True,Optimal,heuristic,0.00037205699845799245
1,0,34,63,0.6,ILP,0.99,True,0.0,True,5,485.7040793798991,375.59284712076965,6,246.47164797880424,Optimal,True,Optimal,heuristic,0.40747793199989246
1,0,34,63,0.6,MILP,0.99,False,0.0,True,5,485.7040793798989,375.59284712076953,6,246.47164797880424,Optimal,True,Optimal,heuristic,0.22238943800039124
1,0,34,63,0.6,Dijkstra,0.984,False,0.006000000000000005,False,8,853.9438676748865,294.5078049794515,5,235.9892526306987,Optimal,True,Optimal,heuristic,0.00037537000025622547
1,0,34,63,0.7,ILP,0.998,True,0.0,True,1,301.96589587590677,301.96589587590677,6,246.47164797880424,Optimal,True,Optimal,heuristic,0.14711173300020164
1,0,34,63,0.7,MILP,0.998,True,0.0,True,1,301.96589587590677,301.96589587590677,6,246.47164797880424,Optimal,True,Optimal,heuristic,0.18619265500092297
1,0,34,63,0.7,Dijkstra,0.992,False,0.006000000000000005,False,4,365.3538905224042,220.88085373458864,5,235.9892526306987,Optimal,True,Optimal,heuristic,0.00039066699901013635
1,0,34,63,0.8,ILP,0.998,True,0.0,True,1,228.3389446310439,228.3389446310439,6,246.47164797880424,Optimal,True,Optimal,heuristic,0.1742128389996651
1,0,34,63,0.8,MILP,0.998,False,0.0,True,1,147.25390248972576,147.25390248972576,5,235.9892526306987,Optimal,True,Optimal,heuristic,0.15385451399924932
1,0,34,63,0.8,Dijkstra,0.998,False,0.0,True,1,147.25390248972576,147.25390248972576,5,235.9892526306987,Optimal,True,Optimal,heuristic,0.0004000150001957081
1,0,34,63,0.9,ILP,0.998,True,0.0,True,1,154.711993386181,154.711993386181,6,246.47164797880424,Optimal,True,Optimal,heuristic,0.14138172800085158
1,0,34,63,0.9,MILP,0.998,False,0.0,True,1,73.62695124486288,73.62695124486288,5,235.9892526306987,Optimal,True,Optimal,heuristic,0.17892020299768774
1,0,34,63,0.9,Dijkstra,0.998,False,0.0,True,1,73.62695124486288,73.62695124486288,5,235.9892526306987,Optimal,True,Optimal,heuristic,0.0003739080020750407
1,1,47,49,0.5,ILP,0.988,True,0.0,True,6,474.86678800320004,243.21806156849516,1,70.25852713424084,Optimal,True,Optimal,heuristic,0.09861743399960687
1,1,47,49,0.5,MILP,0.988,True,0.0,True,6,474.86678800320004,243.21806156849516,1,70.25852713424084,Optimal,True,Optimal,heuristic,0.09473181599969394
1,1,47,49,0.5,Dijkstra,0.988,True,0.0,True,6,474.86678800320004,243.21806156849516,1,70.25852713424084,Optimal,True,Optimal,heuristic,0.00030496799809043296
1,1,47,49,0.6,ILP,0.994,True,0.0,True,3,261.56233550447035,194.57444925479615,1,70.25852713424084,Optimal,True,Optimal,heuristic,0.09260250800070935
1,1,47,49,0.6,MILP,0.994,True,0.0,True,3,261.56233550447035,194.57444925479615,1,70.25852713424084,Optimal,True,Optimal,heuristic,0.09298255700196023
1,1,47,49,0.6,Dijkstra,0.994,True,0.0,True,3,261.56233550447035,194.57444925479615,1,70.25852713424084,Optimal,True,Optimal,heuristic,0.0003472759999567643
1,1,47,49,0.7,ILP,0.996,True,0.0,True,2,159.3057059182421,145.93083694109714,1,70.25852713424084,Optimal,True,Optimal,heuristic,0.0928189910009678
1,1,47,49,0.7,MILP,0.996,True,0.0,True,2,159.3057059182421,145.93083694109714,1,70.25852713424084,Optimal,True,Optimal,heuristic,0.09529918100088253
1,1,47,49,0.7,Dijkstra,0.996,True,0.0,True,2,159.3057059182421,145.93083694109714,1,70.25852713424084,Optimal,True,Optimal,heuristic,0.000425679001637036
1,1,47,49,0.8,ILP,0.998,True,0.0,True,1,97.28722462739802,97.28722462739802,1,70.25852713424084,Optimal,True,Optimal,heuristic,0.08952578699972946
1,1,47,49,0.8,MILP,0.998,True,0.0,True,1,97.28722462739802,97.28722462739802,1,70.25852713424084,Optimal,True,Optimal,heuristic,0.09626624399970751
1,1,47,49,0.8,Dijkstra,0.998,True,0.0,True,1,97.28722462739802,97.28722462739802,1,70.25852713424084,Optimal,True,Optimal,heuristic,0.0003015510010300204
1,1,47,49,0.9,ILP,0.998,True,0.0,True,1,48.64361231369901,48.64361231369901,1,70.25852713424084,Optimal,True,Optimal,heuristic,0.09138316199823748
1,1,47,49,0.9,MILP,0.998,True,0.0,True,1,48.64361231369901,48.64361231369901,1,70.25852713424084,Optimal,True,Optimal,heuristic,0.09124330900158384
1,1,47,49,0.9,Dijkstra,0.998,True,0.0,True,1,48.64361231369901,48.64361231369901,1,70.25852713424084,Optimal,True,Optimal,heuristic,0.00033303800228168257
1,2,46,51,0.5,ILP,0.864,True,0.0,True,68,7089.875902542103,423.37754849555506,8,474.4458337794324,Optimal,True,Optimal,heuristic,0.5739705829982995
1,2,46,51,0.5,MILP,0.864,True,0.0,True,68,7089.875902542103,423.37754849555506,8,474.4458337794324,Optimal,True,Optimal,heuristic,0.1444943950009474
1,2,46,51,0.5,Dijkstra,0.864,True,0.0,True,68,7089.875902542103,423.37754849555506,8,474.4458337794324,Optimal,True,Optimal,heuristic,0.0003402820002520457
1,2,46,51,0.6,ILP,0.944,True,0.0,True,28,2969.3160882933234,338.70203879644407,8,474.4458337794324,Optimal,True,Optimal,heuristic,0.36515921499812976
1,2,46,51,0.6,MILP,0.944,True,0.0,True,28,2969.3160882933234,338.70203879644407,8,474.4458337794324,Optimal,True,Optimal,heuristic,0.13278009399800794
1,2,46,51,0.6,Dijkstra,0.944,True,0.0,True,28,2969.3160882933234,338.70203879644407,8,474.4458337794324,Optimal,True,Optimal,heuristic,0.0003954940002586227
1,2,46,51,0.7,ILP,0.978,True,0.0,True,11,1360.6574509155098,254.02652909733308,8,474.4458337794324,Optimal,True,Optimal,heuristic,0.16100471400204697
1,2,46,51,0.7,MILP,0.978,True,0.0,True,11,1360.6574509155098,254.02652909733308,8,474.4458337794324,Optimal,True,Optimal,heuristic,0.10816019699996104
1,2,46,51,0.7,Dijkstra,0.978,True,0.0,True,11,1360.6574509155098,254.02652909733308,8,474.4458337794324,Optimal,True,Optimal,heuristic,0.0003309320018161088
1,2,46,51,0.8,ILP,0.988,True,0.0,True,6,629.1847783883863,169.35101939822198,8,474.4458337794324,Optimal,True,Optimal,heuristic,0.1671617360007076
1,2,46,51,0.8,MILP,0.988,True,0.0,True,6,629.1847783883863,169.35101939822198,8,474.4458337794324,Optimal,True,Optimal,heuristic,0.10632539700236521
1,2,46,51,0.8,Dijkstra,0.988,True,0.0,True,6,629.1847783883863,169.35101939822198,8,474.4458337794324,Optimal,True,Optimal,heuristic,0.0004104269974050112
1,2,46,51,0.9,ILP,0.992,True,0.0,True,4,247.91269655627707,84.67550969911099,8,474.4458337794324,Optimal,True,Optimal,heuristic,0.14761523799825227
1,2,46,51,0.9,MILP,0.992,False,0.0,True,4,247.91269655627684,84.67550969911099,8,474.4458337794324,Optimal,True,Optimal,heuristic,0.10831359199801227
1,2,46,51,0.9,Dijkstra,0.992,True,0.0,True,4,247.91269655627707,84.67550969911099,8,474.4458337794324,Optimal,True,Optimal,heuristic,0.0003823590013780631
1,3,33,8,0.5,ILP,0.994,True,0.0,True,3,396.36384636687325,342.0535075919724,2,79.62996528490181,Optimal,True,Optimal,heuristic,0.1487188380015141
1,3,33,8,0.5,MILP,0.994,True,0.0,True,3,396.36384636687325,342.0535075919724,2,79.62996528490181,Optimal,True,Optimal,heuristic,0.16551589099981356
1,3,33,8,0.5,Dijkstra,0.994,True,0.0,True,3,396.36384636687325,342.0535075919724,2,79.62996528490181,Optimal,True,Optimal,heuristic,0.0006114389980211854
1,3,33,8,0.6,ILP,0.998,True,0.0,True,1,273.6428060735779,273.6428060735779,2,79.62996528490181,Optimal,True,Optimal,heuristic,0.10100095300003886
1,3,33,8,0.6,MILP,0.998,True,0.0,True,1,273.6428060735779,273.6428060735779,2,79.62996528490181,Optimal,True,Optimal,heuristic,0.12974888300232124
1,3,33,8,0.6,Dijkstra,0.998,True,0.0,True,1,273.6428060735779,273.6428060735779,2,79.62996528490181,Optimal,True,Optimal,heuristic,0.00038392200076486915
1,3,33,8,0.7,ILP,0.998,True,0.0,True,1,205.23210455518347,205.23210455518347,2,79.62996528490181,Optimal,True,Optimal,heuristic,0.10098183199806954
1,3,33,8,0.7,MILP,0.998,True,0.0,True,1,205.23210455518347,205.23210455518347,2,79.62996528490181,Optimal,True,Optimal,heuristic,0.11085935099981725
1,3,33,8,0.7,Dijkstra,0.998,True,0.0,True,1,205.23210455518347,205.23210455518347,2,79.62996528490181,Optimal,True,Optimal,heuristic,0.0003195099998265505
1,3,33,8,0.8,ILP,0.998,True,0.0,True,1,136.82140303678898,136.82140303678898,2,79.62996528490181,Optimal,True,Optimal,heuristic,0.10555278800165979
1,3,33,8,0.8,MILP,0.998,True,0.0,True,1,136.82140303678898,136.82140303678898,2,79.62996528490181,Optimal,True,Optimal,heuristic,0.11593369899856043
1,3,33,8,0.8,Dijkstra,0.998,True,0.0,True,1,136.82140303678898,136.82140303678898,2,79.62996528490181,Optimal,True,Optimal,heuristic,0.0003169029987475369
1,3,33,8,0.9,ILP,0.998,True,0.0,True,1,68.41070151839449,68.41070151839449,2,79.62996528490181,Optimal,True,Optimal,heuristic,0.1140560980020382
1,3,33,8,0.9,MILP,0.998,True,0.0,True,1,68.41070151839449,68.41070151839449,2,79.62996528490181,Optimal,True,Optimal,heuristic,0.11338464800064685
1,3,33,8,0.9,Dijkstra,0.998,True,0.0,True,1,68.41070151839449,68.41070151839449,2,79.62996528490181,Optimal,True,Optimal,heuristic,0.00031304799995268695
1,4,54,29,0.5,ILP,0.9319999999999999,True,0.0,True,34,4104.1865644433,515.8257719394489,10,522.2320285331531,Optimal,True,Optimal,heuristic,1.1371863089989347
1,4,54,29,0.5,MILP,0.9319999999999999,True,0.0,True,34,4104.1865644433,515.8257719394489,10,522.2320285331531,Optimal,True,Optimal,heuristic,0.1505178990009881
1,4,54,29,0.5,Dijkstra,0.9319999999999999,True,0.0,True,34,4104.1865644433,515.8257719394489,10,522.2320285331531,Optimal,True,Optimal,heuristic,0.0003591720014810562
1,4,54,29,0.6,ILP,0.972,True,0.0,True,14,1602.6835485007741,412.6606175515592,10,522.2320285331531,Optimal,True,Optimal,heuristic,0.4958797399995092
1,4,54,29,0.6,MILP,0.972,True,0.0,True,14,1602.6835485007741,412.6606175515592,10,522.2320285331531,Optimal,True,Optimal,heuristic,0.10807501100134687
1,4,54,29,0.6,Dijkstra,0.972,True,0.0,True,14,1602.6835485007741,412.6606175515592,10,522.2320285331531,Optimal,True,Optimal,heuristic,0.00041067699930863455
1,4,54,29,0.7,ILP,0.99,True,0.0,True,5,749.6750278300491,309.49546316366946,10,522.2320285331531,Optimal,True,Optimal,heuristic,0.14556740399711998
1,4,54,29,0.7,MILP,0.99,True,0.0,True,5,749.6750278300491,309.49546316366946,10,522.2320285331531,Optimal,True,Optimal,heuristic,0.10740489299860201
1,4,54,29,0.7,Dijkstra,0.99,True,0.0,True,5,749.6750278300491,309.49546316366946,10,522.2320285331531,Optimal,True,Optimal,heuristic,0.0004295760008972138
1,4,54,29,0.8,ILP,0.994,True,0.0,True,3,400.93511830346756,206.33030877577949,10,522.2320285331531,Optimal,True,Optimal,heuristic,0.1391566710008192
1,4,54,29,0.8,MILP,0.994,True,0.0,True,3,400.93511830346756,206.33030877577949,10,522.2320285331531,Optimal,True,Optimal,heuristic,0.11144832100035273
1,4,54,29,0.8,Dijkstra,0.994,True,0.0,True,3,400.93511830346756,206.33030877577949,10,522.2320285331531,Optimal,True,Optimal,heuristic,0.0003770729999814648
1,4,54,29,0.9,ILP,0.996,True,0.0,True,2,165.0924315514569,103.16515438788974,10,522.2320285331531,Optimal,True,Optimal,heuristic,0.12158479500067187
1,4,54,29,0.9,MILP,0.996,True,0.0,True,2,165.0924315514569,103.16515438788974,10,522.2320285331531,Optimal,True,Optimal,heuristic,0.10461768399909488
1,4,54,29,0.9,Dijkstra,0.996,True,0.0,True,2,165.0924315514569,103.16515438788974,10,522.2320285331531,Optimal,True,Optimal,heuristic,0.00034291499832761474
1,5,32,24,0.5,ILP,0.942,True,0.0,True,29,2114.999704904547,290.51027425740375,7,239.9448789988475,Optimal,True,Optimal,heuristic,0.4555316670011962
1,5,32,24,0.5,MILP,0.942,True,0.0,True,29,2114.999704904547,290.51027425740375,7,239.9448789988475,Optimal,True,Optimal,heuristic,0.10387137999714469
1,5,32,24,0.5,Dijkstra,0.942,True,0.0,True,29,2114.999704904547,290.51027425740375,7,239.9448789988475,Optimal,True,Optimal,heuristic,0.00033763899773475714
1,5,32,24,0.6,ILP,0.974,True,0.0,True,13,1041.1904416348784,232.40821940592303,7,239.9448789988475,Optimal,True,Optimal,heuristic,0.23361617000045953
1,5,32,24,0.6,MILP,0.974,True,0.0,True,13,1041.1904416348784,232.40821940592303,7,239.9448789988475,Optimal,True,Optimal,heuristic,0.12911803499810048
1,5,32,24,0.6,Dijkstra,0.974,True,0.0,True,13,1041.1904416348784,232.40821940592303,7,239.9448789988475,Optimal,True,Optimal,heuristic,0.0003816700009338092
1,5,32,24,0.7,ILP,0.984,True,0.0,True,8,429.2165269091244,174.30616455444232,7,239.9448789988475,Optimal,True,Optimal,heuristic,0.2331490920005308
1,5,32,24,0.7,MILP,0.984,False,0.0,True,8,429.2165269091244,174.30616455444232,7,239.9448789988475,Optimal,True,Optimal,heuristic,0.1223193439982424
1,5,32,24,0.7,Dijkstra,0.984,False,0.0,True,8,429.2165269091244,174.30616455444232,7,239.9448789988475,Optimal,True,Optimal,heuristic,0.00036972499947296456
1,5,32,24,0.8,ILP,0.994,True,0.0,True,3,142.94148659377345,116.20410970296143,7,239.9448789988475,Optimal,True,Optimal,heuristic,0.195021583000198
1,5,32,24,0.8,MILP,0.994,True,0.0,True,3,142.94148659377345,116.20410970296143,7,239.9448789988475,Optimal,True,Optimal,heuristic,0.1034007609996479
1,5,32,24,0.8,Dijkstra,0.994,True,0.0,True,3,142.94148659377345,116.20410970296143,7,239.9448789988475,Optimal,True,Optimal,heuristic,0.0003665170006570406
1,5,32,24,0.9,ILP,0.998,True,0.0,True,1,58.102054851480716,58.102054851480716,7,239.9448789988475,Optimal,True,Optimal,heuristic,0.1563988750021963
1,5,32,24,0.9,MILP,0.998,True,0.0,True,1,58.102054851480716,58.102054851480716,7,239.9448789988475,Optimal,True,Optimal,heuristic,0.10166777199992794
1,5,32,24,0.9,Dijkstra,0.998,True,0.0,True,1,58.102054851480716,58.102054851480716,7,239.9448789988475,Optimal,True,Optimal,heuristic,0.0003391900027054362
1,6,50,41,0.5,ILP,0.996,True,0.0,True,2,215.25689307381217,148.21426635419598,1,18.959975486243252,Optimal,True,Optimal,heuristic,0.11912304799989215
1,6,50,41,0.5,MILP,0.996,True,0.0,True,2,215.25689307381217,148.21426635419598,1,18.959975486243252,Optimal,True,Optimal,heuristic,0.156567261001328
1,6,50,41,0.5,Dijkstra,0.996,True,0.0,True,2,215.25689307381217,148.21426635419598,1,18.959975486243252,Optimal,True,Optimal,heuristic,0.00032248600109596737
1,6,50,41,0.6,ILP,0.996,True,0.0,True,2,155.97118653213377,118.57141308335679,1,18.959975486243252,Optimal,True,Optimal,heuristic,0.11363265999898431
1,6,50,41,0.6,MILP,0.996,True,0.0,True,2,155.97118653213377,118.57141308335679,1,18.959975486243252,Optimal,True,Optimal,heuristic,0.10999254999842378
1,6,50,41,0.6,Dijkstra,0.996,True,0.0,True,2,155.97118653213377,118.57141308335679,1,18.959975486243252,Optimal,True,Optimal,heuristic,0.0003342769996379502
1,6,50,41,0.7,ILP,0.996,True,0.0,True,2,96.68547999045538,88.92855981251759,1,18.959975486243252,Optimal,True,Optimal,heuristic,0.11644980100027169
1,6,50,41,0.7,MILP,0.996,True,0.0,True,2,96.68547999045538,88.92855981251759,1,18.959975486243252,Optimal,True,Optimal,heuristic,0.10173378100080299
1,6,50,41,0.7,Dijkstra,0.996,True,0.0,True,2,96.68547999045538,88.92855981251759,1,18.959975486243252,Optimal,True,Optimal,heuristic,0.0002972840011352673
1,6,50,41,0.8,ILP,0.998,True,0.0,True,1,59.285706541678394,59.285706541678394,1,18.959975486243252,Optimal,True,Optimal,heuristic,0.1096985570002289
1,6,50,41,0.8,MILP,0.998,True,0.0,True,1,59.285706541678394,59.285706541678394,1,18.959975486243252,Optimal,True,Optimal,heuristic,0.10312889100168832
1,6,50,41,0.8,Dijkstra,0.998,True,0.0,True,1,59.285706541678394,59.285706541678394,1,18.959975486243252,Optimal,True,Optimal,heuristic,0.00028751299760187976
1,6,50,41,0.9,ILP,0.998,True,0.0,True,1,29.64285327083917,29.64285327083917,1,18.959975486243252,Optimal,True,Optimal,heuristic,0.1077512640003988
1,6,50,41,0.9,MILP,0.998,True,0.0,True,1,29.64285327083917,29.64285327083917,1,18.959975486243252,Optimal,True,Optimal,heuristic,0.10439885400046478
1,6,50,41,0.9,Dijkstra,0.998,True,0.0,True,1,29.64285327083917,29.64285327083917,1,18.959975486243252,Optimal,True,Optimal,heuristic,0.00031109499832382426
1,7,26,53,0.5,ILP,0.976,True,0.0,True,12,3662.127239163581,661.989182018443,12,649.0036596024723,Optimal,True,Optimal,heuristic,0.27288015900194296
1,7,26,53,0.5,MILP,0.954,False,0.02200000000000002,False,23,3542.7066707313247,873.4048104412886,14,759.634535879018,Optimal,True,Optimal,heuristic,0.4489827409997815
1,7,26,53,0.5,Dijkstra,0.976,True,0.0,True,12,3662.127239163581,661.989182018443,12,649.0036596024723,Optimal,True,Optimal,heuristic,0.00035296900023240596
1,7,26,53,0.6,ILP,0.982,True,0.0,True,9,2353.6669857418888,534.4468875758421,12,649.0036596024723,Optimal,True,Optimal,heuristic,0.2594683729985263
1,7,26,53,0.6,MILP,0.98,False,0.0020000000000000018,False,10,1585.5210032142254,745.8625159986875,14,759.634535879018,Optimal,True,Optimal,heuristic,0.16767278399856878
1,7,26,53,0.6,Dijkstra,0.982,True,0.0,True,9,2353.6669857418888,534.4468875758421,12,649.0036596024723,Optimal,True,Optimal,heuristic,0.0003374959997017868
1,7,26,53,0.7,ILP,0.992,True,0.0,True,4,820.9408269401472,618.3202215560868,14,759.634535879018,Optimal,True,Optimal,heuristic,0.13399382699935813
1,7,26,53,0.7,MILP,0.992,False,0.0,True,4,820.9404758577377,618.3201497861824,14,759.6345671998729,Optimal,True,Optimal,heuristic,0.13774159899912775
1,7,26,53,0.7,Dijkstra,0.986,False,0.006000000000000005,False,7,1347.5576741382747,406.9045931332412,12,649.0036596024723,Optimal,True,Optimal,heuristic,0.0003275990020483732
1,7,26,53,0.8,ILP,0.996,True,0.0,True,2,515.0586647512496,490.7779271134855,14,759.634535879018,Optimal,True,Optimal,heuristic,0.10966339300284744
1,7,26,53,0.8,MILP,0.994,False,0.0020000000000000018,False,3,387.2593865962376,255.08458888520295,16,862.4926477732605,Optimal,True,Optimal,heuristic,0.1439963280026859
1,7,26,53,0.8,Dijkstra,0.992,False,0.0040000000000000036,False,4,664.8115373705505,279.3622986906398,12,649.0036596024723,Optimal,True,Optimal,heuristic,0.0003844190032396
1,7,26,53,0.9,ILP,0.998,True,0.0,True,1,127.5422944426009,127.5422944426009,17,862.492647773261,Optimal,True,Optimal,heuristic,0.10007220699844765
1,7,26,53,0.9,MILP,0.998,True,0.0,True,1,127.5422944426009,127.5422944426009,17,862.492647773261,Optimal,True,Optimal,heuristic,0.10572629300077097
1,7,26,53,0.9,Dijkstra,0.994,False,0.0040000000000000036,False,3,266.40562082493307,151.8200042480389,12,649.0036596024723,Optimal,True,Optimal,heuristic,0.0004444579972187057
1,8,35,28,0.5,ILP,0.928,True,0.0,True,36,1987.355452684265,236.12627483489973,6,195.5636574371689,Optimal,True,Optimal,heuristic,0.4109795539989136
1,8,35,28,0.5,MILP,0.928,True,0.0,True,36,1987.355452684265,236.12627483489973,6,195.5636574371689,Optimal,True,Optimal,heuristic,0.12483312300173566
1,8,35,28,0.5,Dijkstra,0.928,True,0.0,True,36,1987.355452684265,236.12627483489973,6,195.5636574371689,Optimal,True,Optimal,heuristic,0.0004034990015497897
1,8,35,28,0.6,ILP,0.972,True,0.0,True,14,852.2566180886361,188.90101986791979,6,195.5636574371689,Optimal,True,Optimal,heuristic,0.18703070099945762
1,8,35,28,0.6,MILP,0.972,True,0.0,True,14,852.2566180886361,188.90101986791979,6,195.5636574371689,Optimal,True,Optimal,heuristic,0.11049776499930886
1,8,35,28,0.6,Dijkstra,0.972,True,0.0,True,14,852.2566180886361,188.90101986791979,6,195.5636574371689,Optimal,True,Optimal,heuristic,0.0003405110001040157
1,8,35,28,0.7,ILP,0.99,True,0.0,True,5,390.3296045557534,141.67576490093984,6,195.5636574371689,Optimal,True,Optimal,heuristic,0.1606274139994639
1,8,35,28,0.7,MILP,0.99,True,0.0,True,5,390.3296045557534,141.67576490093984,6,195.5636574371689,Optimal,True,Optimal,heuristic,0.11001320200011833
1,8,35,28,0.7,Dijkstra,0.99,True,0.0,True,5,390.3296045557534,141.67576490093984,6,195.5636574371689,Optimal,True,Optimal,heuristic,0.00033431399788241833
1,8,35,28,0.8,ILP,0.992,True,0.0,True,4,187.91684707817444,94.45050993395989,6,195.5636574371689,Optimal,True,Optimal,heuristic,0.15024786999856587
1,8,35,28,0.8,MILP,0.992,True,0.0,True,4,187.91684707817444,94.45050993395989,6,195.5636574371689,Optimal,True,Optimal,heuristic,0.11329027600004338
1,8,35,28,0.8,Dijkstra,0.992,True,0.0,True,4,187.91684707817444,94.45050993395989,6,195.5636574371689,Optimal,True,Optimal,heuristic,0.00031217699870467186
1,8,35,28,0.9,ILP,0.996,True,0.0,True,2,62.94641287219565,47.225254966979946,6,195.5636574371689,Optimal,True,Optimal,heuristic,0.12753649699880043
1,8,35,28,0.9,MILP,0.996,True,0.0,True,2,62.94641287219565,47.225254966979946,6,195.5636574371689,Optimal,True,Optimal,heuristic,0.10943360899909749
1,8,35,28,0.9,Dijkstra,0.996,True,0.0,True,2,62.94641287219565,47.225254966979946,6,195.5636574371689,Optimal,True,Optimal,heuristic,0.0003163229994243011
1,9,57,4,0.5,ILP,0.988,True,0.0,True,6,1378.3365587390108,711.632588004135,5,277.81794653946116,Optimal,True,Optimal,heuristic,0.13569675700273365
1,9,57,4,0.5,MILP,0.988,True,0.0,True,6,1378.3365587390108,711.632588004135,5,277.81794653946116,Optimal,True,Optimal,heuristic,0.09766685900103766
1,9,57,4,0.5,Dijkstra,0.988,True,0.0,True,6,1378.3365587390108,711.632588004135,5,277.81794653946116,Optimal,True,Optimal,heuristic,0.0003108730015810579
1,9,57,4,0.6,ILP,0.996,True,0.0,True,2,780.2920197482938,569.306070403308,5,277.81794653946116,Optimal,True,Optimal,heuristic,0.13469817000077455
1,9,57,4,0.6,MILP,0.996,True,0.0,True,2,780.2920197482938,569.306070403308,5,277.81794653946116,Optimal,True,Optimal,heuristic,0.10217637800087687
1,9,57,4,0.6,Dijkstra,0.996,True,0.0,True,2,780.2920197482938,569.306070403308,5,277.81794653946116,Optimal,True,Optimal,heuristic,0.00031021999893710017
1,9,57,4,0.7,ILP,0.996,True,0.0,True,2,495.6389845466399,426.97955280248107,5,277.81794653946116,Optimal,True,Optimal,heuristic,0.13223744700007956
1,9,57,4,0.7,MILP,0.996,True,0.0,True,2,495.6389845466399,426.97955280248107,5,277.81794653946116,Optimal,True,Optimal,heuristic,0.09779286699995282
1,9,57,4,0.7,Dijkstra,0.996,True,0.0,True,2,495.6389845466399,426.97955280248107,5,277.81794653946116,Optimal,True,Optimal,heuristic,0.00035738799851969816
1,9,57,4,0.8,ILP,0.998,True,0.0,True,1,284.6530352016539,284.6530352016539,5,277.81794653946116,Optimal,True,Optimal,heuristic,0.09506487799808383
1,9,57,4,0.8,MILP,0.998,True,0.0,True,1,284.6530352016539,284.6530352016539,5,277.81794653946116,Optimal,True,Optimal,heuristic,0.09560205799789401
1,9,57,4,0.8,Dijkstra,0.998,True,0.0,True,1,284.6530352016539,284.6530352016539,5,277.81794653946116,Optimal,True,Optimal,heuristic,0.0003523899977153633
1,9,57,4,0.9,ILP,0.998,True,0.0,True,1,142.32651760082695,142.32651760082695,5,277.81794653946116,Optimal,True,Optimal,heuristic,0.09484901099858689
1,9,57,4,0.9,MILP,0.998,True,0.0,True,1,142.32651760082695,142.32651760082695,5,277.81794653946116,Optimal,True,Optimal,heuristic,0.09705351900265669
1,9,57,4,0.9,Dijkstra,0.998,True,0.0,True,1,142.32651760082695,142.32651760082695,5,277.81794653946116,Optimal,True,Optimal,heuristic,0.0002958270015369635
1,10,55,53,0.5,ILP,0.976,True,0.0,True,12,3257.7169807574546,647.0511796088031,10,627.4491549772204,Optimal,True,Optimal,heuristic,0.1756916550002643
1,10,55,53,0.5,MILP,0.976,True,0.0,True,12,3257.7169807574546,647.0511796088031,10,627.4491549772204,Optimal,True,Optimal,heuristic,0.27127831200050423
1,10,55,53,0.5,Dijkstra,0.976,True,0.0,True,12,3257.7169807574546,647.0511796088031,10,627.4491549772204,Optimal,True,Optimal,heuristic,0.0005053069980931468
1,10,55,53,0.6,ILP,0.984,True,0.0,True,8,2040.2554762802285,524.2285493666648,10,627.4491549772204,Optimal,True,Optimal,heuristic,0.19034135399851948
1,10,55,53,0.6,MILP,0.98,False,0.0040000000000000036,False,10,1535.139530362316,610.4199103085016,12,738.0800312537663,Optimal,True,Optimal,heuristic,0.164146899998741
1,10,55,53,0.6,Dijkstra,0.984,True,0.0,True,8,2040.2554762802285,524.2285493666648,10,627.4491549772204,Optimal,True,Optimal,heuristic,0.0003611959982663393
1,10,55,53,0.7,ILP,0.99,True,0.0,True,5,731.051173057959,487.5972800663628,12,738.0800312537662,Optimal,True,Optimal,heuristic,0.3190137120000145
1,10,55,53,0.7,MILP,0.99,False,0.0,True,5,731.0511437569305,487.5972732152277,12,738.0800342436463,Optimal,True,Optimal,heuristic,0.12187018199983868
1,10,55,53,0.7,Dijkstra,0.988,False,0.0020000000000000018,False,6,1180.852013180571,401.40591912452624,10,627.4491549772204,Optimal,True,Optimal,heuristic,0.00037728399911429733
1,10,55,53,0.8,ILP,0.996,True,0.0,True,2,373.04418152020116,364.7746498242243,12,738.0800312537662,Optimal,True,Optimal,heuristic,0.11435348500162945
1,10,55,53,0.8,MILP,0.996,False,0.0,True,2,373.0441815202025,364.7746498242252,12,738.0800312537664,Optimal,True,Optimal,heuristic,0.12387841599775129
1,10,55,53,0.8,Dijkstra,0.992,False,0.0040000000000000036,False,4,631.5226882490272,278.5832888823877,10,627.4491549772204,Optimal,True,Optimal,heuristic,0.00035737399957724847
1,10,55,53,0.9,ILP,0.998,True,0.0,True,1,241.952019582086,241.952019582086,12,738.0800312537662,Optimal,True,Optimal,heuristic,0.10101530699830619
1,10,55,53,0.9,MILP,0.996,False,0.0020000000000000018,False,2,129.0813115959411,122.82263024213876,15,840.9381431480091,Optimal,True,Optimal,heuristic,0.11139249500047299
1,10,55,53,0.9,Dijkstra,0.996,False,0.0020000000000000018,False,2,247.7613130377215,155.7606586402494,10,627.4491549772204,Optimal,True,Optimal,heuristic,0.00033432800046284683
1,11,17,41,0.5,ILP,0.966,True,0.0,True,17,1503.2163796343825,334.34441868566716,3,189.13706702035105,Optimal,True,Optimal,heuristic,2.760594286999549
1,11,17,41,0.5,MILP,0.966,False,0.0,True,17,1503.2163796343832,334.34441868566716,4,189.13706702035108,Optimal,True,Optimal,heuristic,0.1317791710025631
1,11,17,41,0.5,Dijkstra,0.966,False,0.0,True,17,1503.2163796343832,334.34441868566716,4,189.13706702035108,Optimal,True,Optimal,heuristic,0.00032838200058904476
1,11,17,41,0.6,ILP,0.982,True,0.0,True,9,683.2983238021128,267.4755349485337,4,189.13706702035108,Optimal,True,Optimal,heuristic,0.5932247959972301
1,11,17,41,0.6,MILP,0.982,False,0.0,True,9,683.2983238021128,267.4755349485337,4,189.13706702035108,Optimal,True,Optimal,heuristic,0.13631318799889414
1,11,17,41,0.6,Dijkstra,0.982,False,0.0,True,9,683.2983238021128,267.4755349485337,4,189.13706702035108,Optimal,True,Optimal,heuristic,0.0003880809999827761
1,11,17,41,0.7,ILP,0.994,True,0.0,True,3,267.934533389084,200.60665121140028,4,189.13706702035108,Optimal,True,Optimal,heuristic,0.3640249159980158
1,11,17,41,0.7,MILP,0.994,True,0.0,True,3,267.934533389084,200.60665121140028,4,189.13706702035108,Optimal,True,Optimal,heuristic,0.15268525499777752
1,11,17,41,0.7,Dijkstra,0.994,True,0.0,True,3,267.934533389084,200.60665121140028,4,189.13706702035108,Optimal,True,Optimal,heuristic,0.00038438800038420595
1,11,17,41,0.8,ILP,0.998,True,0.0,True,1,133.7377674742669,133.7377674742669,4,189.13706702035108,Optimal,True,Optimal,heuristic,0.18292463200123166
1,11,17,41,0.8,MILP,0.998,True,0.0,True,1,133.7377674742669,133.7377674742669,4,189.13706702035108,Optimal,True,Optimal,heuristic,0.14344585099752294
1,11,17,41,0.8,Dijkstra,0.998,True,0.0,True,1,133.7377674742669,133.7377674742669,4,189.13706702035108,Optimal,True,Optimal,heuristic,0.00039463800203520805
1,11,17,41,0.9,ILP,0.998,True,0.0,True,1,66.86888373713339,66.86888373713339,4,189.13706702035108,Optimal,True,Optimal,heuristic,0.1797021370002767
1,11,17,41,0.9,MILP,0.998,True,0.0,True,1,66.86888373713339,66.86888373713339,4,189.13706702035108,Optimal,True,Optimal,heuristic,0.1483316960002412
1,11,17,41,0.9,Dijkstra,0.998,True,0.0,True,1,66.86888373713339,66.86888373713339,4,189.13706702035108,Optimal,True,Optimal,heuristic,0.00040548800097894855
1,12,45,23,0.5,ILP,0.99,True,0.0,True,5,1625.6895594501248,866.3471110121386,6,369.3716673481926,Optimal,True,Optimal,heuristic,0.11366226999962237
1,12,45,23,0.5,MILP,0.99,False,0.0,True,5,1625.6895594501248,866.3471110121386,6,369.37166734819266,Optimal,True,Optimal,heuristic,0.11218470799940405
1,12,45,23,0.5,Dijkstra,0.99,True,0.0,True,5,1625.6895594501248,866.3471110121386,6,369.3716673481926,Optimal,True,Optimal,heuristic,0.00042323899833718315
1,12,45,23,0.6,ILP,0.994,True,0.0,True,3,936.1157675037243,693.0776888097109,6,369.3716673481926,Optimal,True,Optimal,heuristic,0.10923789300068165
1,12,45,23,0.6,MILP,0.994,False,0.0,True,3,936.1157675037246,693.0776888097107,5,369.37166734819255,Optimal,True,Optimal,heuristic,0.13729119299750892
1,12,45,23,0.6,Dijkstra,0.994,True,0.0,True,3,936.1157675037243,693.0776888097109,6,369.3716673481926,Optimal,True,Optimal,heuristic,0.00035918300272896886
1,12,45,23,0.7,ILP,0.998,True,0.0,True,1,593.9097488903856,593.9097488903856,7,489.0008378914132,Optimal,True,Optimal,heuristic,0.124553449000814
1,12,45,23,0.7,MILP,0.996,False,0.0020000000000000018,False,2,557.4539126284951,519.8082666072833,6,369.37166734819266,Optimal,True,Optimal,heuristic,0.10059976399861625
1,12,45,23,0.7,Dijkstra,0.996,False,0.0020000000000000018,False,2,557.4539126284951,519.8082666072833,6,369.3716673481926,Optimal,True,Optimal,heuristic,0.0003026119993592147
1,12,45,23,0.8,ILP,0.998,True,0.0,True,1,346.53884440485535,346.53884440485535,6,369.3716673481926,Optimal,True,Optimal,heuristic,0.09142652000082307
1,12,45,23,0.8,MILP,0.998,True,0.0,True,1,346.53884440485535,346.53884440485535,6,369.3716673481926,Optimal,True,Optimal,heuristic,0.09275112000250374
1,12,45,23,0.8,Dijkstra,0.998,True,0.0,True,1,346.53884440485535,346.53884440485535,6,369.3716673481926,Optimal,True,Optimal,heuristic,0.00040401299702352844
1,12,45,23,0.9,ILP,0.998,True,0.0,True,1,173.26942220242768,173.26942220242768,6,369.3716673481926,Optimal,True,Optimal,heuristic,0.09683135000159382
1,12,45,23,0.9,MILP,0.998,True,0.0,True,1,173.26942220242768,173.26942220242768,6,369.3716673481926,Optimal,True,Optimal,heuristic,0.09552766600245377
1,12,45,23,0.9,Dijkstra,0.998,True,0.0,True,1,173.26942220242768,173.26942220242768,6,369.3716673481926,Optimal,True,Optimal,heuristic,0.0003192900003341492
1,13,4,63,0.5,ILP,0.926,True,0.0,True,37,1851.9981846144592,180.89538793785457,4,156.92756643840147,Optimal,True,Optimal,heuristic,0.30631274599727476
1,13,4,63,0.5,MILP,0.926,True,0.0,True,37,1851.9981846144592,180.89538793785457,4,156.92756643840147,Optimal,True,Optimal,heuristic,0.155498959000397
1,13,4,63,0.5,Dijkstra,0.926,True,0.0,True,37,1851.9981846144592,180.89538793785457,4,156.92756643840147,Optimal,True,Optimal,heuristic,0.0003455059995758347
1,13,4,63,0.6,ILP,0.964,True,0.0,True,18,887.461611012723,144.71631035028366,4,156.92756643840147,Optimal,True,Optimal,heuristic,0.3350210659991717
1,13,4,63,0.6,MILP,0.964,True,0.0,True,18,887.461611012723,144.71631035028366,4,156.92756643840147,Optimal,True,Optimal,heuristic,0.14703287900192663
1,13,4,63,0.6,Dijkstra,0.964,True,0.0,True,18,887.461611012723,144.71631035028366,4,156.92756643840147,Optimal,True,Optimal,heuristic,0.00035242399826529436
1,13,4,63,0.7,ILP,0.984,True,0.0,True,8,479.79597627310363,108.53723276271279,4,156.92756643840147,Optimal,True,Optimal,heuristic,0.19015887999921688
1,13,4,63,0.7,MILP,0.984,True,0.0,True,8,479.79597627310363,108.53723276271279,4,156.92756643840147,Optimal,True,Optimal,heuristic,0.13323989899799926
1,13,4,63,0.7,Dijkstra,0.984,True,0.0,True,8,479.79597627310363,108.53723276271279,4,156.92756643840147,Optimal,True,Optimal,heuristic,0.0005094789994473103
1,13,4,63,0.8,ILP,0.988,True,0.0,True,6,215.68663846675213,72.3581551751418,4,156.92756643840147,Optimal,True,Optimal,heuristic,0.17677646800075308
1,13,4,63,0.8,MILP,0.988,True,0.0,True,6,215.68663846675213,72.3581551751418,4,156.92756643840147,Optimal,True,Optimal,heuristic,0.12862221699833754
1,13,4,63,0.8,Dijkstra,0.988,True,0.0,True,6,215.68663846675213,72.3581551751418,4,156.92756643840147,Optimal,True,Optimal,heuristic,0.00035953100086771883
1,13,4,63,0.9,ILP,0.996,True,0.0,True,2,70.26027884087426,36.17907758757093,4,156.92756643840147,Optimal,True,Optimal,heuristic,0.12256599399916013
1,13,4,63,0.9,MILP,0.996,True,0.0,True,2,70.26027884087426,36.17907758757093,4,156.92756643840147,Optimal,True,Optimal,heuristic,0.15538917199955904
1,13,4,63,0.9,Dijkstra,0.996,True,0.0,True,2,70.26027884087426,36.17907758757093,4,156.92756643840147,Optimal,True,Optimal,heuristic,0.00034012299875030294
1,14,44,50,0.5,ILP,0.966,True,0.0,True,17,1118.6576712146373,259.82524356019,5,153.4947406273967,Optimal,True,Optimal,heuristic,0.20798123600252438
1,14,44,50,0.5,MILP,0.966,True,0.0,True,17,1118.6576712146373,259.82524356019,5,153.4947406273967,Optimal,True,Optimal,heuristic,0.09805697299816529
1,14,44,50,0.5,Dijkstra,0.966,True,0.0,True,17,1118.6576712146373,259.82524356019,5,153.4947406273967,Optimal,True,Optimal,heuristic,0.0003159930020046886
1,14,44,50,0.6,ILP,0.982,True,0.0,True,9,513.585201048651,207.86019484815205,5,153.4947406273967,Optimal,True,Optimal,heuristic,0.20540401600010227
1,14,44,50,0.6,MILP,0.982,True,0.0,True,9,513.585201048651,207.86019484815205,5,153.4947406273967,Optimal,True,Optimal,heuristic,0.10475998499896377
1,14,44,50,0.6,Dijkstra,0.982,True,0.0,True,9,513.585201048651,207.86019484815205,5,153.4947406273967,Optimal,True,Optimal,heuristic,0.0003491869974823203
1,14,44,50,0.7,ILP,0.994,True,0.0,True,3,244.38603651942526,155.89514613611402,5,153.4947406273967,Optimal,True,Optimal,heuristic,0.10439674199733417
1,14,44,50,0.7,MILP,0.994,True,0.0,True,3,244.38603651942526,155.89514613611402,5,153.4947406273967,Optimal,True,Optimal,heuristic,0.09606969699962065
1,14,44,50,0.7,Dijkstra,0.994,True,0.0,True,3,244.38603651942526,155.89514613611402,5,153.4947406273967,Optimal,True,Optimal,heuristic,0.0003197410005668644
1,14,44,50,0.8,ILP,0.996,True,0.0,True,2,108.77639861488512,103.930097424076,5,153.4947406273967,Optimal,True,Optimal,heuristic,0.11062816500270856
1,14,44,50,0.8,MILP,0.996,True,0.0,True,2,108.77639861488512,103.930097424076,5,153.4947406273967,Optimal,True,Optimal,heuristic,0.0959969909999927
1,14,44,50,0.8,Dijkstra,0.996,True,0.0,True,2,108.77639861488512,103.930097424076,5,153.4947406273967,Optimal,True,Optimal,heuristic,0.0003375329979462549
1,14,44,50,0.9,ILP,0.998,True,0.0,True,1,51.96504871203797,51.96504871203797,5,153.4947406273967,Optimal,True,Optimal,heuristic,0.09380632700049318
1,14,44,50,0.9,MILP,0.998,True,0.0,True,1,51.96504871203797,51.96504871203797,5,153.4947406273967,Optimal,True,Optimal,heuristic,0.09639061699999729
1,14,44,50,0.9,Dijkstra,0.998,True,0.0,True,1,51.96504871203797,51.96504871203797,5,153.4947406273967,Optimal,True,Optimal,heuristic,0.00039114099854486994
1,15,49,12,0.5,ILP,0.984,True,0.0,True,8,2350.715543635979,1177.3044320321371,2,138.20048593511473,Optimal,True,Optimal,heuristic,0.16926063599748886
1,15,49,12,0.5,MILP,0.984,True,0.0,True,8,2350.715543635979,1177.3044320321371,2,138.20048593511473,Optimal,True,Optimal,heuristic,0.7965717980005138
1,15,49,12,0.5,Dijkstra,0.984,True,0.0,True,8,2350.715543635979,1177.3044320321371,2,138.20048593511473,Optimal,True,Optimal,heuristic,0.00035929400110035203
1,15,49,12,0.6,ILP,0.986,True,0.0,True,7,1840.0851177024301,1104.421047757418,2,138.20048593511473,Optimal,True,Optimal,heuristic,0.2261066889986978
1,15,49,12,0.6,MILP,0.968,False,0.018000000000000016,False,16,1564.32938485974,291.53353709887654,5,260.6088077824787,Optimal,True,Optimal,heuristic,0.6541591899986088
1,15,49,12,0.6,Dijkstra,0.986,True,0.0,True,7,1840.0851177024301,1104.421047757418,2,138.20048593511473,Optimal,True,Optimal,heuristic,0.000330048002069816
1,15,49,12,0.7,ILP,0.99,True,0.0,True,5,1441.2325563413065,1031.537663482699,2,138.20048593511476,Optimal,True,Optimal,heuristic,0.2927287400016212
1,15,49,12,0.7,MILP,0.986,False,0.0040000000000000036,False,7,740.5271370541669,218.6501528241571,6,260.60880778247883,Optimal,True,Optimal,heuristic,0.6595620379994216
1,15,49,12,0.7,Dijkstra,0.99,False,0.0,True,5,1441.2325563413065,1031.537663482699,2,138.20048593511473,Optimal,True,Optimal,heuristic,0.0003088769990426954
1,15,49,12,0.8,ILP,0.994,True,0.0,True,3,1141.5770843331416,958.6542792079798,2,138.20048593511473,Optimal,True,Optimal,heuristic,0.2224588680001034
1,15,49,12,0.8,MILP,0.992,False,0.0020000000000000018,False,4,385.375476457996,145.7667685494382,6,260.6088077824788,Optimal,True,Optimal,heuristic,0.4452453979974962
1,15,49,12,0.8,Dijkstra,0.994,True,0.0,True,3,1141.5770843331416,958.6542792079798,2,138.20048593511473,Optimal,True,Optimal,heuristic,0.0003809280024142936
1,15,49,12,0.9,ILP,0.996,True,0.0,True,2,994.4073973778551,885.7708949332607,2,138.20048593511473,Optimal,True,Optimal,heuristic,0.1565108329996292
1,15,49,12,0.9,MILP,0.994,False,0.0020000000000000018,False,3,116.79706396757263,72.8833842747191,6,260.6088077824788,Optimal,True,Optimal,heuristic,0.37534160100040026
1,15,49,12,0.9,Dijkstra,0.996,True,0.0,True,2,994.4073973778551,885.7708949332607,2,138.20048593511473,Optimal,True,Optimal,heuristic,0.0003270479974162299
1,16,32,2,0.5,ILP,0.768,True,0.0,True,116,5199.457346794773,167.0918275704585,5,178.5209616032447,Optimal,True,Optimal,heuristic,4.116470368997398
1,16,32,2,0.5,MILP,0.768,True,0.0,True,116,5199.457346794773,167.0918275704585,5,178.5209616032447,Optimal,True,Optimal,heuristic,0.35748391300148796
1,16,32,2,0.5,Dijkstra,0.768,True,0.0,True,116,5199.457346794773,167.0918275704585,5,178.5209616032447,Optimal,True,Optimal,heuristic,0.0003556989977369085
1,16,32,2,0.6,ILP,0.88,True,0.0,True,60,2451.31803772489,133.6734620563668,5,178.5209616032447,Optimal,True,Optimal,heuristic,3.553978013998858
1,16,32,2,0.6,MILP,0.88,False,0.0,True,60,2451.318037724901,133.67346205636662,5,178.5209616032448,Optimal,True,Optimal,heuristic,0.3046292600010929
1,16,32,2,0.6,Dijkstra,0.88,True,0.0,True,60,2451.31803772489,133.6734620563668,5,178.5209616032447,Optimal,True,Optimal,heuristic,0.0003691100027936045
1,16,32,2,0.7,ILP,0.938,True,0.0,True,31,996.6180143773995,100.25509654227511,5,178.5209616032447,Optimal,True,Optimal,heuristic,1.7028672400010691
1,16,32,2,0.7,MILP,0.938,False,0.0,True,31,996.618014377399,100.25509654227506,5,178.52096160324476,Optimal,True,Optimal,heuristic,0.2665103569997882
1,16,32,2,0.7,Dijkstra,0.938,True,0.0,True,31,996.6180143773995,100.25509654227511,5,178.5209616032447,Optimal,True,Optimal,heuristic,0.00036112799716647714
1,16,32,2,0.8,ILP,0.974,True,0.0,True,13,291.05584768202175,66.83673102818341,5,178.5209616032447,Optimal,True,Optimal,heuristic,0.546947625996836
1,16,32,2,0.8,MILP,0.974,True,0.0,True,13,291.05584768202175,66.83673102818341,5,178.5209616032447,Optimal,True,Optimal,heuristic,0.1704693479987327
1,16,32,2,0.8,Dijkstra,0.974,True,0.0,True,13,291.05584768202175,66.83673102818341,5,178.5209616032447,Optimal,True,Optimal,heuristic,0.0004348049988038838
1,16,32,2,0.9,ILP,0.994,True,0.0,True,3,84.21193286437784,33.418365514091704,5,178.5209616032447,Optimal,True,Optimal,heuristic,0.16631439400225645
1,16,32,2,0.9,MILP,0.994,False,0.0,True,3,84.21193286437784,33.41836551409165,5,178.5209616032447,Optimal,True,Optimal,heuristic,0.1689310050023778
1,16,32,2,0.9,Dijkstra,0.994,True,0.0,True,3,84.21193286437784,33.418365514091704,5,178.5209616032447,Optimal,True,Optimal,heuristic,0.0003865059989038855
1,17,35,10,0.5,ILP,0.9400000000000001,True,0.0,True,30,4231.648794728093,637.279340908413,9,496.28017594615864,Optimal,True,Optimal,heuristic,0.5156012879997434
1,17,35,10,0.5,MILP,0.94,True,1.1102230246251565e-16,True,30,4231.648794728093,637.279340908413,9,496.28017594615864,Optimal,True,Optimal,heuristic,0.36655364300168003
1,17,35,10,0.5,Dijkstra,0.94,True,1.1102230246251565e-16,True,30,4231.648794728093,637.279340908413,9,496.28017594615864,Optimal,True,Optimal,heuristic,0.00037282099947333336
1,17,35,10,0.6,ILP,0.978,True,0.0,True,11,1613.9171096695545,509.8234727267304,9,496.28017594615864,Optimal,True,Optimal,heuristic,0.36527071700038505
1,17,35,10,0.6,MILP,0.978,True,0.0,True,11,1613.9171096695545,509.8234727267304,9,496.28017594615864,Optimal,True,Optimal,heuristic,0.2194185180014756
1,17,35,10,0.6,Dijkstra,0.978,True,0.0,True,11,1613.9171096695545,509.8234727267304,9,496.28017594615864,Optimal,True,Optimal,heuristic,0.0003420550019654911
1,17,35,10,0.7,ILP,0.992,True,0.0,True,4,696.4672060875089,382.3676045450477,9,496.28017594615864,Optimal,True,Optimal,heuristic,0.1607121509987337
1,17,35,10,0.7,MILP,0.992,True,0.0,True,4,696.4672060875089,382.3676045450477,9,496.28017594615864,Optimal,True,Optimal,heuristic,0.15057334000084666
1,17,35,10,0.7,Dijkstra,0.992,True,0.0,True,4,696.4672060875089,382.3676045450477,9,496.28017594615864,Optimal,True,Optimal,heuristic,0.0005289780019666068
1,17,35,10,0.8,ILP,0.996,True,0.0,True,2,815.483486498071,487.286826472847,10,559.9702664564177,Optimal,True,Optimal,heuristic,0.12573846399754984
1,17,35,10,0.8,MILP,0.994,False,0.0020000000000000018,False,3,301.77887625353696,254.9117363633652,9,496.28017594615864,Optimal,True,Optimal,heuristic,0.12501782400067896
1,17,35,10,0.8,Dijkstra,0.994,False,0.0020000000000000018,False,3,301.77887625353696,254.9117363633652,9,496.28017594615864,Optimal,True,Optimal,heuristic,0.00036564800029736944
1,17,35,10,0.9,ILP,0.998,True,0.0,True,1,127.45586818168226,127.45586818168226,9,496.28017594615864,Optimal,True,Optimal,heuristic,0.10568414699810091
1,17,35,10,0.9,MILP,0.998,True,0.0,True,1,127.45586818168226,127.45586818168226,9,496.28017594615864,Optimal,True,Optimal,heuristic,0.10509353399902466
1,17,35,10,0.9,Dijkstra,0.998,True,0.0,True,1,127.45586818168226,127.45586818168226,9,496.28017594615864,Optimal,True,Optimal,heuristic,0.00035940799716627225
1,18,48,44,0.5,ILP,0.944,True,0.0,True,28,2600.5765336032327,503.4524758897835,8,461.5521355796559,Optimal,True,Optimal,heuristic,0.3712329860027239
1,18,48,44,0.5,MILP,0.944,True,0.0,True,28,2600.5765336032327,503.4524758897835,8,461.5521355796559,Optimal,True,Optimal,heuristic,0.12732311299987487
1,18,48,44,0.5,Dijkstra,0.944,True,0.0,True,28,2600.5765336032327,503.4524758897835,8,461.5521355796559,Optimal,True,Optimal,heuristic,0.0003283789992565289
1,18,48,44,0.6,ILP,0.986,True,0.0,True,7,1093.5264375736047,402.7619807118267,8,461.5521355796559,Optimal,True,Optimal,heuristic,0.12949738699899171
1,18,48,44,0.6,MILP,0.986,True,0.0,True,7,1093.5264375736047,402.7619807118267,8,461.5521355796559,Optimal,True,Optimal,heuristic,0.10729898100180435
1,18,48,44,0.6,Dijkstra,0.986,True,0.0,True,7,1093.5264375736047,402.7619807118267,8,461.5521355796559,Optimal,True,Optimal,heuristic,0.00035226200270699337
1,18,48,44,0.7,ILP,0.992,True,0.0,True,4,596.3059942956736,302.07148553387015,8,461.5521355796559,Optimal,True,Optimal,heuristic,0.1173815280017152
1,18,48,44,0.7,MILP,0.992,False,0.0,True,4,596.3059942956734,302.07148553387015,8,461.55213557965595,Optimal,True,Optimal,heuristic,0.136878978999448
1,18,48,44,0.7,Dijkstra,0.992,True,0.0,True,4,596.3059942956736,302.07148553387015,8,461.5521355796559,Optimal,True,Optimal,heuristic,0.0003165099988109432
1,18,48,44,0.8,ILP,0.996,True,0.0,True,2,244.5726380517026,201.38099035591335,8,461.5521355796559,Optimal,True,Optimal,heuristic,0.1140557489998173
1,18,48,44,0.8,MILP,0.996,True,0.0,True,2,244.5726380517026,201.38099035591335,8,461.5521355796559,Optimal,True,Optimal,heuristic,0.11395323000033386
1,18,48,44,0.8,Dijkstra,0.996,True,0.0,True,2,244.5726380517026,201.38099035591335,8,461.5521355796559,Optimal,True,Optimal,heuristic,0.00032566899972152896
1,18,48,44,0.9,ILP,0.998,True,0.0,True,1,100.69049517795656,100.69049517795656,8,461.5521355796559,Optimal,True,Optimal,heuristic,0.10139986799913459
1,18,48,44,0.9,MILP,0.998,True,0.0,True,1,100.69049517795656,100.69049517795656,8,461.5521355796559,Optimal,True,Optimal,heuristic,0.11163917100202525
1,18,48,44,0.9,Dijkstra,0.998,True,0.0,True,1,100.69049517795656,100.69049517795656,8,461.5521355796559,Optimal,True,Optimal,heuristic,0.0003434079990256578
1,19,26,21,0.5,ILP,0.908,True,0.0,True,46,6608.175441767548,565.4180469310702,12,605.3028978594684,Optimal,True,Optimal,heuristic,0.4395816280011786
1,19,26,21,0.5,MILP,0.908,True,0.0,True,46,6608.175441767548,565.4180469310702,12,605.3028978594684,Optimal,True,Optimal,heuristic,0.11383856400061632
1,19,26,21,0.5,Dijkstra,0.908,True,0.0,True,46,6608.175441767548,565.4180469310702,12,605.3028978594684,Optimal,True,Optimal,heuristic,0.0004002519999630749
1,19,26,21,0.6,ILP,0.962,True,0.0,True,19,3244.320239964944,452.3344375448562,12,605.3028978594684,Optimal,True,Optimal,heuristic,0.2500608230002399
1,19,26,21,0.6,MILP,0.962,True,0.0,True,19,3244.320239964944,452.3344375448562,12,605.3028978594684,Optimal,True,Optimal,heuristic,0.12019111599875032
1,19,26,21,0.6,Dijkstra,0.962,True,0.0,True,19,3244.320239964944,452.3344375448562,12,605.3028978594684,Optimal,True,Optimal,heuristic,0.0003367569988768082
1,19,26,21,0.7,ILP,0.978,True,0.0,True,11,1724.9405965678316,339.2508281586422,12,605.3028978594685,Optimal,True,Optimal,heuristic,0.2568518930020218
1,19,26,21,0.7,MILP,0.978,False,0.0,True,11,1724.9405965678316,339.2508281586422,12,605.3028978594684,Optimal,True,Optimal,heuristic,0.10466368299967144
1,19,26,21,0.7,Dijkstra,0.978,False,0.0,True,11,1724.9405965678316,339.2508281586422,12,605.3028978594684,Optimal,True,Optimal,heuristic,0.00038657199911540374
1,19,26,21,0.8,ILP,0.988,True,0.0,True,6,822.6138274074722,226.167218772428,12,605.3028978594684,Optimal,True,Optimal,heuristic,0.21431794700038154
1,19,26,21,0.8,MILP,0.988,True,0.0,True,6,822.6138274074722,226.167218772428,12,605.3028978594684,Optimal,True,Optimal,heuristic,0.11537399900043965
1,19,26,21,0.8,Dijkstra,0.988,True,0.0,True,6,822.6138274074722,226.167218772428,12,605.3028978594684,Optimal,True,Optimal,heuristic,0.00036058700061403215
1,19,26,21,0.9,ILP,0.99,True,0.0,True,5,249.06665083583312,113.083609386214,12,605.3028978594684,Optimal,True,Optimal,heuristic,0.2698620020019007
1,19,26,21,0.9,MILP,0.99,True,0.0,True,5,249.06665083583312,113.083609386214,12,605.3028978594684,Optimal,True,Optimal,heuristic,0.1071544750011526
1,19,26,21,0.9,Dijkstra,0.99,True,0.0,True,5,249.06665083583312,113.083609386214,12,605.3028978594684,Optimal,True,Optimal,heuristic,0.0003697989995998796
2,0,34,63,0.5,ILP,0.894,True,0.0,True,53,4570.359283753691,302.34433517980534,5,264.6944424994454,Optimal,True,Optimal,heuristic,2.6158981760017923
2,0,34,63,0.5,MILP,0.894,True,0.0,True,53,4570.359283753691,302.34433517980534,5,264.6944424994454,Optimal,True,Optimal,heuristic,0.9156990279989259
2,0,34,63,0.5,Dijkstra,0.894,True,0.0,True,53,4570.359283753691,302.34433517980534,5,264.6944424994454,Optimal,True,Optimal,heuristic,0.00033333999817841686
2,0,34,63,0.6,ILP,0.946,True,0.0,True,27,2350.102236588128,241.87546814384427,5,264.6944424994454,Optimal,True,Optimal,heuristic,2.4300304950011196
2,0,34,63,0.6,MILP,0.946,False,0.0,True,27,2350.102236588127,241.87546814384416,5,264.69444249944536,Optimal,True,Optimal,heuristic,0.9960587190034857
2,0,34,63,0.6,Dijkstra,0.946,True,0.0,True,27,2350.102236588128,241.87546814384427,5,264.6944424994454,Optimal,True,Optimal,heuristic,0.00039424699934897944
2,0,34,63,0.7,ILP,0.972,True,0.0,True,14,1173.1031290827204,181.40660110788326,5,264.6944424994454,Optimal,True,Optimal,heuristic,2.035830109001836
2,0,34,63,0.7,MILP,0.972,True,0.0,True,14,1173.1031290827204,181.40660110788326,5,264.6944424994454,Optimal,True,Optimal,heuristic,0.7424284410008113
2,0,34,63,0.7,Dijkstra,0.972,True,0.0,True,14,1173.1031290827204,181.40660110788326,5,264.6944424994454,Optimal,True,Optimal,heuristic,0.0003601809985411819
2,0,34,63,0.8,ILP,0.984,True,0.0,True,8,422.081436319708,133.67574134997335,6,325.4766075192535,Optimal,True,Optimal,heuristic,2.223597565000091
2,0,34,63,0.8,MILP,0.984,False,0.0,True,8,422.08143631971006,133.6757413499737,6,325.4766075192536,Optimal,True,Optimal,heuristic,0.9250254180005868
2,0,34,63,0.8,Dijkstra,0.982,False,0.0020000000000000018,False,9,504.3140855133996,120.93773407192214,5,264.6944424994454,Optimal,True,Optimal,heuristic,0.00036883499706164
2,0,34,63,0.9,ILP,0.994,True,0.0,True,3,161.99244141741417,73.20687431401223,6,325.4766075192535,Optimal,True,Optimal,heuristic,1.4309312210025382
2,0,34,63,0.9,MILP,0.992,False,0.0020000000000000018,False,4,139.3442832196265,60.46886703596101,5,264.6944424994454,Optimal,True,Optimal,heuristic,0.5501467100002628
2,0,34,63,0.9,Dijkstra,0.992,False,0.0020000000000000018,False,4,139.3442832196265,60.46886703596101,5,264.6944424994454,Optimal,True,Optimal,heuristic,0.00034778600092977285
2,1,47,49,0.5,ILP,0.982,True,0.0,True,9,738.7918518572574,260.1298394437682,1,67.00917815793132,Optimal,True,Optimal,heuristic,0.09373632200004067
2,1,47,49,0.5,MILP,0.982,True,0.0,True,9,738.7918518572574,260.1298394437682,1,67.00917815793132,Optimal,True,Optimal,heuristic,0.09610608900038642
2,1,47,49,0.5,Dijkstra,0.982,True,0.0,True,9,738.7918518572574,260.1298394437682,1,67.00917815793132,Optimal,True,Optimal,heuristic,0.0003047240024898201
2,1,47,49,0.6,ILP,0.992,True,0.0,True,4,433.4055701858789,208.10387155501456,1,67.00917815793132,Optimal,True,Optimal,heuristic,0.10375312399992254
2,1,47,49,0.6,MILP,0.992,True,0.0,True,4,433.4055701858789,208.10387155501456,1,67.00917815793132,Optimal,True,Optimal,heuristic,0.09425357700092718
2,1,47,49,0.6,Dijkstra,0.992,True,0.0,True,4,433.4055701858789,208.10387155501456,1,67.00917815793132,Optimal,True,Optimal,heuristic,0.00031018300069263205
2,1,47,49,0.7,ILP,0.996,True,0.0,True,2,275.1025071909267,156.0779036662609,1,67.00917815793132,Optimal,True,Optimal,heuristic,0.09404029399956926
2,1,47,49,0.7,MILP,0.996,True,0.0,True,2,275.1025071909267,156.0779036662609,1,67.00917815793132,Optimal,True,Optimal,heuristic,0.09349450199806597
2,1,47,49,0.7,Dijkstra,0.996,True,0.0,True,2,275.1025071909267,156.0779036662609,1,67.00917815793132,Optimal,True,Optimal,heuristic,0.0003235989970562514
2,1,47,49,0.8,ILP,0.996,True,0.0,True,2,171.0505714134194,104.05193577750725,1,67.00917815793132,Optimal,True,Optimal,heuristic,0.09662327600017306
2,1,47,49,0.8,MILP,0.996,True,0.0,True,2,171.0505714134194,104.05193577750725,1,67.00917815793132,Optimal,True,Optimal,heuristic,0.0912409930024296
2,1,47,49,0.8,Dijkstra,0.996,True,0.0,True,2,171.0505714134194,104.05193577750725,1,67.00917815793132,Optimal,True,Optimal,heuristic,0.0003151140008412767
2,1,47,49,0.9,ILP,0.996,True,0.0,True,2,66.99863563591208,52.0259678887536,1,67.00917815793132,Optimal,True,Optimal,heuristic,0.09476839999842923
2,1,47,49,0.9,MILP,0.996,True,0.0,True,2,66.99863563591208,52.0259678887536,1,67.00917815793132,Optimal,True,Optimal,heuristic,0.09023462299956009
2,1,47,49,0.9,Dijkstra,0.996,True,0.0,True,2,66.99863563591208,52.0259678887536,1,67.00917815793132,Optimal,True,Optimal,heuristic,0.00037521999911405146
2,2,46,51,0.5,ILP,0.862,True,0.0,True,69,6014.0705267029025,297.47310344922334,8,374.4172848357638,Optimal,True,Optimal,heuristic,0.5425109959978727
2,2,46,51,0.5,MILP,0.862,False,0.0,True,69,6014.070526702905,297.47310344922346,8,374.4172848357637,Optimal,True,Optimal,heuristic,0.2626292610002565
2,2,46,51,0.5,Dijkstra,0.862,True,0.0,True,69,6014.0705267029025,297.47310344922334,8,374.4172848357638,Optimal,True,Optimal,heuristic,0.0003252809983678162
2,2,46,51,0.6,ILP,0.924,True,0.0,True,38,2763.611252013593,237.97848275937872,8,374.4172848357638,Optimal,True,Optimal,heuristic,0.4310279849996732
2,2,46,51,0.6,MILP,0.924,False,0.0,True,38,2763.611252013591,237.97848275937883,8,374.4172848357637,Optimal,True,Optimal,heuristic,0.18967414900180302
2,2,46,51,0.6,Dijkstra,0.924,True,0.0,True,38,2763.611252013593,237.97848275937872,8,374.4172848357638,Optimal,True,Optimal,heuristic,0.00033443400025134906
2,2,46,51,0.7,ILP,0.966,True,0.0,True,17,1280.0114871452113,178.48386206953387,7,374.4172848357636,Optimal,True,Optimal,heuristic,0.3406063139991602
2,2,46,51,0.7,MILP,0.966,False,0.0,True,17,1280.0114871452176,178.48386206953398,8,374.4172848357638,Optimal,True,Optimal,heuristic,0.12665509399812436
2,2,46,51,0.7,Dijkstra,0.966,False,0.0,True,17,1280.0114871452176,178.48386206953398,8,374.4172848357638,Optimal,True,Optimal,heuristic,0.00035068500073975883
2,2,46,51,0.8,ILP,0.978,True,0.0,True,11,414.02238021034873,118.98924137968947,8,374.41728483576384,Optimal,True,Optimal,heuristic,0.42554180300066946
2,2,46,51,0.8,MILP,0.978,False,0.0,True,11,414.02238021034816,118.98924137968936,8,374.4172848357638,Optimal,True,Optimal,heuristic,0.12229309299800661
2,2,46,51,0.8,Dijkstra,0.978,False,0.0,True,11,414.02238021034816,118.98924137968936,8,374.4172848357638,Optimal,True,Optimal,heuristic,0.0003479170009086374
2,2,46,51,0.9,ILP,0.996,True,0.0,True,2,59.82402295670602,59.49462068984462,8,374.4172848357638,Optimal,True,Optimal,heuristic,0.10373565299960319
2,2,46,51,0.9,MILP,0.996,True,0.0,True,2,59.82402295670602,59.49462068984462,8,374.4172848357638,Optimal,True,Optimal,heuristic,0.10481267700015451
2,2,46,51,0.9,Dijkstra,0.996,True,0.0,True,2,59.82402295670602,59.49462068984462,8,374.4172848357638,Optimal,True,Optimal,heuristic,0.0003101999973296188
2,3,33,8,0.5,ILP,0.958,True,0.0,True,21,591.7591655174589,121.87866680936037,2,86.97780010861202,Optimal,True,Optimal,heuristic,0.3362704819992359
2,3,33,8,0.5,MILP,0.958,True,0.0,True,21,591.7591655174589,121.87866680936037,2,86.97780010861202,Optimal,True,Optimal,heuristic,0.1064948210005241
2,3,33,8,0.5,Dijkstra,0.958,True,0.0,True,21,591.7591655174589,121.87866680936037,2,86.97780010861202,Optimal,True,Optimal,heuristic,0.00032876299883355387
2,3,33,8,0.6,ILP,0.982,True,0.0,True,9,217.4431528108587,97.50293344748829,2,86.97780010861202,Optimal,True,Optimal,heuristic,0.1965567719998944
2,3,33,8,0.6,MILP,0.982,True,0.0,True,9,217.4431528108587,97.50293344748829,2,86.97780010861202,Optimal,True,Optimal,heuristic,0.10718798299785703
2,3,33,8,0.6,Dijkstra,0.982,True,0.0,True,9,217.4431528108587,97.50293344748829,2,86.97780010861202,Optimal,True,Optimal,heuristic,0.0004416410010890104
2,3,33,8,0.7,ILP,0.996,True,0.0,True,2,96.12649117821451,73.12720008561624,2,86.97780010861202,Optimal,True,Optimal,heuristic,0.12468357400211971
2,3,33,8,0.7,MILP,0.996,True,0.0,True,2,96.12649117821451,73.12720008561624,2,86.97780010861202,Optimal,True,Optimal,heuristic,0.1226132849988062
2,3,33,8,0.7,Dijkstra,0.996,True,0.0,True,2,96.12649117821451,73.12720008561624,2,86.97780010861202,Optimal,True,Optimal,heuristic,0.0003388350014574826
2,3,33,8,0.8,ILP,0.998,True,0.0,True,1,48.75146672374413,48.75146672374413,2,86.97780010861202,Optimal,True,Optimal,heuristic,0.10275851800179225
2,3,33,8,0.8,MILP,0.998,True,0.0,True,1,48.75146672374413,48.75146672374413,2,86.97780010861202,Optimal,True,Optimal,heuristic,0.11908188100278494
2,3,33,8,0.8,Dijkstra,0.998,True,0.0,True,1,48.75146672374413,48.75146672374413,2,86.97780010861202,Optimal,True,Optimal,heuristic,0.00032162000206881203
2,3,33,8,0.9,ILP,0.998,True,0.0,True,1,24.37573336187208,24.37573336187208,2,86.97780010861202,Optimal,True,Optimal,heuristic,0.09872582599928137
2,3,33,8,0.9,MILP,0.998,True,0.0,True,1,24.37573336187208,24.37573336187208,2,86.97780010861202,Optimal,True,Optimal,heuristic,0.1201800609997008
2,3,33,8,0.9,Dijkstra,0.998,True,0.0,True,1,24.37573336187208,24.37573336187208,2,86.97780010861202,Optimal,True,Optimal,heuristic,0.0003247380009270273
2,4,54,29,0.5,ILP,0.964,True,0.0,True,18,2607.6744939982063,820.310177177338,11,574.7920458543377,Optimal,True,Optimal,heuristic,0.826559435998206
2,4,54,29,0.5,MILP,0.964,True,0.0,True,18,2607.6744939982063,820.310177177338,11,574.7920458543377,Optimal,True,Optimal,heuristic,0.26282619800258544
2,4,54,29,0.5,Dijkstra,0.964,True,0.0,True,18,2607.6744939982063,820.310177177338,11,574.7920458543377,Optimal,True,Optimal,heuristic,0.00036614299824577756
2,4,54,29,0.6,ILP,0.984,True,0.0,True,8,971.5161614134356,698.3608776996704,11,574.7920458543377,Optimal,True,Optimal,heuristic,0.6245646190000116
2,4,54,29,0.6,MILP,0.984,True,0.0,True,8,971.5161614134356,698.3608776996704,11,574.7920458543377,Optimal,True,Optimal,heuristic,0.14452078400063328
2,4,54,29,0.6,Dijkstra,0.984,True,0.0,True,8,971.5161614134356,698.3608776996704,11,574.7920458543377,Optimal,True,Optimal,heuristic,0.0003619920025812462
2,4,54,29,0.7,ILP,0.996,True,0.0,True,2,608.4580559703168,576.4115782220028,11,574.7920458543377,Optimal,True,Optimal,heuristic,0.10764210399793228
2,4,54,29,0.7,MILP,0.992,False,0.0040000000000000036,False,4,453.1227048071869,365.8478984330029,11,586.3906636319014,Optimal,True,Optimal,heuristic,0.10325218399884761
2,4,54,29,0.7,Dijkstra,0.996,True,0.0,True,2,608.4580559703168,576.4115782220028,11,574.7920458543377,Optimal,True,Optimal,heuristic,0.0003367280005477369
2,4,54,29,0.8,ILP,0.998,True,0.0,True,1,243.89859895533505,243.89859895533505,11,586.3906636319014,Optimal,True,Optimal,heuristic,0.0897555250012374
2,4,54,29,0.8,MILP,0.998,True,0.0,True,1,243.89859895533505,243.89859895533505,11,586.3906636319014,Optimal,True,Optimal,heuristic,0.09367148000092129
2,4,54,29,0.8,Dijkstra,0.998,False,0.0,True,1,454.462278744335,454.462278744335,11,574.7920458543377,Optimal,True,Optimal,heuristic,0.00036514200110104866
2,4,54,29,0.9,ILP,0.998,True,0.0,True,1,121.94929947766764,121.94929947766764,11,586.3906636319014,Optimal,True,Optimal,heuristic,0.09083492699937779
2,4,54,29,0.9,MILP,0.998,True,0.0,True,1,121.94929947766764,121.94929947766764,11,586.3906636319014,Optimal,True,Optimal,heuristic,0.09130580100099905
2,4,54,29,0.9,Dijkstra,0.998,False,0.0,True,1,332.51297926666757,332.51297926666757,11,574.7920458543377,Optimal,True,Optimal,heuristic,0.00033819200325524434
2,5,32,24,0.5,ILP,0.926,True,0.0,True,37,3735.8645991783105,287.77413561796226,7,286.72702667917616,Optimal,True,Optimal,heuristic,0.74165873200036
2,5,32,24,0.5,MILP,0.926,True,0.0,True,37,3735.8645991783105,287.77413561796226,7,286.72702667917616,Optimal,True,Optimal,heuristic,0.12181716600025538
2,5,32,24,0.5,Dijkstra,0.926,True,0.0,True,37,3735.8645991783105,287.77413561796226,7,286.72702667917616,Optimal,True,Optimal,heuristic,0.00034466799843357876
2,5,32,24,0.6,ILP,0.954,True,0.0,True,23,1971.4832194473302,230.21930849436984,7,286.72702667917616,Optimal,True,Optimal,heuristic,0.5999610600010783
2,5,32,24,0.6,MILP,0.954,True,0.0,True,23,1971.4832194473302,230.21930849436984,7,286.72702667917616,Optimal,True,Optimal,heuristic,0.12509533900083625
2,5,32,24,0.6,Dijkstra,0.954,True,0.0,True,23,1971.4832194473302,230.21930849436984,7,286.72702667917616,Optimal,True,Optimal,heuristic,0.0003411549987504259
2,5,32,24,0.7,ILP,0.972,True,0.0,True,14,885.1883051108008,172.66448137077737,7,286.72702667917616,Optimal,True,Optimal,heuristic,0.46420386799945845
2,5,32,24,0.7,MILP,0.972,True,0.0,True,14,885.1883051108008,172.66448137077737,7,286.72702667917616,Optimal,True,Optimal,heuristic,0.11489384800006519
2,5,32,24,0.7,Dijkstra,0.972,True,0.0,True,14,885.1883051108008,172.66448137077737,7,286.72702667917616,Optimal,True,Optimal,heuristic,0.0003253840004617814
2,5,32,24,0.8,ILP,0.988,True,0.0,True,6,348.0686621849437,115.10965424718484,7,286.72702667917616,Optimal,True,Optimal,heuristic,0.3834106190006423
2,5,32,24,0.8,MILP,0.988,True,0.0,True,6,348.0686621849437,115.10965424718484,7,286.72702667917616,Optimal,True,Optimal,heuristic,0.129707388998213
2,5,32,24,0.8,Dijkstra,0.988,True,0.0,True,6,348.0686621849437,115.10965424718484,7,286.72702667917616,Optimal,True,Optimal,heuristic,0.00031513700014329515
2,5,32,24,0.9,ILP,0.994,True,0.0,True,3,153.04973634632222,57.55482712359242,7,286.7270266791763,Optimal,True,Optimal,heuristic,0.1898607319999428
2,5,32,24,0.9,MILP,0.994,False,0.0,True,3,153.0497363463221,57.55482712359242,7,286.72702667917616,Optimal,True,Optimal,heuristic,0.12385272499886923
2,5,32,24,0.9,Dijkstra,0.994,False,0.0,True,3,153.0497363463221,57.55482712359242,7,286.72702667917616,Optimal,True,Optimal,heuristic,0.00035537799703888595
2,6,50,41,0.5,ILP,0.986,True,0.0,True,7,589.5046820757314,305.7819411048395,1,50.49240731893537,Optimal,True,Optimal,heuristic,0.1123202870003297
2,6,50,41,0.5,MILP,0.986,True,0.0,True,7,589.5046820757314,305.7819411048395,1,50.49240731893537,Optimal,True,Optimal,heuristic,0.13992325700019137
2,6,50,41,0.5,Dijkstra,0.986,True,0.0,True,7,589.5046820757314,305.7819411048395,1,50.49240731893537,Optimal,True,Optimal,heuristic,0.0002996620023623109
2,6,50,41,0.6,ILP,0.996,True,0.0,True,2,299.15831103140107,244.62555288387165,1,50.49240731893537,Optimal,True,Optimal,heuristic,0.12520541899721138
2,6,50,41,0.6,MILP,0.996,True,0.0,True,2,299.15831103140107,244.62555288387165,1,50.49240731893537,Optimal,True,Optimal,heuristic,0.12081032399873948
2,6,50,41,0.6,Dijkstra,0.996,True,0.0,True,2,299.15831103140107,244.62555288387165,1,50.49240731893537,Optimal,True,Optimal,heuristic,0.00030490099743474275
2,6,50,41,0.7,ILP,0.998,True,0.0,True,1,183.46916466290372,183.46916466290372,1,50.49240731893537,Optimal,True,Optimal,heuristic,0.11108816799969645
2,6,50,41,0.7,MILP,0.998,True,0.0,True,1,183.46916466290372,183.46916466290372,1,50.49240731893537,Optimal,True,Optimal,heuristic,0.11173994599812431
2,6,50,41,0.7,Dijkstra,0.998,True,0.0,True,1,183.46916466290372,183.46916466290372,1,50.49240731893537,Optimal,True,Optimal,heuristic,0.0003840460012725089
2,6,50,41,0.8,ILP,0.998,True,0.0,True,1,122.3127764419358,122.3127764419358,1,50.49240731893537,Optimal,True,Optimal,heuristic,0.11104617199816857
2,6,50,41,0.8,MILP,0.998,True,0.0,True,1,122.3127764419358,122.3127764419358,1,50.49240731893537,Optimal,True,Optimal,heuristic,0.1092491550007253
2,6,50,41,0.8,Dijkstra,0.998,True,0.0,True,1,122.3127764419358,122.3127764419358,1,50.49240731893537,Optimal,True,Optimal,heuristic,0.0003484659973764792
2,6,50,41,0.9,ILP,0.998,True,0.0,True,1,61.15638822096787,61.15638822096787,1,50.49240731893537,Optimal,True,Optimal,heuristic,0.10700219800128252
2,6,50,41,0.9,MILP,0.998,True,0.0,True,1,61.15638822096787,61.15638822096787,1,50.49240731893537,Optimal,True,Optimal,heuristic,0.09981464800148387
2,6,50,41,0.9,Dijkstra,0.998,True,0.0,True,1,61.15638822096787,61.15638822096787,1,50.49240731893537,Optimal,True,Optimal,heuristic,0.0003060060007555876
2,7,26,53,0.5,ILP,0.918,True,0.0,True,41,6984.537864228652,693.0816298896,12,741.7144893808697,Optimal,True,Optimal,heuristic,0.6083850970026106
2,7,26,53,0.5,MILP,0.918,True,0.0,True,41,6984.537864228652,693.0816298896,12,741.7144893808697,Optimal,True,Optimal,heuristic,0.12745602900031372
2,7,26,53,0.5,Dijkstra,0.918,True,0.0,True,41,6984.537864228652,693.0816298896,12,741.7144893808697,Optimal,True,Optimal,heuristic,0.0003453359968261793
2,7,26,53,0.6,ILP,0.964,True,0.0,True,18,3150.0814893005772,563.5617591633547,12,741.7144893808697,Optimal,True,Optimal,heuristic,0.3084543309996661
2,7,26,53,0.6,MILP,0.964,True,0.0,True,18,3150.0814893005772,563.5617591633547,12,741.7144893808697,Optimal,True,Optimal,heuristic,0.11791916899892385
2,7,26,53,0.6,Dijkstra,0.964,True,0.0,True,18,3150.0814893005772,563.5617591633547,12,741.7144893808697,Optimal,True,Optimal,heuristic,0.0003347970014146995
2,7,26,53,0.7,ILP,0.984,True,0.0,True,8,1504.0916253882094,434.04188843710995,12,741.7144893808697,Optimal,True,Optimal,heuristic,0.1758784910016402
2,7,26,53,0.7,MILP,0.984,True,0.0,True,8,1504.0916253882094,434.04188843710995,12,741.7144893808697,Optimal,True,Optimal,heuristic,0.10400757699972019
2,7,26,53,0.7,Dijkstra,0.984,True,0.0,True,8,1504.0916253882094,434.04188843710995,12,741.7144893808697,Optimal,True,Optimal,heuristic,0.00033965699913096614
2,7,26,53,0.8,ILP,0.992,True,0.0,True,4,797.2323189887072,304.5220177108647,12,741.7144893808697,Optimal,True,Optimal,heuristic,0.12163016100021196
2,7,26,53,0.8,MILP,0.992,True,0.0,True,4,797.2323189887072,304.5220177108647,12,741.7144893808697,Optimal,True,Optimal,heuristic,0.10193338799945195
2,7,26,53,0.8,Dijkstra,0.992,True,0.0,True,4,797.2323189887072,304.5220177108647,12,741.7144893808697,Optimal,True,Optimal,heuristic,0.0003399970009922981
2,7,26,53,0.9,ILP,0.994,True,0.0,True,3,286.693492728647,175.00214698461969,12,741.7144893808697,Optimal,True,Optimal,heuristic,0.15279938300227514
2,7,26,53,0.9,MILP,0.994,True,0.0,True,3,286.693492728647,175.00214698461969,12,741.7144893808697,Optimal,True,Optimal,heuristic,0.10333485999944969
2,7,26,53,0.9,Dijkstra,0.994,True,0.0,True,3,286.693492728647,175.00214698461969,12,741.7144893808697,Optimal,True,Optimal,heuristic,0.00039237099917954765
2,8,35,28,0.5,ILP,0.968,True,0.0,True,16,1982.6350450146147,485.22793280601763,6,362.3951700930784,Optimal,True,Optimal,heuristic,0.727144655000302
2,8,35,28,0.5,MILP,0.968,True,0.0,True,16,1982.6350450146147,485.22793280601763,6,362.3951700930784,Optimal,True,Optimal,heuristic,0.14518752400181256
2,8,35,28,0.5,Dijkstra,0.968,True,0.0,True,16,1982.6350450146147,485.22793280601763,6,362.3951700930784,Optimal,True,Optimal,heuristic,0.00041197200334863737
2,8,35,28,0.6,ILP,0.988,True,0.0,True,6,1088.5016607533055,388.1823462448141,6,362.3951700930784,Optimal,True,Optimal,heuristic,0.28778493700156105
2,8,35,28,0.6,MILP,0.988,True,0.0,True,6,1088.5016607533055,388.1823462448141,6,362.3951700930784,Optimal,True,Optimal,heuristic,0.12249677400177461
2,8,35,28,0.6,Dijkstra,0.988,True,0.0,True,6,1088.5016607533055,388.1823462448141,6,362.3951700930784,Optimal,True,Optimal,heuristic,0.00033078500200645067
2,8,35,28,0.7,ILP,0.992,True,0.0,True,4,623.54850718715,291.13675968361065,6,362.3951700930784,Optimal,True,Optimal,heuristic,0.25286955000046873
2,8,35,28,0.7,MILP,0.992,True,0.0,True,4,623.54850718715,291.13675968361065,6,362.3951700930784,Optimal,True,Optimal,heuristic,0.10669049399803043
2,8,35,28,0.7,Dijkstra,0.992,True,0.0,True,4,623.54850718715,291.13675968361065,6,362.3951700930784,Optimal,True,Optimal,heuristic,0.0004302359993744176
2,8,35,28,0.8,ILP,0.994,True,0.0,True,3,287.4707618870817,194.09117312240699,6,362.3951700930784,Optimal,True,Optimal,heuristic,0.20208700099829002
2,8,35,28,0.8,MILP,0.994,True,0.0,True,3,287.4707618870817,194.09117312240699,6,362.3951700930784,Optimal,True,Optimal,heuristic,0.11185604899947066
2,8,35,28,0.8,Dijkstra,0.994,True,0.0,True,3,287.4707618870817,194.09117312240699,6,362.3951700930784,Optimal,True,Optimal,heuristic,0.0005304729966155719
2,8,35,28,0.9,ILP,0.998,True,0.0,True,1,97.04558656120355,97.04558656120355,6,362.3951700930784,Optimal,True,Optimal,heuristic,0.1099456990014005
2,8,35,28,0.9,MILP,0.998,True,0.0,True,1,97.04558656120355,97.04558656120355,6,362.3951700930784,Optimal,True,Optimal,heuristic,0.11205365299974801
2,8,35,28,0.9,Dijkstra,0.998,True,0.0,True,1,97.04558656120355,97.04558656120355,6,362.3951700930784,Optimal,True,Optimal,heuristic,0.0003628589984145947
2,9,57,4,0.5,ILP,0.976,True,0.0,True,12,899.6912924693813,318.1011758079184,5,230.410365489768,Optimal,True,Optimal,heuristic,0.1837040859973058
2,9,57,4,0.5,MILP,0.976,True,0.0,True,12,899.6912924693813,318.1011758079184,5,230.410365489768,Optimal,True,Optimal,heuristic,0.10308657700079493
2,9,57,4,0.5,Dijkstra,0.976,True,0.0,True,12,899.6912924693813,318.1011758079184,5,230.410365489768,Optimal,True,Optimal,heuristic,0.0004229000005580019
2,9,57,4,0.6,ILP,0.994,True,0.0,True,3,408.0053018604154,254.48094064633477,5,230.410365489768,Optimal,True,Optimal,heuristic,0.13440847899983055
2,9,57,4,0.6,MILP,0.994,True,0.0,True,3,408.0053018604154,254.48094064633477,5,230.410365489768,Optimal,True,Optimal,heuristic,0.10657102999903145
2,9,57,4,0.6,Dijkstra,0.994,True,0.0,True,3,408.0053018604154,254.48094064633477,5,230.410365489768,Optimal,True,Optimal,heuristic,0.00035542899786378257
2,9,57,4,0.7,ILP,0.996,True,0.0,True,2,219.81383365968554,190.86070548475107,5,230.410365489768,Optimal,True,Optimal,heuristic,0.10081737200016505
2,9,57,4,0.7,MILP,0.996,True,0.0,True,2,219.81383365968554,190.86070548475107,5,230.410365489768,Optimal,True,Optimal,heuristic,0.10031513899957645
2,9,57,4,0.7,Dijkstra,0.996,True,0.0,True,2,219.81383365968554,190.86070548475107,5,230.410365489768,Optimal,True,Optimal,heuristic,0.0003504859996610321
2,9,57,4,0.8,ILP,0.998,True,0.0,True,1,127.2404703231673,127.2404703231673,5,230.410365489768,Optimal,True,Optimal,heuristic,0.09923090099982801
2,9,57,4,0.8,MILP,0.998,True,0.0,True,1,127.2404703231673,127.2404703231673,5,230.410365489768,Optimal,True,Optimal,heuristic,0.10310348300117766
2,9,57,4,0.8,Dijkstra,0.998,True,0.0,True,1,127.2404703231673,127.2404703231673,5,230.410365489768,Optimal,True,Optimal,heuristic,0.0003822469989245292
2,9,57,4,0.9,ILP,0.998,True,0.0,True,1,63.62023516158365,63.62023516158365,5,230.410365489768,Optimal,True,Optimal,heuristic,0.09714948500186438
2,9,57,4,0.9,MILP,0.998,True,0.0,True,1,63.62023516158365,63.62023516158365,5,230.410365489768,Optimal,True,Optimal,heuristic,0.10191421600029571
2,9,57,4,0.9,Dijkstra,0.998,True,0.0,True,1,63.62023516158365,63.62023516158365,5,230.410365489768,Optimal,True,Optimal,heuristic,0.000332338000589516
2,10,55,53,0.5,ILP,0.908,True,0.0,True,46,9173.82416184015,673.1970343776187,10,698.6511710292039,Optimal,True,Optimal,heuristic,0.4395570130000124
2,10,55,53,0.5,MILP,0.908,True,0.0,True,46,9173.82416184015,673.1970343776187,10,698.6511710292039,Optimal,True,Optimal,heuristic,0.11762505800288636
2,10,55,53,0.5,Dijkstra,0.908,True,0.0,True,46,9173.82416184015,673.1970343776187,10,698.6511710292039,Optimal,True,Optimal,heuristic,0.00037453899858519435
2,10,55,53,0.6,ILP,0.956,True,0.0,True,22,4564.23381686502,538.5576275020951,10,698.6511710292039,Optimal,True,Optimal,heuristic,0.30210234399783076
2,10,55,53,0.6,MILP,0.956,True,0.0,True,22,4564.23381686502,538.5576275020951,10,698.6511710292039,Optimal,True,Optimal,heuristic,0.11209372899975278
2,10,55,53,0.6,Dijkstra,0.956,True,0.0,True,22,4564.23381686502,538.5576275020951,10,698.6511710292039,Optimal,True,Optimal,heuristic,0.00033436499870731495
2,10,55,53,0.7,ILP,0.976,True,0.0,True,12,2434.3000872902694,403.91822062657116,10,698.6511710292039,Optimal,True,Optimal,heuristic,0.2679534140006581
2,10,55,53,0.7,MILP,0.972,False,0.0040000000000000036,False,14,2412.163227454327,441.42688432495515,12,788.4308015618878,Optimal,True,Optimal,heuristic,0.15209787400090136
2,10,55,53,0.7,Dijkstra,0.976,True,0.0,True,12,2434.3000872902694,403.91822062657116,10,698.6511710292039,Optimal,True,Optimal,heuristic,0.0003394899977138266
2,10,55,53,0.8,ILP,0.988,True,0.0,True,6,1217.0260724101533,269.27881375104744,10,698.6511710292039,Optimal,True,Optimal,heuristic,0.14422439899863093
2,10,55,53,0.8,MILP,0.986,False,0.0020000000000000018,False,7,984.0826471639612,306.78747744943144,12,788.4308015618878,Optimal,True,Optimal,heuristic,0.09805609400063986
2,10,55,53,0.8,Dijkstra,0.988,True,0.0,True,6,1217.0260724101533,269.27881375104744,10,698.6511710292039,Optimal,True,Optimal,heuristic,0.0004502830015553627
2,10,55,53,0.9,ILP,0.994,True,0.0,True,3,303.430474236475,172.14807057390772,12,788.4308015618878,Optimal,True,Optimal,heuristic,0.1402519699986442
2,10,55,53,0.9,MILP,0.994,False,0.0,True,3,303.430474236475,172.14807057390772,12,788.4308015618878,Optimal,True,Optimal,heuristic,0.10654176200114307
2,10,55,53,0.9,Dijkstra,0.99,False,0.0040000000000000036,False,5,442.1725496207862,134.63940687552372,10,698.6511710292039,Optimal,True,Optimal,heuristic,0.00033586999779799953
2,11,17,41,0.5,ILP,0.968,True,0.0,True,16,1509.9381921608133,310.30318814516966,4,191.89212731256723,Optimal,True,Optimal,heuristic,0.6499477570032468
2,11,17,41,0.5,MILP,0.968,True,0.0,True,16,1509.9381921608133,310.30318814516966,4,191.89212731256723,Optimal,True,Optimal,heuristic,0.12155411599815125
2,11,17,41,0.5,Dijkstra,0.968,True,0.0,True,16,1509.9381921608133,310.30318814516966,4,191.89212731256723,Optimal,True,Optimal,heuristic,0.00039532699884148315
2,11,17,41,0.6,ILP,0.984,True,0.0,True,8,809.7295209936132,248.24255051613574,4,191.89212731256723,Optimal,True,Optimal,heuristic,0.5736348870013899
2,11,17,41,0.6,MILP,0.984,True,0.0,True,8,809.7295209936132,248.24255051613574,4,191.89212731256723,Optimal,True,Optimal,heuristic,0.1231796989995928
2,11,17,41,0.6,Dijkstra,0.984,True,0.0,True,8,809.7295209936132,248.24255051613574,4,191.89212731256723,Optimal,True,Optimal,heuristic,0.0004981219972250983
2,11,17,41,0.7,ILP,0.992,True,0.0,True,4,445.0418760075181,186.18191288710182,4,191.89212731256723,Optimal,True,Optimal,heuristic,0.3030623810009274
2,11,17,41,0.7,MILP,0.992,True,0.0,True,4,445.0418760075181,186.18191288710182,4,191.89212731256723,Optimal,True,Optimal,heuristic,0.11881352799900924
2,11,17,41,0.7,Dijkstra,0.992,True,0.0,True,4,445.0418760075181,186.18191288710182,4,191.89212731256723,Optimal,True,Optimal,heuristic,0.00036295999962021597
2,11,17,41,0.8,ILP,0.994,True,0.0,True,3,238.52733905452214,124.12127525806784,4,191.8921273125672,Optimal,True,Optimal,heuristic,0.24482185899978504
2,11,17,41,0.8,MILP,0.994,False,0.0,True,3,238.52733905452214,124.12127525806784,4,191.89212731256723,Optimal,True,Optimal,heuristic,0.13108318199738278
2,11,17,41,0.8,Dijkstra,0.994,False,0.0,True,3,238.52733905452214,124.12127525806784,4,191.89212731256723,Optimal,True,Optimal,heuristic,0.0003920620001736097
2,11,17,41,0.9,ILP,0.996,True,0.0,True,2,70.73781644618066,62.06063762903386,4,191.89212731256723,Optimal,True,Optimal,heuristic,1.1622770569993008
2,11,17,41,0.9,MILP,0.996,True,0.0,True,2,70.73781644618066,62.06063762903386,4,191.89212731256723,Optimal,True,Optimal,heuristic,0.1770683270005975
2,11,17,41,0.9,Dijkstra,0.996,True,0.0,True,2,70.73781644618066,62.06063762903386,4,191.89212731256723,Optimal,True,Optimal,heuristic,0.0003939200032618828
2,12,45,23,0.5,ILP,0.938,True,0.0,True,31,3895.783692825257,406.9136923520822,6,375.0285527532517,Optimal,True,Optimal,heuristic,1.0603000760020223
2,12,45,23,0.5,MILP,0.938,True,0.0,True,31,3895.783692825257,406.9136923520822,6,375.0285527532517,Optimal,True,Optimal,heuristic,0.21624239300217596
2,12,45,23,0.5,Dijkstra,0.9339999999999999,False,0.0040000000000000036,False,33,5403.983593947401,1008.0829131374647,8,370.1598129509613,Optimal,True,Optimal,heuristic,0.0003353379979671445
2,12,45,23,0.6,ILP,0.964,True,0.0,True,18,3419.29731150074,912.079230130391,6,379.45448962328106,Optimal,True,Optimal,heuristic,0.7781155609991401
2,12,45,23,0.6,MILP,0.958,False,0.006000000000000005,False,21,1836.4378260391375,325.5309538816656,6,375.02855275325163,Optimal,True,Optimal,heuristic,0.24479481100206613
2,12,45,23,0.6,Dijkstra,0.956,False,0.008000000000000007,False,22,3195.3872509936955,926.7001746670484,8,370.1598129509613,Optimal,True,Optimal,heuristic,0.0003529899986460805
2,12,45,23,0.7,ILP,0.984,True,0.0,True,8,692.9146232012852,244.14821541124968,5,375.02855275325163,Optimal,True,Optimal,heuristic,0.6783588569996937
2,12,45,23,0.7,MILP,0.984,False,0.0,True,8,692.9146232012845,244.14821541124934,6,375.0285527532517,Optimal,True,Optimal,heuristic,0.11214545800248743
2,12,45,23,0.7,Dijkstra,0.978,False,0.006000000000000005,False,11,1905.9886137446763,845.3174361966319,8,370.1598129509613,Optimal,True,Optimal,heuristic,0.0003231650007364806
2,12,45,23,0.8,ILP,0.994,True,0.0,True,3,281.9963233796094,162.76547694083285,6,375.0285527532517,Optimal,True,Optimal,heuristic,0.17750719299874618
2,12,45,23,0.8,MILP,0.994,True,0.0,True,3,281.9963233796094,162.76547694083285,6,375.0285527532517,Optimal,True,Optimal,heuristic,0.11181636000037543
2,12,45,23,0.8,Dijkstra,0.99,False,0.0040000000000000036,False,5,1253.7001023364596,763.9346977262154,8,370.1598129509613,Optimal,True,Optimal,heuristic,0.000320515002385946
2,12,45,23,0.9,ILP,0.998,True,0.0,True,1,81.38273847041648,81.38273847041648,6,375.0285527532517,Optimal,True,Optimal,heuristic,0.16271607199814753
2,12,45,23,0.9,MILP,0.998,True,0.0,True,1,81.38273847041648,81.38273847041648,6,375.0285527532517,Optimal,True,Optimal,heuristic,0.11790157699942938
2,12,45,23,0.9,Dijkstra,0.994,False,0.0040000000000000036,False,3,941.383529096255,682.551959255799,8,370.1598129509613,Optimal,True,Optimal,heuristic,0.00036659000033978373
2,13,4,63,0.5,ILP,0.882,True,0.0,True,59,4031.56812941481,212.280925417498,4,182.59388808414633,Optimal,True,Optimal,heuristic,0.4446347369994328
2,13,4,63,0.5,MILP,0.882,False,0.0,True,59,4031.56812941481,212.28092541749805,3,182.59388808414624,Optimal,True,Optimal,heuristic,0.14116144599756808
2,13,4,63,0.5,Dijkstra,0.882,True,0.0,True,59,4031.56812941481,212.280925417498,4,182.59388808414633,Optimal,True,Optimal,heuristic,0.000425034999352647
2,13,4,63,0.6,ILP,0.9319999999999999,True,0.0,True,34,2074.061244868364,169.82474033399842,4,182.59388808414633,Optimal,True,Optimal,heuristic,0.36342189999777474
2,13,4,63,0.6,MILP,0.9319999999999999,True,0.0,True,34,2074.061244868364,169.82474033399842,4,182.59388808414633,Optimal,True,Optimal,heuristic,0.18054907800251385
2,13,4,63,0.6,Dijkstra,0.9319999999999999,True,0.0,True,34,2074.061244868364,169.82474033399842,4,182.59388808414633,Optimal,True,Optimal,heuristic,0.0003277729992987588
2,13,4,63,0.7,ILP,0.96,True,0.0,True,20,944.8957071617367,127.36855525049884,4,182.59388808414633,Optimal,True,Optimal,heuristic,0.31811439900047844
2,13,4,63,0.7,MILP,0.96,True,0.0,True,20,944.8957071617367,127.36855525049884,4,182.59388808414633,Optimal,True,Optimal,heuristic,0.14545501999964472
2,13,4,63,0.7,Dijkstra,0.96,True,0.0,True,20,944.8957071617367,127.36855525049884,4,182.59388808414633,Optimal,True,Optimal,heuristic,0.00033067700132960454
2,13,4,63,0.8,ILP,0.982,True,0.0,True,9,399.6962847283822,84.91237016699915,4,182.59388808414633,Optimal,True,Optimal,heuristic,0.1852955819995259
2,13,4,63,0.8,MILP,0.982,True,0.0,True,9,399.6962847283822,84.91237016699915,4,182.59388808414633,Optimal,True,Optimal,heuristic,0.14898992300004466
2,13,4,63,0.8,Dijkstra,0.982,True,0.0,True,9,399.6962847283822,84.91237016699915,4,182.59388808414633,Optimal,True,Optimal,heuristic,0.0003638119997049216
2,13,4,63,0.9,ILP,0.988,True,0.0,True,6,133.03234207066282,42.45618508349958,4,182.59388808414633,Optimal,True,Optimal,heuristic,0.15041226200264646
2,13,4,63,0.9,MILP,0.988,True,0.0,True,6,133.03234207066282,42.45618508349958,4,182.59388808414633,Optimal,True,Optimal,heuristic,0.13950286700128345
2,13,4,63,0.9,Dijkstra,0.988,True,0.0,True,6,133.03234207066282,42.45618508349958,4,182.59388808414633,Optimal,True,Optimal,heuristic,0.0003415530009078793
2,14,44,50,0.5,ILP,0.94,True,0.0,True,30,2059.20174823382,335.120076281848,6,238.712884659775,Optimal,True,Optimal,heuristic,0.5450828290013305
2,14,44,50,0.5,MILP,0.94,True,0.0,True,30,2059.20174823382,335.120076281848,6,238.712884659775,Optimal,True,Optimal,heuristic,0.13451149100001203
2,14,44,50,0.5,Dijkstra,0.94,True,0.0,True,30,2059.20174823382,335.120076281848,6,238.712884659775,Optimal,True,Optimal,heuristic,0.0003635810026025865
2,14,44,50,0.6,ILP,0.98,True,0.0,True,10,878.5900007078063,268.09606102547843,6,238.712884659775,Optimal,True,Optimal,heuristic,0.24879159700140008
2,14,44,50,0.6,MILP,0.98,True,0.0,True,10,878.5900007078063,268.09606102547843,6,238.712884659775,Optimal,True,Optimal,heuristic,0.12446458200065535
2,14,44,50,0.6,Dijkstra,0.98,True,0.0,True,10,878.5900007078063,268.09606102547843,6,238.712884659775,Optimal,True,Optimal,heuristic,0.00047048600026755594
2,14,44,50,0.7,ILP,0.99,True,0.0,True,5,371.3492228456183,201.07204576910885,6,238.712884659775,Optimal,True,Optimal,heuristic,0.20502055999895674
2,14,44,50,0.7,MILP,0.99,False,0.0,True,5,371.34922284561867,201.07204576910908,6,238.712884659775,Optimal,True,Optimal,heuristic,0.10638128599748597
2,14,44,50,0.7,Dijkstra,0.99,True,0.0,True,5,371.3492228456183,201.07204576910885,6,238.712884659775,Optimal,True,Optimal,heuristic,0.0003497420002531726
2,14,44,50,0.8,ILP,0.996,True,0.0,True,2,193.0864533984867,134.04803051273916,6,238.712884659775,Optimal,True,Optimal,heuristic,0.11298353799793404
2,14,44,50,0.8,MILP,0.996,True,0.0,True,2,193.0864533984867,134.04803051273916,6,238.712884659775,Optimal,True,Optimal,heuristic,0.09532683699944755
2,14,44,50,0.8,Dijkstra,0.996,True,0.0,True,2,193.0864533984867,134.04803051273916,6,238.712884659775,Optimal,True,Optimal,heuristic,0.0003260120029153768
2,14,44,50,0.9,ILP,0.998,True,0.0,True,1,67.02401525636958,67.02401525636958,6,238.712884659775,Optimal,True,Optimal,heuristic,0.12875918700228794
2,14,44,50,0.9,MILP,0.998,False,0.0,True,1,67.02401525636947,67.02401525636947,6,238.712884659775,Optimal,True,Optimal,heuristic,0.11811993000083021
2,14,44,50,0.9,Dijkstra,0.998,True,0.0,True,1,67.02401525636958,67.02401525636958,6,238.712884659775,Optimal,True,Optimal,heuristic,0.00036779999936698005
2,15,49,12,0.5,ILP,0.958,True,0.0,True,21,1983.391650205681,280.8295649861511,6,184.82056938668376,Optimal,True,Optimal,heuristic,0.5380796549980005
2,15,49,12,0.5,MILP,0.956,False,0.0020000000000000018,False,22,1791.9264477085255,350.3858649358451,2,146.50844704811777,Optimal,True,Optimal,heuristic,0.2963757709985657
2,15,49,12,0.5,Dijkstra,0.956,False,0.0020000000000000018,False,22,1791.9264477085255,350.3858649358451,2,146.50844704811777,Optimal,True,Optimal,heuristic,0.00039534499956062064
2,15,49,12,0.6,ILP,0.976,True,0.0,True,12,872.1288991609316,294.21995193861494,2,146.50844704811777,Optimal,True,Optimal,heuristic,0.36739941299674683
2,15,49,12,0.6,MILP,0.976,True,0.0,True,12,872.1288991609316,294.21995193861494,2,146.50844704811777,Optimal,True,Optimal,heuristic,0.22678093299691682
2,15,49,12,0.6,Dijkstra,0.976,True,0.0,True,12,872.1288991609316,294.21995193861494,2,146.50844704811777,Optimal,True,Optimal,heuristic,0.00037415599945234135
2,15,49,12,0.7,ILP,0.992,True,0.0,True,4,435.42980613005767,238.05403894138476,2,146.50844704811777,Optimal,True,Optimal,heuristic,0.21007866900254157
2,15,49,12,0.7,MILP,0.992,True,0.0,True,4,435.42980613005767,238.05403894138476,2,146.50844704811777,Optimal,True,Optimal,heuristic,0.17818436300149187
2,15,49,12,0.7,Dijkstra,0.992,True,0.0,True,4,435.42980613005767,238.05403894138476,2,146.50844704811777,Optimal,True,Optimal,heuristic,0.00037207300192676485
2,15,49,12,0.8,ILP,0.996,True,0.0,True,2,238.95600518248375,181.88812594415447,2,146.50844704811777,Optimal,True,Optimal,heuristic,0.14714220099995146
2,15,49,12,0.8,MILP,0.996,True,0.0,True,2,238.95600518248375,181.88812594415447,2,146.50844704811777,Optimal,True,Optimal,heuristic,0.2979153679989395
2,15,49,12,0.8,Dijkstra,0.996,True,0.0,True,2,238.95600518248375,181.88812594415447,2,146.50844704811777,Optimal,True,Optimal,heuristic,0.0004683499973907601
2,15,49,12,0.9,ILP,0.996,True,0.0,True,2,126.62417918802339,125.72221294692429,2,146.50844704811777,Optimal,True,Optimal,heuristic,0.13638101000105962
2,15,49,12,0.9,MILP,0.996,False,0.0,True,2,96.07585990335167,56.16591299723029,6,184.82056938668376,Optimal,True,Optimal,heuristic,0.15858799499983434
2,15,49,12,0.9,Dijkstra,0.996,True,0.0,True,2,126.62417918802339,125.72221294692429,2,146.50844704811777,Optimal,True,Optimal,heuristic,0.00032740099777583964
2,16,32,2,0.5,ILP,0.928,True,0.0,True,36,2928.137487035653,275.55028235228474,5,239.58754912965264,Optimal,True,Optimal,heuristic,2.1775978130026488
2,16,32,2,0.5,MILP,0.928,True,0.0,True,36,2928.137487035653,275.55028235228474,5,239.58754912965264,Optimal,True,Optimal,heuristic,0.40442043199800537
2,16,32,2,0.5,Dijkstra,0.92,False,0.008000000000000007,False,40,3699.9684597274168,367.6955057752749,5,229.33636775669265,Optimal,True,Optimal,heuristic,0.0003423910020501353
2,16,32,2,0.6,ILP,0.964,True,0.0,True,18,2118.783525164924,312.585449304818,5,229.33636775669265,Optimal,True,Optimal,heuristic,1.4757147480013373
2,16,32,2,0.6,MILP,0.958,False,0.006000000000000005,False,21,1368.0738467203437,220.4402258818278,5,239.58754912965264,Optimal,True,Optimal,heuristic,0.36883636800121167
2,16,32,2,0.6,Dijkstra,0.964,True,0.0,True,18,2118.783525164924,312.585449304818,5,229.33636775669265,Optimal,True,Optimal,heuristic,0.0003946090000681579
2,16,32,2,0.7,ILP,0.98,True,0.0,True,10,588.3501084315819,165.3301694113709,5,239.58754912965264,Optimal,True,Optimal,heuristic,1.008725248000701
2,16,32,2,0.7,MILP,0.98,True,0.0,True,10,588.3501084315819,165.3301694113709,5,239.58754912965264,Optimal,True,Optimal,heuristic,0.6041358969996509
2,16,32,2,0.7,Dijkstra,0.976,False,0.0040000000000000036,False,12,1289.6291130313084,257.47539283436106,5,229.33636775669265,Optimal,True,Optimal,heuristic,0.0005028800005675294
2,16,32,2,0.8,ILP,0.99,True,0.0,True,5,178.63778473892933,110.22011294091385,5,239.58754912965264,Optimal,True,Optimal,heuristic,0.8837478599998576
2,16,32,2,0.8,MILP,0.99,False,0.0,True,5,178.63778473892955,110.22011294091396,5,239.58754912965264,Optimal,True,Optimal,heuristic,0.1693719790018804
2,16,32,2,0.8,Dijkstra,0.986,False,0.0040000000000000036,False,7,777.5399779509854,202.36533636390402,5,229.33636775669265,Optimal,True,Optimal,heuristic,0.00038480100192828104
2,16,32,2,0.9,ILP,0.998,True,0.0,True,1,55.110056470456925,55.110056470456925,5,239.58754912965264,Optimal,True,Optimal,heuristic,0.1879974849980499
2,16,32,2,0.9,MILP,0.998,False,0.0,True,1,55.11005647045681,55.11005647045681,5,239.58754912965261,Optimal,True,Optimal,heuristic,0.16633786400052486
2,16,32,2,0.9,Dijkstra,0.988,False,0.010000000000000009,False,6,409.8848177583144,147.2552798934471,5,229.33636775669265,Optimal,True,Optimal,heuristic,0.00034418100040056743
2,17,35,10,0.5,ILP,0.986,True,0.0,True,7,1353.5988355868699,742.5983093106886,9,433.25967448552507,Optimal,True,Optimal,heuristic,0.4615469739983382
2,17,35,10,0.5,MILP,0.986,False,0.0,True,7,1353.5988355868667,742.5983093106877,8,433.25967448552484,Optimal,True,Optimal,heuristic,0.9806924869990326
2,17,35,10,0.5,Dijkstra,0.986,True,0.0,True,7,1353.5988355868699,742.5983093106886,9,433.25967448552507,Optimal,True,Optimal,heuristic,0.0004086070002813358
2,17,35,10,0.6,ILP,0.994,True,0.0,True,3,919.6670348493531,641.9029176885997,9,433.25967448552507,Optimal,True,Optimal,heuristic,0.16027045900045778
2,17,35,10,0.6,MILP,0.994,True,0.0,True,3,919.6670348493531,641.9029176885997,9,433.25967448552507,Optimal,True,Optimal,heuristic,0.4506006760020682
2,17,35,10,0.6,Dijkstra,0.994,True,0.0,True,3,919.6670348493531,641.9029176885997,9,433.25967448552507,Optimal,True,Optimal,heuristic,0.0003776320008910261
2,17,35,10,0.7,ILP,0.994,True,0.0,True,3,617.5808599830875,541.2075260665113,9,433.25967448552547,Optimal,True,Optimal,heuristic,0.38660404000256676
2,17,35,10,0.7,MILP,0.994,False,0.0,True,3,588.2459333378622,490.90771853761976,11,581.39424636659,Optimal,True,Optimal,heuristic,0.6175617080007214
2,17,35,10,0.7,Dijkstra,0.994,False,0.0,True,3,617.5808599830864,541.2075260665108,9,433.25967448552507,Optimal,True,Optimal,heuristic,0.0004256020001776051
2,17,35,10,0.8,ILP,0.998,True,0.0,True,1,440.5121344444219,440.5121344444219,9,433.25967448552507,Optimal,True,Optimal,heuristic,0.15719210899987957
2,17,35,10,0.8,MILP,0.998,False,0.0,True,1,390.21232691553087,390.21232691553087,11,581.39424636659,Optimal,True,Optimal,heuristic,0.329143880000629
2,17,35,10,0.8,Dijkstra,0.998,True,0.0,True,1,440.5121344444219,440.5121344444219,9,433.25967448552507,Optimal,True,Optimal,heuristic,0.00038699200013070367
2,17,35,10,0.9,ILP,0.998,True,0.0,True,1,339.8167428223328,339.8167428223328,9,433.25967448552507,Optimal,True,Optimal,heuristic,0.15002721700147958
2,17,35,10,0.9,MILP,0.994,False,0.0040000000000000036,False,3,134.07528057910326,100.69539162208889,14,694.7947841486289,Optimal,True,Optimal,heuristic,0.2094905000012659
2,17,35,10,0.9,Dijkstra,0.998,True,0.0,True,1,339.8167428223328,339.8167428223328,9,433.25967448552507,Optimal,True,Optimal,heuristic,0.0003873390014632605
2,18,48,44,0.5,ILP,0.906,True,0.0,True,47,4512.339101937056,441.7315913796916,8,406.73984845951065,Optimal,True,Optimal,heuristic,0.5814540790015599
2,18,48,44,0.5,MILP,0.906,False,0.0,True,47,4512.339101937056,441.7315913796916,8,406.73984845951065,Optimal,True,Optimal,heuristic,0.12454245900153182
2,18,48,44,0.5,Dijkstra,0.906,False,0.0,True,47,4512.339101937056,441.7315913796916,8,406.73984845951065,Optimal,True,Optimal,heuristic,0.00040177399932872504
2,18,48,44,0.6,ILP,0.956,True,0.0,True,22,2044.5615858085912,369.43349987741226,8,406.73984845951065,Optimal,True,Optimal,heuristic,0.3961350040008256
2,18,48,44,0.6,MILP,0.956,True,0.0,True,22,2044.5615858085912,369.43349987741226,8,406.73984845951065,Optimal,True,Optimal,heuristic,0.1125455459987279
2,18,48,44,0.6,Dijkstra,0.956,True,0.0,True,22,2044.5615858085912,369.43349987741226,8,406.73984845951065,Optimal,True,Optimal,heuristic,0.00038780199975008145
2,18,48,44,0.7,ILP,0.978,True,0.0,True,11,803.5857908764262,297.1354083751329,8,406.7398484595106,Optimal,True,Optimal,heuristic,0.23584815499998513
2,18,48,44,0.7,MILP,0.978,False,0.0,True,11,803.5857908764281,297.135408375133,8,406.7398484595106,Optimal,True,Optimal,heuristic,0.19253973000013502
2,18,48,44,0.7,Dijkstra,0.978,False,0.0,True,11,803.5857908764262,297.1354083751329,8,406.73984845951065,Optimal,True,Optimal,heuristic,0.00033150599847431295
2,18,48,44,0.8,ILP,0.994,True,0.0,True,3,405.228360056068,224.83731687285353,8,406.73984845951065,Optimal,True,Optimal,heuristic,0.11928708599953097
2,18,48,44,0.8,MILP,0.994,True,0.0,True,3,405.228360056068,224.83731687285353,8,406.73984845951065,Optimal,True,Optimal,heuristic,0.1079760280008486
2,18,48,44,0.8,Dijkstra,0.994,True,0.0,True,3,405.228360056068,224.83731687285353,8,406.73984845951065,Optimal,True,Optimal,heuristic,0.0003401729991310276
2,18,48,44,0.9,ILP,0.996,True,0.0,True,2,189.23795854958644,152.53922537057417,8,406.73984845951065,Optimal,True,Optimal,heuristic,0.1158383000001777
2,18,48,44,0.9,MILP,0.996,True,0.0,True,2,189.23795854958644,152.53922537057417,8,406.73984845951065,Optimal,True,Optimal,heuristic,0.16083310899921344
2,18,48,44,0.9,Dijkstra,0.996,True,0.0,True,2,189.23795854958644,152.53922537057417,8,406.73984845951065,Optimal,True,Optimal,heuristic,0.0003235750009480398
2,19,26,21,0.5,ILP,0.918,True,0.0,True,41,6924.015168797354,692.2931848449983,13,735.6433727068869,Optimal,True,Optimal,heuristic,0.669042253997759
2,19,26,21,0.5,MILP,0.918,True,0.0,True,41,6924.015168797354,692.2931848449983,13,735.6433727068869,Optimal,True,Optimal,heuristic,0.13832409499809728
2,19,26,21,0.5,Dijkstra,0.918,True,0.0,True,41,6924.015168797354,692.2931848449983,13,735.6433727068869,Optimal,True,Optimal,heuristic,0.00039074999949662015
2,19,26,21,0.6,ILP,0.962,True,0.0,True,19,2970.3785876917336,553.8345478759986,13,735.6433727068869,Optimal,True,Optimal,heuristic,0.8190514269990672
2,19,26,21,0.6,MILP,0.962,False,0.0,True,19,2970.3785876917336,553.8345478759986,13,735.6433727068868,Optimal,True,Optimal,heuristic,0.12190764600018156
2,19,26,21,0.6,Dijkstra,0.962,True,0.0,True,19,2970.3785876917336,553.8345478759986,13,735.6433727068869,Optimal,True,Optimal,heuristic,0.00034611400042194873
2,19,26,21,0.7,ILP,0.986,True,0.0,True,7,1375.2392483630329,415.375910906999,13,735.6433727068869,Optimal,True,Optimal,heuristic,0.3912408600008348
2,19,26,21,0.7,MILP,0.986,True,0.0,True,7,1375.2392483630329,415.375910906999,13,735.6433727068869,Optimal,True,Optimal,heuristic,0.12055440200128942
2,19,26,21,0.7,Dijkstra,0.986,True,0.0,True,7,1375.2392483630329,415.375910906999,13,735.6433727068869,Optimal,True,Optimal,heuristic,0.0003792489987972658
2,19,26,21,0.8,ILP,0.994,True,0.0,True,3,739.8251774333771,276.9172739379992,13,735.6433727068869,Optimal,True,Optimal,heuristic,0.35073377799926675
2,19,26,21,0.8,MILP,0.994,True,0.0,True,3,739.8251774333771,276.9172739379992,13,735.6433727068869,Optimal,True,Optimal,heuristic,0.12454142000206048
2,19,26,21,0.8,Dijkstra,0.994,True,0.0,True,3,739.8251774333771,276.9172739379992,13,735.6433727068869,Optimal,True,Optimal,heuristic,0.00033655100196483545
2,19,26,21,0.9,ILP,0.996,True,0.0,True,2,396.7527696344814,322.0057111965764,12,748.3863110556878,Optimal,True,Optimal,heuristic,0.18888397199771134
2,19,26,21,0.9,MILP,0.992,False,0.0040000000000000036,False,4,292.7799807355675,148.2465110787275,14,809.5850461130783,Optimal,True,Optimal,heuristic,0.1129871400007687
2,19,26,21,0.9,Dijkstra,0.994,False,0.0020000000000000018,False,3,324.4492665263783,138.4586369689996,13,735.6433727068869,Optimal,True,Optimal,heuristic,0.00036268199983169325
3,0,34,63,0.5,ILP,0.9339999999999999,True,0.0,True,33,3556.8335028711094,363.771145759461,5,305.8975590039803,Optimal,True,Optimal,heuristic,2.1734778770005505
3,0,34,63,0.5,MILP,0.9339999999999999,False,0.0,True,33,3556.8335028711085,363.771145759461,5,305.89755900398035,Optimal,True,Optimal,heuristic,2.1407624450002913
3,0,34,63,0.5,Dijkstra,0.9339999999999999,True,0.0,True,33,3556.8335028711094,363.771145759461,5,305.8975590039803,Optimal,True,Optimal,heuristic,0.0003450470030657016
3,0,34,63,0.6,ILP,0.962,True,0.0,True,19,1733.3618329040146,291.0169166075689,5,305.8975590039803,Optimal,True,Optimal,heuristic,1.4911249260003387
3,0,34,63,0.6,MILP,0.962,False,0.0,True,19,1733.3618329040144,291.0169166075689,4,305.8975590039803,Optimal,True,Optimal,heuristic,0.9970983450002677
3,0,34,63,0.6,Dijkstra,0.962,True,0.0,True,19,1733.3618329040146,291.0169166075689,5,305.8975590039803,Optimal,True,Optimal,heuristic,0.0003321999975014478
3,0,34,63,0.7,ILP,0.986,True,0.0,True,7,735.4556794196149,218.26268745567666,5,305.8975590039803,Optimal,True,Optimal,heuristic,1.1035731640004087
3,0,34,63,0.7,MILP,0.986,True,0.0,True,7,735.4556794196149,218.26268745567666,5,305.8975590039803,Optimal,True,Optimal,heuristic,0.7246207530006359
3,0,34,63,0.7,Dijkstra,0.986,True,0.0,True,7,735.4556794196149,218.26268745567666,5,305.8975590039803,Optimal,True,Optimal,heuristic,0.00035718700019060634
3,0,34,63,0.8,ILP,0.994,True,0.0,True,3,333.88250510586454,145.50845830378432,5,305.8975590039803,Optimal,True,Optimal,heuristic,0.536885869998514
3,0,34,63,0.8,MILP,0.994,True,0.0,True,3,333.88250510586454,145.50845830378432,5,305.8975590039803,Optimal,True,Optimal,heuristic,0.4046843149990309
3,0,34,63,0.8,Dijkstra,0.994,True,0.0,True,3,333.88250510586454,145.50845830378432,5,305.8975590039803,Optimal,True,Optimal,heuristic,0.0003271079986006953
3,0,34,63,0.9,ILP,0.996,True,0.0,True,2,219.0611315324345,117.31170683960829,6,356.5203097819617,Optimal,True,Optimal,heuristic,0.37453688599998713
3,0,34,63,0.9,MILP,0.996,False,0.0,True,2,126.7352711838297,72.75422915189222,5,305.8975590039803,Optimal,True,Optimal,heuristic,0.2311145919993578
3,0,34,63,0.9,Dijkstra,0.996,False,0.0,True,2,126.73527118382981,72.75422915189222,5,305.8975590039803,Optimal,True,Optimal,heuristic,0.00034242699985043146
3,1,47,49,0.5,ILP,0.992,True,0.0,True,4,623.7011731727779,456.06646927207174,1,80.79482986618765,Optimal,True,Optimal,heuristic,0.0908757239994884
3,1,47,49,0.5,MILP,0.992,True,0.0,True,4,623.7011731727779,456.06646927207174,1,80.79482986618765,Optimal,True,Optimal,heuristic,0.0923502660007216
3,1,47,49,0.5,Dijkstra,0.992,True,0.0,True,4,623.7011731727779,456.06646927207174,1,80.79482986618765,Optimal,True,Optimal,heuristic,0.0003525479987729341
3,1,47,49,0.6,ILP,0.996,True,0.0,True,2,434.05616592560625,364.8531754176573,1,80.79482986618765,Optimal,True,Optimal,heuristic,0.08850979699855088
3,1,47,49,0.6,MILP,0.996,True,0.0,True,2,434.05616592560625,364.8531754176573,1,80.79482986618765,Optimal,True,Optimal,heuristic,0.08989889700023923
3,1,47,49,0.6,Dijkstra,0.996,True,0.0,True,2,434.05616592560625,364.8531754176573,1,80.79482986618765,Optimal,True,Optimal,heuristic,0.0003199179991497658
3,1,47,49,0.7,ILP,0.998,True,0.0,True,1,273.6398815632431,273.6398815632431,1,80.79482986618765,Optimal,True,Optimal,heuristic,0.0891511600020749
3,1,47,49,0.7,MILP,0.998,True,0.0,True,1,273.6398815632431,273.6398815632431,1,80.79482986618765,Optimal,True,Optimal,heuristic,0.0916256179989432
3,1,47,49,0.7,Dijkstra,0.998,True,0.0,True,1,273.6398815632431,273.6398815632431,1,80.79482986618765,Optimal,True,Optimal,heuristic,0.0003370400008861907
3,1,47,49,0.8,ILP,0.998,True,0.0,True,1,182.4265877088286,182.4265877088286,1,80.79482986618765,Optimal,True,Optimal,heuristic,0.08868728800007375
3,1,47,49,0.8,MILP,0.998,True,0.0,True,1,182.4265877088286,182.4265877088286,1,80.79482986618765,Optimal,True,Optimal,heuristic,0.09078191300068283
3,1,47,49,0.8,Dijkstra,0.998,True,0.0,True,1,182.4265877088286,182.4265877088286,1,80.79482986618765,Optimal,True,Optimal,heuristic,0.0003679410001495853
3,1,47,49,0.9,ILP,0.998,True,0.0,True,1,91.21329385441436,91.21329385441436,1,80.79482986618765,Optimal,True,Optimal,heuristic,0.09040788799757138
3,1,47,49,0.9,MILP,0.998,True,0.0,True,1,91.21329385441436,91.21329385441436,1,80.79482986618765,Optimal,True,Optimal,heuristic,0.08907847099908395
3,1,47,49,0.9,Dijkstra,0.998,True,0.0,True,1,91.21329385441436,91.21329385441436,1,80.79482986618765,Optimal,True,Optimal,heuristic,0.0003289520027465187
3,2,46,51,0.5,ILP,0.944,True,0.0,True,28,5016.466977730122,1180.122300971728,8,405.3619364360182,Optimal,True,Optimal,heuristic,0.5469162469998992
3,2,46,51,0.5,MILP,0.914,False,0.029999999999999916,False,43,4719.092561350693,479.4017444670792,10,464.9466131451364,Optimal,True,Optimal,heuristic,0.3668697089997295
3,2,46,51,0.5,Dijkstra,0.944,False,0.0,True,28,5016.466977730119,1180.122300971728,8,405.36193643601814,Optimal,True,Optimal,heuristic,0.00038637000034214
3,2,46,51,0.6,ILP,0.968,True,0.0,True,16,2931.610037330388,1084.2419520783124,8,405.36193643601814,Optimal,True,Optimal,heuristic,0.4290844359966286
3,2,46,51,0.6,MILP,0.966,False,0.0020000000000000018,False,17,2103.025179506385,383.5213955736634,10,464.94661314513627,Optimal,True,Optimal,heuristic,0.23353119999956107
3,2,46,51,0.6,Dijkstra,0.968,True,0.0,True,16,2931.610037330388,1084.2419520783124,8,405.36193643601814,Optimal,True,Optimal,heuristic,0.00043158900007256307
3,2,46,51,0.7,ILP,0.984,True,0.0,True,8,1945.737826053693,988.3616031848961,8,405.3619364360182,Optimal,True,Optimal,heuristic,0.343468163999205
3,2,46,51,0.7,MILP,0.982,False,0.0020000000000000018,False,9,864.4247812903199,287.6410466802471,10,464.9466131451364,Optimal,True,Optimal,heuristic,0.13017457599926274
3,2,46,51,0.7,Dijkstra,0.984,False,0.0,True,8,1945.7378260536932,988.3616031848964,8,405.36193643601814,Optimal,True,Optimal,heuristic,0.0003626239995355718
3,2,46,51,0.8,ILP,0.992,True,0.0,True,4,353.76751822237907,191.76069778683166,9,464.94661314513615,Optimal,True,Optimal,heuristic,0.1678818929976842
3,2,46,51,0.8,MILP,0.992,False,0.0,True,4,353.7675182223778,191.76069778683166,10,464.9466131451363,Optimal,True,Optimal,heuristic,0.11914577999777975
3,2,46,51,0.8,Dijkstra,0.99,False,0.0020000000000000018,False,5,1343.0424273103727,892.4812542914805,8,405.36193643601814,Optimal,True,Optimal,heuristic,0.0003697419997479301
3,2,46,51,0.9,ILP,0.998,True,0.0,True,1,95.88034889341566,95.88034889341566,10,464.94661314513627,Optimal,True,Optimal,heuristic,0.1021814310006448
3,2,46,51,0.9,MILP,0.998,True,0.0,True,1,95.88034889341566,95.88034889341566,10,464.94661314513627,Optimal,True,Optimal,heuristic,0.10473185799855855
3,2,46,51,0.9,Dijkstra,0.994,False,0.0040000000000000036,False,3,979.4995976661442,796.6009053980645,8,405.36193643601814,Optimal,True,Optimal,heuristic,0.0003538509990903549
3,3,33,8,0.5,ILP,0.988,True,0.0,True,6,826.7032842254214,381.7939214972977,2,132.11542094469948,Optimal,True,Optimal,heuristic,0.27440425899840193
3,3,33,8,0.5,MILP,0.988,False,0.0,True,6,826.7032842254209,381.7939214972977,1,132.11542094469948,Optimal,True,Optimal,heuristic,0.29965336399982334
3,3,33,8,0.5,Dijkstra,0.986,False,0.0020000000000000018,False,7,966.4218743763743,310.40276829905645,3,113.31955061180969,Optimal,True,Optimal,heuristic,0.00034219400185975246
3,3,33,8,0.6,ILP,0.994,True,0.0,True,3,563.430208867167,324.2475665341465,1,132.11542094469948,Optimal,True,Optimal,heuristic,0.19408638599998085
3,3,33,8,0.6,MILP,0.994,False,0.0,True,3,563.430208867167,324.2475665341465,2,132.11542094469948,Optimal,True,Optimal,heuristic,0.4426592100026028
3,3,33,8,0.6,Dijkstra,0.99,False,0.0040000000000000036,False,5,655.2173233630964,252.85641333590524,3,113.31955061180969,Optimal,True,Optimal,heuristic,0.0003338429996802006
3,3,33,8,0.7,ILP,0.996,True,0.0,True,2,408.56987066425927,266.70121157099527,2,132.11542094469948,Optimal,True,Optimal,heuristic,0.1618303899995226
3,3,33,8,0.7,MILP,0.992,False,0.0040000000000000036,False,4,380.46006091452625,195.31005837275404,3,113.31955061180969,Optimal,True,Optimal,heuristic,0.49542052000106196
3,3,33,8,0.7,Dijkstra,0.992,False,0.0040000000000000036,False,4,380.46006091452625,195.31005837275404,3,113.31955061180969,Optimal,True,Optimal,heuristic,0.000320984996506013
3,3,33,8,0.8,ILP,0.996,True,0.0,True,2,293.47716073795664,209.15485660784395,2,132.11542094469948,Optimal,True,Optimal,heuristic,0.2017788190023566
3,3,33,8,0.8,MILP,0.994,False,0.0020000000000000018,False,3,163.88548750115183,137.76370340960273,3,113.31955061180969,Optimal,True,Optimal,heuristic,0.14667131500027608
3,3,33,8,0.8,Dijkstra,0.994,False,0.0020000000000000018,False,3,163.88548750115183,137.76370340960273,3,113.31955061180969,Optimal,True,Optimal,heuristic,0.00038431700158980675
3,3,33,8,0.9,ILP,0.998,True,0.0,True,1,80.21734844645152,80.21734844645152,3,113.31955061180969,Optimal,True,Optimal,heuristic,0.21484569899985217
3,3,33,8,0.9,MILP,0.998,False,0.0,True,1,57.5463549631512,57.5463549631512,6,255.3083528746306,Optimal,True,Optimal,heuristic,0.13261776400031522
3,3,33,8,0.9,Dijkstra,0.998,True,0.0,True,1,80.21734844645152,80.21734844645152,3,113.31955061180969,Optimal,True,Optimal,heuristic,0.0003963110029872041
3,4,54,29,0.5,ILP,0.98,True,0.0,True,10,2673.297523777012,669.9625549729109,10,515.2583237151424,Optimal,True,Optimal,heuristic,0.3803415379989019
3,4,54,29,0.5,MILP,0.98,False,0.0,True,10,2673.297523777012,669.9625549729109,10,515.2583237151424,Optimal,True,Optimal,heuristic,0.1376643330004299
3,4,54,29,0.5,Dijkstra,0.98,True,0.0,True,10,2673.297523777012,669.9625549729109,10,515.2583237151424,Optimal,True,Optimal,heuristic,0.0003396880019863602
3,4,54,29,0.6,ILP,0.984,True,0.0,True,8,1543.6855050678028,535.9700439783287,10,515.2583237151424,Optimal,True,Optimal,heuristic,0.4551455580003676
3,4,54,29,0.6,MILP,0.984,False,0.0,True,8,1543.6855050678028,535.9700439783287,10,515.2583237151424,Optimal,True,Optimal,heuristic,0.12610267100171768
3,4,54,29,0.6,Dijkstra,0.984,True,0.0,True,8,1543.6855050678028,535.9700439783287,10,515.2583237151424,Optimal,True,Optimal,heuristic,0.00037196600169409066
3,4,54,29,0.7,ILP,0.99,True,0.0,True,5,698.0527281311811,401.97753298374664,10,515.2583237151424,Optimal,True,Optimal,heuristic,0.4218647440029599
3,4,54,29,0.7,MILP,0.99,False,0.0,True,5,698.0527281311811,401.97753298374664,10,515.2583237151424,Optimal,True,Optimal,heuristic,0.13204468700132566
3,4,54,29,0.7,Dijkstra,0.99,True,0.0,True,5,698.0527281311811,401.97753298374664,10,515.2583237151424,Optimal,True,Optimal,heuristic,0.00040907600123318844
3,4,54,29,0.8,ILP,0.996,True,0.0,True,2,369.32605996179905,267.98502198916435,10,515.2583237151424,Optimal,True,Optimal,heuristic,0.1479105159996834
3,4,54,29,0.8,MILP,0.996,True,0.0,True,2,369.32605996179905,267.98502198916435,10,515.2583237151424,Optimal,True,Optimal,heuristic,0.10485802100083674
3,4,54,29,0.8,Dijkstra,0.996,True,0.0,True,2,369.32605996179905,267.98502198916435,10,515.2583237151424,Optimal,True,Optimal,heuristic,0.00039998300053412095
3,4,54,29,0.9,ILP,0.998,True,0.0,True,1,133.99251099458206,133.99251099458206,10,515.2583237151424,Optimal,True,Optimal,heuristic,0.09577019499920425
3,4,54,29,0.9,MILP,0.998,True,0.0,True,1,133.99251099458206,133.99251099458206,10,515.2583237151424,Optimal,True,Optimal,heuristic,0.09609243100203457
3,4,54,29,0.9,Dijkstra,0.998,True,0.0,True,1,133.99251099458206,133.99251099458206,10,515.2583237151424,Optimal,True,Optimal,heuristic,0.0003972689992224332
3,5,32,24,0.5,ILP,0.968,True,0.0,True,16,1901.7318840412604,409.5170193376183,7,331.2743678869965,Optimal,True,Optimal,heuristic,0.5445355810006731
3,5,32,24,0.5,MILP,0.968,True,0.0,True,16,1901.7318840412604,409.5170193376183,7,331.2743678869965,Optimal,True,Optimal,heuristic,0.23844004000056884
3,5,32,24,0.5,Dijkstra,0.968,True,0.0,True,16,1901.7318840412604,409.5170193376183,7,331.2743678869965,Optimal,True,Optimal,heuristic,0.0003709720003826078
3,5,32,24,0.6,ILP,0.988,True,0.0,True,6,1070.0959860110502,327.6136154700947,7,331.2743678869965,Optimal,True,Optimal,heuristic,0.2146526319993427
3,5,32,24,0.6,MILP,0.988,True,0.0,True,6,1070.0959860110502,327.6136154700947,7,331.2743678869965,Optimal,True,Optimal,heuristic,0.14406016999782878
3,5,32,24,0.6,Dijkstra,0.988,True,0.0,True,6,1070.0959860110502,327.6136154700947,7,331.2743678869965,Optimal,True,Optimal,heuristic,0.0003706459974637255
3,5,32,24,0.7,ILP,0.99,True,0.0,True,5,640.5722609796613,245.71021160257112,7,331.2743678869965,Optimal,True,Optimal,heuristic,0.2015441169969563
3,5,32,24,0.7,MILP,0.99,True,0.0,True,5,640.5722609796613,245.71021160257112,7,331.2743678869965,Optimal,True,Optimal,heuristic,0.17905906399755622
3,5,32,24,0.7,Dijkstra,0.99,True,0.0,True,5,640.5722609796613,245.71021160257112,7,331.2743678869965,Optimal,True,Optimal,heuristic,0.0003495129967632238
3,5,32,24,0.8,ILP,0.996,True,0.0,True,2,283.2003902611474,163.8068077350473,7,331.2743678869965,Optimal,True,Optimal,heuristic,0.13894819599954644
3,5,32,24,0.8,MILP,0.996,True,0.0,True,2,283.2003902611474,163.8068077350473,7,331.2743678869965,Optimal,True,Optimal,heuristic,0.1258790610008873
3,5,32,24,0.8,Dijkstra,0.996,True,0.0,True,2,283.2003902611474,163.8068077350473,7,331.2743678869965,Optimal,True,Optimal,heuristic,0.00033558399809408
3,5,32,24,0.9,ILP,0.996,True,0.0,True,2,119.3935825261002,81.9034038675237,7,331.2743678869965,Optimal,True,Optimal,heuristic,0.17276415200103656
3,5,32,24,0.9,MILP,0.996,True,0.0,True,2,119.3935825261002,81.9034038675237,7,331.2743678869965,Optimal,True,Optimal,heuristic,0.12514211800225894
3,5,32,24,0.9,Dijkstra,0.996,True,0.0,True,2,119.3935825261002,81.9034038675237,7,331.2743678869965,Optimal,True,Optimal,heuristic,0.00045424299969454296
3,6,50,41,0.5,ILP,0.998,True,0.0,True,1,386.85981981358117,386.85981981358117,1,59.132211775021176,Optimal,True,Optimal,heuristic,0.10467912499734666
3,6,50,41,0.5,MILP,0.998,True,0.0,True,1,386.85981981358117,386.85981981358117,1,59.132211775021176,Optimal,True,Optimal,heuristic,0.139825063997705
3,6,50,41,0.5,Dijkstra,0.998,True,0.0,True,1,386.85981981358117,386.85981981358117,1,59.132211775021176,Optimal,True,Optimal,heuristic,0.0003479190017969813
3,6,50,41,0.6,ILP,0.998,True,0.0,True,1,309.48785585086495,309.48785585086495,1,59.132211775021176,Optimal,True,Optimal,heuristic,0.10230150200004573
3,6,50,41,0.6,MILP,0.998,True,0.0,True,1,309.48785585086495,309.48785585086495,1,59.132211775021176,Optimal,True,Optimal,heuristic,0.10705493000205024
3,6,50,41,0.6,Dijkstra,0.998,True,0.0,True,1,309.48785585086495,309.48785585086495,1,59.132211775021176,Optimal,True,Optimal,heuristic,0.00035917700006393716
3,6,50,41,0.7,ILP,0.998,True,0.0,True,1,232.11589188814878,232.11589188814878,1,59.132211775021176,Optimal,True,Optimal,heuristic,0.13094678000197746
3,6,50,41,0.7,MILP,0.998,True,0.0,True,1,232.11589188814878,232.11589188814878,1,59.132211775021176,Optimal,True,Optimal,heuristic,0.10001403000205755
3,6,50,41,0.7,Dijkstra,0.998,True,0.0,True,1,232.11589188814878,232.11589188814878,1,59.132211775021176,Optimal,True,Optimal,heuristic,0.00036956499752704985
3,6,50,41,0.8,ILP,0.998,True,0.0,True,1,154.74392792543244,154.74392792543244,1,59.132211775021176,Optimal,True,Optimal,heuristic,0.10363339399918914
3,6,50,41,0.8,MILP,0.998,True,0.0,True,1,154.74392792543244,154.74392792543244,1,59.132211775021176,Optimal,True,Optimal,heuristic,0.10013764799805358
3,6,50,41,0.8,Dijkstra,0.998,True,0.0,True,1,154.74392792543244,154.74392792543244,1,59.132211775021176,Optimal,True,Optimal,heuristic,0.0003044929981115274
3,6,50,41,0.9,ILP,0.998,True,0.0,True,1,77.37196396271622,77.37196396271622,1,59.132211775021176,Optimal,True,Optimal,heuristic,0.10478020300070057
3,6,50,41,0.9,MILP,0.998,True,0.0,True,1,77.37196396271622,77.37196396271622,1,59.132211775021176,Optimal,True,Optimal,heuristic,0.1043748060001235
3,6,50,41,0.9,Dijkstra,0.998,True,0.0,True,1,77.37196396271622,77.37196396271622,1,59.132211775021176,Optimal,True,Optimal,heuristic,0.00032722700052545406
3,7,26,53,0.5,ILP,0.902,True,0.0,True,49,7526.649007539301,591.6957132513612,12,623.4071137834018,Optimal,True,Optimal,heuristic,0.3633692830007931
3,7,26,53,0.5,MILP,0.902,True,0.0,True,49,7526.649007539301,591.6957132513612,12,623.4071137834018,Optimal,True,Optimal,heuristic,0.1257560080011899
3,7,26,53,0.5,Dijkstra,0.902,True,0.0,True,49,7526.649007539301,591.6957132513612,12,623.4071137834018,Optimal,True,Optimal,heuristic,0.00039678599932813086
3,7,26,53,0.6,ILP,0.956,True,0.0,True,22,3514.5687475374643,473.35657060108895,12,623.4071137834018,Optimal,True,Optimal,heuristic,0.4149161519999325
3,7,26,53,0.6,MILP,0.956,True,0.0,True,22,3514.5687475374643,473.35657060108895,12,623.4071137834018,Optimal,True,Optimal,heuristic,0.1290445209997415
3,7,26,53,0.6,Dijkstra,0.956,True,0.0,True,22,3514.5687475374643,473.35657060108895,12,623.4071137834018,Optimal,True,Optimal,heuristic,0.0003773099997488316
3,7,26,53,0.7,ILP,0.98,True,0.0,True,10,1733.0237451079015,355.0174279508169,12,623.4071137834018,Optimal,True,Optimal,heuristic,0.15000530299948878
3,7,26,53,0.7,MILP,0.98,True,0.0,True,10,1733.0237451079015,355.0174279508169,12,623.4071137834018,Optimal,True,Optimal,heuristic,0.11567914700208348
3,7,26,53,0.7,Dijkstra,0.98,True,0.0,True,10,1733.0237451079015,355.0174279508169,12,623.4071137834018,Optimal,True,Optimal,heuristic,0.000371923997590784
3,7,26,53,0.8,ILP,0.99,True,0.0,True,5,816.229761572785,236.6782853005443,12,623.4071137834018,Optimal,True,Optimal,heuristic,0.13901338200230384
3,7,26,53,0.8,MILP,0.99,True,0.0,True,5,816.229761572785,236.6782853005443,12,623.4071137834018,Optimal,True,Optimal,heuristic,0.10932917200261727
3,7,26,53,0.8,Dijkstra,0.99,True,0.0,True,5,816.229761572785,236.6782853005443,12,623.4071137834018,Optimal,True,Optimal,heuristic,0.0003774680008064024
3,7,26,53,0.9,ILP,0.994,True,0.0,True,3,295.8029611232828,118.33914265027215,12,623.4071137834018,Optimal,True,Optimal,heuristic,0.10725217199797044
3,7,26,53,0.9,MILP,0.994,True,0.0,True,3,295.8029611232828,118.33914265027215,12,623.4071137834018,Optimal,True,Optimal,heuristic,0.11919061799926567
3,7,26,53,0.9,Dijkstra,0.994,True,0.0,True,3,295.8029611232828,118.33914265027215,12,623.4071137834018,Optimal,True,Optimal,heuristic,0.0004678370023611933
3,8,35,28,0.5,ILP,0.97,True,0.0,True,15,2634.0838894074514,573.9563384074452,6,378.2954989287129,Optimal,True,Optimal,heuristic,0.37613076499837916
3,8,35,28,0.5,MILP,0.97,True,0.0,True,15,2634.0838894074514,573.9563384074452,6,378.2954989287129,Optimal,True,Optimal,heuristic,0.16232071999911568
3,8,35,28,0.5,Dijkstra,0.97,True,0.0,True,15,2634.0838894074514,573.9563384074452,6,378.2954989287129,Optimal,True,Optimal,heuristic,0.0004210229999443982
3,8,35,28,0.6,ILP,0.984,True,0.0,True,8,1365.7938441869821,459.1650707259562,6,378.2954989287129,Optimal,True,Optimal,heuristic,0.2872429380004178
3,8,35,28,0.6,MILP,0.984,True,0.0,True,8,1365.7938441869821,459.1650707259562,6,378.2954989287129,Optimal,True,Optimal,heuristic,0.12722564700015937
3,8,35,28,0.6,Dijkstra,0.984,True,0.0,True,8,1365.7938441869821,459.1650707259562,6,378.2954989287129,Optimal,True,Optimal,heuristic,0.00036337699930300005
3,8,35,28,0.7,ILP,0.994,True,0.0,True,3,804.9669034634364,344.3738030444672,6,378.2954989287129,Optimal,True,Optimal,heuristic,0.11656767100066645
3,8,35,28,0.7,MILP,0.994,True,0.0,True,3,804.9669034634364,344.3738030444672,6,378.2954989287129,Optimal,True,Optimal,heuristic,0.11459807600112981
3,8,35,28,0.7,Dijkstra,0.994,True,0.0,True,3,804.9669034634364,344.3738030444672,6,378.2954989287129,Optimal,True,Optimal,heuristic,0.00034241499815834686
3,8,35,28,0.8,ILP,0.994,True,0.0,True,3,460.5931004189688,229.58253536297798,6,378.2954989287129,Optimal,True,Optimal,heuristic,0.19137828899692977
3,8,35,28,0.8,MILP,0.994,False,0.0,True,3,460.5931004189688,229.58253536297798,6,378.2954989287129,Optimal,True,Optimal,heuristic,0.1298259470022458
3,8,35,28,0.8,Dijkstra,0.994,False,0.0,True,3,460.5931004189688,229.58253536297798,6,378.2954989287129,Optimal,True,Optimal,heuristic,0.00045605600098497234
3,8,35,28,0.9,ILP,0.996,True,0.0,True,2,228.51740590106078,114.79126768148899,6,378.2954989287129,Optimal,True,Optimal,heuristic,0.1289854530004959
3,8,35,28,0.9,MILP,0.996,True,0.0,True,2,228.51740590106078,114.79126768148899,6,378.2954989287129,Optimal,True,Optimal,heuristic,0.13718445799895562
3,8,35,28,0.9,Dijkstra,0.996,True,0.0,True,2,228.51740590106078,114.79126768148899,6,378.2954989287129,Optimal,True,Optimal,heuristic,0.0004101189988432452
3,9,57,4,0.5,ILP,0.96,True,0.0,True,20,2497.6223324398434,472.74847556079635,5,289.43221848918324,Optimal,True,Optimal,heuristic,0.28342886099926545
3,9,57,4,0.5,MILP,0.96,True,0.0,True,20,2497.6223324398434,472.74847556079635,5,289.43221848918324,Optimal,True,Optimal,heuristic,0.10749237799973343
3,9,57,4,0.5,Dijkstra,0.96,True,0.0,True,20,2497.6223324398434,472.74847556079635,5,289.43221848918324,Optimal,True,Optimal,heuristic,0.0003201530016667675
3,9,57,4,0.6,ILP,0.988,True,0.0,True,6,990.5141762934522,378.1987804486371,5,289.43221848918324,Optimal,True,Optimal,heuristic,0.2602420590010297
3,9,57,4,0.6,MILP,0.988,True,0.0,True,6,990.5141762934522,378.1987804486371,5,289.43221848918324,Optimal,True,Optimal,heuristic,0.123646476000431
3,9,57,4,0.6,Dijkstra,0.988,True,0.0,True,6,990.5141762934522,378.1987804486371,5,289.43221848918324,Optimal,True,Optimal,heuristic,0.0003273389993410092
3,9,57,4,0.7,ILP,0.994,True,0.0,True,3,619.4407683116663,283.6490853364778,5,289.43221848918324,Optimal,True,Optimal,heuristic,0.14762294499814743
3,9,57,4,0.7,MILP,0.994,True,0.0,True,3,619.4407683116663,283.6490853364778,5,289.43221848918324,Optimal,True,Optimal,heuristic,0.1463859279974713
3,9,57,4,0.7,Dijkstra,0.994,True,0.0,True,3,619.4407683116663,283.6490853364778,5,289.43221848918324,Optimal,True,Optimal,heuristic,0.00036064199957763776
3,9,57,4,0.8,ILP,0.996,True,0.0,True,2,366.89412337395925,189.09939022431843,5,289.43221848918324,Optimal,True,Optimal,heuristic,0.13369186999989324
3,9,57,4,0.8,MILP,0.996,True,0.0,True,2,366.89412337395925,189.09939022431843,5,289.43221848918324,Optimal,True,Optimal,heuristic,0.1485767929989379
3,9,57,4,0.8,Dijkstra,0.996,True,0.0,True,2,366.89412337395925,189.09939022431843,5,289.43221848918324,Optimal,True,Optimal,heuristic,0.0003247049971832894
3,9,57,4,0.9,ILP,0.996,True,0.0,True,2,177.79473314964093,94.54969511215927,5,289.43221848918324,Optimal,True,Optimal,heuristic,0.15687250699920696
3,9,57,4,0.9,MILP,0.996,True,0.0,True,2,177.79473314964093,94.54969511215927,5,289.43221848918324,Optimal,True,Optimal,heuristic,0.13517370100089465
3,9,57,4,0.9,Dijkstra,0.996,True,0.0,True,2,177.79473314964093,94.54969511215927,5,289.43221848918324,Optimal,True,Optimal,heuristic,0.00031854099870542996
3,10,55,53,0.5,ILP,0.986,True,0.0,True,7,2074.7978009934095,836.4037483261263,10,533.5400252963889,Optimal,True,Optimal,heuristic,0.12242261600113125
3,10,55,53,0.5,MILP,0.986,True,0.0,True,7,2074.7978009934095,836.4037483261263,10,533.5400252963889,Optimal,True,Optimal,heuristic,0.10282619299687212
3,10,55,53,0.5,Dijkstra,0.986,True,0.0,True,7,2074.7978009934095,836.4037483261263,10,533.5400252963889,Optimal,True,Optimal,heuristic,0.0005072599997220095
3,10,55,53,0.6,ILP,0.99,True,0.0,True,5,1071.139731014524,669.6266010596933,10,533.5400252963889,Optimal,True,Optimal,heuristic,0.15280338899901835
3,10,55,53,0.6,MILP,0.99,True,0.0,True,5,1071.139731014524,669.6266010596933,10,533.5400252963889,Optimal,True,Optimal,heuristic,0.10082987900023
3,10,55,53,0.6,Dijkstra,0.99,True,0.0,True,5,1071.139731014524,669.6266010596933,10,533.5400252963889,Optimal,True,Optimal,heuristic,0.0003247150016250089
3,10,55,53,0.7,ILP,0.996,True,0.0,True,2,544.8238217549215,502.8494537932602,10,533.5400252963889,Optimal,True,Optimal,heuristic,0.08597436700074468
3,10,55,53,0.7,MILP,0.996,True,0.0,True,2,544.8238217549215,502.8494537932602,10,533.5400252963889,Optimal,True,Optimal,heuristic,0.09915834400089807
3,10,55,53,0.7,Dijkstra,0.996,True,0.0,True,2,544.8238217549215,502.8494537932602,10,533.5400252963889,Optimal,True,Optimal,heuristic,0.0003387379983905703
3,10,55,53,0.8,ILP,0.998,True,0.0,True,1,336.0723065268269,336.0723065268269,10,533.5400252963889,Optimal,True,Optimal,heuristic,0.09197659900019062
3,10,55,53,0.8,MILP,0.998,True,0.0,True,1,336.0723065268269,336.0723065268269,10,533.5400252963889,Optimal,True,Optimal,heuristic,0.11499561999880825
3,10,55,53,0.8,Dijkstra,0.998,True,0.0,True,1,336.0723065268269,336.0723065268269,10,533.5400252963889,Optimal,True,Optimal,heuristic,0.0003318369999760762
3,10,55,53,0.9,ILP,0.998,True,0.0,True,1,169.29515926039358,169.29515926039358,10,533.5400252963889,Optimal,True,Optimal,heuristic,0.09240827300163801
3,10,55,53,0.9,MILP,0.998,False,0.0,True,1,166.77714726643308,166.77714726643308,12,704.0272944851417,Optimal,True,Optimal,heuristic,0.09808690499994555
3,10,55,53,0.9,Dijkstra,0.998,True,0.0,True,1,169.29515926039358,169.29515926039358,10,533.5400252963889,Optimal,True,Optimal,heuristic,0.00033606299984967336
3,11,17,41,0.5,ILP,0.942,True,0.0,True,29,2628.2496958296506,357.30931099068937,4,211.2446826508369,Optimal,True,Optimal,heuristic,1.6432315109996125
3,11,17,41,0.5,MILP,0.942,True,0.0,True,29,2628.2496958296506,357.30931099068937,4,211.2446826508369,Optimal,True,Optimal,heuristic,0.2812470030003169
3,11,17,41,0.5,Dijkstra,0.942,True,0.0,True,29,2628.2496958296506,357.30931099068937,4,211.2446826508369,Optimal,True,Optimal,heuristic,0.00041432599755353294
3,11,17,41,0.6,ILP,0.97,True,0.0,True,15,989.1241285186891,285.8474487925515,4,211.2446826508369,Optimal,True,Optimal,heuristic,1.0198821400008455
3,11,17,41,0.6,MILP,0.97,True,0.0,True,15,989.1241285186891,285.8474487925515,4,211.2446826508369,Optimal,True,Optimal,heuristic,0.12785202099985327
3,11,17,41,0.6,Dijkstra,0.97,True,0.0,True,15,989.1241285186891,285.8474487925515,4,211.2446826508369,Optimal,True,Optimal,heuristic,0.0004785210003319662
3,11,17,41,0.7,ILP,0.994,True,0.0,True,3,294.74349426956667,214.38558659441367,4,211.2446826508369,Optimal,True,Optimal,heuristic,0.23217369899793994
3,11,17,41,0.7,MILP,0.994,True,0.0,True,3,294.74349426956667,214.38558659441367,4,211.2446826508369,Optimal,True,Optimal,heuristic,0.13742711800296092
3,11,17,41,0.7,Dijkstra,0.994,True,0.0,True,3,294.74349426956667,214.38558659441367,4,211.2446826508369,Optimal,True,Optimal,heuristic,0.00034582299849716946
3,11,17,41,0.8,ILP,0.998,True,0.0,True,1,142.9237243962757,142.9237243962757,3,211.24468265083686,Optimal,True,Optimal,heuristic,0.145156810998742
3,11,17,41,0.8,MILP,0.998,False,0.0,True,1,142.9237243962757,142.9237243962757,4,211.2446826508369,Optimal,True,Optimal,heuristic,0.11206436100110295
3,11,17,41,0.8,Dijkstra,0.998,False,0.0,True,1,142.9237243962757,142.9237243962757,4,211.2446826508369,Optimal,True,Optimal,heuristic,0.0003422940026212018
3,11,17,41,0.9,ILP,0.998,True,0.0,True,1,71.46186219813785,71.46186219813785,4,211.2446826508369,Optimal,True,Optimal,heuristic,0.19893317600144655
3,11,17,41,0.9,MILP,0.998,True,0.0,True,1,71.46186219813785,71.46186219813785,4,211.2446826508369,Optimal,True,Optimal,heuristic,0.12313313000049675
3,11,17,41,0.9,Dijkstra,0.998,True,0.0,True,1,71.46186219813785,71.46186219813785,4,211.2446826508369,Optimal,True,Optimal,heuristic,0.00042882100024144165
3,12,45,23,0.5,ILP,0.994,True,0.0,True,3,1206.9796864763339,957.4577686074508,8,354.3189474028823,Optimal,True,Optimal,heuristic,0.10446962900095969
3,12,45,23,0.5,MILP,0.994,False,0.0,True,3,1135.5576661940443,886.4895447587392,6,320.0983863783489,Optimal,True,Optimal,heuristic,0.09795728000244708
3,12,45,23,0.5,Dijkstra,0.994,False,0.0,True,3,1266.2187366502067,928.7533450371604,6,314.89980243248226,Optimal,True,Optimal,heuristic,0.0003252080023230519
3,12,45,23,0.6,ILP,0.998,True,0.0,True,1,780.159859655703,780.159859655703,8,354.3189474028823,Optimal,True,Optimal,heuristic,0.09396898200066062
3,12,45,23,0.6,MILP,0.998,False,0.0,True,1,709.1916358069914,709.1916358069914,6,320.0983863783489,Optimal,True,Optimal,heuristic,0.1328625269998156
3,12,45,23,0.6,Dijkstra,0.996,False,0.0020000000000000018,False,2,833.0150654988427,751.4554360854127,6,314.89980243248226,Optimal,True,Optimal,heuristic,0.0003230580005038064
3,12,45,23,0.7,ILP,0.998,True,0.0,True,1,602.8619507039552,602.8619507039552,8,354.3189474028823,Optimal,True,Optimal,heuristic,0.09734498799662106
3,12,45,23,0.7,MILP,0.998,False,0.0,True,1,531.8937268552436,531.8937268552436,6,320.0983863783489,Optimal,True,Optimal,heuristic,0.09586421999847516
3,12,45,23,0.7,Dijkstra,0.998,False,0.0,True,1,574.1575271336649,574.1575271336649,6,314.89980243248226,Optimal,True,Optimal,heuristic,0.0003896950001944788
3,12,45,23,0.8,ILP,0.998,True,0.0,True,1,425.56404175220723,425.56404175220723,8,354.3189474028823,Optimal,True,Optimal,heuristic,0.09346225300032529
3,12,45,23,0.8,MILP,0.998,False,0.0,True,1,354.5958179034956,354.5958179034956,6,320.0983863783489,Optimal,True,Optimal,heuristic,0.09280434200263699
3,12,45,23,0.8,Dijkstra,0.998,False,0.0,True,1,396.85961818191686,396.85961818191686,6,314.89980243248226,Optimal,True,Optimal,heuristic,0.00032942500183708034
3,12,45,23,0.9,ILP,0.998,True,0.0,True,1,248.26613280045945,248.26613280045945,8,354.3189474028823,Optimal,True,Optimal,heuristic,0.09719190499890829
3,12,45,23,0.9,MILP,0.998,False,0.0,True,1,177.2979089517478,177.2979089517478,6,320.0983863783489,Optimal,True,Optimal,heuristic,0.09307172500120942
3,12,45,23,0.9,Dijkstra,0.998,False,0.0,True,1,219.56170923016907,219.56170923016907,6,314.89980243248226,Optimal,True,Optimal,heuristic,0.0006460469994635787
3,13,4,63,0.5,ILP,0.946,True,0.0,True,27,1903.037771551912,264.3334023906122,4,192.75009008695477,Optimal,True,Optimal,heuristic,0.22815188499953365
3,13,4,63,0.5,MILP,0.946,True,0.0,True,27,1903.037771551912,264.3334023906122,4,192.75009008695477,Optimal,True,Optimal,heuristic,0.12811345099908067
3,13,4,63,0.5,Dijkstra,0.946,True,0.0,True,27,1903.037771551912,264.3334023906122,4,192.75009008695477,Optimal,True,Optimal,heuristic,0.00038000499989720993
3,13,4,63,0.6,ILP,0.968,True,0.0,True,16,832.0698093591915,211.4667219124898,4,192.75009008695477,Optimal,True,Optimal,heuristic,0.2853622090005956
3,13,4,63,0.6,MILP,0.968,True,0.0,True,16,832.0698093591915,211.4667219124898,4,192.75009008695477,Optimal,True,Optimal,heuristic,0.12412868799947319
3,13,4,63,0.6,Dijkstra,0.968,True,0.0,True,16,832.0698093591915,211.4667219124898,4,192.75009008695477,Optimal,True,Optimal,heuristic,0.00034588100243126974
3,13,4,63,0.7,ILP,0.988,True,0.0,True,6,317.80239088518914,158.6000414343673,4,192.75009008695477,Optimal,True,Optimal,heuristic,0.16772792499978095
3,13,4,63,0.7,MILP,0.988,False,0.0,True,6,317.8023908851894,158.60004143436765,3,192.7500900869546,Optimal,True,Optimal,heuristic,0.14052316800007247
3,13,4,63,0.7,Dijkstra,0.988,True,0.0,True,6,317.80239088518914,158.6000414343673,4,192.75009008695477,Optimal,True,Optimal,heuristic,0.00038555699939024635
3,13,4,63,0.8,ILP,0.996,True,0.0,True,2,126.49373155532032,105.73336095624484,4,192.75009008695477,Optimal,True,Optimal,heuristic,0.11367075700036366
3,13,4,63,0.8,MILP,0.996,False,0.0,True,2,126.49373155532061,105.73336095624529,3,192.7500900869544,Optimal,True,Optimal,heuristic,0.14265420700030518
3,13,4,63,0.8,Dijkstra,0.996,True,0.0,True,2,126.49373155532032,105.73336095624484,4,192.75009008695477,Optimal,True,Optimal,heuristic,0.0003608050028560683
3,13,4,63,0.9,ILP,0.998,True,0.0,True,1,52.86668047812236,52.86668047812236,4,192.75009008695477,Optimal,True,Optimal,heuristic,0.13656166500004474
3,13,4,63,0.9,MILP,0.998,False,0.0,True,1,52.86668047812225,52.86668047812225,4,192.75009008695483,Optimal,True,Optimal,heuristic,0.15180457000315073
3,13,4,63,0.9,Dijkstra,0.998,True,0.0,True,1,52.86668047812236,52.86668047812236,4,192.75009008695477,Optimal,True,Optimal,heuristic,0.00040617100239614956
3,14,44,50,0.5,ILP,0.996,True,0.0,True,2,443.9874267735387,390.03405435818667,5,227.9558344516144,Optimal,True,Optimal,heuristic,0.09487814800013439
3,14,44,50,0.5,MILP,0.996,True,0.0,True,2,443.9874267735387,390.03405435818667,5,227.9558344516144,Optimal,True,Optimal,heuristic,0.09588728999733576
3,14,44,50,0.5,Dijkstra,0.996,True,0.0,True,2,443.9874267735387,390.03405435818667,5,227.9558344516144,Optimal,True,Optimal,heuristic,0.0003292029978183564
3,14,44,50,0.6,ILP,0.998,True,0.0,True,1,312.0272434865494,312.0272434865494,5,227.9558344516144,Optimal,True,Optimal,heuristic,0.09504227799698128
3,14,44,50,0.6,MILP,0.998,True,0.0,True,1,312.0272434865494,312.0272434865494,5,227.9558344516144,Optimal,True,Optimal,heuristic,0.09860489100174163
3,14,44,50,0.6,Dijkstra,0.998,True,0.0,True,1,312.0272434865494,312.0272434865494,5,227.9558344516144,Optimal,True,Optimal,heuristic,0.00034570100251585245
3,14,44,50,0.7,ILP,0.998,True,0.0,True,1,234.020432614912,234.020432614912,5,227.9558344516144,Optimal,True,Optimal,heuristic,0.09674420500232372
3,14,44,50,0.7,MILP,0.998,True,0.0,True,1,234.020432614912,234.020432614912,5,227.9558344516144,Optimal,True,Optimal,heuristic,0.10106754899970838
3,14,44,50,0.7,Dijkstra,0.998,True,0.0,True,1,234.020432614912,234.020432614912,5,227.9558344516144,Optimal,True,Optimal,heuristic,0.0006096420001995284
3,14,44,50,0.8,ILP,0.998,True,0.0,True,1,156.0136217432746,156.0136217432746,5,227.9558344516144,Optimal,True,Optimal,heuristic,0.09654064999995171
3,14,44,50,0.8,MILP,0.998,True,0.0,True,1,156.0136217432746,156.0136217432746,5,227.9558344516144,Optimal,True,Optimal,heuristic,0.10003594199952204
3,14,44,50,0.8,Dijkstra,0.998,True,0.0,True,1,156.0136217432746,156.0136217432746,5,227.9558344516144,Optimal,True,Optimal,heuristic,0.000400439999793889
3,14,44,50,0.9,ILP,0.998,True,0.0,True,1,78.0068108716373,78.0068108716373,5,227.9558344516144,Optimal,True,Optimal,heuristic,0.09563987100045779
3,14,44,50,0.9,MILP,0.998,True,0.0,True,1,78.0068108716373,78.0068108716373,5,227.9558344516144,Optimal,True,Optimal,heuristic,0.097353283999837
3,14,44,50,0.9,Dijkstra,0.998,True,0.0,True,1,78.0068108716373,78.0068108716373,5,227.9558344516144,Optimal,True,Optimal,heuristic,0.0004827939992537722
3,15,49,12,0.5,ILP,0.986,True,0.0,True,7,2215.454123240228,1177.6626299790594,2,166.23633862352668,Optimal,True,Optimal,heuristic,0.15722843800176634
3,15,49,12,0.5,MILP,0.986,True,0.0,True,7,2215.454123240228,1177.6626299790594,2,166.23633862352668,Optimal,True,Optimal,heuristic,0.4597742570003902
3,15,49,12,0.5,Dijkstra,0.986,True,0.0,True,7,2215.454123240228,1177.6626299790594,2,166.23633862352668,Optimal,True,Optimal,heuristic,0.00035951099926023744
3,15,49,12,0.6,ILP,0.992,True,0.0,True,4,1785.5011538657436,1099.5872984781129,2,166.23633862352668,Optimal,True,Optimal,heuristic,0.17532246799964923
3,15,49,12,0.6,MILP,0.992,True,0.0,True,4,1785.5011538657436,1099.5872984781129,2,166.23633862352668,Optimal,True,Optimal,heuristic,0.7274280219971843
3,15,49,12,0.6,Dijkstra,0.992,True,0.0,True,4,1785.5011538657436,1099.5872984781129,2,166.23633862352668,Optimal,True,Optimal,heuristic,0.00038701800076523796
3,15,49,12,0.7,ILP,0.994,True,0.0,True,3,1479.062367266646,1021.5119669771666,2,166.23633862352668,Optimal,True,Optimal,heuristic,0.16846148599870503
3,15,49,12,0.7,MILP,0.976,False,0.018000000000000016,False,12,1141.6219208236366,234.2259945028395,8,429.13089397053307,Optimal,True,Optimal,heuristic,0.587505727999087
3,15,49,12,0.7,Dijkstra,0.994,True,0.0,True,3,1479.062367266646,1021.5119669771666,2,166.23633862352668,Optimal,True,Optimal,heuristic,0.0003720880013133865
3,15,49,12,0.8,ILP,0.994,True,0.0,True,3,1244.8363727638061,943.4366354762199,2,166.23633862352673,Optimal,True,Optimal,heuristic,0.20111699000335648
3,15,49,12,0.8,MILP,0.986,False,0.008000000000000007,False,7,411.0936331731434,156.15066300189278,8,429.13089397053307,Optimal,True,Optimal,heuristic,0.4689780199987581
3,15,49,12,0.8,Dijkstra,0.994,False,0.0,True,3,1244.836372763806,943.4366354762199,2,166.23633862352668,Optimal,True,Optimal,heuristic,0.00031253900306182913
3,15,49,12,0.9,ILP,0.998,True,0.0,True,1,78.0753315009465,78.0753315009465,8,429.13089397053307,Optimal,True,Optimal,heuristic,0.12378818900106126
3,15,49,12,0.9,MILP,0.998,True,0.0,True,1,78.0753315009465,78.0753315009465,8,429.13089397053307,Optimal,True,Optimal,heuristic,0.12410800199722871
3,15,49,12,0.9,Dijkstra,0.996,False,0.0020000000000000018,False,2,1032.1215450627715,865.3613039752736,2,166.23633862352668,Optimal,True,Optimal,heuristic,0.0003603769982873928
3,16,32,2,0.5,ILP,0.958,True,0.0,True,21,2042.2760047006368,328.7538546856121,5,230.16086110389503,Optimal,True,Optimal,heuristic,1.5720064409979386
3,16,32,2,0.5,MILP,0.958,False,0.0,True,21,2042.2760047006361,328.7538546856121,4,230.160861103895,Optimal,True,Optimal,heuristic,0.3213482840001234
3,16,32,2,0.5,Dijkstra,0.958,True,0.0,True,21,2042.2760047006368,328.7538546856121,5,230.16086110389503,Optimal,True,Optimal,heuristic,0.0003463529974396806
3,16,32,2,0.6,ILP,0.978,True,0.0,True,11,937.1044125378309,263.0030837484897,5,230.16086110389503,Optimal,True,Optimal,heuristic,0.9590903130010702
3,16,32,2,0.6,MILP,0.978,False,0.0,True,11,937.1044125378303,263.0030837484897,5,230.1608611038951,Optimal,True,Optimal,heuristic,0.20254922099775285
3,16,32,2,0.6,Dijkstra,0.978,True,0.0,True,11,937.1044125378309,263.0030837484897,5,230.16086110389503,Optimal,True,Optimal,heuristic,0.00037008399885962717
3,16,32,2,0.7,ILP,0.992,True,0.0,True,4,397.9787336308751,197.25231281136723,5,230.16086110389503,Optimal,True,Optimal,heuristic,0.39885064199916087
3,16,32,2,0.7,MILP,0.992,False,0.0,True,4,397.9787336308749,197.25231281136723,5,230.16086110389506,Optimal,True,Optimal,heuristic,0.2141754199983552
3,16,32,2,0.7,Dijkstra,0.992,True,0.0,True,4,397.9787336308751,197.25231281136723,5,230.16086110389503,Optimal,True,Optimal,heuristic,0.00032335899959434755
3,16,32,2,0.8,ILP,0.996,True,0.0,True,2,198.33848433383434,131.50154187424482,5,230.16086110389503,Optimal,True,Optimal,heuristic,0.20997498400174663
3,16,32,2,0.8,MILP,0.996,True,0.0,True,2,198.33848433383434,131.50154187424482,5,230.16086110389503,Optimal,True,Optimal,heuristic,0.13547131199811702
3,16,32,2,0.8,Dijkstra,0.996,True,0.0,True,2,198.33848433383434,131.50154187424482,5,230.16086110389503,Optimal,True,Optimal,heuristic,0.00036386699866852723
3,16,32,2,0.9,ILP,0.996,True,0.0,True,2,66.83694245958952,65.75077093712241,5,230.16086110389503,Optimal,True,Optimal,heuristic,0.28415546899850597
3,16,32,2,0.9,MILP,0.996,True,0.0,True,2,66.83694245958952,65.75077093712241,5,230.16086110389503,Optimal,True,Optimal,heuristic,0.12861644000076922
3,16,32,2,0.9,Dijkstra,0.996,True,0.0,True,2,66.83694245958952,65.75077093712241,5,230.16086110389503,Optimal,True,Optimal,heuristic,0.00043243799882475287
3,17,35,10,0.5,ILP,0.96,True,0.0,True,20,2735.969985517163,644.8903442964508,11,450.75619931751334,Optimal,True,Optimal,heuristic,0.6589095000017551
3,17,35,10,0.5,MILP,0.96,False,0.0,True,20,2735.969985517161,644.8903442964504,10,450.75619931751345,Optimal,True,Optimal,heuristic,0.2810209749986825
3,17,35,10,0.5,Dijkstra,0.96,True,0.0,True,20,2735.969985517163,644.8903442964508,11,450.75619931751334,Optimal,True,Optimal,heuristic,0.0003495249984553084
3,17,35,10,0.6,ILP,0.984,True,0.0,True,8,1412.696867961689,539.1699805744823,11,450.75619931751334,Optimal,True,Optimal,heuristic,0.3729222000001755
3,17,35,10,0.6,MILP,0.984,True,0.0,True,8,1412.696867961689,539.1699805744823,11,450.75619931751334,Optimal,True,Optimal,heuristic,0.22158331600076053
3,17,35,10,0.6,Dijkstra,0.984,True,0.0,True,8,1412.696867961689,539.1699805744823,11,450.75619931751334,Optimal,True,Optimal,heuristic,0.0003767439993680455
3,17,35,10,0.7,ILP,0.992,True,0.0,True,4,786.9483068072243,433.4496168525138,11,450.75619931751334,Optimal,True,Optimal,heuristic,0.19877234900195617
3,17,35,10,0.7,MILP,0.992,False,0.0,True,4,786.9483068072243,433.4496168525138,11,450.75619931751334,Optimal,True,Optimal,heuristic,0.22006577999854926
3,17,35,10,0.7,Dijkstra,0.992,True,0.0,True,4,786.9483068072243,433.4496168525138,11,450.75619931751334,Optimal,True,Optimal,heuristic,0.00039045400262693875
3,17,35,10,0.8,ILP,0.994,True,0.0,True,3,440.3411138394822,327.7292531305452,11,450.75619931751334,Optimal,True,Optimal,heuristic,0.17387809099818696
3,17,35,10,0.8,MILP,0.994,False,0.0,True,3,440.3411138394822,327.7292531305452,11,450.75619931751345,Optimal,True,Optimal,heuristic,0.2139325740026834
3,17,35,10,0.8,Dijkstra,0.994,True,0.0,True,3,440.3411138394822,327.7292531305452,11,450.75619931751334,Optimal,True,Optimal,heuristic,0.0004066930014232639
3,17,35,10,0.9,ILP,0.998,True,0.0,True,1,222.00888940857658,222.00888940857658,11,450.75619931751334,Optimal,True,Optimal,heuristic,0.15459677600301802
3,17,35,10,0.9,MILP,0.994,False,0.0040000000000000036,False,3,182.88126295035772,105.7203637219684,10,487.06012942125534,Optimal,True,Optimal,heuristic,0.15785244799917564
3,17,35,10,0.9,Dijkstra,0.998,True,0.0,True,1,222.00888940857658,222.00888940857658,11,450.75619931751334,Optimal,True,Optimal,heuristic,0.000450427000032505
3,18,48,44,0.5,ILP,0.946,True,0.0,True,27,5661.71458542147,1155.889407851425,8,434.7332630436153,Optimal,True,Optimal,heuristic,0.4865502779975941
3,18,48,44,0.5,MILP,0.912,False,0.03399999999999992,False,44,5541.229436664549,462.0879069677867,10,494.31793975273337,Optimal,True,Optimal,heuristic,0.4769201540002541
3,18,48,44,0.5,Dijkstra,0.946,True,0.0,True,27,5661.71458542147,1155.889407851425,8,434.7332630436153,Optimal,True,Optimal,heuristic,0.0003619419985625427
3,18,48,44,0.6,ILP,0.964,True,0.0,True,18,3520.7739533410636,1063.4718264578678,8,434.7332630436153,Optimal,True,Optimal,heuristic,0.46283517199844937
3,18,48,44,0.6,MILP,0.962,False,0.0020000000000000018,False,19,2794.433142016832,369.67032557422954,10,494.31793975273337,Optimal,True,Optimal,heuristic,0.1877368569985265
3,18,48,44,0.6,Dijkstra,0.964,True,0.0,True,18,3520.7739533410636,1063.4718264578678,8,434.7332630436153,Optimal,True,Optimal,heuristic,0.0005104749980091583
3,18,48,44,0.7,ILP,0.978,True,0.0,True,11,1310.2780110767126,277.25274418067215,10,494.31793975273337,Optimal,True,Optimal,heuristic,0.41280344799815794
3,18,48,44,0.7,MILP,0.978,False,0.0,True,11,1310.2780110767155,277.2527441806724,10,494.31793975273337,Optimal,True,Optimal,heuristic,0.2011785750000854
3,18,48,44,0.7,Dijkstra,0.976,False,0.0020000000000000018,False,12,2153.1247144996223,971.0542450643104,8,434.7332630436153,Optimal,True,Optimal,heuristic,0.0003300579992355779
3,18,48,44,0.8,ILP,0.99,True,0.0,True,5,527.1389232607098,184.83516278711477,10,494.31793975273337,Optimal,True,Optimal,heuristic,0.1634397669986356
3,18,48,44,0.8,MILP,0.99,False,0.0,True,5,527.1389232607107,184.835162787115,10,494.31793975273337,Optimal,True,Optimal,heuristic,0.13270114500119234
3,18,48,44,0.8,Dijkstra,0.988,False,0.0020000000000000018,False,6,1284.835543306776,878.636663670753,8,434.7332630436153,Optimal,True,Optimal,heuristic,0.00039816600110498257
3,18,48,44,0.9,ILP,0.996,True,0.0,True,2,951.2938869109128,786.2190822771956,8,434.7332630436153,Optimal,True,Optimal,heuristic,0.14199815499887336
3,18,48,44,0.9,MILP,0.994,False,0.0020000000000000018,False,3,192.88423958182602,92.41758139355738,10,494.31793975273337,Optimal,True,Optimal,heuristic,0.13243492699984927
3,18,48,44,0.9,Dijkstra,0.996,True,0.0,True,2,951.2938869109128,786.2190822771956,8,434.7332630436153,Optimal,True,Optimal,heuristic,0.00037159299972699955
3,19,26,21,0.5,ILP,0.918,True,0.0,True,41,6868.714493663039,605.4099919116518,12,658.0352278325772,Optimal,True,Optimal,heuristic,0.5133029770004214
3,19,26,21,0.5,MILP,0.918,False,0.0,True,41,6868.714493663039,605.4099919116518,12,658.0352278325772,Optimal,True,Optimal,heuristic,0.11777641300068353
3,19,26,21,0.5,Dijkstra,0.918,True,0.0,True,41,6868.714493663039,605.4099919116518,12,658.0352278325772,Optimal,True,Optimal,heuristic,0.00038070699883974157
3,19,26,21,0.6,ILP,0.958,True,0.0,True,21,3431.5621135523756,484.3279935293215,12,658.0352278325772,Optimal,True,Optimal,heuristic,0.5526873950002482
3,19,26,21,0.6,MILP,0.958,True,0.0,True,21,3431.5621135523756,484.3279935293215,12,658.0352278325772,Optimal,True,Optimal,heuristic,0.11685023400059436
3,19,26,21,0.6,Dijkstra,0.958,True,0.0,True,21,3431.5621135523756,484.3279935293215,12,658.0352278325772,Optimal,True,Optimal,heuristic,0.0003799580008490011
3,19,26,21,0.7,ILP,0.978,True,0.0,True,11,1486.1454547531287,363.24599514699116,12,658.0352278325772,Optimal,True,Optimal,heuristic,0.6682969379980932
3,19,26,21,0.7,MILP,0.978,True,0.0,True,11,1486.1454547531287,363.24599514699116,12,658.0352278325772,Optimal,True,Optimal,heuristic,0.11892982099743676
3,19,26,21,0.7,Dijkstra,0.978,True,0.0,True,11,1486.1454547531287,363.24599514699116,12,658.0352278325772,Optimal,True,Optimal,heuristic,0.0004841129994019866
3,19,26,21,0.8,ILP,0.99,True,0.0,True,5,654.3524798392409,242.16399676466062,12,658.0352278325772,Optimal,True,Optimal,heuristic,0.3360199679991638
3,19,26,21,0.8,MILP,0.99,True,0.0,True,5,654.3524798392409,242.16399676466062,12,658.0352278325772,Optimal,True,Optimal,heuristic,0.11695546100236243
3,19,26,21,0.8,Dijkstra,0.99,True,0.0,True,5,654.3524798392409,242.16399676466062,12,658.0352278325772,Optimal,True,Optimal,heuristic,0.000385489001928363
3,19,26,21,0.9,ILP,0.994,True,0.0,True,3,205.31622271231322,121.08199838233031,12,658.0352278325772,Optimal,True,Optimal,heuristic,0.19923126499998034
3,19,26,21,0.9,MILP,0.994,True,0.0,True,3,205.31622271231322,121.08199838233031,12,658.0352278325772,Optimal,True,Optimal,heuristic,0.10564565700042294
3,19,26,21,0.9,Dijkstra,0.994,True,0.0,True,3,205.31622271231322,121.08199838233031,12,658.0352278325772,Optimal,True,Optimal,heuristic,0.0004125740015297197
4,0,34,63,0.5,ILP,0.912,True,0.0,True,44,6258.466069869008,487.6925955377736,5,247.69807241488982,Optimal,True,Optimal,heuristic,3.2134170360004646
4,0,34,63,0.5,MILP,0.908,False,0.0040000000000000036,False,46,3971.5323574974327,310.6061360283785,5,247.0049183473374,Optimal,True,Optimal,heuristic,1.7564542849977443
4,0,34,63,0.5,Dijkstra,0.908,False,0.0040000000000000036,False,46,3971.532357497429,310.6061360283783,6,247.00491834733748,Optimal,True,Optimal,heuristic,0.00041906700062099844
4,0,34,63,0.6,ILP,0.952,True,0.0,True,24,1757.0130550153715,248.4849088227026,6,247.00491834733748,Optimal,True,Optimal,heuristic,1.447527659998741
4,0,34,63,0.6,MILP,0.952,False,0.0,True,24,1757.013055015375,248.48490882270283,6,247.00491834733745,Optimal,True,Optimal,heuristic,0.8261635220005701
4,0,34,63,0.6,Dijkstra,0.952,True,0.0,True,24,1757.0130550153715,248.4849088227026,6,247.00491834733748,Optimal,True,Optimal,heuristic,0.0003380330017535016
4,0,34,63,0.7,ILP,0.98,True,0.0,True,10,699.1555384790545,186.36368161702683,6,247.00491834733745,Optimal,True,Optimal,heuristic,1.1738534129981417
4,0,34,63,0.7,MILP,0.98,False,0.0,True,10,699.1555384790549,186.36368161702694,6,247.00491834733748,Optimal,True,Optimal,heuristic,0.6497732759999053
4,0,34,63,0.7,Dijkstra,0.98,False,0.0,True,10,699.1555384790549,186.36368161702694,6,247.00491834733748,Optimal,True,Optimal,heuristic,0.00038662500082864426
4,0,34,63,0.8,ILP,0.992,True,0.0,True,4,250.14095459508053,124.24245441135133,5,247.00491834733742,Optimal,True,Optimal,heuristic,0.4986519730009604
4,0,34,63,0.8,MILP,0.992,False,0.0,True,4,250.14095459507917,124.2424544113511,5,247.00491834733725,Optimal,True,Optimal,heuristic,0.38418064399957075
4,0,34,63,0.8,Dijkstra,0.992,False,0.0,True,4,250.14095459508053,124.24245441135133,6,247.00491834733748,Optimal,True,Optimal,heuristic,0.0003688159995363094
4,0,34,63,0.9,ILP,0.996,True,0.0,True,2,76.9265873446825,62.12122720567561,6,247.00491834733748,Optimal,True,Optimal,heuristic,1.1267082400008803
4,0,34,63,0.9,MILP,0.996,False,0.0,True,2,76.9265873446825,62.12122720567561,6,247.00491834733748,Optimal,True,Optimal,heuristic,0.621336562999204
4,0,34,63,0.9,Dijkstra,0.996,True,0.0,True,2,76.9265873446825,62.12122720567561,6,247.00491834733748,Optimal,True,Optimal,heuristic,0.0003392889993847348
4,1,47,49,0.5,ILP,0.99,True,0.0,True,5,315.91161057339497,124.77928352691082,1,37.425894820435325,Optimal,True,Optimal,heuristic,0.1080993630021112
4,1,47,49,0.5,MILP,0.99,True,0.0,True,5,315.91161057339497,124.77928352691082,1,37.425894820435325,Optimal,True,Optimal,heuristic,0.1040843760019925
4,1,47,49,0.5,Dijkstra,0.99,True,0.0,True,5,315.91161057339497,124.77928352691082,1,37.425894820435325,Optimal,True,Optimal,heuristic,0.0003075800013903063
4,1,47,49,0.6,ILP,0.992,True,0.0,True,4,213.0977838977371,99.82342682152867,1,37.425894820435325,Optimal,True,Optimal,heuristic,0.10311655700206757
4,1,47,49,0.6,MILP,0.992,True,0.0,True,4,213.0977838977371,99.82342682152867,1,37.425894820435325,Optimal,True,Optimal,heuristic,0.10845447599785984
4,1,47,49,0.6,Dijkstra,0.992,True,0.0,True,4,213.0977838977371,99.82342682152867,1,37.425894820435325,Optimal,True,Optimal,heuristic,0.00040385499960393645
4,1,47,49,0.7,ILP,0.994,True,0.0,True,3,131.83727883161973,74.86757011614651,1,37.425894820435325,Optimal,True,Optimal,heuristic,0.10244573000090895
4,1,47,49,0.7,MILP,0.994,True,0.0,True,3,131.83727883161973,74.86757011614651,1,37.425894820435325,Optimal,True,Optimal,heuristic,0.10537863999707042
4,1,47,49,0.7,Dijkstra,0.994,True,0.0,True,3,131.83727883161973,74.86757011614651,1,37.425894820435325,Optimal,True,Optimal,heuristic,0.00035476999983075075
4,1,47,49,0.8,ILP,0.996,True,0.0,True,2,66.86243993975225,49.91171341076432,1,37.425894820435325,Optimal,True,Optimal,heuristic,0.09691837400168879
4,1,47,49,0.8,MILP,0.996,True,0.0,True,2,66.86243993975225,49.91171341076432,1,37.425894820435325,Optimal,True,Optimal,heuristic,0.09662511100032134
4,1,47,49,0.8,Dijkstra,0.996,True,0.0,True,2,66.86243993975225,49.91171341076432,1,37.425894820435325,Optimal,True,Optimal,heuristic,0.0003156889979436528
4,1,47,49,0.9,ILP,0.998,True,0.0,True,1,24.95585670538216,24.95585670538216,1,37.425894820435325,Optimal,True,Optimal,heuristic,0.09809176999988267
4,1,47,49,0.9,MILP,0.998,True,0.0,True,1,24.95585670538216,24.95585670538216,1,37.425894820435325,Optimal,True,Optimal,heuristic,0.09538272200006759
4,1,47,49,0.9,Dijkstra,0.998,True,0.0,True,1,24.95585670538216,24.95585670538216,1,37.425894820435325,Optimal,True,Optimal,heuristic,0.0003594449990487192
4,2,46,51,0.5,ILP,0.96,True,0.0,True,20,2781.613052707713,446.36580355928345,8,359.8538975354524,Optimal,True,Optimal,heuristic,0.384211251999659
4,2,46,51,0.5,MILP,0.96,False,0.0,True,20,2781.613052707713,446.36580355928345,8,359.85389753545246,Optimal,True,Optimal,heuristic,0.26117918100135284
4,2,46,51,0.5,Dijkstra,0.96,False,0.0,True,20,2781.613052707713,446.36580355928345,8,359.8538975354524,Optimal,True,Optimal,heuristic,0.00038190800114534795
4,2,46,51,0.6,ILP,0.978,True,0.0,True,11,1460.1004664836441,357.09264284742676,8,359.8538975354524,Optimal,True,Optimal,heuristic,0.4059848580000107
4,2,46,51,0.6,MILP,0.978,False,0.0,True,11,1460.1004664836425,357.09264284742653,8,359.8538975354525,Optimal,True,Optimal,heuristic,0.20438567500241334
4,2,46,51,0.6,Dijkstra,0.978,True,0.0,True,11,1460.1004664836441,357.09264284742676,8,359.8538975354524,Optimal,True,Optimal,heuristic,0.00035433800076134503
4,2,46,51,0.7,ILP,0.986,True,0.0,True,7,726.7043007885901,267.81948213557007,8,359.8538975354524,Optimal,True,Optimal,heuristic,0.2785196810000343
4,2,46,51,0.7,MILP,0.986,False,0.0,True,7,726.7043007885883,267.81948213557007,8,359.8538975354525,Optimal,True,Optimal,heuristic,0.21777897300125915
4,2,46,51,0.7,Dijkstra,0.986,True,0.0,True,7,726.7043007885901,267.81948213557007,8,359.8538975354524,Optimal,True,Optimal,heuristic,0.00037117800093255937
4,2,46,51,0.8,ILP,0.994,True,0.0,True,3,295.04720888983013,178.54632142371338,8,359.8538975354524,Optimal,True,Optimal,heuristic,0.2035129190007865
4,2,46,51,0.8,MILP,0.994,False,0.0,True,3,295.04720888983013,178.54632142371338,8,359.8538975354524,Optimal,True,Optimal,heuristic,0.14224196100258268
4,2,46,51,0.8,Dijkstra,0.994,False,0.0,True,3,295.04720888983013,178.54632142371338,8,359.8538975354524,Optimal,True,Optimal,heuristic,0.0005307119972712826
4,2,46,51,0.9,ILP,0.998,True,0.0,True,1,89.27316071185669,89.27316071185669,8,359.8538975354524,Optimal,True,Optimal,heuristic,0.1066576420016645
4,2,46,51,0.9,MILP,0.998,False,0.0,True,1,89.27316071185646,89.27316071185646,8,359.8538975354525,Optimal,True,Optimal,heuristic,0.12377891399955843
4,2,46,51,0.9,Dijkstra,0.998,False,0.0,True,1,89.27316071185669,89.27316071185669,8,359.8538975354524,Optimal,True,Optimal,heuristic,0.0003343819989822805
4,3,33,8,0.5,ILP,0.962,True,0.0,True,19,2763.201081825935,817.8973117964543,2,92.30252471275928,Optimal,True,Optimal,heuristic,0.6161726949976583
4,3,33,8,0.5,MILP,0.948,False,0.014000000000000012,False,26,1438.2781867911785,212.3188816965825,3,129.62882279171305,Optimal,True,Optimal,heuristic,0.2640834280027775
4,3,33,8,0.5,Dijkstra,0.962,True,0.0,True,19,2763.201081825935,817.8973117964543,2,92.30252471275928,Optimal,True,Optimal,heuristic,0.00034109999978682026
4,3,33,8,0.6,ILP,0.976,True,0.0,True,12,664.7487449926605,169.85510535726615,3,129.62882279171305,Optimal,True,Optimal,heuristic,0.40046125600201776
4,3,33,8,0.6,MILP,0.976,True,0.0,True,12,664.7487449926605,169.85510535726615,3,129.62882279171305,Optimal,True,Optimal,heuristic,0.18341403899830766
4,3,33,8,0.6,Dijkstra,0.976,False,0.0,True,12,2151.042649967393,775.4335354571379,2,92.30252471275928,Optimal,True,Optimal,heuristic,0.0003094749990850687
4,3,33,8,0.7,ILP,0.988,True,0.0,True,6,291.4739457987645,127.3913290179496,3,129.62882279171305,Optimal,True,Optimal,heuristic,0.21924811299686553
4,3,33,8,0.7,MILP,0.988,True,0.0,True,6,291.4739457987645,127.3913290179496,3,129.62882279171305,Optimal,True,Optimal,heuristic,0.18013659899952472
4,3,33,8,0.7,Dijkstra,0.984,False,0.0040000000000000036,False,8,1743.067089644635,732.9697591178212,2,92.30252471275928,Optimal,True,Optimal,heuristic,0.000332682000589557
4,3,33,8,0.8,ILP,0.998,True,0.0,True,1,84.92755267863305,84.92755267863305,3,129.62882279171305,Optimal,True,Optimal,heuristic,0.1491001510003116
4,3,33,8,0.8,MILP,0.998,True,0.0,True,1,84.92755267863305,84.92755267863305,3,129.62882279171305,Optimal,True,Optimal,heuristic,0.15463803999955417
4,3,33,8,0.8,Dijkstra,0.986,False,0.01200000000000001,False,7,1442.7290099895504,690.5059827785046,2,92.30252471275928,Optimal,True,Optimal,heuristic,0.00041555600182618946
4,3,33,8,0.9,ILP,0.998,True,0.0,True,1,42.46377633931655,42.46377633931655,3,129.62882279171305,Optimal,True,Optimal,heuristic,0.18206463800015626
4,3,33,8,0.9,MILP,0.998,False,0.0,True,1,42.46377633931655,42.46377633931655,3,129.62882279171305,Optimal,True,Optimal,heuristic,0.15084554200075218
4,3,33,8,0.9,Dijkstra,0.988,False,0.010000000000000009,False,6,1176.0694586464147,648.0422064391882,2,92.30252471275928,Optimal,True,Optimal,heuristic,0.000313616001221817
4,4,54,29,0.5,ILP,0.84,True,0.0,True,80,8952.068440861678,462.6215230886153,10,556.7711329821434,Optimal,True,Optimal,heuristic,2.792386570999952
4,4,54,29,0.5,MILP,0.84,False,0.0,True,80,8952.068440861674,462.62152308861505,10,556.7711329821435,Optimal,True,Optimal,heuristic,0.23985219899986987
4,4,54,29,0.5,Dijkstra,0.84,True,0.0,True,80,8952.068440861678,462.6215230886153,10,556.7711329821434,Optimal,True,Optimal,heuristic,0.00042660599865484983
4,4,54,29,0.6,ILP,0.9319999999999999,True,0.0,True,34,4103.68059690904,370.09721847089224,10,556.7711329821434,Optimal,True,Optimal,heuristic,2.0608154959991225
4,4,54,29,0.6,MILP,0.9319999999999999,False,0.0,True,34,4103.6805969090365,370.09721847089156,10,556.7711329821436,Optimal,True,Optimal,heuristic,0.23351507800180116
4,4,54,29,0.6,Dijkstra,0.9319999999999999,True,0.0,True,34,4103.68059690904,370.09721847089224,10,556.7711329821434,Optimal,True,Optimal,heuristic,0.00041104999763774686
4,4,54,29,0.7,ILP,0.964,True,0.0,True,18,1831.39519152746,277.5729138531692,10,556.7711329821434,Optimal,True,Optimal,heuristic,1.050293883003178
4,4,54,29,0.7,MILP,0.964,True,0.0,True,18,1831.39519152746,277.5729138531692,10,556.7711329821434,Optimal,True,Optimal,heuristic,0.2890312780000386
4,4,54,29,0.7,Dijkstra,0.964,True,0.0,True,18,1831.39519152746,277.5729138531692,10,556.7711329821434,Optimal,True,Optimal,heuristic,0.00035529700107872486
4,4,54,29,0.8,ILP,0.986,True,0.0,True,7,825.3003740931272,185.04860923544607,10,556.7711329821434,Optimal,True,Optimal,heuristic,0.42469988799712155
4,4,54,29,0.8,MILP,0.986,True,0.0,True,7,825.3003740931272,185.04860923544607,10,556.7711329821434,Optimal,True,Optimal,heuristic,0.25036309200004325
4,4,54,29,0.8,Dijkstra,0.986,True,0.0,True,7,825.3003740931272,185.04860923544607,10,556.7711329821434,Optimal,True,Optimal,heuristic,0.00037775300006615
4,4,54,29,0.9,ILP,0.992,True,0.0,True,4,311.5400050747753,92.52430461772292,10,556.7711329821434,Optimal,True,Optimal,heuristic,0.33705089400245924
4,4,54,29,0.9,MILP,0.992,False,0.0,True,4,311.5400050747753,92.52430461772292,10,556.7711329821434,Optimal,True,Optimal,heuristic,0.15328149999913876
4,4,54,29,0.9,Dijkstra,0.992,True,0.0,True,4,311.5400050747753,92.52430461772292,10,556.7711329821434,Optimal,True,Optimal,heuristic,0.0003884049983753357
4,5,32,24,0.5,ILP,0.916,True,0.0,True,42,4459.702999955991,485.6599231450464,7,422.0653083936711,Optimal,True,Optimal,heuristic,1.9316733670020767
4,5,32,24,0.5,MILP,0.916,True,0.0,True,42,4459.702999955991,485.6599231450464,7,422.0653083936711,Optimal,True,Optimal,heuristic,0.33235561000037706
4,5,32,24,0.5,Dijkstra,0.916,True,0.0,True,42,4459.702999955991,485.6599231450464,7,422.0653083936711,Optimal,True,Optimal,heuristic,0.00032690900115994737
4,5,32,24,0.6,ILP,0.97,True,0.0,True,15,2108.4116650157803,397.7502841963875,7,422.0653083936711,Optimal,True,Optimal,heuristic,0.8713953890000994
4,5,32,24,0.6,MILP,0.96,False,0.010000000000000009,False,20,1656.1470648765714,384.62698661659226,10,454.24646641643824,Optimal,True,Optimal,heuristic,0.614332689998264
4,5,32,24,0.6,Dijkstra,0.97,True,0.0,True,15,2108.4116650157803,397.7502841963875,7,422.0653083936711,Optimal,True,Optimal,heuristic,0.0004192359992885031
4,5,32,24,0.7,ILP,0.986,True,0.0,True,7,628.9984334642351,296.71734766793327,10,454.24646641643824,Optimal,True,Optimal,heuristic,0.534333951996814
4,5,32,24,0.7,MILP,0.986,False,0.0,True,7,628.998433464235,296.71734766793327,10,454.24646641643824,Optimal,True,Optimal,heuristic,0.23172610799883842
4,5,32,24,0.7,Dijkstra,0.984,False,0.0020000000000000018,False,8,1117.7446659648176,309.8406452477285,7,422.0653083936711,Optimal,True,Optimal,heuristic,0.0003381870010343846
4,5,32,24,0.8,ILP,0.996,True,0.0,True,2,259.5917809065288,208.80770871927427,10,454.24646641643824,Optimal,True,Optimal,heuristic,0.12496748999910778
4,5,32,24,0.8,MILP,0.996,False,0.0,True,2,259.5917809065288,208.80770871927427,10,454.2464664164381,Optimal,True,Optimal,heuristic,0.1279227559971332
4,5,32,24,0.8,Dijkstra,0.99,False,0.006000000000000005,False,5,588.864863578945,221.9310062990695,7,422.0653083936711,Optimal,True,Optimal,heuristic,0.00039778500286047347
4,5,32,24,0.9,ILP,0.998,True,0.0,True,1,120.89806977061528,120.89806977061528,10,454.24646641643824,Optimal,True,Optimal,heuristic,0.1173796860020957
4,5,32,24,0.9,MILP,0.998,False,0.0,True,1,120.89806977061528,120.89806977061528,10,454.24646641643824,Optimal,True,Optimal,heuristic,0.1490310289991612
4,5,32,24,0.9,Dijkstra,0.994,False,0.0040000000000000036,False,3,247.24737894481802,134.02136735041051,7,422.0653083936711,Optimal,True,Optimal,heuristic,0.00047414999789907597
4,6,50,41,0.5,ILP,0.978,True,0.0,True,11,267.0306217620704,80.12533827471538,2,41.628874418844795,Optimal,True,Optimal,heuristic,0.1352769079967402
4,6,50,41,0.5,MILP,0.978,True,0.0,True,11,267.0306217620704,80.12533827471538,2,41.628874418844795,Optimal,True,Optimal,heuristic,0.20101666399932583
4,6,50,41,0.5,Dijkstra,0.978,True,0.0,True,11,267.0306217620704,80.12533827471538,2,41.628874418844795,Optimal,True,Optimal,heuristic,0.0004936820005241316
4,6,50,41,0.6,ILP,0.99,True,0.0,True,5,133.6305901763788,64.10027061977232,2,41.628874418844795,Optimal,True,Optimal,heuristic,0.1251598950002517
4,6,50,41,0.6,MILP,0.99,True,0.0,True,5,133.6305901763788,64.10027061977232,2,41.628874418844795,Optimal,True,Optimal,heuristic,0.15977543400003924
4,6,50,41,0.6,Dijkstra,0.99,True,0.0,True,5,133.6305901763788,64.10027061977232,2,41.628874418844795,Optimal,True,Optimal,heuristic,0.0003291280008852482
4,6,50,41,0.7,ILP,0.996,True,0.0,True,2,77.77257378516128,48.07520296482923,2,41.628874418844795,Optimal,True,Optimal,heuristic,0.11370681999687804
4,6,50,41,0.7,MILP,0.996,False,0.0,True,2,77.77257378516123,48.0752029648292,1,41.62887441884478,Optimal,True,Optimal,heuristic,0.1268856130009226
4,6,50,41,0.7,Dijkstra,0.996,True,0.0,True,2,77.77257378516128,48.07520296482923,2,41.628874418844795,Optimal,True,Optimal,heuristic,0.0003155030026391614
4,6,50,41,0.8,ILP,0.996,True,0.0,True,2,45.72243847527511,32.050135309886144,2,41.628874418844795,Optimal,True,Optimal,heuristic,0.1126093739985663
4,6,50,41,0.8,MILP,0.996,True,0.0,True,2,45.72243847527511,32.050135309886144,2,41.628874418844795,Optimal,True,Optimal,heuristic,0.12758171499808668
4,6,50,41,0.8,Dijkstra,0.996,True,0.0,True,2,45.72243847527511,32.050135309886144,2,41.628874418844795,Optimal,True,Optimal,heuristic,0.0003434080026636366
4,6,50,41,0.9,ILP,0.998,True,0.0,True,1,16.025067654943058,16.025067654943058,2,41.628874418844795,Optimal,True,Optimal,heuristic,0.1151388459984446
4,6,50,41,0.9,MILP,0.998,True,0.0,True,1,16.025067654943058,16.025067654943058,2,41.628874418844795,Optimal,True,Optimal,heuristic,0.12780411600033403
4,6,50,41,0.9,Dijkstra,0.998,True,0.0,True,1,16.025067654943058,16.025067654943058,2,41.628874418844795,Optimal,True,Optimal,heuristic,0.00036278100014897063
4,7,26,53,0.5,ILP,0.832,True,0.0,True,84,11736.201430013469,461.3033071863963,13,718.5207442872035,Optimal,True,Optimal,heuristic,1.0194320890004747
4,7,26,53,0.5,MILP,0.832,True,0.0,True,84,11736.201430013469,461.3033071863963,13,718.5207442872035,Optimal,True,Optimal,heuristic,0.1261117159992864
4,7,26,53,0.5,Dijkstra,0.832,True,0.0,True,84,11736.201430013469,461.3033071863963,13,718.5207442872035,Optimal,True,Optimal,heuristic,0.0004621289990609512
4,7,26,53,0.6,ILP,0.904,True,0.0,True,48,5590.802879052226,369.042645749117,13,718.5207442872035,Optimal,True,Optimal,heuristic,1.1828047079980024
4,7,26,53,0.6,MILP,0.904,True,0.0,True,48,5590.802879052226,369.042645749117,13,718.5207442872035,Optimal,True,Optimal,heuristic,0.12431295500209671
4,7,26,53,0.6,Dijkstra,0.904,True,0.0,True,48,5590.802879052226,369.042645749117,13,718.5207442872035,Optimal,True,Optimal,heuristic,0.00040051999894785695
4,7,26,53,0.7,ILP,0.954,True,0.0,True,23,2306.5980359931013,276.78198431183773,13,718.5207442872035,Optimal,True,Optimal,heuristic,0.40276415900007123
4,7,26,53,0.7,MILP,0.954,True,0.0,True,23,2306.5980359931013,276.78198431183773,13,718.5207442872035,Optimal,True,Optimal,heuristic,0.12054397000247263
4,7,26,53,0.7,Dijkstra,0.954,True,0.0,True,23,2306.5980359931013,276.78198431183773,13,718.5207442872035,Optimal,True,Optimal,heuristic,0.0003697890024341177
4,7,26,53,0.8,ILP,0.978,True,0.0,True,11,985.3747518345644,184.52132287455834,13,718.5207442872035,Optimal,True,Optimal,heuristic,0.2912533929993515
4,7,26,53,0.8,MILP,0.978,True,0.0,True,11,985.3747518345644,184.52132287455834,13,718.5207442872035,Optimal,True,Optimal,heuristic,0.1679185300017707
4,7,26,53,0.8,Dijkstra,0.978,True,0.0,True,11,985.3747518345644,184.52132287455834,13,718.5207442872035,Optimal,True,Optimal,heuristic,0.0004881960012426134
4,7,26,53,0.9,ILP,0.992,True,0.0,True,4,361.41288057444626,140.81671074978613,12,729.4174705610521,Optimal,True,Optimal,heuristic,0.17756852400270873
4,7,26,53,0.9,MILP,0.99,False,0.0020000000000000018,False,5,299.043804940226,92.2606614372794,13,718.5207442872035,Optimal,True,Optimal,heuristic,0.13580661699961638
4,7,26,53,0.9,Dijkstra,0.99,False,0.0020000000000000018,False,5,299.04380494022644,92.2606614372794,13,718.5207442872035,Optimal,True,Optimal,heuristic,0.00046578199908253737
4,8,35,28,0.5,ILP,0.842,True,0.0,True,79,7985.974400431891,376.8336126689719,6,373.4338005806216,Optimal,True,Optimal,heuristic,0.982075960997463
4,8,35,28,0.5,MILP,0.842,True,0.0,True,79,7985.974400431891,376.8336126689719,6,373.4338005806216,Optimal,True,Optimal,heuristic,0.126229269997566
4,8,35,28,0.5,Dijkstra,0.842,True,0.0,True,79,7985.974400431891,376.8336126689719,6,373.4338005806216,Optimal,True,Optimal,heuristic,0.00039031899723340757
4,8,35,28,0.6,ILP,0.924,True,0.0,True,38,3592.47057914648,301.46689013517755,6,373.4338005806216,Optimal,True,Optimal,heuristic,0.6860259250024683
4,8,35,28,0.6,MILP,0.924,True,0.0,True,38,3592.47057914648,301.46689013517755,6,373.4338005806216,Optimal,True,Optimal,heuristic,0.12703375999990385
4,8,35,28,0.6,Dijkstra,0.924,True,0.0,True,38,3592.47057914648,301.46689013517755,6,373.4338005806216,Optimal,True,Optimal,heuristic,0.00038052799936849624
4,8,35,28,0.7,ILP,0.964,True,0.0,True,18,1691.0884849066997,226.1001676013832,6,373.4338005806216,Optimal,True,Optimal,heuristic,0.4073519990015484
4,8,35,28,0.7,MILP,0.964,True,0.0,True,18,1691.0884849066997,226.1001676013832,6,373.4338005806216,Optimal,True,Optimal,heuristic,0.11674814099751529
4,8,35,28,0.7,Dijkstra,0.964,True,0.0,True,18,1691.0884849066997,226.1001676013832,6,373.4338005806216,Optimal,True,Optimal,heuristic,0.0003454280013102107
4,8,35,28,0.8,ILP,0.98,True,0.0,True,10,648.9261895475804,150.73344506758872,6,373.4338005806216,Optimal,True,Optimal,heuristic,0.31030796599952737
4,8,35,28,0.8,MILP,0.98,True,0.0,True,10,648.9261895475804,150.73344506758872,6,373.4338005806216,Optimal,True,Optimal,heuristic,0.11413528000048245
4,8,35,28,0.8,Dijkstra,0.98,True,0.0,True,10,648.9261895475804,150.73344506758872,6,373.4338005806216,Optimal,True,Optimal,heuristic,0.00046366800233954564
4,8,35,28,0.9,ILP,0.994,True,0.0,True,3,131.96415920784966,75.36672253379425,6,373.4338005806216,Optimal,True,Optimal,heuristic,0.1267953429996851
4,8,35,28,0.9,MILP,0.994,True,0.0,True,3,131.96415920784966,75.36672253379425,6,373.4338005806216,Optimal,True,Optimal,heuristic,0.11435455200262368
4,8,35,28,0.9,Dijkstra,0.994,True,0.0,True,3,131.96415920784966,75.36672253379425,6,373.4338005806216,Optimal,True,Optimal,heuristic,0.00033763900137273595
4,9,57,4,0.5,ILP,0.984,True,0.0,True,8,1251.3723407312777,476.2585236390122,5,250.57439114751318,Optimal,True,Optimal,heuristic,0.12263629399967613
4,9,57,4,0.5,MILP,0.984,True,0.0,True,8,1251.3723407312777,476.2585236390122,5,250.57439114751318,Optimal,True,Optimal,heuristic,0.10757043100238661
4,9,57,4,0.5,Dijkstra,0.984,True,0.0,True,8,1251.3723407312777,476.2585236390122,5,250.57439114751318,Optimal,True,Optimal,heuristic,0.0003469160001259297
4,9,57,4,0.6,ILP,0.992,True,0.0,True,4,676.4721935269005,381.00681891120985,5,250.57439114751318,Optimal,True,Optimal,heuristic,0.13724139499754529
4,9,57,4,0.6,MILP,0.992,True,0.0,True,4,676.4721935269005,381.00681891120985,5,250.57439114751318,Optimal,True,Optimal,heuristic,0.10227182300150162
4,9,57,4,0.6,Dijkstra,0.992,True,0.0,True,4,676.4721935269005,381.00681891120985,5,250.57439114751318,Optimal,True,Optimal,heuristic,0.00039199000093503855
4,9,57,4,0.7,ILP,0.996,True,0.0,True,2,350.6629523081973,285.7551141834074,5,250.57439114751318,Optimal,True,Optimal,heuristic,0.09922725700016599
4,9,57,4,0.7,MILP,0.996,True,0.0,True,2,350.6629523081973,285.7551141834074,5,250.57439114751318,Optimal,True,Optimal,heuristic,0.0981263339999714
4,9,57,4,0.7,Dijkstra,0.996,True,0.0,True,2,350.6629523081973,285.7551141834074,5,250.57439114751318,Optimal,True,Optimal,heuristic,0.0003704629998537712
4,9,57,4,0.8,ILP,0.998,True,0.0,True,1,190.5034094556048,190.5034094556048,5,250.57439114751318,Optimal,True,Optimal,heuristic,0.09930740499839885
4,9,57,4,0.8,MILP,0.998,True,0.0,True,1,190.5034094556048,190.5034094556048,5,250.57439114751318,Optimal,True,Optimal,heuristic,0.09948019600051339
4,9,57,4,0.8,Dijkstra,0.998,True,0.0,True,1,190.5034094556048,190.5034094556048,5,250.57439114751318,Optimal,True,Optimal,heuristic,0.00031873500120127574
4,9,57,4,0.9,ILP,0.998,True,0.0,True,1,95.25170472780246,95.25170472780246,5,250.57439114751318,Optimal,True,Optimal,heuristic,0.09577886999977636
4,9,57,4,0.9,MILP,0.998,True,0.0,True,1,95.25170472780246,95.25170472780246,5,250.57439114751318,Optimal,True,Optimal,heuristic,0.09946679799759295
4,9,57,4,0.9,Dijkstra,0.998,True,0.0,True,1,95.25170472780246,95.25170472780246,5,250.57439114751318,Optimal,True,Optimal,heuristic,0.0003748639974219259
4,10,55,53,0.5,ILP,0.794,True,0.0,True,103,12561.737071103373,404.4670341277001,10,550.740106461535,Optimal,True,Optimal,heuristic,1.0856481250011711
4,10,55,53,0.5,MILP,0.794,True,0.0,True,103,12561.737071103373,404.4670341277001,10,550.740106461535,Optimal,True,Optimal,heuristic,0.12093155000184197
4,10,55,53,0.5,Dijkstra,0.794,True,0.0,True,103,12561.737071103373,404.4670341277001,10,550.740106461535,Optimal,True,Optimal,heuristic,0.0003593139990698546
4,10,55,53,0.6,ILP,0.894,True,0.0,True,53,6502.977348190658,323.5736273021595,10,550.740106461535,Optimal,True,Optimal,heuristic,0.7321242220023123
4,10,55,53,0.6,MILP,0.894,False,0.0,True,53,6502.977348190679,323.57362730216016,10,550.740106461535,Optimal,True,Optimal,heuristic,0.11915963499995996
4,10,55,53,0.6,Dijkstra,0.894,False,0.0,True,53,6502.977348190679,323.57362730216016,10,550.740106461535,Optimal,True,Optimal,heuristic,0.00035685900002135895
4,10,55,53,0.7,ILP,0.9319999999999999,True,0.0,True,34,2989.553512497004,242.6802204766201,10,550.740106461535,Optimal,True,Optimal,heuristic,0.4720091700000921
4,10,55,53,0.7,MILP,0.9319999999999999,True,0.0,True,34,2989.553512497004,242.6802204766201,10,550.740106461535,Optimal,True,Optimal,heuristic,0.11735508600031608
4,10,55,53,0.7,Dijkstra,0.9319999999999999,True,0.0,True,34,2989.553512497004,242.6802204766201,10,550.740106461535,Optimal,True,Optimal,heuristic,0.00034831099765142426
4,10,55,53,0.8,ILP,0.974,True,0.0,True,13,975.9767318032893,161.78681365108002,10,550.740106461535,Optimal,True,Optimal,heuristic,0.2749954409991915
4,10,55,53,0.8,MILP,0.974,True,0.0,True,13,975.9767318032893,161.78681365108002,10,550.740106461535,Optimal,True,Optimal,heuristic,0.10660578799797804
4,10,55,53,0.8,Dijkstra,0.974,True,0.0,True,13,975.9767318032893,161.78681365108002,10,550.740106461535,Optimal,True,Optimal,heuristic,0.00038556900108233094
4,10,55,53,0.9,ILP,0.986,True,0.0,True,7,259.71659398715383,80.89340682554007,10,550.740106461535,Optimal,True,Optimal,heuristic,0.1824170120016788
4,10,55,53,0.9,MILP,0.986,True,0.0,True,7,259.71659398715383,80.89340682554007,10,550.740106461535,Optimal,True,Optimal,heuristic,0.11371417199916323
4,10,55,53,0.9,Dijkstra,0.986,True,0.0,True,7,259.71659398715383,80.89340682554007,10,550.740106461535,Optimal,True,Optimal,heuristic,0.000347929002600722
4,11,17,41,0.5,ILP,0.954,True,0.0,True,23,3403.467631287221,605.8950972112933,4,192.58341339715332,Optimal,True,Optimal,heuristic,1.0588923869981954
4,11,17,41,0.5,MILP,0.92,False,0.03399999999999992,False,40,2652.964703457258,306.7972327672404,7,249.954429018467,Optimal,True,Optimal,heuristic,1.1032277739977872
4,11,17,41,0.5,Dijkstra,0.954,True,0.0,True,23,3403.467631287221,605.8950972112933,4,192.58341339715332,Optimal,True,Optimal,heuristic,0.0004067609988851473
4,11,17,41,0.6,ILP,0.976,True,0.0,True,12,1167.5331746693641,245.43778621379386,7,249.954429018467,Optimal,True,Optimal,heuristic,0.66996672499954
4,11,17,41,0.6,MILP,0.976,False,0.0,True,12,1167.5331746693653,245.43778621379408,7,249.95442901846698,Optimal,True,Optimal,heuristic,0.4561879799985036
4,11,17,41,0.6,Dijkstra,0.972,False,0.0040000000000000036,False,14,2353.9688609533723,544.5356506578448,4,192.58341339715332,Optimal,True,Optimal,heuristic,0.0003999940017820336
4,11,17,41,0.7,ILP,0.984,True,0.0,True,8,508.50375478709395,184.07833966034548,7,249.954429018467,Optimal,True,Optimal,heuristic,0.8651654120003514
4,11,17,41,0.7,MILP,0.984,False,0.0,True,8,508.50375478708827,184.07833966034423,7,249.954429018468,Optimal,True,Optimal,heuristic,0.3909779570021783
4,11,17,41,0.7,Dijkstra,0.98,False,0.0040000000000000036,False,10,1614.1778007851876,483.17620410439645,4,192.58341339715332,Optimal,True,Optimal,heuristic,0.0003345869990880601
4,11,17,41,0.8,ILP,0.994,True,0.0,True,3,166.4882017353808,122.71889310689687,7,249.954429018467,Optimal,True,Optimal,heuristic,0.39584265599842183
4,11,17,41,0.8,MILP,0.994,False,0.0,True,3,166.48820173538093,122.71889310689676,7,249.95442901846698,Optimal,True,Optimal,heuristic,0.2257394989974273
4,11,17,41,0.8,Dijkstra,0.99,False,0.0040000000000000036,False,5,1138.8782253501872,421.81675755094784,4,192.58341339715332,Optimal,True,Optimal,heuristic,0.000337444002070697
4,11,17,41,0.9,ILP,0.998,True,0.0,True,1,70.54415262119585,70.54415262119585,6,258.56588104787517,Optimal,True,Optimal,heuristic,0.28719290400113096
4,11,17,41,0.9,MILP,0.998,False,0.0,True,1,61.359446553448606,61.359446553448606,6,249.95442901846695,Optimal,True,Optimal,heuristic,0.15545672100051888
4,11,17,41,0.9,Dijkstra,0.99,False,0.008000000000000007,False,5,832.0809925829452,360.45731099749946,4,192.58341339715332,Optimal,True,Optimal,heuristic,0.0003924039992853068
4,12,45,23,0.5,ILP,0.856,True,0.0,True,72,7649.654445046292,422.2295684445263,6,369.06845759194726,Optimal,True,Optimal,heuristic,2.1529962200002046
4,12,45,23,0.5,MILP,0.856,False,0.0,True,72,7649.654445046292,422.2295684445263,6,369.06845759194726,Optimal,True,Optimal,heuristic,0.5975547669986554
4,12,45,23,0.5,Dijkstra,0.856,True,0.0,True,72,7649.654445046292,422.2295684445263,6,369.06845759194726,Optimal,True,Optimal,heuristic,0.0004081580009369645
4,12,45,23,0.6,ILP,0.9339999999999999,True,0.0,True,33,3398.9985547817705,337.7836547556211,6,369.06845759194726,Optimal,True,Optimal,heuristic,3.2510449229994265
4,12,45,23,0.6,MILP,0.9339999999999999,True,0.0,True,33,3398.9985547817705,337.7836547556211,6,369.06845759194726,Optimal,True,Optimal,heuristic,0.7428533640013484
4,12,45,23,0.6,Dijkstra,0.9339999999999999,True,0.0,True,33,3398.9985547817705,337.7836547556211,6,369.06845759194726,Optimal,True,Optimal,heuristic,0.0003938369991374202
4,12,45,23,0.7,ILP,0.976,True,0.0,True,12,1493.835096486746,253.3377410667158,6,369.06845759194726,Optimal,True,Optimal,heuristic,1.0378198510006769
4,12,45,23,0.7,MILP,0.976,False,0.0,True,12,1493.8350964867445,253.33774106671558,6,369.0684575919474,Optimal,True,Optimal,heuristic,0.22664832200098317
4,12,45,23,0.7,Dijkstra,0.976,True,0.0,True,12,1493.835096486746,253.3377410667158,6,369.06845759194726,Optimal,True,Optimal,heuristic,0.0005957749999652151
4,12,45,23,0.8,ILP,0.986,True,0.0,True,7,694.3538007980084,168.8918273778105,6,369.06845759194726,Optimal,True,Optimal,heuristic,0.7361046200021519
4,12,45,23,0.8,MILP,0.986,True,0.0,True,7,694.3538007980084,168.8918273778105,6,369.06845759194726,Optimal,True,Optimal,heuristic,0.2791472540011455
4,12,45,23,0.8,Dijkstra,0.986,True,0.0,True,7,694.3538007980084,168.8918273778105,6,369.06845759194726,Optimal,True,Optimal,heuristic,0.00042049599869642407
4,12,45,23,0.9,ILP,0.994,True,0.0,True,3,212.35801097690387,84.4459136889052,6,369.06845759194726,Optimal,True,Optimal,heuristic,0.2559760850017483
4,12,45,23,0.9,MILP,0.994,False,0.0,True,3,212.35801097690387,84.4459136889052,6,369.06845759194726,Optimal,True,Optimal,heuristic,0.15523450299951946
4,12,45,23,0.9,Dijkstra,0.994,True,0.0,True,3,212.35801097690387,84.4459136889052,6,369.06845759194726,Optimal,True,Optimal,heuristic,0.0004020410015073139
4,13,4,63,0.5,ILP,0.974,True,0.0,True,13,3685.0311891520532,612.4454744858658,4,244.37470481577122,Optimal,True,Optimal,heuristic,0.6262206510000397
4,13,4,63,0.5,MILP,0.946,False,0.028000000000000025,False,27,2274.7588802082873,442.9929556488173,7,338.139690733743,Optimal,True,Optimal,heuristic,0.4527382040032535
4,13,4,63,0.5,Dijkstra,0.974,True,0.0,True,13,3685.0311891520532,612.4454744858658,4,244.37470481577122,Optimal,True,Optimal,heuristic,0.00039002500125207007
4,13,4,63,0.6,ILP,0.98,True,0.0,True,10,2809.983962353059,534.621157810951,4,244.37470481577148,Optimal,True,Optimal,heuristic,0.6809981559999869
4,13,4,63,0.6,MILP,0.98,False,0.0,True,10,1143.7800096701847,365.1686389738784,7,338.1396907337458,Optimal,True,Optimal,heuristic,0.36355913800070994
4,13,4,63,0.6,Dijkstra,0.98,False,0.0,True,10,2809.983962353056,534.621157810951,4,244.37470481577122,Optimal,True,Optimal,heuristic,0.0003450109979894478
4,13,4,63,0.7,ILP,0.99,True,0.0,True,5,493.0318923154915,287.34432229898766,7,338.139690733743,Optimal,True,Optimal,heuristic,0.5671240400006354
4,13,4,63,0.7,MILP,0.99,False,0.0,True,5,493.0318923154913,287.34432229898744,7,338.139690733743,Optimal,True,Optimal,heuristic,0.18296905100214644
4,13,4,63,0.7,Dijkstra,0.984,False,0.006000000000000005,False,8,2065.9228753638445,456.79684113603616,4,244.37470481577122,Optimal,True,Optimal,heuristic,0.00036227699820301495
4,13,4,63,0.8,ILP,0.996,True,0.0,True,2,255.31628008722032,209.52000562407284,7,338.139690733743,Optimal,True,Optimal,heuristic,0.21576298100262647
4,13,4,63,0.8,MILP,0.996,True,0.0,True,2,255.31628008722032,209.52000562407284,7,338.139690733743,Optimal,True,Optimal,heuristic,0.1791472570002952
4,13,4,63,0.8,Dijkstra,0.988,False,0.008000000000000007,False,6,1523.4671832155334,378.97252446112134,4,244.37470481577122,Optimal,True,Optimal,heuristic,0.0014542889985023066
4,13,4,63,0.9,ILP,0.998,True,0.0,True,1,131.69568894915778,131.69568894915778,6,338.1396907337429,Optimal,True,Optimal,heuristic,0.2111326319973159
4,13,4,63,0.9,MILP,0.996,False,0.0020000000000000018,False,2,107.15634459636885,77.8243166749146,9,395.3438965044764,Optimal,True,Optimal,heuristic,0.20942598700275994
4,13,4,63,0.9,Dijkstra,0.988,False,0.010000000000000009,False,6,1056.5212831660447,301.1482077862065,4,244.37470481577122,Optimal,True,Optimal,heuristic,0.00033931899815797806
4,14,44,50,0.5,ILP,0.954,True,0.0,True,23,1595.0047692078008,390.0407117999982,5,258.84331388367474,Optimal,True,Optimal,heuristic,0.34839490200101864
4,14,44,50,0.5,MILP,0.954,False,0.0,True,23,1595.0047692078008,390.0407117999982,5,258.84331388367474,Optimal,True,Optimal,heuristic,0.13367905100312782
4,14,44,50,0.5,Dijkstra,0.954,False,0.0,True,23,1595.0047692078008,390.0407117999982,5,258.84331388367474,Optimal,True,Optimal,heuristic,0.00032399499832536094
4,14,44,50,0.6,ILP,0.984,True,0.0,True,8,618.8233908423988,312.0325694399985,5,258.84331388367474,Optimal,True,Optimal,heuristic,0.2552070499987167
4,14,44,50,0.6,MILP,0.984,True,0.0,True,8,618.8233908423988,312.0325694399985,5,258.84331388367474,Optimal,True,Optimal,heuristic,0.13394268300180556
4,14,44,50,0.6,Dijkstra,0.984,True,0.0,True,8,618.8233908423988,312.0325694399985,5,258.84331388367474,Optimal,True,Optimal,heuristic,0.00033506199906696565
4,14,44,50,0.7,ILP,0.996,True,0.0,True,2,327.83062457097174,234.024427079999,5,258.84331388367474,Optimal,True,Optimal,heuristic,0.13955692899980932
4,14,44,50,0.7,MILP,0.996,True,0.0,True,2,327.83062457097174,234.024427079999,5,258.84331388367474,Optimal,True,Optimal,heuristic,0.13649686599819688
4,14,44,50,0.7,Dijkstra,0.996,True,0.0,True,2,327.83062457097174,234.024427079999,5,258.84331388367474,Optimal,True,Optimal,heuristic,0.00032694900073693134
4,14,44,50,0.8,ILP,0.996,True,0.0,True,2,171.81433985097226,156.01628471999925,5,258.84331388367474,Optimal,True,Optimal,heuristic,0.16978573500091443
4,14,44,50,0.8,MILP,0.996,True,0.0,True,2,171.81433985097226,156.01628471999925,5,258.84331388367474,Optimal,True,Optimal,heuristic,0.1185279300007096
4,14,44,50,0.8,Dijkstra,0.996,True,0.0,True,2,171.81433985097226,156.01628471999925,5,258.84331388367474,Optimal,True,Optimal,heuristic,0.00032781800109660253
4,14,44,50,0.9,ILP,0.998,True,0.0,True,1,78.00814235999962,78.00814235999962,5,258.84331388367474,Optimal,True,Optimal,heuristic,0.10402526499819942
4,14,44,50,0.9,MILP,0.998,True,0.0,True,1,78.00814235999962,78.00814235999962,5,258.84331388367474,Optimal,True,Optimal,heuristic,0.10323608599719591
4,14,44,50,0.9,Dijkstra,0.998,True,0.0,True,1,78.00814235999962,78.00814235999962,5,258.84331388367474,Optimal,True,Optimal,heuristic,0.0003266630010330118
4,15,49,12,0.5,ILP,0.98,True,0.0,True,10,1523.1292778789,456.9711418409389,2,135.7558326361489,Optimal,True,Optimal,heuristic,0.17911721099881106
4,15,49,12,0.5,MILP,0.98,True,0.0,True,10,1523.1292778789,456.9711418409389,2,135.7558326361489,Optimal,True,Optimal,heuristic,0.19552719100101967
4,15,49,12,0.5,Dijkstra,0.98,True,0.0,True,10,1523.1292778789,456.9711418409389,2,135.7558326361489,Optimal,True,Optimal,heuristic,0.0003173650002281647
4,15,49,12,0.6,ILP,0.986,True,0.0,True,7,704.7228838820724,365.57691347275124,2,135.7558326361489,Optimal,True,Optimal,heuristic,0.16512058199805324
4,15,49,12,0.6,MILP,0.986,True,0.0,True,7,704.7228838820724,365.57691347275124,2,135.7558326361489,Optimal,True,Optimal,heuristic,0.1601681579995784
4,15,49,12,0.6,Dijkstra,0.986,True,0.0,True,7,704.7228838820724,365.57691347275124,2,135.7558326361489,Optimal,True,Optimal,heuristic,0.00039265499799512327
4,15,49,12,0.7,ILP,0.996,True,0.0,True,2,329.34673839288166,274.18268510456346,2,135.7558326361489,Optimal,True,Optimal,heuristic,0.20332609699835302
4,15,49,12,0.7,MILP,0.996,True,0.0,True,2,329.34673839288166,274.18268510456346,2,135.7558326361489,Optimal,True,Optimal,heuristic,0.1337071929992817
4,15,49,12,0.7,Dijkstra,0.996,True,0.0,True,2,329.34673839288166,274.18268510456346,2,135.7558326361489,Optimal,True,Optimal,heuristic,0.0003330170002300292
4,15,49,12,0.8,ILP,0.998,True,0.0,True,1,182.78845673637557,182.78845673637557,2,135.7558326361489,Optimal,True,Optimal,heuristic,0.11410404200069024
4,15,49,12,0.8,MILP,0.998,True,0.0,True,1,182.78845673637557,182.78845673637557,2,135.7558326361489,Optimal,True,Optimal,heuristic,0.1268406600029266
4,15,49,12,0.8,Dijkstra,0.998,True,0.0,True,1,182.78845673637557,182.78845673637557,2,135.7558326361489,Optimal,True,Optimal,heuristic,0.0003557210002327338
4,15,49,12,0.9,ILP,0.998,True,0.0,True,1,91.39422836818778,91.39422836818778,2,135.7558326361489,Optimal,True,Optimal,heuristic,0.10511859200050822
4,15,49,12,0.9,MILP,0.998,True,0.0,True,1,91.39422836818778,91.39422836818778,2,135.7558326361489,Optimal,True,Optimal,heuristic,0.12158715099940309
4,15,49,12,0.9,Dijkstra,0.998,True,0.0,True,1,91.39422836818778,91.39422836818778,2,135.7558326361489,Optimal,True,Optimal,heuristic,0.0003740089996426832
4,16,32,2,0.5,ILP,0.992,True,0.0,True,4,1059.3929471651345,425.2303867509029,5,220.901497626421,Optimal,True,Optimal,heuristic,0.13701093600320746
4,16,32,2,0.5,MILP,0.992,False,0.0,True,4,1059.3929471651345,425.2303867509029,5,220.901497626421,Optimal,True,Optimal,heuristic,0.12335231399993063
4,16,32,2,0.5,Dijkstra,0.992,False,0.0,True,4,1059.3929471651345,425.2303867509029,5,220.901497626421,Optimal,True,Optimal,heuristic,0.0004451020031410735
4,16,32,2,0.6,ILP,0.994,True,0.0,True,3,795.8208444135021,343.4209766057103,5,220.901497626421,Optimal,True,Optimal,heuristic,0.16146813900195411
4,16,32,2,0.6,MILP,0.994,True,0.0,True,3,795.8208444135021,343.4209766057103,5,220.901497626421,Optimal,True,Optimal,heuristic,0.13490123600058723
4,16,32,2,0.6,Dijkstra,0.994,True,0.0,True,3,795.8208444135021,343.4209766057103,5,220.901497626421,Optimal,True,Optimal,heuristic,0.00032170000122278
4,16,32,2,0.7,ILP,0.994,True,0.0,True,3,550.3926139779246,261.6115664605178,5,220.901497626421,Optimal,True,Optimal,heuristic,0.1717685559997335
4,16,32,2,0.7,MILP,0.99,False,0.0040000000000000036,False,5,516.5368004600849,245.4282304355777,5,288.44330275011197,Optimal,True,Optimal,heuristic,0.12896423000347568
4,16,32,2,0.7,Dijkstra,0.994,True,0.0,True,3,550.3926139779246,261.6115664605178,5,220.901497626421,Optimal,True,Optimal,heuristic,0.00040310900294571184
4,16,32,2,0.8,ILP,0.996,True,0.0,True,2,292.1723746703117,163.6188202903851,5,288.44330275011197,Optimal,True,Optimal,heuristic,0.13269405499886489
4,16,32,2,0.8,MILP,0.996,True,0.0,True,2,292.1723746703117,163.6188202903851,5,288.44330275011197,Optimal,True,Optimal,heuristic,0.12192782000056468
4,16,32,2,0.8,Dijkstra,0.994,False,0.0020000000000000018,False,3,304.9643835423468,179.8021563153252,5,220.901497626421,Optimal,True,Optimal,heuristic,0.0003496390017971862
4,16,32,2,0.9,ILP,0.996,True,0.0,True,2,104.71336709101547,97.99274617013259,5,220.901497626421,Optimal,True,Optimal,heuristic,0.17082102600033977
4,16,32,2,0.9,MILP,0.996,True,0.0,True,2,104.71336709101547,97.99274617013259,5,220.901497626421,Optimal,True,Optimal,heuristic,0.12545205599963083
4,16,32,2,0.9,Dijkstra,0.996,True,0.0,True,2,104.71336709101547,97.99274617013259,5,220.901497626421,Optimal,True,Optimal,heuristic,0.0003748319977603387
4,17,35,10,0.5,ILP,0.872,True,0.0,True,64,5445.375311444546,415.78048182116686,11,508.38961982271076,Optimal,True,Optimal,heuristic,1.614602804002061
4,17,35,10,0.5,MILP,0.872,True,0.0,True,64,5445.375311444546,415.78048182116686,11,508.38961982271076,Optimal,True,Optimal,heuristic,0.22717712000303436
4,17,35,10,0.5,Dijkstra,0.872,True,0.0,True,64,5445.375311444546,415.78048182116686,11,508.38961982271076,Optimal,True,Optimal,heuristic,0.00039910799750941806
4,17,35,10,0.6,ILP,0.956,True,0.0,True,22,2264.936474981806,332.6243854569335,11,508.38961982271076,Optimal,True,Optimal,heuristic,0.42751364600189845
4,17,35,10,0.6,MILP,0.956,False,0.0,True,22,2264.936474981805,332.6243854569335,11,508.38961982271076,Optimal,True,Optimal,heuristic,0.22763604699866846
4,17,35,10,0.6,Dijkstra,0.956,True,0.0,True,22,2264.936474981806,332.6243854569335,11,508.38961982271076,Optimal,True,Optimal,heuristic,0.00036547000127029605
4,17,35,10,0.7,ILP,0.978,True,0.0,True,11,913.9800240868668,249.46828909270016,11,508.38961982271076,Optimal,True,Optimal,heuristic,0.36143813200033037
4,17,35,10,0.7,MILP,0.978,False,0.0,True,11,913.9800240868674,249.46828909270016,11,508.38961982271076,Optimal,True,Optimal,heuristic,0.2136873489980644
4,17,35,10,0.7,Dijkstra,0.978,False,0.0,True,11,913.9800240868668,249.46828909270016,11,508.38961982271076,Optimal,True,Optimal,heuristic,0.0004364439992059488
4,17,35,10,0.8,ILP,0.99,True,0.0,True,5,296.9862399406917,166.3121927284667,11,508.38961982271076,Optimal,True,Optimal,heuristic,0.3656149389971688
4,17,35,10,0.8,MILP,0.99,True,0.0,True,5,296.9862399406917,166.3121927284667,11,508.38961982271076,Optimal,True,Optimal,heuristic,0.16030351600056747
4,17,35,10,0.8,Dijkstra,0.99,True,0.0,True,5,296.9862399406917,166.3121927284667,11,508.38961982271076,Optimal,True,Optimal,heuristic,0.0004415539988258388
4,17,35,10,0.9,ILP,0.998,True,0.0,True,1,83.15609636423335,83.15609636423335,11,508.38961982271076,Optimal,True,Optimal,heuristic,0.11766464200263727
4,17,35,10,0.9,MILP,0.998,True,0.0,True,1,83.15609636423335,83.15609636423335,11,508.38961982271076,Optimal,True,Optimal,heuristic,0.12792935499965097
4,17,35,10,0.9,Dijkstra,0.998,True,0.0,True,1,83.15609636423335,83.15609636423335,11,508.38961982271076,Optimal,True,Optimal,heuristic,0.00034854600016842596
4,18,48,44,0.5,ILP,0.95,True,0.0,True,25,4028.4987522028014,524.7186779132153,8,413.3643876930429,Optimal,True,Optimal,heuristic,0.382538478999777
4,18,48,44,0.5,MILP,0.95,False,0.0,True,25,4028.4987522028027,524.7186779132153,8,413.3643876930429,Optimal,True,Optimal,heuristic,0.19573003299956326
4,18,48,44,0.5,Dijkstra,0.95,False,0.0,True,25,4028.4987522028023,524.7186779132153,8,413.3643876930429,Optimal,True,Optimal,heuristic,0.00035306599966133945
4,18,48,44,0.6,ILP,0.972,True,0.0,True,14,2212.1312733348427,419.77494233057223,8,413.3643876930429,Optimal,True,Optimal,heuristic,0.42498939099823474
4,18,48,44,0.6,MILP,0.972,False,0.0,True,14,2212.1312733348414,419.77494233057223,8,413.3643876930429,Optimal,True,Optimal,heuristic,0.18251170100120362
4,18,48,44,0.6,Dijkstra,0.972,True,0.0,True,14,2212.1312733348427,419.77494233057223,8,413.3643876930429,Optimal,True,Optimal,heuristic,0.00037612300002365373
4,18,48,44,0.7,ILP,0.982,True,0.0,True,9,973.1395233155657,314.8312067479292,8,413.3643876930429,Optimal,True,Optimal,heuristic,0.3919652619988483
4,18,48,44,0.7,MILP,0.982,False,0.0,True,9,973.1395233155653,314.8312067479292,8,413.3643876930429,Optimal,True,Optimal,heuristic,0.16137434499978554
4,18,48,44,0.7,Dijkstra,0.982,True,0.0,True,9,973.1395233155657,314.8312067479292,8,413.3643876930429,Optimal,True,Optimal,heuristic,0.00038768400190747343
4,18,48,44,0.8,ILP,0.994,True,0.0,True,3,393.63204143838107,209.88747116528612,8,413.3643876930429,Optimal,True,Optimal,heuristic,0.15849438200166333
4,18,48,44,0.8,MILP,0.994,False,0.0,True,3,393.63204143838084,209.88747116528612,8,413.364387693043,Optimal,True,Optimal,heuristic,0.12027760799901444
4,18,48,44,0.8,Dijkstra,0.994,True,0.0,True,3,393.63204143838107,209.88747116528612,8,413.3643876930429,Optimal,True,Optimal,heuristic,0.0009484340007475112
4,18,48,44,0.9,ILP,0.996,True,0.0,True,2,136.0096529404575,104.94373558264306,8,413.3643876930429,Optimal,True,Optimal,heuristic,0.18115627600127482
4,18,48,44,0.9,MILP,0.996,True,0.0,True,2,136.0096529404575,104.94373558264306,8,413.3643876930429,Optimal,True,Optimal,heuristic,0.10009444499883102
4,18,48,44,0.9,Dijkstra,0.996,True,0.0,True,2,136.0096529404575,104.94373558264306,8,413.3643876930429,Optimal,True,Optimal,heuristic,0.0004284130009182263
4,19,26,21,0.5,ILP,0.882,True,0.0,True,59,7837.573584535028,466.73661063033,13,637.3894534126872,Optimal,True,Optimal,heuristic,0.9103933900005359
4,19,26,21,0.5,MILP,0.882,False,0.0,True,59,7837.573584535029,466.73661063033,13,637.3894534126871,Optimal,True,Optimal,heuristic,0.13503634399967268
4,19,26,21,0.5,Dijkstra,0.882,True,0.0,True,59,7837.573584535028,466.73661063033,13,637.3894534126872,Optimal,True,Optimal,heuristic,0.0003704430018842686
4,19,26,21,0.6,ILP,0.938,True,0.0,True,31,3731.6929551746043,373.38928850426396,13,637.3894534126872,Optimal,True,Optimal,heuristic,0.7037111860008736
4,19,26,21,0.6,MILP,0.938,True,0.0,True,31,3731.6929551746043,373.38928850426396,13,637.3894534126872,Optimal,True,Optimal,heuristic,0.13104048799868906
4,19,26,21,0.6,Dijkstra,0.938,True,0.0,True,31,3731.6929551746043,373.38928850426396,13,637.3894534126872,Optimal,True,Optimal,heuristic,0.00038743100230931304
4,19,26,21,0.7,ILP,0.97,True,0.0,True,15,1870.1057176001389,280.04196637819814,13,637.3894534126872,Optimal,True,Optimal,heuristic,0.524600388998806
4,19,26,21,0.7,MILP,0.97,True,0.0,True,15,1870.1057176001389,280.04196637819814,13,637.3894534126872,Optimal,True,Optimal,heuristic,0.12820528900192585
4,19,26,21,0.7,Dijkstra,0.97,True,0.0,True,15,1870.1057176001389,280.04196637819814,13,637.3894534126872,Optimal,True,Optimal,heuristic,0.00039914800072438084
4,19,26,21,0.8,ILP,0.98,True,0.0,True,10,766.6817796491976,186.69464425213187,13,637.3894534126872,Optimal,True,Optimal,heuristic,0.4251143500005128
4,19,26,21,0.8,MILP,0.98,False,0.0,True,10,766.681779649198,186.69464425213187,12,637.3894534126872,Optimal,True,Optimal,heuristic,0.11730620600064867
4,19,26,21,0.8,Dijkstra,0.98,True,0.0,True,10,766.6817796491976,186.69464425213187,13,637.3894534126872,Optimal,True,Optimal,heuristic,0.0004611260010278784
4,19,26,21,0.9,ILP,0.992,True,0.0,True,4,158.72568794597078,93.34732212606605,13,637.3894534126872,Optimal,True,Optimal,heuristic,0.23421501799748512
4,19,26,21,0.9,MILP,0.992,False,0.0,True,4,158.72568794597078,93.34732212606605,13,637.3894534126872,Optimal,True,Optimal,heuristic,0.11087940699871979
4,19,26,21,0.9,Dijkstra,0.992,False,0.0,True,4,158.72568794597078,93.34732212606605,13,637.3894534126872,Optimal,True,Optimal,heuristic,0.0003833640002994798
5,0,34,63,0.5,ILP,0.866,True,0.0,True,67,5529.295939868245,282.93771434570715,6,243.89263933279196,Optimal,True,Optimal,heuristic,3.8996648990032554
5,0,34,63,0.5,MILP,0.866,True,0.0,True,67,5529.295939868245,282.93771434570715,6,243.89263933279196,Optimal,True,Optimal,heuristic,0.31634989099984523
5,0,34,63,0.5,Dijkstra,0.866,True,0.0,True,67,5529.295939868245,282.93771434570715,6,243.89263933279196,Optimal,True,Optimal,heuristic,0.0007005629995546769
5,0,34,63,0.6,ILP,0.924,True,0.0,True,38,2557.808263951877,226.35017147656538,6,243.89263933279233,Optimal,True,Optimal,heuristic,1.767512815000373
5,0,34,63,0.6,MILP,0.924,False,0.0,True,38,2557.8082639518857,226.35017147656572,6,243.89263933279196,Optimal,True,Optimal,heuristic,0.40782068600310595
5,0,34,63,0.6,Dijkstra,0.924,False,0.0,True,38,2557.8082639518857,226.35017147656572,6,243.89263933279196,Optimal,True,Optimal,heuristic,0.0003492760006338358
5,0,34,63,0.7,ILP,0.968,True,0.0,True,16,1094.1240961720598,169.7626286074243,6,243.89263933279196,Optimal,True,Optimal,heuristic,0.8899798419988656
5,0,34,63,0.7,MILP,0.968,False,0.0,True,16,1094.1240961720603,169.76262860742452,6,243.8926393327919,Optimal,True,Optimal,heuristic,0.39072575899990625
5,0,34,63,0.7,Dijkstra,0.968,True,0.0,True,16,1094.1240961720598,169.7626286074243,6,243.89263933279196,Optimal,True,Optimal,heuristic,0.0003305159989395179
5,0,34,63,0.8,ILP,0.982,True,0.0,True,9,471.13923635410333,113.17508573828286,6,243.89263933279196,Optimal,True,Optimal,heuristic,0.9465983620029874
5,0,34,63,0.8,MILP,0.982,True,0.0,True,9,471.13923635410333,113.17508573828286,6,243.89263933279196,Optimal,True,Optimal,heuristic,0.15527475500130095
5,0,34,63,0.8,Dijkstra,0.982,True,0.0,True,9,471.13923635410333,113.17508573828286,6,243.89263933279196,Optimal,True,Optimal,heuristic,0.00038122100158943795
5,0,34,63,0.9,ILP,0.99,True,0.0,True,5,111.34343294942641,56.58754286914143,6,243.89263933279196,Optimal,True,Optimal,heuristic,0.8619361199998821
5,0,34,63,0.9,MILP,0.99,True,0.0,True,5,111.34343294942641,56.58754286914143,6,243.89263933279196,Optimal,True,Optimal,heuristic,0.14227117900009034
5,0,34,63,0.9,Dijkstra,0.99,True,0.0,True,5,111.34343294942641,56.58754286914143,6,243.89263933279196,Optimal,True,Optimal,heuristic,0.00036438600000110455
5,1,47,49,0.5,ILP,0.992,True,0.0,True,4,121.3084097030201,79.31329759139963,1,15.431721588696261,Optimal,True,Optimal,heuristic,0.12670017599884886
5,1,47,49,0.5,MILP,0.992,True,0.0,True,4,121.3084097030201,79.31329759139963,1,15.431721588696261,Optimal,True,Optimal,heuristic,0.10428953700102284
5,1,47,49,0.5,Dijkstra,0.992,True,0.0,True,4,121.3084097030201,79.31329759139963,1,15.431721588696261,Optimal,True,Optimal,heuristic,0.00030505299946526065
5,1,47,49,0.6,ILP,0.996,True,0.0,True,2,67.54026033871409,63.450638073119705,1,15.431721588696261,Optimal,True,Optimal,heuristic,0.11466238499997417
5,1,47,49,0.6,MILP,0.996,True,0.0,True,2,67.54026033871409,63.450638073119705,1,15.431721588696261,Optimal,True,Optimal,heuristic,0.10246957599883899
5,1,47,49,0.6,Dijkstra,0.996,True,0.0,True,2,67.54026033871409,63.450638073119705,1,15.431721588696261,Optimal,True,Optimal,heuristic,0.0003193159973307047
5,1,47,49,0.7,ILP,0.998,True,0.0,True,1,47.58797855483978,47.58797855483978,1,15.431721588696261,Optimal,True,Optimal,heuristic,0.11461574500208371
5,1,47,49,0.7,MILP,0.998,True,0.0,True,1,47.58797855483978,47.58797855483978,1,15.431721588696261,Optimal,True,Optimal,heuristic,0.10434805400291225
5,1,47,49,0.7,Dijkstra,0.998,True,0.0,True,1,47.58797855483978,47.58797855483978,1,15.431721588696261,Optimal,True,Optimal,heuristic,0.0003648160018201452
5,1,47,49,0.8,ILP,0.998,True,0.0,True,1,31.725319036559853,31.725319036559853,1,15.431721588696261,Optimal,True,Optimal,heuristic,0.11014280699964729
5,1,47,49,0.8,MILP,0.998,True,0.0,True,1,31.725319036559853,31.725319036559853,1,15.431721588696261,Optimal,True,Optimal,heuristic,0.10249240000121063
5,1,47,49,0.8,Dijkstra,0.998,True,0.0,True,1,31.725319036559853,31.725319036559853,1,15.431721588696261,Optimal,True,Optimal,heuristic,0.0003109230019617826
5,1,47,49,0.9,ILP,0.998,True,0.0,True,1,15.862659518279912,15.862659518279912,1,15.431721588696261,Optimal,True,Optimal,heuristic,0.10685038899828214
5,1,47,49,0.9,MILP,0.998,True,0.0,True,1,15.862659518279912,15.862659518279912,1,15.431721588696261,Optimal,True,Optimal,heuristic,0.0999601059993438
5,1,47,49,0.9,Dijkstra,0.998,True,0.0,True,1,15.862659518279912,15.862659518279912,1,15.431721588696261,Optimal,True,Optimal,heuristic,0.00030541199885192327
5,2,46,51,0.5,ILP,0.968,True,0.0,True,16,2235.129810000034,415.09044369157596,8,326.50263045861897,Optimal,True,Optimal,heuristic,0.2084238390016253
5,2,46,51,0.5,MILP,0.968,True,0.0,True,16,2235.129810000034,415.09044369157596,8,326.50263045861897,Optimal,True,Optimal,heuristic,0.09396102800019435
5,2,46,51,0.5,Dijkstra,0.968,True,0.0,True,16,2235.129810000034,415.09044369157596,8,326.50263045861897,Optimal,True,Optimal,heuristic,0.00040634700053487904
5,2,46,51,0.6,ILP,0.984,True,0.0,True,8,1241.5900696243543,332.07235495326074,8,326.50263045861897,Optimal,True,Optimal,heuristic,0.14301027900000918
5,2,46,51,0.6,MILP,0.984,True,0.0,True,8,1241.5900696243543,332.07235495326074,8,326.50263045861897,Optimal,True,Optimal,heuristic,0.09460311600196292
5,2,46,51,0.6,Dijkstra,0.984,True,0.0,True,8,1241.5900696243543,332.07235495326074,8,326.50263045861897,Optimal,True,Optimal,heuristic,0.0003559060023690108
5,2,46,51,0.7,ILP,0.99,True,0.0,True,5,713.3112876133304,249.0542662149453,8,326.5026304586194,Optimal,True,Optimal,heuristic,0.11463637300039409
5,2,46,51,0.7,MILP,0.99,False,0.0,True,5,713.3112876133309,249.05426621494553,8,326.50263045861897,Optimal,True,Optimal,heuristic,0.09767144400029792
5,2,46,51,0.7,Dijkstra,0.99,False,0.0,True,5,713.3112876133309,249.05426621494553,8,326.50263045861897,Optimal,True,Optimal,heuristic,0.0003224930005671922
5,2,46,51,0.8,ILP,0.994,True,0.0,True,3,376.78331713906243,166.03617747663043,8,326.50263045861897,Optimal,True,Optimal,heuristic,0.11117208599898731
5,2,46,51,0.8,MILP,0.994,True,0.0,True,3,376.78331713906243,166.03617747663043,8,326.50263045861897,Optimal,True,Optimal,heuristic,0.0916056349997234
5,2,46,51,0.8,Dijkstra,0.994,True,0.0,True,3,376.78331713906243,166.03617747663043,8,326.50263045861897,Optimal,True,Optimal,heuristic,0.00035814399961964227
5,2,46,51,0.9,ILP,0.996,True,0.0,True,2,143.25502328260268,83.0180887383151,8,326.50263045861897,Optimal,True,Optimal,heuristic,0.09383520499977749
5,2,46,51,0.9,MILP,0.996,True,0.0,True,2,143.25502328260268,83.0180887383151,8,326.50263045861897,Optimal,True,Optimal,heuristic,0.08991155599869671
5,2,46,51,0.9,Dijkstra,0.996,True,0.0,True,2,143.25502328260268,83.0180887383151,8,326.50263045861897,Optimal,True,Optimal,heuristic,0.0003405559982638806
5,3,33,8,0.5,ILP,0.91,True,0.0,True,45,1434.2158354007083,116.5361052780745,2,73.69179312052395,Optimal,True,Optimal,heuristic,0.5788221870025154
5,3,33,8,0.5,MILP,0.91,True,0.0,True,45,1434.2158354007083,116.5361052780745,2,73.69179312052395,Optimal,True,Optimal,heuristic,0.12756891599929077
5,3,33,8,0.5,Dijkstra,0.91,True,0.0,True,45,1434.2158354007083,116.5361052780745,2,73.69179312052395,Optimal,True,Optimal,heuristic,0.0003234109972254373
5,3,33,8,0.6,ILP,0.944,True,0.0,True,28,620.1123198542837,93.22888422245953,1,73.6917931205239,Optimal,True,Optimal,heuristic,0.4548113730015757
5,3,33,8,0.6,MILP,0.944,False,0.0,True,28,620.1123198542855,93.22888422245961,2,73.69179312052395,Optimal,True,Optimal,heuristic,0.13329945800069254
5,3,33,8,0.6,Dijkstra,0.944,False,0.0,True,28,620.1123198542855,93.22888422245961,2,73.69179312052395,Optimal,True,Optimal,heuristic,0.0004013030011265073
5,3,33,8,0.7,ILP,0.982,True,0.0,True,9,245.7212744333169,69.92166316684472,2,73.69179312052395,Optimal,True,Optimal,heuristic,0.22685537900179042
5,3,33,8,0.7,MILP,0.982,True,0.0,True,9,245.7212744333169,69.92166316684472,2,73.69179312052395,Optimal,True,Optimal,heuristic,0.12943290899784188
5,3,33,8,0.7,Dijkstra,0.982,True,0.0,True,9,245.7212744333169,69.92166316684472,2,73.69179312052395,Optimal,True,Optimal,heuristic,0.00033054400046239607
5,3,33,8,0.8,ILP,0.994,True,0.0,True,3,86.71215026361196,46.61444211122975,2,73.69179312052395,Optimal,True,Optimal,heuristic,0.1445184900003369
5,3,33,8,0.8,MILP,0.994,False,0.0,True,3,86.71215026361199,46.61444211122978,2,73.69179312052395,Optimal,True,Optimal,heuristic,0.11912700200264226
5,3,33,8,0.8,Dijkstra,0.994,False,0.0,True,3,86.71215026361199,46.61444211122978,2,73.69179312052395,Optimal,True,Optimal,heuristic,0.00032849099807208404
5,3,33,8,0.9,ILP,0.998,True,0.0,True,1,23.30722105561489,23.30722105561489,2,73.69179312052395,Optimal,True,Optimal,heuristic,0.10372267099955934
5,3,33,8,0.9,MILP,0.998,True,0.0,True,1,23.30722105561489,23.30722105561489,2,73.69179312052395,Optimal,True,Optimal,heuristic,0.11962211200079764
5,3,33,8,0.9,Dijkstra,0.998,True,0.0,True,1,23.30722105561489,23.30722105561489,2,73.69179312052395,Optimal,True,Optimal,heuristic,0.00033357699794578366
5,4,54,29,0.5,ILP,0.84,True,0.0,True,80,9323.843425327197,497.0821251826561,10,493.6407137695399,Optimal,True,Optimal,heuristic,2.731984766000096
5,4,54,29,0.5,MILP,0.84,False,0.0,True,80,9323.843425327199,497.08212518265634,10,493.64071376953996,Optimal,True,Optimal,heuristic,1.1374320940012694
5,4,54,29,0.5,Dijkstra,0.84,True,0.0,True,80,9323.843425327197,497.0821251826561,10,493.6407137695399,Optimal,True,Optimal,heuristic,0.0006326689981506206
5,4,54,29,0.6,ILP,0.912,True,0.0,True,44,4745.525155320429,419.886385628246,10,493.6407137695399,Optimal,True,Optimal,heuristic,1.8670597650016134
5,4,54,29,0.6,MILP,0.912,True,0.0,True,44,4745.525155320429,419.886385628246,10,493.6407137695399,Optimal,True,Optimal,heuristic,0.8268653219965927
5,4,54,29,0.6,Dijkstra,0.912,True,0.0,True,44,4745.525155320429,419.886385628246,10,493.6407137695399,Optimal,True,Optimal,heuristic,0.00040950399852590635
5,4,54,29,0.7,ILP,0.962,True,0.0,True,19,2457.7844249950476,342.69064607383575,10,493.6407137695399,Optimal,True,Optimal,heuristic,0.9850103379976645
5,4,54,29,0.7,MILP,0.95,False,0.01200000000000001,False,25,2129.3218329204265,369.46356253032013,12,509.358408518077,Optimal,True,Optimal,heuristic,0.7879877989980741
5,4,54,29,0.7,Dijkstra,0.962,True,0.0,True,19,2457.7844249950476,342.69064607383575,10,493.6407137695399,Optimal,True,Optimal,heuristic,0.00039962200025911443
5,4,54,29,0.8,ILP,0.982,True,0.0,True,9,750.120798512787,292.2678229759098,12,509.358408518077,Optimal,True,Optimal,heuristic,0.8409912780007289
5,4,54,29,0.8,MILP,0.982,True,0.0,True,9,750.120798512787,292.2678229759098,12,509.358408518077,Optimal,True,Optimal,heuristic,0.6771703140002501
5,4,54,29,0.8,Dijkstra,0.976,False,0.006000000000000005,False,12,1356.1197441265313,265.4949065194254,10,493.6407137695399,Optimal,True,Optimal,heuristic,0.0007063010016281623
5,4,54,29,0.9,ILP,0.992,True,0.0,True,4,308.44004003344287,215.07208342149966,12,509.358408518077,Optimal,True,Optimal,heuristic,0.47676462899835315
5,4,54,29,0.9,MILP,0.99,False,0.0020000000000000018,False,5,192.0941831582885,77.19573955441024,15,540.8811481457569,Optimal,True,Optimal,heuristic,0.5244243289998849
5,4,54,29,0.9,Dijkstra,0.988,False,0.0040000000000000036,False,6,679.9506209918636,188.29916696501527,10,493.6407137695399,Optimal,True,Optimal,heuristic,0.0003529510031512473
5,5,32,24,0.5,ILP,0.9359999999999999,True,0.0,True,32,3339.1964168180316,481.55223954085284,7,333.03260224071636,Optimal,True,Optimal,heuristic,2.3216663080020226
5,5,32,24,0.5,MILP,0.9359999999999999,True,0.0,True,32,3339.1964168180316,481.55223954085284,7,333.03260224071636,Optimal,True,Optimal,heuristic,0.6543807169982756
5,5,32,24,0.5,Dijkstra,0.9359999999999999,True,0.0,True,32,3339.1964168180316,481.55223954085284,7,333.03260224071636,Optimal,True,Optimal,heuristic,0.0003304530000605155
5,5,32,24,0.6,ILP,0.966,True,0.0,True,17,1811.6033272369648,412.8869170868444,7,333.03260224071636,Optimal,True,Optimal,heuristic,1.1103396439975768
5,5,32,24,0.6,MILP,0.966,True,0.0,True,17,1811.6033272369648,412.8869170868444,7,333.03260224071636,Optimal,True,Optimal,heuristic,0.4161669439999969
5,5,32,24,0.6,Dijkstra,0.966,True,0.0,True,17,1811.6033272369648,412.8869170868444,7,333.03260224071636,Optimal,True,Optimal,heuristic,0.00034112799767171964
5,5,32,24,0.7,ILP,0.98,True,0.0,True,10,1122.1507502507766,275.03518813582104,8,418.7872241577138,Optimal,True,Optimal,heuristic,0.6976578890025849
5,5,32,24,0.7,MILP,0.978,False,0.0020000000000000018,False,11,867.7225339687421,344.2215946328362,7,333.03260224071636,Optimal,True,Optimal,heuristic,0.26466740599789773
5,5,32,24,0.7,Dijkstra,0.978,False,0.0020000000000000018,False,11,867.7225339687421,344.2215946328362,7,333.03260224071636,Optimal,True,Optimal,heuristic,0.00039162099710665643
5,5,32,24,0.8,ILP,0.992,True,0.0,True,4,397.38209529155404,275.55627217882795,7,333.0326022407164,Optimal,True,Optimal,heuristic,0.4485123330014176
5,5,32,24,0.8,MILP,0.992,False,0.0,True,4,397.3820952915539,275.55627217882784,7,333.03260224071636,Optimal,True,Optimal,heuristic,0.17920910099928733
5,5,32,24,0.8,Dijkstra,0.992,False,0.0,True,4,397.3820952915539,275.55627217882784,7,333.03260224071636,Optimal,True,Optimal,heuristic,0.0004913920020044316
5,5,32,24,0.9,ILP,0.998,True,0.0,True,1,206.8909497248195,206.8909497248195,7,333.03260224071636,Optimal,True,Optimal,heuristic,0.12916649899852928
5,5,32,24,0.9,MILP,0.992,False,0.006000000000000005,False,4,205.07298639070086,68.66532245400833,9,427.99283911794424,Optimal,True,Optimal,heuristic,0.31735614799981704
5,5,32,24,0.9,Dijkstra,0.998,True,0.0,True,1,206.8909497248195,206.8909497248195,7,333.03260224071636,Optimal,True,Optimal,heuristic,0.0003473370015854016
5,6,50,41,0.5,ILP,0.9359999999999999,True,0.0,True,32,1339.20460461205,126.39899072173526,1,60.52062670637378,Optimal,True,Optimal,heuristic,0.1321008780032571
5,6,50,41,0.5,MILP,0.9359999999999999,True,0.0,True,32,1339.20460461205,126.39899072173526,1,60.52062670637378,Optimal,True,Optimal,heuristic,0.16754077400037204
5,6,50,41,0.5,Dijkstra,0.9359999999999999,True,0.0,True,32,1339.20460461205,126.39899072173526,1,60.52062670637378,Optimal,True,Optimal,heuristic,0.00031516299713985063
5,6,50,41,0.6,ILP,0.966,True,0.0,True,17,733.6320322187538,101.11919257738819,1,60.52062670637378,Optimal,True,Optimal,heuristic,0.12210814199715969
5,6,50,41,0.6,MILP,0.966,True,0.0,True,17,733.6320322187538,101.11919257738819,1,60.52062670637378,Optimal,True,Optimal,heuristic,0.12313476700001047
5,6,50,41,0.6,Dijkstra,0.966,True,0.0,True,17,733.6320322187538,101.11919257738819,1,60.52062670637378,Optimal,True,Optimal,heuristic,0.00036084200110053644
5,6,50,41,0.7,ILP,0.982,True,0.0,True,9,424.76393076656586,75.83939443304115,1,60.52062670637378,Optimal,True,Optimal,heuristic,0.11486192399752326
5,6,50,41,0.7,MILP,0.982,True,0.0,True,9,424.76393076656586,75.83939443304115,1,60.52062670637378,Optimal,True,Optimal,heuristic,0.11732718400162412
5,6,50,41,0.7,Dijkstra,0.982,True,0.0,True,9,424.76393076656586,75.83939443304115,1,60.52062670637378,Optimal,True,Optimal,heuristic,0.00033856499794637784
5,6,50,41,0.8,ILP,0.984,True,0.0,True,8,217.76141244789383,50.55959628869408,1,60.52062670637378,Optimal,True,Optimal,heuristic,0.12710654300099122
5,6,50,41,0.8,MILP,0.984,True,0.0,True,8,217.76141244789383,50.55959628869408,1,60.52062670637378,Optimal,True,Optimal,heuristic,0.11713762100043823
5,6,50,41,0.8,Dijkstra,0.984,True,0.0,True,8,217.76141244789383,50.55959628869408,1,60.52062670637378,Optimal,True,Optimal,heuristic,0.00033967299896175973
5,6,50,41,0.9,ILP,0.992,True,0.0,True,4,55.84387364881118,25.27979814434704,1,60.52062670637378,Optimal,True,Optimal,heuristic,0.11649593600304797
5,6,50,41,0.9,MILP,0.992,True,0.0,True,4,55.84387364881118,25.27979814434704,1,60.52062670637378,Optimal,True,Optimal,heuristic,0.10922962699987693
5,6,50,41,0.9,Dijkstra,0.992,True,0.0,True,4,55.84387364881118,25.27979814434704,1,60.52062670637378,Optimal,True,Optimal,heuristic,0.0003300619973742869
5,7,26,53,0.5,ILP,0.974,True,0.0,True,13,1498.2990991365582,642.656698399804,12,671.24587161866,Optimal,True,Optimal,heuristic,0.3721524259999569
5,7,26,53,0.5,MILP,0.974,True,0.0,True,13,1498.2990991365582,642.656698399804,12,671.24587161866,Optimal,True,Optimal,heuristic,0.117660285999591
5,7,26,53,0.5,Dijkstra,0.974,True,0.0,True,13,1498.2990991365582,642.656698399804,12,671.24587161866,Optimal,True,Optimal,heuristic,0.0003560250006557908
5,7,26,53,0.6,ILP,0.996,True,0.0,True,2,648.0258373429112,514.1253587198432,12,671.24587161866,Optimal,True,Optimal,heuristic,0.09665919799954281
5,7,26,53,0.6,MILP,0.996,True,0.0,True,2,648.0258373429112,514.1253587198432,12,671.24587161866,Optimal,True,Optimal,heuristic,0.0992243740001868
5,7,26,53,0.6,Dijkstra,0.996,True,0.0,True,2,648.0258373429112,514.1253587198432,12,671.24587161866,Optimal,True,Optimal,heuristic,0.0003584830010368023
5,7,26,53,0.7,ILP,0.996,True,0.0,True,2,390.96315798298997,385.5940190398826,12,671.24587161866,Optimal,True,Optimal,heuristic,0.09568837899860227
5,7,26,53,0.7,MILP,0.996,True,0.0,True,2,390.96315798298997,385.5940190398826,12,671.24587161866,Optimal,True,Optimal,heuristic,0.0995840949981357
5,7,26,53,0.7,Dijkstra,0.996,True,0.0,True,2,390.96315798298997,385.5940190398826,12,671.24587161866,Optimal,True,Optimal,heuristic,0.0003574700021999888
5,7,26,53,0.8,ILP,0.998,True,0.0,True,1,257.0626793599215,257.0626793599215,12,671.24587161866,Optimal,True,Optimal,heuristic,0.08937943199998699
5,7,26,53,0.8,MILP,0.998,True,0.0,True,1,257.0626793599215,257.0626793599215,12,671.24587161866,Optimal,True,Optimal,heuristic,0.10296717400342459
5,7,26,53,0.8,Dijkstra,0.998,True,0.0,True,1,257.0626793599215,257.0626793599215,12,671.24587161866,Optimal,True,Optimal,heuristic,0.00039673499850323424
5,7,26,53,0.9,ILP,0.998,True,0.0,True,1,128.53133967996087,128.53133967996087,12,671.24587161866,Optimal,True,Optimal,heuristic,0.09859262600002694
5,7,26,53,0.9,MILP,0.998,True,0.0,True,1,128.53133967996087,128.53133967996087,12,671.24587161866,Optimal,True,Optimal,heuristic,0.09888273799879244
5,7,26,53,0.9,Dijkstra,0.998,True,0.0,True,1,128.53133967996087,128.53133967996087,12,671.24587161866,Optimal,True,Optimal,heuristic,0.000348999001289485
5,8,35,28,0.5,ILP,0.984,True,0.0,True,8,2351.5937651711615,1087.7311228909045,5,231.76656465723013,Optimal,True,Optimal,heuristic,0.19560970599923166
5,8,35,28,0.5,MILP,0.984,False,0.0,True,8,2351.5937651711647,1087.7311228909052,6,231.76656465723056,Optimal,True,Optimal,heuristic,0.3106403669989959
5,8,35,28,0.5,Dijkstra,0.984,False,0.0,True,8,2351.5937651711647,1087.7311228909052,6,231.76656465723056,Optimal,True,Optimal,heuristic,0.00041953300024033524
5,8,35,28,0.6,ILP,0.988,True,0.0,True,6,1760.1323580441554,1003.2690798222695,6,231.76656465723056,Optimal,True,Optimal,heuristic,0.17243610599689418
5,8,35,28,0.6,MILP,0.988,True,0.0,True,6,1760.1323580441554,1003.2690798222695,6,231.76656465723056,Optimal,True,Optimal,heuristic,0.3203735710012552
5,8,35,28,0.6,Dijkstra,0.988,True,0.0,True,6,1760.1323580441554,1003.2690798222695,6,231.76656465723056,Optimal,True,Optimal,heuristic,0.00034290099938516505
5,8,35,28,0.7,ILP,0.992,True,0.0,True,4,1324.5266846131199,918.8070367536337,6,231.76656465723056,Optimal,True,Optimal,heuristic,0.1550645440001972
5,8,35,28,0.7,MILP,0.976,False,0.016000000000000014,False,12,1009.7908441710433,253.3861292059072,11,369.70524504029953,Optimal,True,Optimal,heuristic,0.31692069899872877
5,8,35,28,0.7,Dijkstra,0.992,True,0.0,True,4,1324.5266846131199,918.8070367536337,6,231.76656465723056,Optimal,True,Optimal,heuristic,0.00046240800293162465
5,8,35,28,0.8,ILP,0.994,True,0.0,True,3,1012.1035507028427,834.3449936849979,6,231.76656465723056,Optimal,True,Optimal,heuristic,0.21438893899903633
5,8,35,28,0.8,MILP,0.992,False,0.0020000000000000018,False,4,288.2330905749775,168.92408613727162,11,369.70524504029953,Optimal,True,Optimal,heuristic,0.16205961800005753
5,8,35,28,0.8,Dijkstra,0.994,True,0.0,True,3,1012.1035507028427,834.3449936849979,6,231.76656465723056,Optimal,True,Optimal,heuristic,0.0003445450020080898
5,8,35,28,0.9,ILP,0.998,True,0.0,True,1,84.4620430686357,84.4620430686357,11,369.70524504029953,Optimal,True,Optimal,heuristic,0.12168203199689742
5,8,35,28,0.9,MILP,0.998,True,0.0,True,1,84.4620430686357,84.4620430686357,11,369.70524504029953,Optimal,True,Optimal,heuristic,0.14241145599953597
5,8,35,28,0.9,Dijkstra,0.996,False,0.0020000000000000018,False,2,825.2773551197995,749.8829506163622,6,231.76656465723056,Optimal,True,Optimal,heuristic,0.0003435019971220754
5,9,57,4,0.5,ILP,0.942,True,0.0,True,29,1186.5037100431914,228.33188921847136,5,154.97899197425454,Optimal,True,Optimal,heuristic,0.2711500770019484
5,9,57,4,0.5,MILP,0.942,True,0.0,True,29,1186.5037100431914,228.33188921847136,5,154.97899197425454,Optimal,True,Optimal,heuristic,0.1105383249996521
5,9,57,4,0.5,Dijkstra,0.942,True,0.0,True,29,1186.5037100431914,228.33188921847136,5,154.97899197425454,Optimal,True,Optimal,heuristic,0.0004534250001597684
5,9,57,4,0.6,ILP,0.982,True,0.0,True,9,379.51473215634195,182.6655113747771,5,154.97899197425454,Optimal,True,Optimal,heuristic,0.1964058470002783
5,9,57,4,0.6,MILP,0.982,True,0.0,True,9,379.51473215634195,182.6655113747771,5,154.97899197425454,Optimal,True,Optimal,heuristic,0.11294326400093269
5,9,57,4,0.6,Dijkstra,0.982,True,0.0,True,9,379.51473215634195,182.6655113747771,5,154.97899197425454,Optimal,True,Optimal,heuristic,0.000378324999473989
5,9,57,4,0.7,ILP,0.996,True,0.0,True,2,149.97095535541712,136.99913353108286,5,154.97899197425454,Optimal,True,Optimal,heuristic,0.12033037999935914
5,9,57,4,0.7,MILP,0.996,True,0.0,True,2,149.97095535541712,136.99913353108286,5,154.97899197425454,Optimal,True,Optimal,heuristic,0.10471381699971971
5,9,57,4,0.7,Dijkstra,0.996,True,0.0,True,2,149.97095535541712,136.99913353108286,5,154.97899197425454,Optimal,True,Optimal,heuristic,0.00035287399805383757
5,9,57,4,0.8,ILP,0.998,True,0.0,True,1,91.3327556873885,91.3327556873885,5,154.97899197425454,Optimal,True,Optimal,heuristic,0.10200747499766294
5,9,57,4,0.8,MILP,0.998,True,0.0,True,1,91.3327556873885,91.3327556873885,5,154.97899197425454,Optimal,True,Optimal,heuristic,0.1001566270024341
5,9,57,4,0.8,Dijkstra,0.998,True,0.0,True,1,91.3327556873885,91.3327556873885,5,154.97899197425454,Optimal,True,Optimal,heuristic,0.0003206410001439508
5,9,57,4,0.9,ILP,0.998,True,0.0,True,1,45.66637784369425,45.66637784369425,5,154.97899197425454,Optimal,True,Optimal,heuristic,0.098959315000684
5,9,57,4,0.9,MILP,0.998,True,0.0,True,1,45.66637784369425,45.66637784369425,5,154.97899197425454,Optimal,True,Optimal,heuristic,0.10044242499861866
5,9,57,4,0.9,Dijkstra,0.998,True,0.0,True,1,45.66637784369425,45.66637784369425,5,154.97899197425454,Optimal,True,Optimal,heuristic,0.0003315290014143102
5,10,55,53,0.5,ILP,0.972,True,0.0,True,14,1547.2807012681487,664.2333136961286,10,617.5943641096366,Optimal,True,Optimal,heuristic,0.17590416700113565
5,10,55,53,0.5,MILP,0.972,True,0.0,True,14,1547.2807012681487,664.2333136961286,10,617.5943641096366,Optimal,True,Optimal,heuristic,0.09744207000039751
5,10,55,53,0.5,Dijkstra,0.972,True,0.0,True,14,1547.2807012681487,664.2333136961286,10,617.5943641096366,Optimal,True,Optimal,heuristic,0.0003876549999404233
5,10,55,53,0.6,ILP,0.996,True,0.0,True,2,662.6479783771342,531.3866509569029,10,617.5943641096366,Optimal,True,Optimal,heuristic,0.08455099200000404
5,10,55,53,0.6,MILP,0.996,True,0.0,True,2,662.6479783771342,531.3866509569029,10,617.5943641096366,Optimal,True,Optimal,heuristic,0.09557205899909604
5,10,55,53,0.6,Dijkstra,0.996,True,0.0,True,2,662.6479783771342,531.3866509569029,10,617.5943641096366,Optimal,True,Optimal,heuristic,0.0003598869989218656
5,10,55,53,0.7,ILP,0.998,True,0.0,True,1,398.5399882176773,398.5399882176773,10,617.5943641096366,Optimal,True,Optimal,heuristic,0.09053278200008208
5,10,55,53,0.7,MILP,0.998,True,0.0,True,1,398.5399882176773,398.5399882176773,10,617.5943641096366,Optimal,True,Optimal,heuristic,0.09919751999768778
5,10,55,53,0.7,Dijkstra,0.998,True,0.0,True,1,398.5399882176773,398.5399882176773,10,617.5943641096366,Optimal,True,Optimal,heuristic,0.0003508100016915705
5,10,55,53,0.8,ILP,0.998,True,0.0,True,1,265.69332547845147,265.69332547845147,10,617.5943641096366,Optimal,True,Optimal,heuristic,0.08810372199877747
5,10,55,53,0.8,MILP,0.998,True,0.0,True,1,265.69332547845147,265.69332547845147,10,617.5943641096366,Optimal,True,Optimal,heuristic,0.10404563100019004
5,10,55,53,0.8,Dijkstra,0.998,True,0.0,True,1,265.69332547845147,265.69332547845147,10,617.5943641096366,Optimal,True,Optimal,heuristic,0.0004061879990331363
5,10,55,53,0.9,ILP,0.998,True,0.0,True,1,132.84666273922562,132.84666273922562,10,617.5943641096366,Optimal,True,Optimal,heuristic,0.0908931730009499
5,10,55,53,0.9,MILP,0.998,True,0.0,True,1,132.84666273922562,132.84666273922562,10,617.5943641096366,Optimal,True,Optimal,heuristic,0.09575772099924507
5,10,55,53,0.9,Dijkstra,0.998,True,0.0,True,1,132.84666273922562,132.84666273922562,10,617.5943641096366,Optimal,True,Optimal,heuristic,0.00036661500053014606
5,11,17,41,0.5,ILP,0.97,True,0.0,True,15,1689.7814725266835,677.578917301563,4,205.20640960788484,Optimal,True,Optimal,heuristic,0.8174932940019062
5,11,17,41,0.5,MILP,0.97,True,0.0,True,15,1689.7814725266835,677.578917301563,4,205.20640960788484,Optimal,True,Optimal,heuristic,0.2265477050023037
5,11,17,41,0.5,Dijkstra,0.97,True,0.0,True,15,1689.7814725266835,677.578917301563,4,205.20640960788484,Optimal,True,Optimal,heuristic,0.0003713100013555959
5,11,17,41,0.6,ILP,0.98,True,0.0,True,10,1024.1032415562995,621.2968628295314,4,205.20640960788484,Optimal,True,Optimal,heuristic,0.6659566169983009
5,11,17,41,0.6,MILP,0.98,True,0.0,True,10,1024.1032415562995,621.2968628295314,4,205.20640960788484,Optimal,True,Optimal,heuristic,0.4339570709998952
5,11,17,41,0.6,Dijkstra,0.98,True,0.0,True,10,1024.1032415562995,621.2968628295314,4,205.20640960788484,Optimal,True,Optimal,heuristic,0.0003934029991796706
5,11,17,41,0.7,ILP,0.992,True,0.0,True,4,643.0189143077628,565.0148083574998,4,205.20640960788484,Optimal,True,Optimal,heuristic,0.8133472459994664
5,11,17,41,0.7,MILP,0.992,True,0.0,True,4,643.0189143077628,565.0148083574998,4,205.20640960788484,Optimal,True,Optimal,heuristic,0.5232628430021578
5,11,17,41,0.7,Dijkstra,0.992,True,0.0,True,4,643.0189143077628,565.0148083574998,4,205.20640960788484,Optimal,True,Optimal,heuristic,0.00035546100116334856
5,11,17,41,0.8,ILP,0.998,True,0.0,True,1,508.7327538854681,508.7327538854681,4,205.20640960788484,Optimal,True,Optimal,heuristic,0.18470762700235355
5,11,17,41,0.8,MILP,0.98,False,0.018000000000000016,False,10,360.9739297017852,145.47220023193017,8,329.2634791426574,Optimal,True,Optimal,heuristic,0.4842453650016978
5,11,17,41,0.8,Dijkstra,0.998,True,0.0,True,1,508.7327538854681,508.7327538854681,4,205.20640960788484,Optimal,True,Optimal,heuristic,0.00033141099993372336
5,11,17,41,0.9,ILP,0.998,True,0.0,True,1,452.4506994134365,452.4506994134365,4,205.20640960788484,Optimal,True,Optimal,heuristic,0.1734855079994304
5,11,17,41,0.9,MILP,0.996,False,0.0020000000000000018,False,2,96.89442467176752,89.19014575989843,8,329.2634791426574,Optimal,True,Optimal,heuristic,0.3848607740001171
5,11,17,41,0.9,Dijkstra,0.998,True,0.0,True,1,452.4506994134365,452.4506994134365,4,205.20640960788484,Optimal,True,Optimal,heuristic,0.00047098700088099577
5,12,45,23,0.5,ILP,0.964,True,0.0,True,18,2575.5875937484616,414.4703774041524,8,288.46697369693607,Optimal,True,Optimal,heuristic,0.48821346499971696
5,12,45,23,0.5,MILP,0.964,True,0.0,True,18,2575.5875937484616,414.4703774041524,8,288.46697369693607,Optimal,True,Optimal,heuristic,0.12313371999698575
5,12,45,23,0.5,Dijkstra,0.964,True,0.0,True,18,2575.5875937484616,414.4703774041524,8,288.46697369693607,Optimal,True,Optimal,heuristic,0.0004564540031424258
5,12,45,23,0.6,ILP,0.978,True,0.0,True,11,1352.0079398445707,331.5763019233219,8,288.46697369693607,Optimal,True,Optimal,heuristic,0.30169137199845864
5,12,45,23,0.6,MILP,0.978,False,0.0,True,11,1352.0079398445712,331.57630192332203,8,288.46697369693607,Optimal,True,Optimal,heuristic,0.19118307900134823
5,12,45,23,0.6,Dijkstra,0.978,True,0.0,True,11,1352.0079398445707,331.5763019233219,8,288.46697369693607,Optimal,True,Optimal,heuristic,0.00033950700162677094
5,12,45,23,0.7,ILP,0.988,True,0.0,True,6,592.4416050029351,248.68222644249147,8,288.46697369693607,Optimal,True,Optimal,heuristic,0.34813011799997184
5,12,45,23,0.7,MILP,0.988,False,0.0,True,6,592.4416050029355,248.68222644249158,8,288.46697369693607,Optimal,True,Optimal,heuristic,0.12882248699679621
5,12,45,23,0.7,Dijkstra,0.988,True,0.0,True,6,592.4416050029351,248.68222644249147,8,288.46697369693607,Optimal,True,Optimal,heuristic,0.0004173540000920184
5,12,45,23,0.8,ILP,0.994,True,0.0,True,3,233.31412574469152,165.78815096166102,7,288.46697369693607,Optimal,True,Optimal,heuristic,0.17345486100020935
5,12,45,23,0.8,MILP,0.994,False,0.0,True,3,233.3141257446913,165.7881509616609,8,288.46697369693607,Optimal,True,Optimal,heuristic,0.13284817000021576
5,12,45,23,0.8,Dijkstra,0.994,False,0.0,True,3,233.3141257446913,165.7881509616609,8,288.46697369693607,Optimal,True,Optimal,heuristic,0.0004795060012838803
5,12,45,23,0.9,ILP,0.998,True,0.0,True,1,82.89407548083045,82.89407548083045,8,288.46697369693607,Optimal,True,Optimal,heuristic,0.11123680300079286
5,12,45,23,0.9,MILP,0.998,True,0.0,True,1,82.89407548083045,82.89407548083045,8,288.46697369693607,Optimal,True,Optimal,heuristic,0.10349953399781953
5,12,45,23,0.9,Dijkstra,0.998,True,0.0,True,1,82.89407548083045,82.89407548083045,8,288.46697369693607,Optimal,True,Optimal,heuristic,0.00037350999991758727
5,13,4,63,0.5,ILP,0.942,True,0.0,True,29,1440.3126455569095,215.32522286377696,4,145.32469761897949,Optimal,True,Optimal,heuristic,0.4330945840010827
5,13,4,63,0.5,MILP,0.942,True,0.0,True,29,1440.3126455569095,215.32522286377696,4,145.32469761897949,Optimal,True,Optimal,heuristic,0.1406250079999154
5,13,4,63,0.5,Dijkstra,0.942,True,0.0,True,29,1440.3126455569095,215.32522286377696,4,145.32469761897949,Optimal,True,Optimal,heuristic,0.00032778400054667145
5,13,4,63,0.6,ILP,0.978,True,0.0,True,11,608.6614335056181,172.26017829102153,4,145.32469761897949,Optimal,True,Optimal,heuristic,0.21374541700060945
5,13,4,63,0.6,MILP,0.978,True,0.0,True,11,608.6614335056181,172.26017829102153,4,145.32469761897949,Optimal,True,Optimal,heuristic,0.16762758999902871
5,13,4,63,0.6,Dijkstra,0.978,True,0.0,True,11,608.6614335056181,172.26017829102153,4,145.32469761897949,Optimal,True,Optimal,heuristic,0.0003442630004428793
5,13,4,63,0.7,ILP,0.99,True,0.0,True,5,352.0376829991435,129.1951337182661,4,145.32469761897954,Optimal,True,Optimal,heuristic,0.1469171329990786
5,13,4,63,0.7,MILP,0.99,False,0.0,True,5,352.03768299914356,129.19513371826616,4,145.32469761897949,Optimal,True,Optimal,heuristic,0.14894498099965858
5,13,4,63,0.7,Dijkstra,0.99,False,0.0,True,5,352.03768299914356,129.19513371826616,4,145.32469761897949,Optimal,True,Optimal,heuristic,0.0003972810009145178
5,13,4,63,0.8,ILP,0.994,True,0.0,True,3,213.64692855372903,86.13008914551074,4,145.32469761897949,Optimal,True,Optimal,heuristic,0.14064401799987536
5,13,4,63,0.8,MILP,0.994,True,0.0,True,3,213.64692855372903,86.13008914551074,4,145.32469761897949,Optimal,True,Optimal,heuristic,0.15915372400195338
5,13,4,63,0.8,Dijkstra,0.994,True,0.0,True,3,213.64692855372903,86.13008914551074,4,145.32469761897949,Optimal,True,Optimal,heuristic,0.00034917799712275155
5,13,4,63,0.9,ILP,0.994,True,0.0,True,3,84.45179483546292,43.06504457275537,4,145.32469761897949,Optimal,True,Optimal,heuristic,0.22411170600025798
5,13,4,63,0.9,MILP,0.994,True,0.0,True,3,84.45179483546292,43.06504457275537,4,145.32469761897949,Optimal,True,Optimal,heuristic,0.1572735100016871
5,13,4,63,0.9,Dijkstra,0.994,True,0.0,True,3,84.45179483546292,43.06504457275537,4,145.32469761897949,Optimal,True,Optimal,heuristic,0.0003323300006741192
5,14,44,50,0.5,ILP,0.89,True,0.0,True,55,4203.229993318318,298.30836256619966,5,255.4945860278568,Optimal,True,Optimal,heuristic,0.8126059210007952
5,14,44,50,0.5,MILP,0.89,True,0.0,True,55,4203.229993318318,298.30836256619966,5,255.4945860278568,Optimal,True,Optimal,heuristic,0.21771130300112418
5,14,44,50,0.5,Dijkstra,0.89,True,0.0,True,55,4203.229993318318,298.30836256619966,5,255.4945860278568,Optimal,True,Optimal,heuristic,0.0003359140027896501
5,14,44,50,0.6,ILP,0.948,True,0.0,True,26,1978.035404304353,238.64669005295974,5,255.4945860278568,Optimal,True,Optimal,heuristic,0.5742012750015419
5,14,44,50,0.6,MILP,0.948,True,0.0,True,26,1978.035404304353,238.64669005295974,5,255.4945860278568,Optimal,True,Optimal,heuristic,0.14707540800009156
5,14,44,50,0.6,Dijkstra,0.948,True,0.0,True,26,1978.035404304353,238.64669005295974,5,255.4945860278568,Optimal,True,Optimal,heuristic,0.0003882969976984896
5,14,44,50,0.7,ILP,0.978,True,0.0,True,11,1351.456204428799,241.80908416153034,6,266.43366095640226,Optimal,True,Optimal,heuristic,0.4150740670011146
5,14,44,50,0.7,MILP,0.978,False,0.0,True,11,935.4743926795534,178.98501753971982,5,255.4945860278568,Optimal,True,Optimal,heuristic,0.1366945810004836
5,14,44,50,0.7,Dijkstra,0.978,False,0.0,True,11,935.4743926795534,178.98501753971982,5,255.4945860278568,Optimal,True,Optimal,heuristic,0.0004575460006890353
5,14,44,50,0.8,ILP,0.986,True,0.0,True,7,416.8860520261321,119.32334502647984,5,255.4945860278568,Optimal,True,Optimal,heuristic,0.23081364500103518
5,14,44,50,0.8,MILP,0.986,True,0.0,True,7,416.8860520261321,119.32334502647984,5,255.4945860278568,Optimal,True,Optimal,heuristic,0.12991214399880846
5,14,44,50,0.8,Dijkstra,0.986,True,0.0,True,7,416.8860520261321,119.32334502647984,5,255.4945860278568,Optimal,True,Optimal,heuristic,0.00047328599976026453
5,14,44,50,0.9,ILP,0.994,True,0.0,True,3,105.20499540717378,59.66167251323998,5,255.4945860278568,Optimal,True,Optimal,heuristic,0.20483542600049987
5,14,44,50,0.9,MILP,0.994,True,0.0,True,3,105.20499540717378,59.66167251323998,5,255.4945860278568,Optimal,True,Optimal,heuristic,0.11352304399770219
5,14,44,50,0.9,Dijkstra,0.994,True,0.0,True,3,105.20499540717378,59.66167251323998,5,255.4945860278568,Optimal,True,Optimal,heuristic,0.0003422350018809084
5,15,49,12,0.5,ILP,0.972,True,0.0,True,14,1552.4905559254883,299.6007524618377,2,101.50236429426212,Optimal,True,Optimal,heuristic,0.13579873599883285
5,15,49,12,0.5,MILP,0.972,True,0.0,True,14,1552.4905559254883,299.6007524618377,2,101.50236429426212,Optimal,True,Optimal,heuristic,0.1674418570000853
5,15,49,12,0.5,Dijkstra,0.972,True,0.0,True,14,1552.4905559254883,299.6007524618377,2,101.50236429426212,Optimal,True,Optimal,heuristic,0.0003323739983898122
5,15,49,12,0.6,ILP,0.984,True,0.0,True,8,891.5272338965266,239.68060196947016,1,101.5023642942621,Optimal,True,Optimal,heuristic,0.18488582799909636
5,15,49,12,0.6,MILP,0.984,False,0.0,True,8,891.5272338965267,239.68060196947016,2,101.50236429426212,Optimal,True,Optimal,heuristic,0.16887660100110224
5,15,49,12,0.6,Dijkstra,0.984,False,0.0,True,8,891.5272338965267,239.68060196947016,2,101.50236429426212,Optimal,True,Optimal,heuristic,0.0003590599990275223
5,15,49,12,0.7,ILP,0.99,True,0.0,True,5,534.0966429167217,179.76045147710266,2,101.50236429426212,Optimal,True,Optimal,heuristic,0.18133483299970976
5,15,49,12,0.7,MILP,0.99,True,0.0,True,5,534.0966429167217,179.76045147710266,2,101.50236429426212,Optimal,True,Optimal,heuristic,0.12154772199937725
5,15,49,12,0.7,Dijkstra,0.99,True,0.0,True,5,534.0966429167217,179.76045147710266,2,101.50236429426212,Optimal,True,Optimal,heuristic,0.00033486100073787384
5,15,49,12,0.8,ILP,0.99,True,0.0,True,5,234.4958904548837,119.84030098473505,2,101.50236429426212,Optimal,True,Optimal,heuristic,0.13014309800200863
5,15,49,12,0.8,MILP,0.99,True,0.0,True,5,234.4958904548837,119.84030098473505,2,101.50236429426212,Optimal,True,Optimal,heuristic,0.10174729700156604
5,15,49,12,0.8,Dijkstra,0.99,True,0.0,True,5,234.4958904548837,119.84030098473505,2,101.50236429426212,Optimal,True,Optimal,heuristic,0.0003337540001666639
5,15,49,12,0.9,ILP,0.996,True,0.0,True,2,75.5361294002214,59.9201504923675,2,101.50236429426212,Optimal,True,Optimal,heuristic,0.10922456200205488
5,15,49,12,0.9,MILP,0.996,True,0.0,True,2,75.5361294002214,59.9201504923675,2,101.50236429426212,Optimal,True,Optimal,heuristic,0.10513240599902929
5,15,49,12,0.9,Dijkstra,0.996,True,0.0,True,2,75.5361294002214,59.9201504923675,2,101.50236429426212,Optimal,True,Optimal,heuristic,0.00030821600012131967
5,16,32,2,0.5,ILP,0.95,True,0.0,True,25,1524.7091137142875,238.7626060961361,4,164.62910430317953,Optimal,True,Optimal,heuristic,0.6453760080003121
5,16,32,2,0.5,MILP,0.95,False,0.0,True,25,1524.7091137142882,238.7626060961361,5,164.62910430317953,Optimal,True,Optimal,heuristic,0.29165123400161974
5,16,32,2,0.5,Dijkstra,0.95,False,0.0,True,25,1524.7091137142882,238.7626060961361,5,164.62910430317953,Optimal,True,Optimal,heuristic,0.0003791089984588325
5,16,32,2,0.6,ILP,0.98,True,0.0,True,10,718.8777397148737,191.01008487690888,5,164.62910430317953,Optimal,True,Optimal,heuristic,0.26542382200204884
5,16,32,2,0.6,MILP,0.98,True,0.0,True,10,718.8777397148737,191.01008487690888,5,164.62910430317953,Optimal,True,Optimal,heuristic,0.22453156299889088
5,16,32,2,0.6,Dijkstra,0.98,True,0.0,True,10,718.8777397148737,191.01008487690888,5,164.62910430317953,Optimal,True,Optimal,heuristic,0.0003656150001916103
5,16,32,2,0.7,ILP,0.988,True,0.0,True,6,371.49595210768643,143.25756365768166,5,164.62910430317953,Optimal,True,Optimal,heuristic,0.23718553599974257
5,16,32,2,0.7,MILP,0.988,False,0.0,True,6,371.4959521076869,143.25756365768177,5,164.62910430317953,Optimal,True,Optimal,heuristic,0.18147019800017006
5,16,32,2,0.7,Dijkstra,0.988,True,0.0,True,6,371.49595210768643,143.25756365768166,5,164.62910430317953,Optimal,True,Optimal,heuristic,0.0004491360014071688
5,16,32,2,0.8,ILP,0.992,True,0.0,True,4,156.67353545900352,95.50504243845444,5,164.62910430317953,Optimal,True,Optimal,heuristic,0.24758753000060096
5,16,32,2,0.8,MILP,0.992,True,0.0,True,4,156.67353545900352,95.50504243845444,5,164.62910430317953,Optimal,True,Optimal,heuristic,0.13132641300035175
5,16,32,2,0.8,Dijkstra,0.992,True,0.0,True,4,156.67353545900352,95.50504243845444,5,164.62910430317953,Optimal,True,Optimal,heuristic,0.00037348499972722493
5,16,32,2,0.9,ILP,0.998,True,0.0,True,1,47.75252121922722,47.75252121922722,5,164.62910430317953,Optimal,True,Optimal,heuristic,0.1788734360015951
5,16,32,2,0.9,MILP,0.998,False,0.0,True,1,47.75252121922722,47.75252121922722,4,164.62910430317945,Optimal,True,Optimal,heuristic,0.13492007099921466
5,16,32,2,0.9,Dijkstra,0.998,True,0.0,True,1,47.75252121922722,47.75252121922722,5,164.62910430317953,Optimal,True,Optimal,heuristic,0.0004031830030726269
5,17,35,10,0.5,ILP,0.94,True,0.0,True,30,3107.4400573619564,363.2763177029757,9,312.16753554735436,Optimal,True,Optimal,heuristic,0.3153669950006588
5,17,35,10,0.5,MILP,0.94,True,0.0,True,30,3107.4400573619564,363.2763177029757,9,312.16753554735436,Optimal,True,Optimal,heuristic,0.10572069399859174
5,17,35,10,0.5,Dijkstra,0.94,True,0.0,True,30,3107.4400573619564,363.2763177029757,9,312.16753554735436,Optimal,True,Optimal,heuristic,0.00035281500095152296
5,17,35,10,0.6,ILP,0.972,True,0.0,True,14,1797.536404199704,290.6210541623806,9,312.16753554735436,Optimal,True,Optimal,heuristic,0.1663802469993243
5,17,35,10,0.6,MILP,0.972,True,0.0,True,14,1797.536404199704,290.6210541623806,9,312.16753554735436,Optimal,True,Optimal,heuristic,0.1262814920009987
5,17,35,10,0.6,Dijkstra,0.972,True,0.0,True,14,1797.536404199704,290.6210541623806,9,312.16753554735436,Optimal,True,Optimal,heuristic,0.0004176580005150754
5,17,35,10,0.7,ILP,0.982,True,0.0,True,9,1041.7410833334661,217.96579062178546,9,312.16753554735436,Optimal,True,Optimal,heuristic,0.14389912399929017
5,17,35,10,0.7,MILP,0.982,True,0.0,True,9,1041.7410833334661,217.96579062178546,9,312.16753554735436,Optimal,True,Optimal,heuristic,0.11258242999974755
5,17,35,10,0.7,Dijkstra,0.982,True,0.0,True,9,1041.7410833334661,217.96579062178546,9,312.16753554735436,Optimal,True,Optimal,heuristic,0.00034151100044255145
5,17,35,10,0.8,ILP,0.988,True,0.0,True,6,480.7639341498332,145.31052708119023,9,312.16753554735436,Optimal,True,Optimal,heuristic,0.129403299997648
5,17,35,10,0.8,MILP,0.988,True,0.0,True,6,480.7639341498332,145.31052708119023,9,312.16753554735436,Optimal,True,Optimal,heuristic,0.10486113500155625
5,17,35,10,0.8,Dijkstra,0.988,True,0.0,True,6,480.7639341498332,145.31052708119023,9,312.16753554735436,Optimal,True,Optimal,heuristic,0.0005695399995602202
5,17,35,10,0.9,ILP,0.992,True,0.0,True,4,155.3696779932793,72.65526354059512,9,312.16753554735436,Optimal,True,Optimal,heuristic,0.1543236470024567
5,17,35,10,0.9,MILP,0.992,True,0.0,True,4,155.3696779932793,72.65526354059512,9,312.16753554735436,Optimal,True,Optimal,heuristic,0.1131605730006413
5,17,35,10,0.9,Dijkstra,0.992,True,0.0,True,4,155.3696779932793,72.65526354059512,9,312.16753554735436,Optimal,True,Optimal,heuristic,0.000375580999389058
5,18,48,44,0.5,ILP,0.972,True,0.0,True,14,1985.1220736959726,412.00348664685976,8,281.5487298798387,Optimal,True,Optimal,heuristic,0.29274681699826033
5,18,48,44,0.5,MILP,0.972,True,0.0,True,14,1985.1220736959726,412.00348664685976,8,281.5487298798387,Optimal,True,Optimal,heuristic,0.10149374400134548
5,18,48,44,0.5,Dijkstra,0.972,True,0.0,True,14,1985.1220736959726,412.00348664685976,8,281.5487298798387,Optimal,True,Optimal,heuristic,0.00034823200257960707
5,18,48,44,0.6,ILP,0.986,True,0.0,True,7,1073.481889444674,329.6027893174878,8,281.5487298798387,Optimal,True,Optimal,heuristic,0.13075404899791465
5,18,48,44,0.6,MILP,0.986,True,0.0,True,7,1073.481889444674,329.6027893174878,8,281.5487298798387,Optimal,True,Optimal,heuristic,0.09522465800182545
5,18,48,44,0.6,Dijkstra,0.986,True,0.0,True,7,1073.481889444674,329.6027893174878,8,281.5487298798387,Optimal,True,Optimal,heuristic,0.0004099020006833598
5,18,48,44,0.7,ILP,0.992,True,0.0,True,4,703.0294964497782,247.20209198811585,8,281.5487298798387,Optimal,True,Optimal,heuristic,0.1194807719984965
5,18,48,44,0.7,MILP,0.992,True,0.0,True,4,703.0294964497782,247.20209198811585,8,281.5487298798387,Optimal,True,Optimal,heuristic,0.13541082799929427
5,18,48,44,0.7,Dijkstra,0.992,True,0.0,True,4,703.0294964497782,247.20209198811585,8,281.5487298798387,Optimal,True,Optimal,heuristic,0.0004244759984430857
5,18,48,44,0.8,ILP,0.994,True,0.0,True,3,389.7362815568853,164.8013946587439,8,281.5487298798387,Optimal,True,Optimal,heuristic,0.10556311999971513
5,18,48,44,0.8,MILP,0.994,True,0.0,True,3,389.7362815568853,164.8013946587439,8,281.5487298798387,Optimal,True,Optimal,heuristic,0.09491201499986346
5,18,48,44,0.8,Dijkstra,0.994,True,0.0,True,3,389.7362815568853,164.8013946587439,8,281.5487298798387,Optimal,True,Optimal,heuristic,0.0004241919996275101
5,18,48,44,0.9,ILP,0.996,True,0.0,True,2,158.74380507023898,82.40069732937195,8,281.5487298798387,Optimal,True,Optimal,heuristic,0.10235837599975639
5,18,48,44,0.9,MILP,0.996,True,0.0,True,2,158.74380507023898,82.40069732937195,8,281.5487298798387,Optimal,True,Optimal,heuristic,0.0888657850009622
5,18,48,44,0.9,Dijkstra,0.996,True,0.0,True,2,158.74380507023898,82.40069732937195,8,281.5487298798387,Optimal,True,Optimal,heuristic,0.0003838379998342134
5,19,26,21,0.5,ILP,0.9359999999999999,True,0.0,True,32,3449.684756055832,530.2989526321508,12,618.8716616500303,Optimal,True,Optimal,heuristic,0.6842088539997349
5,19,26,21,0.5,MILP,0.9359999999999999,True,0.0,True,32,3449.684756055832,530.2989526321508,12,618.8716616500303,Optimal,True,Optimal,heuristic,0.15383361800195416
5,19,26,21,0.5,Dijkstra,0.9359999999999999,True,0.0,True,32,3449.684756055832,530.2989526321508,12,618.8716616500303,Optimal,True,Optimal,heuristic,0.00041929799772333354
5,19,26,21,0.6,ILP,0.97,True,0.0,True,15,1519.1168235106743,398.48653714049556,12,628.0772766102581,Optimal,True,Optimal,heuristic,0.5088155400007963
5,19,26,21,0.6,MILP,0.968,False,0.0020000000000000018,False,16,1422.3159484477164,434.01228749171446,12,618.8716616500303,Optimal,True,Optimal,heuristic,0.15057308399991598
5,19,26,21,0.6,Dijkstra,0.968,False,0.0020000000000000018,False,16,1422.3159484477164,434.01228749171446,12,618.8716616500303,Optimal,True,Optimal,heuristic,0.00035231999936513603
5,19,26,21,0.7,ILP,0.994,True,0.0,True,3,664.6440773014394,337.7256223512784,12,618.8716616500303,Optimal,True,Optimal,heuristic,0.1320521630004805
5,19,26,21,0.7,MILP,0.992,False,0.0020000000000000018,False,4,650.7383698333026,288.85999542130867,14,639.0163515388062,Optimal,True,Optimal,heuristic,0.12347683100233553
5,19,26,21,0.7,Dijkstra,0.994,True,0.0,True,3,664.6440773014394,337.7256223512784,12,618.8716616500303,Optimal,True,Optimal,heuristic,0.0004418739990796894
5,19,26,21,0.8,ILP,0.994,True,0.0,True,3,334.0233702151438,228.09908063208923,13,629.8107365785758,Optimal,True,Optimal,heuristic,0.134456430998398
5,19,26,21,0.8,MILP,0.994,True,0.0,True,3,334.0233702151438,228.09908063208923,13,629.8107365785758,Optimal,True,Optimal,heuristic,0.11977051999929245
5,19,26,21,0.8,Dijkstra,0.994,False,0.0,True,3,375.78408188013054,241.4389572108421,12,618.8716616500303,Optimal,True,Optimal,heuristic,0.00052954700004193
5,19,26,21,0.9,ILP,0.998,True,0.0,True,1,96.2866651404363,96.2866651404363,14,639.0163515388062,Optimal,True,Optimal,heuristic,0.10030934400128899
5,19,26,21,0.9,MILP,0.998,True,0.0,True,1,96.2866651404363,96.2866651404363,14,639.0163515388062,Optimal,True,Optimal,heuristic,0.11409178800022346
5,19,26,21,0.9,Dijkstra,0.998,False,0.0,True,1,145.15229207040602,145.15229207040602,12,618.8716616500303,Optimal,True,Optimal,heuristic,0.000405778999265749
6,0,34,63,0.5,ILP,0.906,True,0.0,True,47,3516.012341250679,313.49700932104366,6,322.89309563383426,Optimal,True,Optimal,heuristic,3.682586071001424
6,0,34,63,0.5,MILP,0.906,True,0.0,True,47,3516.012341250679,313.49700932104366,6,322.89309563383426,Optimal,True,Optimal,heuristic,1.5124965860013617
6,0,34,63,0.5,Dijkstra,0.874,False,0.03200000000000003,False,63,9527.530390871561,1390.9376139209437,5,313.06064724746324,Optimal,True,Optimal,heuristic,0.00033610299942665733
6,0,34,63,0.6,ILP,0.962,True,0.0,True,19,1617.0233463768895,250.79760745683393,5,322.8930956338337,Optimal,True,Optimal,heuristic,2.5581592859998636
6,0,34,63,0.6,MILP,0.962,False,0.0,True,19,1617.0233463769014,250.79760745683495,6,322.89309563383426,Optimal,True,Optimal,heuristic,0.9486473800025124
6,0,34,63,0.6,Dijkstra,0.922,False,0.039999999999999925,False,39,6440.474151943521,1328.238212056735,5,313.06064724746324,Optimal,True,Optimal,heuristic,0.0005138500018802006
6,0,34,63,0.7,ILP,0.98,True,0.0,True,10,726.8352219569256,188.0982055926263,6,322.89309563383426,Optimal,True,Optimal,heuristic,1.1456995959997585
6,0,34,63,0.7,MILP,0.98,True,0.0,True,10,726.8352219569256,188.0982055926263,6,322.89309563383426,Optimal,True,Optimal,heuristic,0.7815717279991077
6,0,34,63,0.7,Dijkstra,0.952,False,0.028000000000000025,False,24,4514.063459678857,1265.5388101925264,5,313.06064724746324,Optimal,True,Optimal,heuristic,0.0003999800028395839
6,0,34,63,0.8,ILP,0.994,True,0.0,True,3,274.168543244744,125.39880372841742,6,322.89309563383426,Optimal,True,Optimal,heuristic,0.2903244720000657
6,0,34,63,0.8,MILP,0.994,False,0.0,True,3,274.1685432447417,125.39880372842117,6,322.89309563383864,Optimal,True,Optimal,heuristic,0.31852952799818013
6,0,34,63,0.8,Dijkstra,0.964,False,0.030000000000000027,False,18,3172.135207403783,1202.8394083283174,5,313.06064724746324,Optimal,True,Optimal,heuristic,0.0004842790003749542
6,0,34,63,0.9,ILP,0.996,True,0.0,True,2,150.3349138446082,145.55905367951652,8,396.58104429648523,Optimal,True,Optimal,heuristic,0.7485293749996345
6,0,34,63,0.9,MILP,0.996,False,0.0,True,2,95.50321470222582,62.69940186420911,5,322.893095633834,Optimal,True,Optimal,heuristic,0.28968776399779017
6,0,34,63,0.9,Dijkstra,0.974,False,0.02200000000000002,False,13,2219.207716968039,1140.1400064641089,5,313.06064724746324,Optimal,True,Optimal,heuristic,0.00041156199949909933
6,1,47,49,0.5,ILP,0.998,True,0.0,True,1,149.0560953153122,149.0560953153122,1,25.012421541575982,Optimal,True,Optimal,heuristic,0.10317128899987438
6,1,47,49,0.5,MILP,0.998,True,0.0,True,1,149.0560953153122,149.0560953153122,1,25.012421541575982,Optimal,True,Optimal,heuristic,0.09935608000159846
6,1,47,49,0.5,Dijkstra,0.998,True,0.0,True,1,149.0560953153122,149.0560953153122,1,25.012421541575982,Optimal,True,Optimal,heuristic,0.00031202500031213276
6,1,47,49,0.6,ILP,0.998,True,0.0,True,1,119.24487625224975,119.24487625224975,1,25.012421541575982,Optimal,True,Optimal,heuristic,0.10603714299941203
6,1,47,49,0.6,MILP,0.998,True,0.0,True,1,119.24487625224975,119.24487625224975,1,25.012421541575982,Optimal,True,Optimal,heuristic,0.10406666599737946
6,1,47,49,0.6,Dijkstra,0.998,True,0.0,True,1,119.24487625224975,119.24487625224975,1,25.012421541575982,Optimal,True,Optimal,heuristic,0.000546286999451695
6,1,47,49,0.7,ILP,0.998,True,0.0,True,1,89.43365718918733,89.43365718918733,1,25.012421541575982,Optimal,True,Optimal,heuristic,0.10306406000017887
6,1,47,49,0.7,MILP,0.998,True,0.0,True,1,89.43365718918733,89.43365718918733,1,25.012421541575982,Optimal,True,Optimal,heuristic,0.09644340199884027
6,1,47,49,0.7,Dijkstra,0.998,True,0.0,True,1,89.43365718918733,89.43365718918733,1,25.012421541575982,Optimal,True,Optimal,heuristic,0.00042984600077033974
6,1,47,49,0.8,ILP,0.998,True,0.0,True,1,59.62243812612485,59.62243812612485,1,25.012421541575982,Optimal,True,Optimal,heuristic,0.09715041299932636
6,1,47,49,0.8,MILP,0.998,True,0.0,True,1,59.62243812612485,59.62243812612485,1,25.012421541575982,Optimal,True,Optimal,heuristic,0.0946987130009802
6,1,47,49,0.8,Dijkstra,0.998,True,0.0,True,1,59.62243812612485,59.62243812612485,1,25.012421541575982,Optimal,True,Optimal,heuristic,0.0003038789982383605
6,1,47,49,0.9,ILP,0.998,True,0.0,True,1,29.811219063062424,29.811219063062424,1,25.012421541575982,Optimal,True,Optimal,heuristic,0.09255760399901192
6,1,47,49,0.9,MILP,0.998,True,0.0,True,1,29.811219063062424,29.811219063062424,1,25.012421541575982,Optimal,True,Optimal,heuristic,0.10483695000220905
6,1,47,49,0.9,Dijkstra,0.998,True,0.0,True,1,29.811219063062424,29.811219063062424,1,25.012421541575982,Optimal,True,Optimal,heuristic,0.00033818199881352484
6,2,46,51,0.5,ILP,0.97,True,0.0,True,15,2258.250429047432,559.9286797590776,8,387.6640515019411,Optimal,True,Optimal,heuristic,0.2401789360010298
6,2,46,51,0.5,MILP,0.97,True,0.0,True,15,2258.250429047432,559.9286797590776,8,387.6640515019411,Optimal,True,Optimal,heuristic,0.10660053500032518
6,2,46,51,0.5,Dijkstra,0.97,True,0.0,True,15,2258.250429047432,559.9286797590776,8,387.6640515019411,Optimal,True,Optimal,heuristic,0.0003674479994515423
6,2,46,51,0.6,ILP,0.984,True,0.0,True,8,1049.1083317403668,447.94294380726205,8,387.6640515019411,Optimal,True,Optimal,heuristic,0.215297927003121
6,2,46,51,0.6,MILP,0.984,True,0.0,True,8,1049.1083317403668,447.94294380726205,8,387.6640515019411,Optimal,True,Optimal,heuristic,0.09655662899967865
6,2,46,51,0.6,Dijkstra,0.984,True,0.0,True,8,1049.1083317403668,447.94294380726205,8,387.6640515019411,Optimal,True,Optimal,heuristic,0.00040448100116918795
6,2,46,51,0.7,ILP,0.994,True,0.0,True,3,481.37983838786806,335.95720785544654,8,387.6640515019411,Optimal,True,Optimal,heuristic,0.13480227299805847
6,2,46,51,0.7,MILP,0.994,False,0.0,True,3,481.37983838786806,335.95720785544654,8,387.6640515019411,Optimal,True,Optimal,heuristic,0.1034118989991839
6,2,46,51,0.7,Dijkstra,0.994,False,0.0,True,3,481.37983838786806,335.95720785544654,8,387.6640515019411,Optimal,True,Optimal,heuristic,0.0003689149998535868
6,2,46,51,0.8,ILP,0.998,True,0.0,True,1,223.97147190363103,223.97147190363103,8,387.6640515019411,Optimal,True,Optimal,heuristic,0.09090428600029554
6,2,46,51,0.8,MILP,0.998,True,0.0,True,1,223.97147190363103,223.97147190363103,8,387.6640515019411,Optimal,True,Optimal,heuristic,0.09035911999671953
6,2,46,51,0.8,Dijkstra,0.998,True,0.0,True,1,223.97147190363103,223.97147190363103,8,387.6640515019411,Optimal,True,Optimal,heuristic,0.0003662689996417612
6,2,46,51,0.9,ILP,0.998,True,0.0,True,1,111.98573595181551,111.98573595181551,8,387.6640515019411,Optimal,True,Optimal,heuristic,0.09618513299938058
6,2,46,51,0.9,MILP,0.998,True,0.0,True,1,111.98573595181551,111.98573595181551,8,387.6640515019411,Optimal,True,Optimal,heuristic,0.09105515699775424
6,2,46,51,0.9,Dijkstra,0.998,True,0.0,True,1,111.98573595181551,111.98573595181551,8,387.6640515019411,Optimal,True,Optimal,heuristic,0.0003778930004045833
6,3,33,8,0.5,ILP,0.982,True,0.0,True,9,1845.04585493359,466.892427237176,2,150.97701667708517,Optimal,True,Optimal,heuristic,0.29162479599835933
6,3,33,8,0.5,MILP,0.982,False,0.0,True,9,1845.0458549335895,466.89242723717575,1,150.97701667708495,Optimal,True,Optimal,heuristic,0.23078669300230104
6,3,33,8,0.5,Dijkstra,0.982,True,0.0,True,9,1845.04585493359,466.892427237176,2,150.97701667708517,Optimal,True,Optimal,heuristic,0.00035405500238994136
6,3,33,8,0.6,ILP,0.99,True,0.0,True,5,1135.2696957115827,373.5139417897409,2,150.97701667708517,Optimal,True,Optimal,heuristic,0.21574808200239204
6,3,33,8,0.6,MILP,0.99,True,0.0,True,5,1135.2696957115827,373.5139417897409,2,150.97701667708517,Optimal,True,Optimal,heuristic,0.3358501910006453
6,3,33,8,0.6,Dijkstra,0.99,True,0.0,True,5,1135.2696957115827,373.5139417897409,2,150.97701667708517,Optimal,True,Optimal,heuristic,0.00036442499913391657
6,3,33,8,0.7,ILP,0.994,True,0.0,True,3,680.8668113545616,280.1354563423057,2,150.97701667708517,Optimal,True,Optimal,heuristic,0.18514184699961334
6,3,33,8,0.7,MILP,0.994,True,0.0,True,3,680.8668113545616,280.1354563423057,2,150.97701667708517,Optimal,True,Optimal,heuristic,0.4709678279978107
6,3,33,8,0.7,Dijkstra,0.994,True,0.0,True,3,680.8668113545616,280.1354563423057,2,150.97701667708517,Optimal,True,Optimal,heuristic,0.0004155570022703614
6,3,33,8,0.8,ILP,0.994,True,0.0,True,3,400.7313550122557,186.7569708948704,2,150.97701667708517,Optimal,True,Optimal,heuristic,0.26637044600283843
6,3,33,8,0.8,MILP,0.994,False,0.0,True,3,400.7313550122569,186.75697089486914,1,150.9770166770821,Optimal,True,Optimal,heuristic,0.7055741430012858
6,3,33,8,0.8,Dijkstra,0.994,True,0.0,True,3,400.7313550122557,186.7569708948704,2,150.97701667708517,Optimal,True,Optimal,heuristic,0.000379430999601027
6,3,33,8,0.9,ILP,0.996,True,0.0,True,2,162.45835206548873,93.3784854474352,2,150.97701667708517,Optimal,True,Optimal,heuristic,0.4244023229985032
6,3,33,8,0.9,MILP,0.996,False,0.0,True,2,162.45835206548873,93.3784854474352,2,150.97701667708517,Optimal,True,Optimal,heuristic,0.2184422190002806
6,3,33,8,0.9,Dijkstra,0.996,True,0.0,True,2,162.45835206548873,93.3784854474352,2,150.97701667708517,Optimal,True,Optimal,heuristic,0.00033048100158339366
6,4,54,29,0.5,ILP,0.938,True,0.0,True,31,4695.369650311311,581.1646008349728,11,599.7484447942167,Optimal,True,Optimal,heuristic,1.4735401750003803
6,4,54,29,0.5,MILP,0.938,False,0.0,True,31,4695.369650311312,581.1646008349728,11,599.7484447942167,Optimal,True,Optimal,heuristic,0.42919639899992035
6,4,54,29,0.5,Dijkstra,0.9339999999999999,False,0.0040000000000000036,False,33,4996.410109074221,597.8496625740593,10,581.5072022391589,Optimal,True,Optimal,heuristic,0.00036290700154495426
6,4,54,29,0.6,ILP,0.974,True,0.0,True,13,2205.8059820121193,464.9316806679783,11,599.7484447942167,Optimal,True,Optimal,heuristic,0.9032105840014992
6,4,54,29,0.6,MILP,0.974,True,0.0,True,13,2205.8059820121193,464.9316806679783,11,599.7484447942167,Optimal,True,Optimal,heuristic,0.33122300900140544
6,4,54,29,0.6,Dijkstra,0.972,False,0.0020000000000000018,False,14,2574.004733735619,481.61674240706475,10,581.5072022391589,Optimal,True,Optimal,heuristic,0.0003838880002149381
6,4,54,29,0.7,ILP,0.986,True,0.0,True,7,1084.9395757331934,429.2140712049827,11,617.577118682246,Optimal,True,Optimal,heuristic,0.5711757479984954
6,4,54,29,0.7,MILP,0.986,True,0.0,True,7,1084.9395757331934,429.2140712049827,11,617.577118682246,Optimal,True,Optimal,heuristic,0.5619970519983326
6,4,54,29,0.7,Dijkstra,0.984,False,0.0020000000000000018,False,8,1314.7075374133415,365.38382224007023,10,581.5072022391589,Optimal,True,Optimal,heuristic,0.00040510300095775165
6,4,54,29,0.8,ILP,0.992,True,0.0,True,4,572.0791864961545,312.98115103798796,11,617.577118682246,Optimal,True,Optimal,heuristic,0.36589004400229896
6,4,54,29,0.8,MILP,0.992,True,0.0,True,4,572.0791864961545,312.98115103798796,11,617.577118682246,Optimal,True,Optimal,heuristic,0.40226957200138713
6,4,54,29,0.8,Dijkstra,0.992,False,0.0,True,4,683.9855346223399,249.15090207307549,10,581.5072022391589,Optimal,True,Optimal,heuristic,0.0004158709998591803
6,4,54,29,0.9,ILP,0.996,True,0.0,True,2,224.1840059497215,196.74823087099344,11,617.577118682246,Optimal,True,Optimal,heuristic,0.1427501289981592
6,4,54,29,0.9,MILP,0.996,False,0.0,True,2,197.56033441879367,116.23292016699452,11,599.7484447942167,Optimal,True,Optimal,heuristic,0.12280590999944252
6,4,54,29,0.9,Dijkstra,0.994,False,0.0020000000000000018,False,3,263.2366028375102,132.91798190608097,10,581.5072022391589,Optimal,True,Optimal,heuristic,0.0003852419977192767
6,5,32,24,0.5,ILP,0.976,True,0.0,True,12,1510.252026076738,351.700346466259,7,290.07727197971,Optimal,True,Optimal,heuristic,0.26332435199947213
6,5,32,24,0.5,MILP,0.976,True,0.0,True,12,1510.252026076738,351.700346466259,7,290.07727197971,Optimal,True,Optimal,heuristic,0.1580608160002157
6,5,32,24,0.5,Dijkstra,0.976,True,0.0,True,12,1510.252026076738,351.700346466259,7,290.07727197971,Optimal,True,Optimal,heuristic,0.0003377009998075664
6,5,32,24,0.6,ILP,0.984,True,0.0,True,8,822.0774493005026,281.36027717300726,7,290.07727197971,Optimal,True,Optimal,heuristic,0.2987863650014333
6,5,32,24,0.6,MILP,0.984,True,0.0,True,8,822.0774493005026,281.36027717300726,7,290.07727197971,Optimal,True,Optimal,heuristic,0.1429880100004084
6,5,32,24,0.6,Dijkstra,0.984,True,0.0,True,8,822.0774493005026,281.36027717300726,7,290.07727197971,Optimal,True,Optimal,heuristic,0.0003791819981415756
6,5,32,24,0.7,ILP,0.994,True,0.0,True,3,420.5169130948648,211.0202078797555,7,290.07727197971,Optimal,True,Optimal,heuristic,0.14319446700028493
6,5,32,24,0.7,MILP,0.994,True,0.0,True,3,420.5169130948648,211.0202078797555,7,290.07727197971,Optimal,True,Optimal,heuristic,0.13819195100222714
6,5,32,24,0.7,Dijkstra,0.994,True,0.0,True,3,420.5169130948648,211.0202078797555,7,290.07727197971,Optimal,True,Optimal,heuristic,0.00037111699930392206
6,5,32,24,0.8,ILP,0.994,True,0.0,True,3,209.49670521510916,140.68013858650363,7,290.07727197971,Optimal,True,Optimal,heuristic,0.2476998559977801
6,5,32,24,0.8,MILP,0.994,True,0.0,True,3,209.49670521510916,140.68013858650363,7,290.07727197971,Optimal,True,Optimal,heuristic,0.19922261700048693
6,5,32,24,0.8,Dijkstra,0.994,True,0.0,True,3,209.49670521510916,140.68013858650363,7,290.07727197971,Optimal,True,Optimal,heuristic,0.00040887199793360196
6,5,32,24,0.9,ILP,0.998,True,0.0,True,1,70.34006929325176,70.34006929325176,7,290.07727197971,Optimal,True,Optimal,heuristic,0.14111196699741413
6,5,32,24,0.9,MILP,0.998,True,0.0,True,1,70.34006929325176,70.34006929325176,7,290.07727197971,Optimal,True,Optimal,heuristic,0.14654782400248223
6,5,32,24,0.9,Dijkstra,0.998,True,0.0,True,1,70.34006929325176,70.34006929325176,7,290.07727197971,Optimal,True,Optimal,heuristic,0.0003898210015904624
6,6,50,41,0.5,ILP,0.924,True,0.0,True,38,1676.492460989539,147.39511104595377,1,84.90872605944521,Optimal,True,Optimal,heuristic,0.14063186199928168
6,6,50,41,0.5,MILP,0.924,True,0.0,True,38,1676.492460989539,147.39511104595377,1,84.90872605944521,Optimal,True,Optimal,heuristic,0.15301806699790177
6,6,50,41,0.5,Dijkstra,0.924,True,0.0,True,38,1676.492460989539,147.39511104595377,1,84.90872605944521,Optimal,True,Optimal,heuristic,0.0003453209974395577
6,6,50,41,0.6,ILP,0.958,True,0.0,True,21,811.548708545236,117.91608883676301,1,84.90872605944521,Optimal,True,Optimal,heuristic,0.12611022999772104
6,6,50,41,0.6,MILP,0.958,True,0.0,True,21,811.548708545236,117.91608883676301,1,84.90872605944521,Optimal,True,Optimal,heuristic,0.11740174099759315
6,6,50,41,0.6,Dijkstra,0.958,True,0.0,True,21,811.548708545236,117.91608883676301,1,84.90872605944521,Optimal,True,Optimal,heuristic,0.00041127900112769566
6,6,50,41,0.7,ILP,0.978,True,0.0,True,11,338.53576917410373,88.43706662757228,1,84.90872605944521,Optimal,True,Optimal,heuristic,0.12655687699952978
6,6,50,41,0.7,MILP,0.978,True,0.0,True,11,338.53576917410373,88.43706662757228,1,84.90872605944521,Optimal,True,Optimal,heuristic,0.1050270210034796
6,6,50,41,0.7,Dijkstra,0.978,True,0.0,True,11,338.53576917410373,88.43706662757228,1,84.90872605944521,Optimal,True,Optimal,heuristic,0.00036249400000087917
6,6,50,41,0.8,ILP,0.992,True,0.0,True,4,132.9815690376695,58.95804441838149,1,84.90872605944521,Optimal,True,Optimal,heuristic,0.11027089500203147
6,6,50,41,0.8,MILP,0.992,True,0.0,True,4,132.9815690376695,58.95804441838149,1,84.90872605944521,Optimal,True,Optimal,heuristic,0.1186757649993524
6,6,50,41,0.8,Dijkstra,0.992,True,0.0,True,4,132.9815690376695,58.95804441838149,1,84.90872605944521,Optimal,True,Optimal,heuristic,0.00030917199910618365
6,6,50,41,0.9,ILP,0.996,True,0.0,True,2,37.15685722203551,29.47902220919076,1,84.90872605944521,Optimal,True,Optimal,heuristic,0.1112917140017089
6,6,50,41,0.9,MILP,0.996,True,0.0,True,2,37.15685722203551,29.47902220919076,1,84.90872605944521,Optimal,True,Optimal,heuristic,0.1033454399985203
6,6,50,41,0.9,Dijkstra,0.996,True,0.0,True,2,37.15685722203551,29.47902220919076,1,84.90872605944521,Optimal,True,Optimal,heuristic,0.00032387399915023707
6,7,26,53,0.5,ILP,0.916,True,0.0,True,42,6663.538765053041,831.2460940301551,12,647.4613255679351,Optimal,True,Optimal,heuristic,0.4131190500011144
6,7,26,53,0.5,MILP,0.916,True,0.0,True,42,6663.538765053041,831.2460940301551,12,647.4613255679351,Optimal,True,Optimal,heuristic,0.11988544999985606
6,7,26,53,0.5,Dijkstra,0.916,True,0.0,True,42,6663.538765053041,831.2460940301551,12,647.4613255679351,Optimal,True,Optimal,heuristic,0.00037496000004466623
6,7,26,53,0.6,ILP,0.95,True,0.0,True,25,3603.2386077091874,739.5403958798112,12,647.4613255679351,Optimal,True,Optimal,heuristic,0.6208939130010549
6,7,26,53,0.6,MILP,0.95,False,0.0,True,25,3603.238607709187,739.5403958798112,12,647.4613255679351,Optimal,True,Optimal,heuristic,0.13868321900008596
6,7,26,53,0.6,Dijkstra,0.95,False,0.0,True,25,3603.238607709187,739.5403958798112,12,647.4613255679351,Optimal,True,Optimal,heuristic,0.00041551899994374253
6,7,26,53,0.7,ILP,0.972,True,0.0,True,14,1810.0503685392127,647.8346977294673,12,647.4613255679351,Optimal,True,Optimal,heuristic,0.339566491998994
6,7,26,53,0.7,MILP,0.972,True,0.0,True,14,1810.0503685392127,647.8346977294673,12,647.4613255679351,Optimal,True,Optimal,heuristic,0.11089808299948345
6,7,26,53,0.7,Dijkstra,0.972,True,0.0,True,14,1810.0503685392127,647.8346977294673,12,647.4613255679351,Optimal,True,Optimal,heuristic,0.0003441090011619963
6,7,26,53,0.8,ILP,0.99,True,0.0,True,5,911.3351196302826,556.1289995791235,12,647.4613255679351,Optimal,True,Optimal,heuristic,0.18001926999932039
6,7,26,53,0.8,MILP,0.99,True,0.0,True,5,911.3351196302826,556.1289995791235,12,647.4613255679351,Optimal,True,Optimal,heuristic,0.11467357500077924
6,7,26,53,0.8,Dijkstra,0.99,True,0.0,True,5,911.3351196302826,556.1289995791235,12,647.4613255679351,Optimal,True,Optimal,heuristic,0.0005893319976166822
6,7,26,53,0.9,ILP,0.994,True,0.0,True,3,578.6864869388189,464.4233014287797,12,647.4613255679351,Optimal,True,Optimal,heuristic,0.12829920600051992
6,7,26,53,0.9,MILP,0.992,False,0.0020000000000000018,False,4,252.439112536832,91.705698150344,14,816.2494270307282,Optimal,True,Optimal,heuristic,0.12272028900042642
6,7,26,53,0.9,Dijkstra,0.994,True,0.0,True,3,578.6864869388189,464.4233014287797,12,647.4613255679351,Optimal,True,Optimal,heuristic,0.0004709570021077525
6,8,35,28,0.5,ILP,0.948,True,0.0,True,26,2070.025719331519,326.0798772726749,6,304.78584521750713,Optimal,True,Optimal,heuristic,0.5969477139988157
6,8,35,28,0.5,MILP,0.948,True,0.0,True,26,2070.025719331519,326.0798772726749,6,304.78584521750713,Optimal,True,Optimal,heuristic,0.11446687300121994
6,8,35,28,0.5,Dijkstra,0.948,True,0.0,True,26,2070.025719331519,326.0798772726749,6,304.78584521750713,Optimal,True,Optimal,heuristic,0.0003580270022212062
6,8,35,28,0.6,ILP,0.978,True,0.0,True,11,943.2823018175178,260.86390181814,6,304.78584521750713,Optimal,True,Optimal,heuristic,0.29798328499964555
6,8,35,28,0.6,MILP,0.978,True,0.0,True,11,943.2823018175178,260.86390181814,6,304.78584521750713,Optimal,True,Optimal,heuristic,0.11449371799972141
6,8,35,28,0.6,Dijkstra,0.978,True,0.0,True,11,943.2823018175178,260.86390181814,6,304.78584521750713,Optimal,True,Optimal,heuristic,0.0003668490026029758
6,8,35,28,0.7,ILP,0.988,True,0.0,True,6,435.0762386603827,195.64792636360494,6,304.78584521750713,Optimal,True,Optimal,heuristic,0.21706243700100458
6,8,35,28,0.7,MILP,0.988,True,0.0,True,6,435.0762386603827,195.64792636360494,6,304.78584521750713,Optimal,True,Optimal,heuristic,0.11880980199930491
6,8,35,28,0.7,Dijkstra,0.988,True,0.0,True,6,435.0762386603827,195.64792636360494,6,304.78584521750713,Optimal,True,Optimal,heuristic,0.000437848997535184
6,8,35,28,0.8,ILP,0.996,True,0.0,True,2,221.25090876679087,130.43195090906988,6,304.78584521750713,Optimal,True,Optimal,heuristic,0.13070760600021458
6,8,35,28,0.8,MILP,0.996,True,0.0,True,2,221.25090876679087,130.43195090906988,6,304.78584521750713,Optimal,True,Optimal,heuristic,0.13045020400022622
6,8,35,28,0.8,Dijkstra,0.996,True,0.0,True,2,221.25090876679087,130.43195090906988,6,304.78584521750713,Optimal,True,Optimal,heuristic,0.0003617120019043796
6,8,35,28,0.9,ILP,0.996,True,0.0,True,2,90.81895785772122,65.21597545453506,6,304.78584521750713,Optimal,True,Optimal,heuristic,0.13957902200127137
6,8,35,28,0.9,MILP,0.996,True,0.0,True,2,90.81895785772122,65.21597545453506,6,304.78584521750713,Optimal,True,Optimal,heuristic,0.11242350899919984
6,8,35,28,0.9,Dijkstra,0.996,True,0.0,True,2,90.81895785772122,65.21597545453506,6,304.78584521750713,Optimal,True,Optimal,heuristic,0.0003895150002790615
6,9,57,4,0.5,ILP,0.86,True,0.0,True,70,3068.7084915904106,158.78315480925596,5,158.17095111023409,Optimal,True,Optimal,heuristic,0.5426436080015264
6,9,57,4,0.5,MILP,0.86,True,0.0,True,70,3068.7084915904106,158.78315480925596,5,158.17095111023409,Optimal,True,Optimal,heuristic,0.1259330430002592
6,9,57,4,0.5,Dijkstra,0.86,True,0.0,True,70,3068.7084915904106,158.78315480925596,5,158.17095111023409,Optimal,True,Optimal,heuristic,0.00035538399970391765
6,9,57,4,0.6,ILP,0.9339999999999999,True,0.0,True,33,1441.7183049341122,127.02652384740477,5,158.17095111023409,Optimal,True,Optimal,heuristic,0.3671024059985939
6,9,57,4,0.6,MILP,0.9339999999999999,True,0.0,True,33,1441.7183049341122,127.02652384740477,5,158.17095111023409,Optimal,True,Optimal,heuristic,0.10557590699681896
6,9,57,4,0.6,Dijkstra,0.9339999999999999,True,0.0,True,33,1441.7183049341122,127.02652384740477,5,158.17095111023409,Optimal,True,Optimal,heuristic,0.00036761999945156276
6,9,57,4,0.7,ILP,0.962,True,0.0,True,19,640.6249136768979,95.26989288555359,5,158.17095111023409,Optimal,True,Optimal,heuristic,0.2454275649979536
6,9,57,4,0.7,MILP,0.962,True,0.0,True,19,640.6249136768979,95.26989288555359,5,158.17095111023409,Optimal,True,Optimal,heuristic,0.10527239799921517
6,9,57,4,0.7,Dijkstra,0.962,True,0.0,True,19,640.6249136768979,95.26989288555359,5,158.17095111023409,Optimal,True,Optimal,heuristic,0.00036529199860524386
6,9,57,4,0.8,ILP,0.984,True,0.0,True,8,197.98689663588897,63.51326192370237,5,158.17095111023409,Optimal,True,Optimal,heuristic,0.16055158100061817
6,9,57,4,0.8,MILP,0.984,True,0.0,True,8,197.98689663588897,63.51326192370237,5,158.17095111023409,Optimal,True,Optimal,heuristic,0.10588300100062042
6,9,57,4,0.8,Dijkstra,0.984,True,0.0,True,8,197.98689663588897,63.51326192370237,5,158.17095111023409,Optimal,True,Optimal,heuristic,0.00037549099943134934
6,9,57,4,0.9,ILP,0.996,True,0.0,True,2,58.77066150475383,31.756630961851158,5,158.17095111023409,Optimal,True,Optimal,heuristic,0.12597056999948109
6,9,57,4,0.9,MILP,0.996,True,0.0,True,2,58.77066150475383,31.756630961851158,5,158.17095111023409,Optimal,True,Optimal,heuristic,0.10738293000031263
6,9,57,4,0.9,Dijkstra,0.996,True,0.0,True,2,58.77066150475383,31.756630961851158,5,158.17095111023409,Optimal,True,Optimal,heuristic,0.00032293999902321957
6,10,55,53,0.5,ILP,0.95,True,0.0,True,25,3827.1746225548627,853.2590648663831,10,521.2229391973569,Optimal,True,Optimal,heuristic,0.3345872860008967
6,10,55,53,0.5,MILP,0.95,True,0.0,True,25,3827.1746225548627,853.2590648663831,10,521.2229391973569,Optimal,True,Optimal,heuristic,0.11325002000012319
6,10,55,53,0.5,Dijkstra,0.95,True,0.0,True,25,3827.1746225548627,853.2590648663831,10,521.2229391973569,Optimal,True,Optimal,heuristic,0.0003834550007013604
6,10,55,53,0.6,ILP,0.97,True,0.0,True,15,1964.9774326553438,759.3808753630033,10,521.2229391973569,Optimal,True,Optimal,heuristic,0.3294699190009851
6,10,55,53,0.6,MILP,0.97,True,0.0,True,15,1964.9774326553438,759.3808753630033,10,521.2229391973569,Optimal,True,Optimal,heuristic,0.11358705000020564
6,10,55,53,0.6,Dijkstra,0.97,True,0.0,True,15,1964.9774326553438,759.3808753630033,10,521.2229391973569,Optimal,True,Optimal,heuristic,0.00035157499951310456
6,10,55,53,0.7,ILP,0.988,True,0.0,True,6,1054.1031381732225,665.5026858596232,10,521.2229391973569,Optimal,True,Optimal,heuristic,0.14291511299961712
6,10,55,53,0.7,MILP,0.988,True,0.0,True,6,1054.1031381732225,665.5026858596232,10,521.2229391973569,Optimal,True,Optimal,heuristic,0.10220252200087998
6,10,55,53,0.7,Dijkstra,0.988,True,0.0,True,6,1054.1031381732225,665.5026858596232,10,521.2229391973569,Optimal,True,Optimal,heuristic,0.00033959599750232883
6,10,55,53,0.8,ILP,0.994,True,0.0,True,3,642.5478582114806,571.6244963562431,10,521.2229391973569,Optimal,True,Optimal,heuristic,0.15108359800069593
6,10,55,53,0.8,MILP,0.994,True,0.0,True,3,642.5478582114806,571.6244963562431,10,521.2229391973569,Optimal,True,Optimal,heuristic,0.10652841600312968
6,10,55,53,0.8,Dijkstra,0.994,True,0.0,True,3,642.5478582114806,571.6244963562431,10,521.2229391973569,Optimal,True,Optimal,heuristic,0.0003503640000417363
6,10,55,53,0.9,ILP,0.998,True,0.0,True,1,477.746306852863,477.746306852863,10,521.2229391973569,Optimal,True,Optimal,heuristic,0.08997298599933856
6,10,55,53,0.9,MILP,0.994,False,0.0040000000000000036,False,3,145.622501985624,93.8781895033801,12,690.0110406601501,Optimal,True,Optimal,heuristic,0.10721057100090547
6,10,55,53,0.9,Dijkstra,0.998,True,0.0,True,1,477.746306852863,477.746306852863,10,521.2229391973569,Optimal,True,Optimal,heuristic,0.0003723720001289621
6,11,17,41,0.5,ILP,0.926,True,0.0,True,37,3210.980315797062,415.72667075467416,3,270.85202726662686,Optimal,True,Optimal,heuristic,2.991678985999897
6,11,17,41,0.5,MILP,0.926,False,0.0,True,37,3210.9803157970755,415.7266707546744,4,270.85202726662726,Optimal,True,Optimal,heuristic,0.24388329700013855
6,11,17,41,0.5,Dijkstra,0.926,False,0.0,True,37,3210.9803157970755,415.7266707546744,4,270.85202726662726,Optimal,True,Optimal,heuristic,0.0004659949991037138
6,11,17,41,0.6,ILP,0.97,True,0.0,True,15,1598.9325355138017,350.0302765520844,4,270.85202726662726,Optimal,True,Optimal,heuristic,0.8329622330020356
6,11,17,41,0.6,MILP,0.97,True,0.0,True,15,1598.9325355138017,350.0302765520844,4,270.85202726662726,Optimal,True,Optimal,heuristic,0.25277798299794085
6,11,17,41,0.6,Dijkstra,0.97,True,0.0,True,15,1598.9325355138017,350.0302765520844,4,270.85202726662726,Optimal,True,Optimal,heuristic,0.0003452789969742298
6,11,17,41,0.7,ILP,0.984,True,0.0,True,8,753.6607149078163,197.0891826077701,6,337.45077263181446,Optimal,True,Optimal,heuristic,0.6384147680000751
6,11,17,41,0.7,MILP,0.984,True,0.0,True,8,753.6607149078163,197.0891826077701,6,337.45077263181446,Optimal,True,Optimal,heuristic,0.2881892280020111
6,11,17,41,0.7,Dijkstra,0.984,False,0.0,True,8,802.56061012669,284.3338823494944,4,270.85202726662726,Optimal,True,Optimal,heuristic,0.0003429429998504929
6,11,17,41,0.8,ILP,0.992,True,0.0,True,4,316.9079065051102,131.39278840518,6,337.45077263181446,Optimal,True,Optimal,heuristic,0.5561057999984769
6,11,17,41,0.8,MILP,0.992,True,0.0,True,4,316.9079065051102,131.39278840518,6,337.45077263181446,Optimal,True,Optimal,heuristic,0.19353170399699593
6,11,17,41,0.8,Dijkstra,0.99,False,0.0020000000000000018,False,5,379.1166580022016,218.63748814690427,4,270.85202726662726,Optimal,True,Optimal,heuristic,0.0003485350025584921
6,11,17,41,0.9,ILP,0.996,True,0.0,True,2,68.40177950482257,65.69639420259,6,337.45077263181446,Optimal,True,Optimal,heuristic,0.21667884499765933
6,11,17,41,0.9,MILP,0.996,False,0.0,True,2,68.40177950482268,65.69639420259,6,337.45077263181446,Optimal,True,Optimal,heuristic,0.14853726499859476
6,11,17,41,0.9,Dijkstra,0.996,False,0.0,True,2,163.66864108819436,152.94109394431428,4,270.85202726662726,Optimal,True,Optimal,heuristic,0.0003489780028758105
6,12,45,23,0.5,ILP,0.914,True,0.0,True,43,7541.183764015125,633.6446898124075,6,425.2357458299316,Optimal,True,Optimal,heuristic,0.9841060260005179
6,12,45,23,0.5,MILP,0.91,False,0.0040000000000000036,False,45,7107.944157298754,597.8754721095474,8,454.9519111033606,Optimal,True,Optimal,heuristic,0.6145553489986924
6,12,45,23,0.5,Dijkstra,0.914,True,0.0,True,43,7541.183764015125,633.6446898124075,6,425.2357458299316,Optimal,True,Optimal,heuristic,0.00034278100065421313
6,12,45,23,0.6,ILP,0.952,True,0.0,True,24,4278.453101400564,530.8686769044316,6,425.2357458299316,Optimal,True,Optimal,heuristic,1.099326113002462
6,12,45,23,0.6,MILP,0.952,False,0.0,True,24,3476.532784345567,495.09945920157156,8,454.9519111033606,Optimal,True,Optimal,heuristic,0.38617628699648776
6,12,45,23,0.6,Dijkstra,0.952,True,0.0,True,24,4278.453101400564,530.8686769044316,6,425.2357458299316,Optimal,True,Optimal,heuristic,0.0003563149984984193
6,12,45,23,0.7,ILP,0.974,True,0.0,True,13,1664.2754720171242,392.32344629359557,8,454.9519111033606,Optimal,True,Optimal,heuristic,0.8484201639985258
6,12,45,23,0.7,MILP,0.974,True,0.0,True,13,1664.2754720171242,392.32344629359557,8,454.9519111033606,Optimal,True,Optimal,heuristic,0.40902504500263603
6,12,45,23,0.7,Dijkstra,0.972,False,0.0020000000000000018,False,14,2309.0130913194657,428.0926639964556,6,425.2357458299316,Optimal,True,Optimal,heuristic,0.00035425700116320513
6,12,45,23,0.8,ILP,0.988,True,0.0,True,6,740.0443284831331,289.54743338561957,8,454.9519111033606,Optimal,True,Optimal,heuristic,0.48190552899905015
6,12,45,23,0.8,MILP,0.984,False,0.0040000000000000036,False,8,635.5962463370836,205.552025815952,6,468.59693652022827,Optimal,True,Optimal,heuristic,0.2940532139982679
6,12,45,23,0.8,Dijkstra,0.984,False,0.0040000000000000036,False,8,1298.0677903198882,325.3166510884796,6,425.2357458299316,Optimal,True,Optimal,heuristic,0.00033872700078063644
6,12,45,23,0.9,ILP,0.996,True,0.0,True,2,325.4617549949828,186.77142047764346,8,454.9519111033606,Optimal,True,Optimal,heuristic,0.1864500580013555
6,12,45,23,0.9,MILP,0.996,False,0.0,True,2,193.26694632861108,102.77601290797588,6,468.59693652022827,Optimal,True,Optimal,heuristic,0.29737958400073694
6,12,45,23,0.9,Dijkstra,0.99,False,0.006000000000000005,False,5,745.1358376553515,222.5406381805035,6,425.2357458299316,Optimal,True,Optimal,heuristic,0.00037439900188473985
6,13,4,63,0.5,ILP,0.988,True,0.0,True,6,426.4048396330888,330.30322872297467,4,191.3340527394889,Optimal,True,Optimal,heuristic,0.1895383060000313
6,13,4,63,0.5,MILP,0.988,True,0.0,True,6,426.4048396330888,330.30322872297467,4,191.3340527394889,Optimal,True,Optimal,heuristic,0.13902478400268592
6,13,4,63,0.5,Dijkstra,0.988,True,0.0,True,6,426.4048396330888,330.30322872297467,4,191.3340527394889,Optimal,True,Optimal,heuristic,0.0003620369971031323
6,13,4,63,0.6,ILP,0.998,True,0.0,True,1,264.24258297837974,264.24258297837974,4,191.33405273948884,Optimal,True,Optimal,heuristic,0.12629014599951915
6,13,4,63,0.6,MILP,0.998,False,0.0,True,1,264.24258297837963,264.24258297837963,4,191.33405273948895,Optimal,True,Optimal,heuristic,0.14323303399942233
6,13,4,63,0.6,Dijkstra,0.998,False,0.0,True,1,264.24258297837974,264.24258297837974,4,191.3340527394889,Optimal,True,Optimal,heuristic,0.0003184550005244091
6,13,4,63,0.7,ILP,0.998,True,0.0,True,1,198.18193723378477,198.18193723378477,4,191.3340527394889,Optimal,True,Optimal,heuristic,0.1291964519987232
6,13,4,63,0.7,MILP,0.998,True,0.0,True,1,198.18193723378477,198.18193723378477,4,191.3340527394889,Optimal,True,Optimal,heuristic,0.15887485699931858
6,13,4,63,0.7,Dijkstra,0.998,True,0.0,True,1,198.18193723378477,198.18193723378477,4,191.3340527394889,Optimal,True,Optimal,heuristic,0.0003318880008009728
6,13,4,63,0.8,ILP,0.998,True,0.0,True,1,132.12129148918984,132.12129148918984,4,191.3340527394889,Optimal,True,Optimal,heuristic,0.10459551199892303
6,13,4,63,0.8,MILP,0.998,True,0.0,True,1,132.12129148918984,132.12129148918984,4,191.3340527394889,Optimal,True,Optimal,heuristic,0.14681668400226044
6,13,4,63,0.8,Dijkstra,0.998,True,0.0,True,1,132.12129148918984,132.12129148918984,4,191.3340527394889,Optimal,True,Optimal,heuristic,0.00033108899879152887
6,13,4,63,0.9,ILP,0.998,True,0.0,True,1,66.06064574459492,66.06064574459492,4,191.3340527394889,Optimal,True,Optimal,heuristic,0.12842643600015435
6,13,4,63,0.9,MILP,0.998,False,0.0,True,1,66.0606457445947,66.0606457445947,3,191.33405273948867,Optimal,True,Optimal,heuristic,0.15631331100303214
6,13,4,63,0.9,Dijkstra,0.998,True,0.0,True,1,66.06064574459492,66.06064574459492,4,191.3340527394889,Optimal,True,Optimal,heuristic,0.0003339510003570467
6,14,44,50,0.5,ILP,0.888,True,0.0,True,56,5046.82719821612,691.8365309888907,5,204.62131520689806,Optimal,True,Optimal,heuristic,0.9324950599984732
6,14,44,50,0.5,MILP,0.882,False,0.006000000000000005,False,59,2146.95391915457,199.83591128717677,6,222.86255776195577,Optimal,True,Optimal,heuristic,0.24207392199969036
6,14,44,50,0.5,Dijkstra,0.888,True,0.0,True,56,5046.82719821612,691.8365309888907,5,204.62131520689806,Optimal,True,Optimal,heuristic,0.0003233190000173636
6,14,44,50,0.6,ILP,0.964,True,0.0,True,18,691.268404122751,159.86872902974142,6,222.86255776195577,Optimal,True,Optimal,heuristic,0.32248983399767894
6,14,44,50,0.6,MILP,0.964,False,0.0,True,18,691.2684041227519,159.86872902974142,6,222.86255776195583,Optimal,True,Optimal,heuristic,0.12228690499978256
6,14,44,50,0.6,Dijkstra,0.928,False,0.03599999999999992,False,36,3149.371825548245,651.8693487314554,5,204.62131520689806,Optimal,True,Optimal,heuristic,0.0003761970001505688
6,14,44,50,0.7,ILP,0.99,True,0.0,True,5,246.6299559869666,119.90154677230606,6,222.86255776195577,Optimal,True,Optimal,heuristic,0.15915524699812522
6,14,44,50,0.7,MILP,0.99,True,0.0,True,5,246.6299559869666,119.90154677230606,6,222.86255776195577,Optimal,True,Optimal,heuristic,0.12275841900191153
6,14,44,50,0.7,Dijkstra,0.964,False,0.026000000000000023,False,18,2089.8969893256826,611.90216647402,5,204.62131520689806,Optimal,True,Optimal,heuristic,0.00037257599979056977
6,14,44,50,0.8,ILP,0.996,True,0.0,True,2,115.30232081425544,79.93436451487065,6,222.86255776195577,Optimal,True,Optimal,heuristic,0.10898340900166659
6,14,44,50,0.8,MILP,0.996,True,0.0,True,2,115.30232081425544,79.93436451487065,6,222.86255776195577,Optimal,True,Optimal,heuristic,0.11045664600169403
6,14,44,50,0.8,Dijkstra,0.97,False,0.026000000000000023,False,15,1423.5774520433142,571.9349842165846,5,204.62131520689806,Optimal,True,Optimal,heuristic,0.0003769649993046187
6,14,44,50,0.9,ILP,0.998,True,0.0,True,1,39.967182257435354,39.967182257435354,6,222.86255776195577,Optimal,True,Optimal,heuristic,0.1265296670026146
6,14,44,50,0.9,MILP,0.998,False,0.0,True,1,39.96718225743541,39.96718225743541,6,222.8625577619558,Optimal,True,Optimal,heuristic,0.10713044199655997
6,14,44,50,0.9,Dijkstra,0.988,False,0.010000000000000009,False,6,1033.0728549603887,531.9678019591493,5,204.62131520689806,Optimal,True,Optimal,heuristic,0.0003510149981593713
6,15,49,12,0.5,ILP,0.954,True,0.0,True,23,2448.2517269206646,344.8266008180549,2,136.51693685636394,Optimal,True,Optimal,heuristic,0.17320509500132175
6,15,49,12,0.5,MILP,0.954,True,0.0,True,23,2448.2517269206646,344.8266008180549,2,136.51693685636394,Optimal,True,Optimal,heuristic,0.18004622100124834
6,15,49,12,0.5,Dijkstra,0.954,True,0.0,True,23,2448.2517269206646,344.8266008180549,2,136.51693685636394,Optimal,True,Optimal,heuristic,0.0003253399991081096
6,15,49,12,0.6,ILP,0.972,True,0.0,True,14,1246.3017019429744,275.86128065444393,2,136.51693685636394,Optimal,True,Optimal,heuristic,0.15771879000021727
6,15,49,12,0.6,MILP,0.972,True,0.0,True,14,1246.3017019429744,275.86128065444393,2,136.51693685636394,Optimal,True,Optimal,heuristic,0.1509726359981869
6,15,49,12,0.6,Dijkstra,0.972,True,0.0,True,14,1246.3017019429744,275.86128065444393,2,136.51693685636394,Optimal,True,Optimal,heuristic,0.00036579600055119954
6,15,49,12,0.7,ILP,0.99,True,0.0,True,5,613.8744374928285,206.89596049083298,2,136.51693685636394,Optimal,True,Optimal,heuristic,0.18239914500009036
6,15,49,12,0.7,MILP,0.99,True,0.0,True,5,613.8744374928285,206.89596049083298,2,136.51693685636394,Optimal,True,Optimal,heuristic,0.11524895899856347
6,15,49,12,0.7,Dijkstra,0.99,True,0.0,True,5,613.8744374928285,206.89596049083298,2,136.51693685636394,Optimal,True,Optimal,heuristic,0.000367912001820514
6,15,49,12,0.8,ILP,0.994,True,0.0,True,3,321.0658535888173,137.9306403272219,2,136.51693685636394,Optimal,True,Optimal,heuristic,0.12889260199881392
6,15,49,12,0.8,MILP,0.994,True,0.0,True,3,321.0658535888173,137.9306403272219,2,136.51693685636394,Optimal,True,Optimal,heuristic,0.10609653199935565
6,15,49,12,0.8,Dijkstra,0.994,True,0.0,True,3,321.0658535888173,137.9306403272219,2,136.51693685636394,Optimal,True,Optimal,heuristic,0.0004064329987158999
6,15,49,12,0.9,ILP,0.996,True,0.0,True,2,137.7924493835866,68.96532016361095,2,136.51693685636394,Optimal,True,Optimal,heuristic,0.12530576900098822
6,15,49,12,0.9,MILP,0.996,True,0.0,True,2,137.7924493835866,68.96532016361095,2,136.51693685636394,Optimal,True,Optimal,heuristic,0.10505057300179033
6,15,49,12,0.9,Dijkstra,0.996,True,0.0,True,2,137.7924493835866,68.96532016361095,2,136.51693685636394,Optimal,True,Optimal,heuristic,0.000326731002132874
6,16,32,2,0.5,ILP,0.796,True,0.0,True,102,5235.731770525579,190.52715958284438,5,229.42574749134388,Optimal,True,Optimal,heuristic,4.144244055001764
6,16,32,2,0.5,MILP,0.796,True,0.0,True,102,5235.731770525579,190.52715958284438,5,229.42574749134388,Optimal,True,Optimal,heuristic,0.4504550349993224
6,16,32,2,0.5,Dijkstra,0.796,True,0.0,True,102,5235.731770525579,190.52715958284438,5,229.42574749134388,Optimal,True,Optimal,heuristic,0.00036646100124926306
6,16,32,2,0.6,ILP,0.892,True,0.0,True,54,2337.755468032996,152.42172766627544,5,229.42574749134388,Optimal,True,Optimal,heuristic,2.197561405999295
6,16,32,2,0.6,MILP,0.892,True,0.0,True,54,2337.755468032996,152.42172766627544,5,229.42574749134388,Optimal,True,Optimal,heuristic,0.30147593499714276
6,16,32,2,0.6,Dijkstra,0.892,True,0.0,True,54,2337.755468032996,152.42172766627544,5,229.42574749134388,Optimal,True,Optimal,heuristic,0.00035383999784244224
6,16,32,2,0.7,ILP,0.952,True,0.0,True,24,806.3644326323872,114.3162957497068,5,229.42574749134386,Optimal,True,Optimal,heuristic,1.1377015710022533
6,16,32,2,0.7,MILP,0.952,False,0.0,True,24,806.3644326323845,114.31629574970663,5,229.42574749134388,Optimal,True,Optimal,heuristic,0.2913058230005845
6,16,32,2,0.7,Dijkstra,0.952,False,0.0,True,24,806.3644326323845,114.31629574970663,5,229.42574749134388,Optimal,True,Optimal,heuristic,0.0003654530009953305
6,16,32,2,0.8,ILP,0.986,True,0.0,True,7,216.8696156067674,76.21086383313775,5,229.42574749134386,Optimal,True,Optimal,heuristic,0.37318036899887375
6,16,32,2,0.8,MILP,0.986,False,0.0,True,7,216.8696156067674,76.21086383313775,5,229.42574749134388,Optimal,True,Optimal,heuristic,0.1228532909990463
6,16,32,2,0.8,Dijkstra,0.986,False,0.0,True,7,216.8696156067674,76.21086383313775,5,229.42574749134388,Optimal,True,Optimal,heuristic,0.00035180199847673066
6,16,32,2,0.9,ILP,0.996,True,0.0,True,2,47.58045415886869,38.105431916568875,5,229.42574749134388,Optimal,True,Optimal,heuristic,0.21619053199901828
6,16,32,2,0.9,MILP,0.996,False,0.0,True,2,47.58045415886869,38.105431916568875,5,229.42574749134388,Optimal,True,Optimal,heuristic,0.1073548269996536
6,16,32,2,0.9,Dijkstra,0.996,False,0.0,True,2,47.58045415886869,38.105431916568875,5,229.42574749134388,Optimal,True,Optimal,heuristic,0.0003488080001261551
6,17,35,10,0.5,ILP,0.91,True,0.0,True,45,7192.432368666823,633.6393608777491,11,517.620274151426,Optimal,True,Optimal,heuristic,0.964360031997785
6,17,35,10,0.5,MILP,0.89,False,0.020000000000000018,False,55,6502.093356614129,470.1282575915684,10,564.9815878420044,Optimal,True,Optimal,heuristic,0.3575149629978114
6,17,35,10,0.5,Dijkstra,0.91,False,0.0,True,45,7192.432368666816,633.6393608777487,11,517.6202741514257,Optimal,True,Optimal,heuristic,0.00039980500150704756
6,17,35,10,0.6,ILP,0.952,True,0.0,True,24,2890.287703744275,376.1026060732547,10,564.9815878420044,Optimal,True,Optimal,heuristic,0.8163551069992536
6,17,35,10,0.6,MILP,0.952,False,0.0,True,24,2890.2877037442745,376.1026060732547,10,564.9815878420044,Optimal,True,Optimal,heuristic,0.24952483399829362
6,17,35,10,0.6,Dijkstra,0.948,False,0.0040000000000000036,False,26,4021.044710867439,539.613709359435,11,517.6202741514257,Optimal,True,Optimal,heuristic,0.00035929600198869593
6,17,35,10,0.7,ILP,0.978,True,0.0,True,11,1405.927383213625,282.07695455494104,9,564.9815878420044,Optimal,True,Optimal,heuristic,0.5264213010013918
6,17,35,10,0.7,MILP,0.978,False,0.0,True,11,1405.9273832136228,282.07695455494104,10,564.9815878420044,Optimal,True,Optimal,heuristic,0.15453600700129755
6,17,35,10,0.7,Dijkstra,0.968,False,0.010000000000000009,False,16,2119.8199581862896,445.5880578411213,11,517.6202741514257,Optimal,True,Optimal,heuristic,0.00035583200224209577
6,17,35,10,0.8,ILP,0.988,True,0.0,True,6,605.530977860514,188.05130303662736,10,564.9815878420044,Optimal,True,Optimal,heuristic,0.3895879249976133
6,17,35,10,0.8,MILP,0.988,False,0.0,True,6,605.5309778605131,188.05130303662736,10,564.9815878420044,Optimal,True,Optimal,heuristic,0.1595410490008362
6,17,35,10,0.8,Dijkstra,0.986,False,0.0020000000000000018,False,7,971.6125576015152,351.56240632280765,11,517.6202741514257,Optimal,True,Optimal,heuristic,0.00038921600207686424
6,17,35,10,0.9,ILP,0.994,True,0.0,True,3,208.83855424857097,94.02565151831368,10,564.9815878420044,Optimal,True,Optimal,heuristic,0.1713769380003214
6,17,35,10,0.9,MILP,0.994,True,0.0,True,3,208.83855424857097,94.02565151831368,10,564.9815878420044,Optimal,True,Optimal,heuristic,0.12381548900157213
6,17,35,10,0.9,Dijkstra,0.992,False,0.0020000000000000018,False,4,472.5502222539344,257.53675480449397,11,517.6202741514257,Optimal,True,Optimal,heuristic,0.00036696700044558384
6,18,48,44,0.5,ILP,0.972,True,0.0,True,14,2186.370927961928,560.6958107744905,8,392.79107420714325,Optimal,True,Optimal,heuristic,0.22579705800308147
6,18,48,44,0.5,MILP,0.972,True,0.0,True,14,2186.370927961928,560.6958107744905,8,392.79107420714325,Optimal,True,Optimal,heuristic,0.10764478300188784
6,18,48,44,0.5,Dijkstra,0.972,True,0.0,True,14,2186.370927961928,560.6958107744905,8,392.79107420714325,Optimal,True,Optimal,heuristic,0.000358149001840502
6,18,48,44,0.6,ILP,0.986,True,0.0,True,7,1019.8024985718787,448.55664861959235,8,392.79107420714325,Optimal,True,Optimal,heuristic,0.2531432579999091
6,18,48,44,0.6,MILP,0.986,True,0.0,True,7,1019.8024985718787,448.55664861959235,8,392.79107420714325,Optimal,True,Optimal,heuristic,0.10866232300031697
6,18,48,44,0.6,Dijkstra,0.986,True,0.0,True,7,1019.8024985718787,448.55664861959235,8,392.79107420714325,Optimal,True,Optimal,heuristic,0.00036577600258169696
6,18,48,44,0.7,ILP,0.994,True,0.0,True,3,472.4272105801307,336.4174864646943,8,392.79107420714325,Optimal,True,Optimal,heuristic,0.12292154299939284
6,18,48,44,0.7,MILP,0.994,True,0.0,True,3,472.4272105801307,336.4174864646943,8,392.79107420714325,Optimal,True,Optimal,heuristic,0.14649212600124883
6,18,48,44,0.7,Dijkstra,0.994,True,0.0,True,3,472.4272105801307,336.4174864646943,8,392.79107420714325,Optimal,True,Optimal,heuristic,0.00047039700075401925
6,18,48,44,0.8,ILP,0.998,True,0.0,True,1,224.27832430979606,224.27832430979606,8,392.79107420714325,Optimal,True,Optimal,heuristic,0.09528301500176894
6,18,48,44,0.8,MILP,0.998,True,0.0,True,1,224.27832430979606,224.27832430979606,8,392.79107420714325,Optimal,True,Optimal,heuristic,0.08821418799925596
6,18,48,44,0.8,Dijkstra,0.998,True,0.0,True,1,224.27832430979606,224.27832430979606,8,392.79107420714325,Optimal,True,Optimal,heuristic,0.000405925002269214
6,18,48,44,0.9,ILP,0.998,True,0.0,True,1,112.13916215489803,112.13916215489803,8,392.79107420714325,Optimal,True,Optimal,heuristic,0.09006866500203614
6,18,48,44,0.9,MILP,0.998,True,0.0,True,1,112.13916215489803,112.13916215489803,8,392.79107420714325,Optimal,True,Optimal,heuristic,0.08835293999800342
6,18,48,44,0.9,Dijkstra,0.998,True,0.0,True,1,112.13916215489803,112.13916215489803,8,392.79107420714325,Optimal,True,Optimal,heuristic,0.00039074400046956725
6,19,26,21,0.5,ILP,0.948,True,0.0,True,26,4869.084892682997,865.6128723451384,13,730.6058798777619,Optimal,True,Optimal,heuristic,0.5815576929999224
6,19,26,21,0.5,MILP,0.948,False,0.0,True,26,4869.084892682995,865.6128723451379,13,730.6058798777617,Optimal,True,Optimal,heuristic,0.1287850509979762
6,19,26,21,0.5,Dijkstra,0.94,False,0.008000000000000007,False,30,5304.040501998024,691.2919808143733,12,712.3646373227041,Optimal,True,Optimal,heuristic,0.0003628900012699887
6,19,26,21,0.6,ILP,0.978,True,0.0,True,11,2392.233678776458,727.3544761822634,13,730.6058798777617,Optimal,True,Optimal,heuristic,0.38391742399835493
6,19,26,21,0.6,MILP,0.978,True,0.0,True,11,2392.233678776458,727.3544761822634,13,730.6058798777617,Optimal,True,Optimal,heuristic,0.129859487999056
6,19,26,21,0.6,Dijkstra,0.97,False,0.008000000000000007,False,15,2394.8981657623403,553.0335846514988,12,712.3646373227041,Optimal,True,Optimal,heuristic,0.000358876000973396
6,19,26,21,0.7,ILP,0.988,True,0.0,True,6,986.803228161386,414.77518848862405,12,712.3646373227041,Optimal,True,Optimal,heuristic,0.41418978000001516
6,19,26,21,0.7,MILP,0.988,True,0.0,True,6,986.803228161386,414.77518848862405,12,712.3646373227041,Optimal,True,Optimal,heuristic,0.12447546499970485
6,19,26,21,0.7,Dijkstra,0.988,True,0.0,True,6,986.803228161386,414.77518848862405,12,712.3646373227041,Optimal,True,Optimal,heuristic,0.00036180499955662526
6,19,26,21,0.8,ILP,0.996,True,0.0,True,2,558.638803925661,450.8376838565139,13,730.6058798777617,Optimal,True,Optimal,heuristic,0.1500641259990516
6,19,26,21,0.8,MILP,0.996,False,0.0,True,2,435.90848004917825,276.5167923257493,12,712.3646373227041,Optimal,True,Optimal,heuristic,0.12559293500089552
6,19,26,21,0.8,Dijkstra,0.996,False,0.0,True,2,435.90848004917825,276.5167923257493,12,712.3646373227041,Optimal,True,Optimal,heuristic,0.00042907600072794594
6,19,26,21,0.9,ILP,0.998,True,0.0,True,1,312.57928769363934,312.57928769363934,13,730.6058798777617,Optimal,True,Optimal,heuristic,0.14784911899914732
6,19,26,21,0.9,MILP,0.996,False,0.0020000000000000018,False,2,159.3916877234292,138.25839616287476,12,712.3646373227041,Optimal,True,Optimal,heuristic,0.10880575900227996
6,19,26,21,0.9,Dijkstra,0.996,False,0.0020000000000000018,False,2,159.3916877234292,138.25839616287476,12,712.3646373227041,Optimal,True,Optimal,heuristic,0.00034170799699495547
7,0,34,63,0.5,ILP,0.938,True,0.0,True,31,1773.598809871675,233.13865637934396,5,181.05168404609606,Optimal,True,Optimal,heuristic,1.6491542340008891
7,0,34,63,0.5,MILP,0.938,False,0.0,True,31,1773.5988098716732,233.13865637934373,5,181.05168404609609,Optimal,True,Optimal,heuristic,0.4050834980007494
7,0,34,63,0.5,Dijkstra,0.938,True,0.0,True,31,1773.598809871675,233.13865637934396,5,181.05168404609606,Optimal,True,Optimal,heuristic,0.00034414100082358345
7,0,34,63,0.6,ILP,0.976,True,0.0,True,12,859.1565257080291,186.51092510347513,5,181.05168404609606,Optimal,True,Optimal,heuristic,0.847220309999102
7,0,34,63,0.6,MILP,0.976,False,0.0,True,12,859.1565257080304,186.51092510347524,4,181.05168404609597,Optimal,True,Optimal,heuristic,0.3959122100022796
7,0,34,63,0.6,Dijkstra,0.976,True,0.0,True,12,859.1565257080291,186.51092510347513,5,181.05168404609606,Optimal,True,Optimal,heuristic,0.0003390849997231271
7,0,34,63,0.7,ILP,0.982,True,0.0,True,9,408.13073635462155,139.88319382760636,5,181.05168404609606,Optimal,True,Optimal,heuristic,0.7873006409972731
7,0,34,63,0.7,MILP,0.982,False,0.0,True,9,408.13073635462223,139.88319382760636,4,181.05168404609594,Optimal,True,Optimal,heuristic,0.3895891489992209
7,0,34,63,0.7,Dijkstra,0.982,True,0.0,True,9,408.13073635462155,139.88319382760636,5,181.05168404609606,Optimal,True,Optimal,heuristic,0.00039596100032213144
7,0,34,63,0.8,ILP,0.994,True,0.0,True,3,156.39919282625186,93.25546255173742,4,181.051684046096,Optimal,True,Optimal,heuristic,0.2254177830000117
7,0,34,63,0.8,MILP,0.994,False,0.0,True,3,156.39919282625215,93.25546255173754,5,181.05168404609609,Optimal,True,Optimal,heuristic,0.21967345899975044
7,0,34,63,0.8,Dijkstra,0.994,False,0.0,True,3,156.3991928262521,93.25546255173754,5,181.05168404609606,Optimal,True,Optimal,heuristic,0.00044426400199881755
7,0,34,63,0.9,ILP,0.996,True,0.0,True,2,48.59883612470509,46.62773127586877,5,181.05168404609606,Optimal,True,Optimal,heuristic,0.2849295180021727
7,0,34,63,0.9,MILP,0.996,False,0.0,True,2,48.59883612470509,46.62773127586877,5,181.05168404609603,Optimal,True,Optimal,heuristic,0.15493762600090122
7,0,34,63,0.9,Dijkstra,0.996,False,0.0,True,2,48.59883612470509,46.62773127586877,5,181.05168404609606,Optimal,True,Optimal,heuristic,0.00037734700163127854
7,1,47,49,0.5,ILP,0.966,True,0.0,True,17,922.1799742469691,153.3943705282634,1,48.2875163056576,Optimal,True,Optimal,heuristic,0.11011867300112499
7,1,47,49,0.5,MILP,0.966,True,0.0,True,17,922.1799742469691,153.3943705282634,1,48.2875163056576,Optimal,True,Optimal,heuristic,0.10043215999758104
7,1,47,49,0.5,Dijkstra,0.966,True,0.0,True,17,922.1799742469691,153.3943705282634,1,48.2875163056576,Optimal,True,Optimal,heuristic,0.00040457400245941244
7,1,47,49,0.6,ILP,0.978,True,0.0,True,11,473.2890727639277,122.71549642261073,1,48.2875163056576,Optimal,True,Optimal,heuristic,0.10150494799745502
7,1,47,49,0.6,MILP,0.978,True,0.0,True,11,473.2890727639277,122.71549642261073,1,48.2875163056576,Optimal,True,Optimal,heuristic,0.10044016800020472
7,1,47,49,0.6,Dijkstra,0.978,True,0.0,True,11,473.2890727639277,122.71549642261073,1,48.2875163056576,Optimal,True,Optimal,heuristic,0.00035163999928045087
7,1,47,49,0.7,ILP,0.988,True,0.0,True,6,217.14926210062254,92.03662231695805,1,48.2875163056576,Optimal,True,Optimal,heuristic,0.1069859009985521
7,1,47,49,0.7,MILP,0.988,True,0.0,True,6,217.14926210062254,92.03662231695805,1,48.2875163056576,Optimal,True,Optimal,heuristic,0.09711398999934318
7,1,47,49,0.7,Dijkstra,0.988,True,0.0,True,6,217.14926210062254,92.03662231695805,1,48.2875163056576,Optimal,True,Optimal,heuristic,0.00032074099726742133
7,1,47,49,0.8,ILP,0.994,True,0.0,True,3,94.89935894059516,61.357748211305335,1,48.2875163056576,Optimal,True,Optimal,heuristic,0.09453570699770353
7,1,47,49,0.8,MILP,0.994,True,0.0,True,3,94.89935894059516,61.357748211305335,1,48.2875163056576,Optimal,True,Optimal,heuristic,0.09564211899851216
7,1,47,49,0.8,Dijkstra,0.994,True,0.0,True,3,94.89935894059516,61.357748211305335,1,48.2875163056576,Optimal,True,Optimal,heuristic,0.0003654410029412247
7,1,47,49,0.9,ILP,0.996,True,0.0,True,2,32.006155306285905,30.678874105652653,1,48.2875163056576,Optimal,True,Optimal,heuristic,0.09494358300071326
7,1,47,49,0.9,MILP,0.996,True,0.0,True,2,32.006155306285905,30.678874105652653,1,48.2875163056576,Optimal,True,Optimal,heuristic,0.0964953049988253
7,1,47,49,0.9,Dijkstra,0.996,True,0.0,True,2,32.006155306285905,30.678874105652653,1,48.2875163056576,Optimal,True,Optimal,heuristic,0.0004912550029985141
7,2,46,51,0.5,ILP,0.866,True,0.0,True,67,6274.6511055521305,543.0091683162282,8,408.62319141860235,Optimal,True,Optimal,heuristic,0.5546001740003703
7,2,46,51,0.5,MILP,0.866,True,0.0,True,67,6274.6511055521305,543.0091683162282,8,408.62319141860235,Optimal,True,Optimal,heuristic,0.4846607750005205
7,2,46,51,0.5,Dijkstra,0.866,True,0.0,True,67,6274.6511055521305,543.0091683162282,8,408.62319141860235,Optimal,True,Optimal,heuristic,0.00045267899986356497
7,2,46,51,0.6,ILP,0.9319999999999999,True,0.0,True,34,3042.296090516763,477.9125282348698,8,408.62319141860235,Optimal,True,Optimal,heuristic,0.6117296419979539
7,2,46,51,0.6,MILP,0.9319999999999999,False,0.0,True,34,3042.296090516764,477.9125282348698,8,408.62319141860235,Optimal,True,Optimal,heuristic,0.5389194929994119
7,2,46,51,0.6,Dijkstra,0.9319999999999999,True,0.0,True,34,3042.296090516763,477.9125282348698,8,408.62319141860235,Optimal,True,Optimal,heuristic,0.0004137169999012258
7,2,46,51,0.7,ILP,0.97,True,0.0,True,15,1600.1703468620094,412.8158881535113,8,408.62319141860235,Optimal,True,Optimal,heuristic,0.4249853900000744
7,2,46,51,0.7,MILP,0.97,True,0.0,True,15,1600.1703468620094,412.8158881535113,8,408.62319141860235,Optimal,True,Optimal,heuristic,0.37004267999873264
7,2,46,51,0.7,Dijkstra,0.97,True,0.0,True,15,1600.1703468620094,412.8158881535113,8,408.62319141860235,Optimal,True,Optimal,heuristic,0.00035204099913244136
7,2,46,51,0.8,ILP,0.986,True,0.0,True,7,908.2095415617272,347.7192480721528,8,408.62319141860235,Optimal,True,Optimal,heuristic,0.3103475489988341
7,2,46,51,0.8,MILP,0.98,False,0.006000000000000005,False,10,662.4440049301008,130.19328016271675,8,437.8150056098193,Optimal,True,Optimal,heuristic,0.17719316099828575
7,2,46,51,0.8,Dijkstra,0.986,False,0.0,True,7,908.2095415617272,347.7192480721528,8,408.62319141860235,Optimal,True,Optimal,heuristic,0.00039757400008966215
7,2,46,51,0.9,ILP,0.99,True,0.0,True,5,532.2122494438007,282.62260799079445,8,408.62319141860235,Optimal,True,Optimal,heuristic,0.37763491599980625
7,2,46,51,0.9,MILP,0.99,False,0.0,True,5,192.51114339590572,65.09664008135837,8,437.81500560981954,Optimal,True,Optimal,heuristic,0.13403117699999711
7,2,46,51,0.9,Dijkstra,0.99,True,0.0,True,5,532.2122494438007,282.62260799079445,8,408.62319141860235,Optimal,True,Optimal,heuristic,0.00034618700010469183
7,3,33,8,0.5,ILP,0.984,True,0.0,True,8,516.9110083479095,181.52878031248358,2,58.68706214699756,Optimal,True,Optimal,heuristic,0.24274313800196978
7,3,33,8,0.5,MILP,0.984,False,0.0,True,8,516.9110083479093,181.52878031248358,2,58.687062146997526,Optimal,True,Optimal,heuristic,0.12276276699776645
7,3,33,8,0.5,Dijkstra,0.984,False,0.0,True,8,516.9110083479093,181.52878031248358,2,58.687062146997526,Optimal,True,Optimal,heuristic,0.0003223160019842908
7,3,33,8,0.6,ILP,0.992,True,0.0,True,4,294.83010931644753,145.22302424998688,2,58.687062146997526,Optimal,True,Optimal,heuristic,0.15405322300284752
7,3,33,8,0.6,MILP,0.992,True,0.0,True,4,294.83010931644753,145.22302424998688,2,58.687062146997526,Optimal,True,Optimal,heuristic,0.13304338099987945
7,3,33,8,0.6,Dijkstra,0.992,True,0.0,True,4,294.83010931644753,145.22302424998688,2,58.687062146997526,Optimal,True,Optimal,heuristic,0.00039991999801713973
7,3,33,8,0.7,ILP,0.996,True,0.0,True,2,185.78718827393664,108.9172681874901,1,58.687062146997434,Optimal,True,Optimal,heuristic,0.13957820599898696
7,3,33,8,0.7,MILP,0.996,False,0.0,True,2,185.7871882739368,108.91726818749015,2,58.687062146997526,Optimal,True,Optimal,heuristic,0.12110647900044569
7,3,33,8,0.7,Dijkstra,0.996,False,0.0,True,2,185.7871882739368,108.91726818749015,2,58.687062146997526,Optimal,True,Optimal,heuristic,0.00040997999894898385
7,3,33,8,0.8,ILP,0.996,True,0.0,True,2,113.1756761489433,72.6115121249934,2,58.687062146997526,Optimal,True,Optimal,heuristic,0.13839712499975576
7,3,33,8,0.8,MILP,0.996,True,0.0,True,2,113.1756761489433,72.6115121249934,2,58.687062146997526,Optimal,True,Optimal,heuristic,0.11576432899892097
7,3,33,8,0.8,Dijkstra,0.996,True,0.0,True,2,113.1756761489433,72.6115121249934,2,58.687062146997526,Optimal,True,Optimal,heuristic,0.0003949749989260454
7,3,33,8,0.9,ILP,0.996,True,0.0,True,2,40.5641640239499,36.3057560624967,2,58.687062146997526,Optimal,True,Optimal,heuristic,0.13011655399895972
7,3,33,8,0.9,MILP,0.996,True,0.0,True,2,40.5641640239499,36.3057560624967,2,58.687062146997526,Optimal,True,Optimal,heuristic,0.11106489099984174
7,3,33,8,0.9,Dijkstra,0.996,True,0.0,True,2,40.5641640239499,36.3057560624967,2,58.687062146997526,Optimal,True,Optimal,heuristic,0.0003222419982193969
7,4,54,29,0.5,ILP,0.926,True,0.0,True,37,4810.07458164151,509.5524591467017,10,501.70840460867254,Optimal,True,Optimal,heuristic,0.6042852650025452
7,4,54,29,0.5,MILP,0.926,True,0.0,True,37,4810.07458164151,509.5524591467017,10,501.70840460867254,Optimal,True,Optimal,heuristic,0.09609052700034226
7,4,54,29,0.5,Dijkstra,0.926,True,0.0,True,37,4810.07458164151,509.5524591467017,10,501.70840460867254,Optimal,True,Optimal,heuristic,0.00040596400140202604
7,4,54,29,0.6,ILP,0.966,True,0.0,True,17,1976.964363390813,407.6419673173614,10,501.70840460867254,Optimal,True,Optimal,heuristic,0.6113499349994527
7,4,54,29,0.6,MILP,0.966,True,0.0,True,17,1976.964363390813,407.6419673173614,10,501.70840460867254,Optimal,True,Optimal,heuristic,0.11079311199864605
7,4,54,29,0.6,Dijkstra,0.966,True,0.0,True,17,1976.964363390813,407.6419673173614,10,501.70840460867254,Optimal,True,Optimal,heuristic,0.00033523800084367394
7,4,54,29,0.7,ILP,0.986,True,0.0,True,7,868.0585635357448,305.73147548802103,10,501.70840460867254,Optimal,True,Optimal,heuristic,0.3282645750005031
7,4,54,29,0.7,MILP,0.986,True,0.0,True,7,868.0585635357448,305.73147548802103,10,501.70840460867254,Optimal,True,Optimal,heuristic,0.10526077399845235
7,4,54,29,0.7,Dijkstra,0.986,True,0.0,True,7,868.0585635357448,305.73147548802103,10,501.70840460867254,Optimal,True,Optimal,heuristic,0.00033541599987074733
7,4,54,29,0.8,ILP,0.992,True,0.0,True,4,321.97585924251393,203.8209836586807,10,501.70840460867254,Optimal,True,Optimal,heuristic,0.3728844140023284
7,4,54,29,0.8,MILP,0.992,False,0.0,True,4,321.97585924251325,203.82098365868046,10,501.7084046086726,Optimal,True,Optimal,heuristic,0.21760568600075203
7,4,54,29,0.8,Dijkstra,0.992,True,0.0,True,4,321.97585924251393,203.8209836586807,10,501.70840460867254,Optimal,True,Optimal,heuristic,0.00035456900150165893
7,4,54,29,0.9,ILP,0.998,True,0.0,True,1,101.91049182934034,101.91049182934034,10,501.70840460867254,Optimal,True,Optimal,heuristic,0.1543586449988652
7,4,54,29,0.9,MILP,0.998,True,0.0,True,1,101.91049182934034,101.91049182934034,10,501.70840460867254,Optimal,True,Optimal,heuristic,0.14473282800099696
7,4,54,29,0.9,Dijkstra,0.998,True,0.0,True,1,101.91049182934034,101.91049182934034,10,501.70840460867254,Optimal,True,Optimal,heuristic,0.0004090750007890165
7,5,32,24,0.5,ILP,0.984,True,0.0,True,8,1105.1618848331618,597.8983862409024,7,286.9399489354921,Optimal,True,Optimal,heuristic,0.27713820500139263
7,5,32,24,0.5,MILP,0.984,True,0.0,True,8,1105.1618848331618,597.8983862409024,7,286.9399489354921,Optimal,True,Optimal,heuristic,0.09882964500138769
7,5,32,24,0.5,Dijkstra,0.984,True,0.0,True,8,1105.1618848331618,597.8983862409024,7,286.9399489354921,Optimal,True,Optimal,heuristic,0.00035041599767282605
7,5,32,24,0.6,ILP,0.996,True,0.0,True,2,547.5957675102919,478.3187089927219,7,286.9399489354921,Optimal,True,Optimal,heuristic,0.11058360400056699
7,5,32,24,0.6,MILP,0.996,True,0.0,True,2,547.5957675102919,478.3187089927219,7,286.9399489354921,Optimal,True,Optimal,heuristic,0.10941099499905249
7,5,32,24,0.6,Dijkstra,0.996,True,0.0,True,2,547.5957675102919,478.3187089927219,7,286.9399489354921,Optimal,True,Optimal,heuristic,0.00034072899870807305
7,5,32,24,0.7,ILP,0.998,True,0.0,True,1,358.7390317445414,358.7390317445414,7,286.9399489354921,Optimal,True,Optimal,heuristic,0.10269648900066386
7,5,32,24,0.7,MILP,0.998,True,0.0,True,1,358.7390317445414,358.7390317445414,7,286.9399489354921,Optimal,True,Optimal,heuristic,0.10122712299926206
7,5,32,24,0.7,Dijkstra,0.998,True,0.0,True,1,358.7390317445414,358.7390317445414,7,286.9399489354921,Optimal,True,Optimal,heuristic,0.000418170999182621
7,5,32,24,0.8,ILP,0.998,True,0.0,True,1,239.15935449636095,239.15935449636095,7,286.9399489354921,Optimal,True,Optimal,heuristic,0.09962439000082668
7,5,32,24,0.8,MILP,0.998,True,0.0,True,1,239.15935449636095,239.15935449636095,7,286.9399489354921,Optimal,True,Optimal,heuristic,0.10193004199754796
7,5,32,24,0.8,Dijkstra,0.998,True,0.0,True,1,239.15935449636095,239.15935449636095,7,286.9399489354921,Optimal,True,Optimal,heuristic,0.00041162499837810174
7,5,32,24,0.9,ILP,0.998,True,0.0,True,1,119.57967724818036,119.57967724818036,7,286.9399489354921,Optimal,True,Optimal,heuristic,0.09926446600002237
7,5,32,24,0.9,MILP,0.998,True,0.0,True,1,119.57967724818036,119.57967724818036,7,286.9399489354921,Optimal,True,Optimal,heuristic,0.10720126899832394
7,5,32,24,0.9,Dijkstra,0.998,True,0.0,True,1,119.57967724818036,119.57967724818036,7,286.9399489354921,Optimal,True,Optimal,heuristic,0.00041183600114891306
7,6,50,41,0.5,ILP,0.956,True,0.0,True,22,1693.5229942512785,275.04415538456925,1,73.28535107698484,Optimal,True,Optimal,heuristic,0.12057075600023381
7,6,50,41,0.5,MILP,0.956,True,0.0,True,22,1693.5229942512785,275.04415538456925,1,73.28535107698484,Optimal,True,Optimal,heuristic,0.14482233499802533
7,6,50,41,0.5,Dijkstra,0.956,True,0.0,True,22,1693.5229942512785,275.04415538456925,1,73.28535107698484,Optimal,True,Optimal,heuristic,0.00031814999965718016
7,6,50,41,0.6,ILP,0.978,True,0.0,True,11,774.6404388170042,220.0353243076554,1,73.28535107698484,Optimal,True,Optimal,heuristic,0.10676316500030225
7,6,50,41,0.6,MILP,0.978,True,0.0,True,11,774.6404388170042,220.0353243076554,1,73.28535107698484,Optimal,True,Optimal,heuristic,0.1080493640001805
7,6,50,41,0.6,Dijkstra,0.978,True,0.0,True,11,774.6404388170042,220.0353243076554,1,73.28535107698484,Optimal,True,Optimal,heuristic,0.00032799499967950396
7,6,50,41,0.7,ILP,0.99,True,0.0,True,5,288.87381137898154,165.02649323074155,1,73.28535107698484,Optimal,True,Optimal,heuristic,0.12338597200141521
7,6,50,41,0.7,MILP,0.99,True,0.0,True,5,288.87381137898154,165.02649323074155,1,73.28535107698484,Optimal,True,Optimal,heuristic,0.10407156399742234
7,6,50,41,0.7,Dijkstra,0.99,True,0.0,True,5,288.87381137898154,165.02649323074155,1,73.28535107698484,Optimal,True,Optimal,heuristic,0.0004001159977633506
7,6,50,41,0.8,ILP,0.996,True,0.0,True,2,118.2399101164844,110.0176621538277,1,73.28535107698484,Optimal,True,Optimal,heuristic,0.10214578399973107
7,6,50,41,0.8,MILP,0.996,True,0.0,True,2,118.2399101164844,110.0176621538277,1,73.28535107698484,Optimal,True,Optimal,heuristic,0.10036011099873576
7,6,50,41,0.8,Dijkstra,0.996,True,0.0,True,2,118.2399101164844,110.0176621538277,1,73.28535107698484,Optimal,True,Optimal,heuristic,0.000379201999749057
7,6,50,41,0.9,ILP,0.998,True,0.0,True,1,55.00883107691385,55.00883107691385,1,73.28535107698484,Optimal,True,Optimal,heuristic,0.10978143300235388
7,6,50,41,0.9,MILP,0.998,True,0.0,True,1,55.00883107691385,55.00883107691385,1,73.28535107698484,Optimal,True,Optimal,heuristic,0.10045845000058762
7,6,50,41,0.9,Dijkstra,0.998,True,0.0,True,1,55.00883107691385,55.00883107691385,1,73.28535107698484,Optimal,True,Optimal,heuristic,0.0003310739994049072
7,7,26,53,0.5,ILP,0.898,True,0.0,True,51,5321.229732982592,543.7138460682232,12,684.691618446499,Optimal,True,Optimal,heuristic,0.8367845110005874
7,7,26,53,0.5,MILP,0.898,True,0.0,True,51,5321.229732982592,543.7138460682232,12,684.691618446499,Optimal,True,Optimal,heuristic,0.13241161100086174
7,7,26,53,0.5,Dijkstra,0.898,True,0.0,True,51,5321.229732982592,543.7138460682232,12,684.691618446499,Optimal,True,Optimal,heuristic,0.00034051200054818764
7,7,26,53,0.6,ILP,0.966,True,0.0,True,17,2022.2859559374851,434.97107685457854,12,684.691618446499,Optimal,True,Optimal,heuristic,0.4507523319989559
7,7,26,53,0.6,MILP,0.966,True,0.0,True,17,2022.2859559374851,434.97107685457854,12,684.691618446499,Optimal,True,Optimal,heuristic,0.1180270120021305
7,7,26,53,0.6,Dijkstra,0.966,True,0.0,True,17,2022.2859559374851,434.97107685457854,12,684.691618446499,Optimal,True,Optimal,heuristic,0.00034885599961853586
7,7,26,53,0.7,ILP,0.986,True,0.0,True,7,849.0571608237944,326.22830764093396,12,684.691618446499,Optimal,True,Optimal,heuristic,0.34437166200223146
7,7,26,53,0.7,MILP,0.986,True,0.0,True,7,849.0571608237944,326.22830764093396,12,684.691618446499,Optimal,True,Optimal,heuristic,0.1125548579984752
7,7,26,53,0.7,Dijkstra,0.986,True,0.0,True,7,849.0571608237944,326.22830764093396,12,684.691618446499,Optimal,True,Optimal,heuristic,0.0004085219989065081
7,7,26,53,0.8,ILP,0.992,True,0.0,True,4,298.289646967846,217.48553842728916,12,684.691618446499,Optimal,True,Optimal,heuristic,0.17937081000127364
7,7,26,53,0.8,MILP,0.992,True,0.0,True,4,298.289646967846,217.48553842728916,12,684.691618446499,Optimal,True,Optimal,heuristic,0.1096630109968828
7,7,26,53,0.8,Dijkstra,0.992,True,0.0,True,4,298.289646967846,217.48553842728916,12,684.691618446499,Optimal,True,Optimal,heuristic,0.0003639069982455112
7,7,26,53,0.9,ILP,0.998,True,0.0,True,1,108.74276921364458,108.74276921364458,12,684.691618446499,Optimal,True,Optimal,heuristic,0.09284406100050546
7,7,26,53,0.9,MILP,0.998,True,0.0,True,1,108.74276921364458,108.74276921364458,12,684.691618446499,Optimal,True,Optimal,heuristic,0.10210912399998051
7,7,26,53,0.9,Dijkstra,0.998,True,0.0,True,1,108.74276921364458,108.74276921364458,12,684.691618446499,Optimal,True,Optimal,heuristic,0.0003495090022624936
7,8,35,28,0.5,ILP,0.974,True,0.0,True,13,1750.9683620343803,416.722620416117,6,274.0933340559213,Optimal,True,Optimal,heuristic,0.31545059099880746
7,8,35,28,0.5,MILP,0.974,True,0.0,True,13,1750.9683620343803,416.722620416117,6,274.0933340559213,Optimal,True,Optimal,heuristic,0.16455932699682307
7,8,35,28,0.5,Dijkstra,0.974,True,0.0,True,13,1750.9683620343803,416.722620416117,6,274.0933340559213,Optimal,True,Optimal,heuristic,0.0004947259985783603
7,8,35,28,0.6,ILP,0.988,True,0.0,True,6,1012.5848052167923,333.3780963328936,6,274.0933340559213,Optimal,True,Optimal,heuristic,0.22702403099901858
7,8,35,28,0.6,MILP,0.988,True,0.0,True,6,1012.5848052167923,333.3780963328936,6,274.0933340559213,Optimal,True,Optimal,heuristic,0.16574971299996832
7,8,35,28,0.6,Dijkstra,0.988,True,0.0,True,6,1012.5848052167923,333.3780963328936,6,274.0933340559213,Optimal,True,Optimal,heuristic,0.00048618300206726417
7,8,35,28,0.7,ILP,0.992,True,0.0,True,4,563.254254898612,250.03357224967021,6,274.0933340559213,Optimal,True,Optimal,heuristic,0.16058794900163775
7,8,35,28,0.7,MILP,0.992,True,0.0,True,4,563.254254898612,250.03357224967021,6,274.0933340559213,Optimal,True,Optimal,heuristic,0.20298524499958148
7,8,35,28,0.7,Dijkstra,0.992,True,0.0,True,4,563.254254898612,250.03357224967021,6,274.0933340559213,Optimal,True,Optimal,heuristic,0.00033697899925755337
7,8,35,28,0.8,ILP,0.994,True,0.0,True,3,303.31519709233135,166.6890481664468,6,274.0933340559213,Optimal,True,Optimal,heuristic,0.19165902500026277
7,8,35,28,0.8,MILP,0.994,True,0.0,True,3,303.31519709233135,166.6890481664468,6,274.0933340559213,Optimal,True,Optimal,heuristic,0.21977003299980424
7,8,35,28,0.8,Dijkstra,0.994,True,0.0,True,3,303.31519709233135,166.6890481664468,6,274.0933340559213,Optimal,True,Optimal,heuristic,0.00035178799953428097
7,8,35,28,0.9,ILP,0.998,True,0.0,True,1,83.3445240832234,83.3445240832234,6,274.0933340559213,Optimal,True,Optimal,heuristic,0.14577320399985183
7,8,35,28,0.9,MILP,0.998,True,0.0,True,1,83.3445240832234,83.3445240832234,6,274.0933340559213,Optimal,True,Optimal,heuristic,0.14300433500102372
7,8,35,28,0.9,Dijkstra,0.998,True,0.0,True,1,83.3445240832234,83.3445240832234,6,274.0933340559213,Optimal,True,Optimal,heuristic,0.0004355390010459814
7,9,57,4,0.5,ILP,0.978,True,0.0,True,11,1540.694837900177,501.7603222254628,5,253.806297606859,Optimal,True,Optimal,heuristic,0.19643824699960533
7,9,57,4,0.5,MILP,0.978,True,0.0,True,11,1540.694837900177,501.7603222254628,5,253.806297606859,Optimal,True,Optimal,heuristic,0.10071582499949727
7,9,57,4,0.5,Dijkstra,0.978,True,0.0,True,11,1540.694837900177,501.7603222254628,5,253.806297606859,Optimal,True,Optimal,heuristic,0.0003230920010537375
7,9,57,4,0.6,ILP,0.988,True,0.0,True,6,675.599525225488,401.40825778037026,5,253.806297606859,Optimal,True,Optimal,heuristic,0.24400198100192938
7,9,57,4,0.6,MILP,0.988,True,0.0,True,6,675.599525225488,401.40825778037026,5,253.806297606859,Optimal,True,Optimal,heuristic,0.10233784699812531
7,9,57,4,0.6,Dijkstra,0.988,True,0.0,True,6,675.599525225488,401.40825778037026,5,253.806297606859,Optimal,True,Optimal,heuristic,0.00038434499947470613
7,9,57,4,0.7,ILP,0.996,True,0.0,True,2,324.5466228054412,301.0561933352777,5,253.806297606859,Optimal,True,Optimal,heuristic,0.10147707999931299
7,9,57,4,0.7,MILP,0.996,True,0.0,True,2,324.5466228054412,301.0561933352777,5,253.806297606859,Optimal,True,Optimal,heuristic,0.10269306799818878
7,9,57,4,0.7,Dijkstra,0.996,True,0.0,True,2,324.5466228054412,301.0561933352777,5,253.806297606859,Optimal,True,Optimal,heuristic,0.00037433800025610253
7,9,57,4,0.8,ILP,0.998,True,0.0,True,1,200.70412889018507,200.70412889018507,5,253.806297606859,Optimal,True,Optimal,heuristic,0.09653624000202399
7,9,57,4,0.8,MILP,0.998,True,0.0,True,1,200.70412889018507,200.70412889018507,5,253.806297606859,Optimal,True,Optimal,heuristic,0.10586340099689551
7,9,57,4,0.8,Dijkstra,0.998,True,0.0,True,1,200.70412889018507,200.70412889018507,5,253.806297606859,Optimal,True,Optimal,heuristic,0.00038509699879796244
7,9,57,4,0.9,ILP,0.998,True,0.0,True,1,100.35206444509254,100.35206444509254,5,253.806297606859,Optimal,True,Optimal,heuristic,0.09911578700121026
7,9,57,4,0.9,MILP,0.998,True,0.0,True,1,100.35206444509254,100.35206444509254,5,253.806297606859,Optimal,True,Optimal,heuristic,0.11110398399978294
7,9,57,4,0.9,Dijkstra,0.998,True,0.0,True,1,100.35206444509254,100.35206444509254,5,253.806297606859,Optimal,True,Optimal,heuristic,0.0004002880014013499
7,10,55,53,0.5,ILP,0.888,True,0.0,True,56,6522.898567058712,463.21908240732284,9,581.3027422045491,Optimal,True,Optimal,heuristic,0.7643016510010057
7,10,55,53,0.5,MILP,0.888,False,0.0,True,56,6522.89856705873,463.21908240732375,10,581.3027422045507,Optimal,True,Optimal,heuristic,0.11782984599994961
7,10,55,53,0.5,Dijkstra,0.888,False,0.0,True,56,6522.89856705873,463.21908240732375,10,581.3027422045507,Optimal,True,Optimal,heuristic,0.000338400001055561
7,10,55,53,0.6,ILP,0.944,True,0.0,True,28,2585.3141083202822,370.57526592585907,10,581.3027422045507,Optimal,True,Optimal,heuristic,0.46283981899978244
7,10,55,53,0.6,MILP,0.944,False,0.0,True,28,2585.3141083202827,370.57526592585907,10,581.3027422045507,Optimal,True,Optimal,heuristic,0.11119230600161245
7,10,55,53,0.6,Dijkstra,0.944,False,0.0,True,28,2585.3141083202827,370.57526592585907,10,581.3027422045507,Optimal,True,Optimal,heuristic,0.00039144500260590576
7,10,55,53,0.7,ILP,0.98,True,0.0,True,10,920.7177449952271,277.9314494443943,10,581.3027422045507,Optimal,True,Optimal,heuristic,0.33912105599665665
7,10,55,53,0.7,MILP,0.98,True,0.0,True,10,920.7177449952271,277.9314494443943,10,581.3027422045507,Optimal,True,Optimal,heuristic,0.10903958799826796
7,10,55,53,0.7,Dijkstra,0.98,True,0.0,True,10,920.7177449952271,277.9314494443943,10,581.3027422045507,Optimal,True,Optimal,heuristic,0.00038214500091271475
7,10,55,53,0.8,ILP,0.992,True,0.0,True,4,386.5777816627774,185.28763296292937,10,581.3027422045507,Optimal,True,Optimal,heuristic,0.1663773129985202
7,10,55,53,0.8,MILP,0.992,True,0.0,True,4,386.5777816627774,185.28763296292937,10,581.3027422045507,Optimal,True,Optimal,heuristic,0.1060947079968173
7,10,55,53,0.8,Dijkstra,0.992,True,0.0,True,4,386.5777816627774,185.28763296292937,10,581.3027422045507,Optimal,True,Optimal,heuristic,0.000390449000406079
7,10,55,53,0.9,ILP,0.996,True,0.0,True,2,143.82923452432897,92.64381648146468,10,581.3027422045507,Optimal,True,Optimal,heuristic,0.10691202399902977
7,10,55,53,0.9,MILP,0.996,True,0.0,True,2,143.82923452432897,92.64381648146468,10,581.3027422045507,Optimal,True,Optimal,heuristic,0.10647773900200264
7,10,55,53,0.9,Dijkstra,0.996,True,0.0,True,2,143.82923452432897,92.64381648146468,10,581.3027422045507,Optimal,True,Optimal,heuristic,0.00037455299752764404
7,11,17,41,0.5,ILP,0.944,True,0.0,True,28,3876.6570312018757,610.1273764575435,4,261.333342965923,Optimal,True,Optimal,heuristic,2.398091299997759
7,11,17,41,0.5,MILP,0.9299999999999999,False,0.014000000000000012,False,35,3349.6335433518307,415.1912668900088,6,326.6681877609788,Optimal,True,Optimal,heuristic,0.7026127489989449
7,11,17,41,0.5,Dijkstra,0.944,True,0.0,True,28,3876.6570312018757,610.1273764575435,4,261.333342965923,Optimal,True,Optimal,heuristic,0.0003507709989207797
7,11,17,41,0.6,ILP,0.976,True,0.0,True,12,1462.3987935571658,332.15301351200924,6,326.66818776098046,Optimal,True,Optimal,heuristic,2.9827405709984305
7,11,17,41,0.6,MILP,0.976,False,0.0,True,12,1462.3987935571452,332.1530135120074,6,326.6681877609787,Optimal,True,Optimal,heuristic,0.4192820499993104
7,11,17,41,0.6,Dijkstra,0.974,False,0.0020000000000000018,False,13,2093.571901383259,527.0891230795418,4,261.333342965923,Optimal,True,Optimal,heuristic,0.0006326280017674435
7,11,17,41,0.7,ILP,0.984,True,0.0,True,8,629.0158520568866,249.11476013400556,6,326.6681877609787,Optimal,True,Optimal,heuristic,1.3731690140011779
7,11,17,41,0.7,MILP,0.984,True,0.0,True,8,629.0158520568866,249.11476013400556,6,326.6681877609787,Optimal,True,Optimal,heuristic,0.37321049699676223
7,11,17,41,0.7,Dijkstra,0.984,False,0.0,True,8,1266.5815259625933,444.0508697015399,4,261.333342965923,Optimal,True,Optimal,heuristic,0.0004486309990170412
7,11,17,41,0.8,ILP,0.996,True,0.0,True,2,275.68123908343875,166.0765067560036,6,326.6681877609787,Optimal,True,Optimal,heuristic,0.33151839900165214
7,11,17,41,0.8,MILP,0.996,True,0.0,True,2,275.68123908343875,166.0765067560036,6,326.6681877609787,Optimal,True,Optimal,heuristic,0.5026290919995517
7,11,17,41,0.8,Dijkstra,0.992,False,0.0040000000000000036,False,4,753.736883041195,361.01261632353794,4,261.333342965923,Optimal,True,Optimal,heuristic,0.00034164700264227577
7,11,17,41,0.9,ILP,0.996,True,0.0,True,2,109.60473232743527,83.03825337800185,6,326.6681877609787,Optimal,True,Optimal,heuristic,0.4577367840029183
7,11,17,41,0.9,MILP,0.996,True,0.0,True,2,109.60473232743527,83.03825337800185,6,326.6681877609787,Optimal,True,Optimal,heuristic,0.46713402200111886
7,11,17,41,0.9,Dijkstra,0.994,False,0.0020000000000000018,False,3,466.57230040611626,277.9743629455362,4,261.333342965923,Optimal,True,Optimal,heuristic,0.00034465399949112907
7,12,45,23,0.5,ILP,0.846,True,0.0,True,77,5718.525841303344,300.04445512025165,6,326.7504221553973,Optimal,True,Optimal,heuristic,1.0253646450000815
7,12,45,23,0.5,MILP,0.846,True,0.0,True,77,5718.525841303344,300.04445512025165,6,326.7504221553973,Optimal,True,Optimal,heuristic,0.10362647600049968
7,12,45,23,0.5,Dijkstra,0.846,True,0.0,True,77,5718.525841303344,300.04445512025165,6,326.7504221553973,Optimal,True,Optimal,heuristic,0.00034602699815877713
7,12,45,23,0.6,ILP,0.922,True,0.0,True,39,2222.0822424164853,240.0355640962013,6,326.7504221553973,Optimal,True,Optimal,heuristic,1.5046370019990718
7,12,45,23,0.6,MILP,0.922,False,0.0,True,39,2222.082242416485,240.0355640962013,6,326.7504221553973,Optimal,True,Optimal,heuristic,0.18306385800315184
7,12,45,23,0.6,Dijkstra,0.922,True,0.0,True,39,2222.0822424164853,240.0355640962013,6,326.7504221553973,Optimal,True,Optimal,heuristic,0.0003870979999192059
7,12,45,23,0.7,ILP,0.972,True,0.0,True,14,741.7235440313253,180.02667307215097,6,326.7504221553973,Optimal,True,Optimal,heuristic,0.7837980299991614
7,12,45,23,0.7,MILP,0.972,False,0.0,True,14,741.7235440313241,180.0266730721513,6,326.7504221553975,Optimal,True,Optimal,heuristic,0.12648877399988123
7,12,45,23,0.7,Dijkstra,0.972,True,0.0,True,14,741.7235440313253,180.02667307215097,6,326.7504221553973,Optimal,True,Optimal,heuristic,0.0004027600007248111
7,12,45,23,0.8,ILP,0.992,True,0.0,True,4,226.25480659418724,120.01778204810057,6,326.7504221553973,Optimal,True,Optimal,heuristic,0.2186314560021856
7,12,45,23,0.8,MILP,0.992,True,0.0,True,4,226.25480659418724,120.01778204810057,6,326.7504221553973,Optimal,True,Optimal,heuristic,0.11125773799722083
7,12,45,23,0.8,Dijkstra,0.992,True,0.0,True,4,226.25480659418724,120.01778204810057,6,326.7504221553973,Optimal,True,Optimal,heuristic,0.000329704002069775
7,12,45,23,0.9,ILP,0.998,True,0.0,True,1,60.008891024050286,60.008891024050286,6,326.7504221553973,Optimal,True,Optimal,heuristic,0.10261808400173322
7,12,45,23,0.9,MILP,0.998,True,0.0,True,1,60.008891024050286,60.008891024050286,6,326.7504221553973,Optimal,True,Optimal,heuristic,0.09570830200027558
7,12,45,23,0.9,Dijkstra,0.998,True,0.0,True,1,60.008891024050286,60.008891024050286,6,326.7504221553973,Optimal,True,Optimal,heuristic,0.00034482800037949346
7,13,4,63,0.5,ILP,0.992,True,0.0,True,4,381.3753377097377,343.77571139195,4,121.89636660015044,Optimal,True,Optimal,heuristic,0.1478621429996565
7,13,4,63,0.5,MILP,0.992,False,0.0,True,4,381.3753377097384,343.77571139194964,3,121.8963666001503,Optimal,True,Optimal,heuristic,0.1488487870010431
7,13,4,63,0.5,Dijkstra,0.992,True,0.0,True,4,381.3753377097377,343.77571139195,4,121.89636660015044,Optimal,True,Optimal,heuristic,0.0003341470001032576
7,13,4,63,0.6,ILP,0.998,True,0.0,True,1,275.02056911356,275.02056911356,4,121.89636660015044,Optimal,True,Optimal,heuristic,0.10207155899843201
7,13,4,63,0.6,MILP,0.998,True,0.0,True,1,275.02056911356,275.02056911356,4,121.89636660015044,Optimal,True,Optimal,heuristic,0.1265070849985932
7,13,4,63,0.6,Dijkstra,0.998,True,0.0,True,1,275.02056911356,275.02056911356,4,121.89636660015044,Optimal,True,Optimal,heuristic,0.0003611029969761148
7,13,4,63,0.7,ILP,0.998,True,0.0,True,1,206.26542683517005,206.26542683517005,4,121.89636660015044,Optimal,True,Optimal,heuristic,0.10319458800222492
7,13,4,63,0.7,MILP,0.998,True,0.0,True,1,206.26542683517005,206.26542683517005,4,121.89636660015044,Optimal,True,Optimal,heuristic,0.13224597400039784
7,13,4,63,0.7,Dijkstra,0.998,True,0.0,True,1,206.26542683517005,206.26542683517005,4,121.89636660015044,Optimal,True,Optimal,heuristic,0.0006293919977906626
7,13,4,63,0.8,ILP,0.998,True,0.0,True,1,137.51028455678,137.51028455678,4,121.89636660015044,Optimal,True,Optimal,heuristic,0.10146251599871903
7,13,4,63,0.8,MILP,0.998,True,0.0,True,1,137.51028455678,137.51028455678,4,121.89636660015044,Optimal,True,Optimal,heuristic,0.11925510199944256
7,13,4,63,0.8,Dijkstra,0.998,True,0.0,True,1,137.51028455678,137.51028455678,4,121.89636660015044,Optimal,True,Optimal,heuristic,0.0003644380012701731
7,13,4,63,0.9,ILP,0.998,True,0.0,True,1,68.75514227838994,68.75514227838994,4,121.89636660015044,Optimal,True,Optimal,heuristic,0.10173794499860378
7,13,4,63,0.9,MILP,0.998,True,0.0,True,1,68.75514227838994,68.75514227838994,4,121.89636660015044,Optimal,True,Optimal,heuristic,0.11988217800171697
7,13,4,63,0.9,Dijkstra,0.998,True,0.0,True,1,68.75514227838994,68.75514227838994,4,121.89636660015044,Optimal,True,Optimal,heuristic,0.00032992599881254137
7,14,44,50,0.5,ILP,0.97,True,0.0,True,15,1990.8933964543503,391.923130035783,5,206.43841638028036,Optimal,True,Optimal,heuristic,0.1920934359986859
7,14,44,50,0.5,MILP,0.97,False,0.0,True,15,1990.89339645435,391.923130035783,5,206.43841638028036,Optimal,True,Optimal,heuristic,0.11557457000162685
7,14,44,50,0.5,Dijkstra,0.97,False,0.0,True,15,1990.89339645435,391.923130035783,5,206.43841638028036,Optimal,True,Optimal,heuristic,0.00033966699993470684
7,14,44,50,0.6,ILP,0.984,True,0.0,True,8,1069.107743048989,313.53850402862645,5,206.43841638028036,Optimal,True,Optimal,heuristic,0.142513582999527
7,14,44,50,0.6,MILP,0.984,True,0.0,True,8,1069.107743048989,313.53850402862645,5,206.43841638028036,Optimal,True,Optimal,heuristic,0.10152083799766842
7,14,44,50,0.6,Dijkstra,0.984,True,0.0,True,8,1069.107743048989,313.53850402862645,5,206.43841638028036,Optimal,True,Optimal,heuristic,0.0003719420019479003
7,14,44,50,0.7,ILP,0.99,True,0.0,True,5,604.9780408280507,235.15387802146984,5,206.43841638028036,Optimal,True,Optimal,heuristic,0.1292175610033155
7,14,44,50,0.7,MILP,0.99,True,0.0,True,5,604.9780408280507,235.15387802146984,5,206.43841638028036,Optimal,True,Optimal,heuristic,0.11236325100253453
7,14,44,50,0.7,Dijkstra,0.99,True,0.0,True,5,604.9780408280507,235.15387802146984,5,206.43841638028036,Optimal,True,Optimal,heuristic,0.00032506099887541495
7,14,44,50,0.8,ILP,0.992,True,0.0,True,4,258.468356332991,156.76925201431322,5,206.43841638028036,Optimal,True,Optimal,heuristic,0.1263456380002026
7,14,44,50,0.8,MILP,0.992,True,0.0,True,4,258.468356332991,156.76925201431322,5,206.43841638028036,Optimal,True,Optimal,heuristic,0.09506523199888761
7,14,44,50,0.8,Dijkstra,0.992,True,0.0,True,4,258.468356332991,156.76925201431322,5,206.43841638028036,Optimal,True,Optimal,heuristic,0.00033265900128753856
7,14,44,50,0.9,ILP,0.996,True,0.0,True,2,84.03829425075105,78.38462600715661,5,206.43841638028036,Optimal,True,Optimal,heuristic,0.13964839999971446
7,14,44,50,0.9,MILP,0.996,True,0.0,True,2,84.03829425075105,78.38462600715661,5,206.43841638028036,Optimal,True,Optimal,heuristic,0.09746683900084463
7,14,44,50,0.9,Dijkstra,0.996,True,0.0,True,2,84.03829425075105,78.38462600715661,5,206.43841638028036,Optimal,True,Optimal,heuristic,0.0004212540006847121
7,15,49,12,0.5,ILP,0.96,True,0.0,True,20,2020.1118606397838,296.9336441387885,1,125.13601609963635,Optimal,True,Optimal,heuristic,0.14065782599936938
7,15,49,12,0.5,MILP,0.96,False,0.0,True,20,2020.1118606397977,296.9336441387891,2,125.13601609963708,Optimal,True,Optimal,heuristic,0.15259365100064315
7,15,49,12,0.5,Dijkstra,0.96,False,0.0,True,20,2020.1118606397977,296.9336441387891,2,125.13601609963708,Optimal,True,Optimal,heuristic,0.00043766900125774555
7,15,49,12,0.6,ILP,0.978,True,0.0,True,11,1051.4396844401474,237.54691531103128,2,125.13601609963708,Optimal,True,Optimal,heuristic,0.1309657400015567
7,15,49,12,0.6,MILP,0.978,True,0.0,True,11,1051.4396844401474,237.54691531103128,2,125.13601609963708,Optimal,True,Optimal,heuristic,0.14123235499937437
7,15,49,12,0.6,Dijkstra,0.978,True,0.0,True,11,1051.4396844401474,237.54691531103128,2,125.13601609963708,Optimal,True,Optimal,heuristic,0.0003258030010329094
7,15,49,12,0.7,ILP,0.986,True,0.0,True,7,573.6152067424496,178.1601864832735,2,125.13601609963708,Optimal,True,Optimal,heuristic,0.15688175900140777
7,15,49,12,0.7,MILP,0.986,True,0.0,True,7,573.6152067424496,178.1601864832735,2,125.13601609963708,Optimal,True,Optimal,heuristic,0.10034199199799332
7,15,49,12,0.7,Dijkstra,0.986,True,0.0,True,7,573.6152067424496,178.1601864832735,2,125.13601609963708,Optimal,True,Optimal,heuristic,0.0003185820023645647
7,15,49,12,0.8,ILP,0.994,True,0.0,True,3,248.90049919226323,118.77345765551564,2,125.13601609963708,Optimal,True,Optimal,heuristic,0.11298289999831468
7,15,49,12,0.8,MILP,0.994,True,0.0,True,3,248.90049919226323,118.77345765551564,2,125.13601609963708,Optimal,True,Optimal,heuristic,0.09994342800200684
7,15,49,12,0.8,Dijkstra,0.994,True,0.0,True,3,248.90049919226323,118.77345765551564,2,125.13601609963708,Optimal,True,Optimal,heuristic,0.00032141200063051656
7,15,49,12,0.9,ILP,0.996,True,0.0,True,2,91.15251947941624,59.38672882775779,2,125.13601609963708,Optimal,True,Optimal,heuristic,0.11107891099891276
7,15,49,12,0.9,MILP,0.996,True,0.0,True,2,91.15251947941624,59.38672882775779,2,125.13601609963708,Optimal,True,Optimal,heuristic,0.10058622600263334
7,15,49,12,0.9,Dijkstra,0.996,True,0.0,True,2,91.15251947941624,59.38672882775779,2,125.13601609963708,Optimal,True,Optimal,heuristic,0.0003155209997203201
7,16,32,2,0.5,ILP,0.996,True,0.0,True,2,662.9844590639136,585.6628352707863,5,217.3527067626199,Optimal,True,Optimal,heuristic,0.10149754200028838
7,16,32,2,0.5,MILP,0.996,True,0.0,True,2,662.9844590639136,585.6628352707863,5,217.3527067626199,Optimal,True,Optimal,heuristic,0.10384973500185879
7,16,32,2,0.5,Dijkstra,0.996,True,0.0,True,2,662.9844590639136,585.6628352707863,5,217.3527067626199,Optimal,True,Optimal,heuristic,0.000325971999700414
7,16,32,2,0.6,ILP,0.998,True,0.0,True,1,468.5302682166291,468.5302682166291,5,217.3527067626199,Optimal,True,Optimal,heuristic,0.10099635399819817
7,16,32,2,0.6,MILP,0.998,True,0.0,True,1,468.5302682166291,468.5302682166291,5,217.3527067626199,Optimal,True,Optimal,heuristic,0.10474765400067554
7,16,32,2,0.6,Dijkstra,0.998,True,0.0,True,1,468.5302682166291,468.5302682166291,5,217.3527067626199,Optimal,True,Optimal,heuristic,0.000335884000378428
7,16,32,2,0.7,ILP,0.998,True,0.0,True,1,351.3977011624718,351.3977011624718,5,217.3527067626199,Optimal,True,Optimal,heuristic,0.10128298199924757
7,16,32,2,0.7,MILP,0.998,True,0.0,True,1,351.3977011624718,351.3977011624718,5,217.3527067626199,Optimal,True,Optimal,heuristic,0.10111984199829749
7,16,32,2,0.7,Dijkstra,0.998,True,0.0,True,1,351.3977011624718,351.3977011624718,5,217.3527067626199,Optimal,True,Optimal,heuristic,0.00034236599822179414
7,16,32,2,0.8,ILP,0.998,True,0.0,True,1,234.26513410831444,234.26513410831444,5,217.3527067626199,Optimal,True,Optimal,heuristic,0.10316543400040246
7,16,32,2,0.8,MILP,0.998,True,0.0,True,1,234.26513410831444,234.26513410831444,5,217.3527067626199,Optimal,True,Optimal,heuristic,0.10775893599929987
7,16,32,2,0.8,Dijkstra,0.998,True,0.0,True,1,234.26513410831444,234.26513410831444,5,217.3527067626199,Optimal,True,Optimal,heuristic,0.0003435379985603504
7,16,32,2,0.9,ILP,0.998,True,0.0,True,1,117.13256705415733,117.13256705415733,5,217.3527067626199,Optimal,True,Optimal,heuristic,0.10424895200048923
7,16,32,2,0.9,MILP,0.998,True,0.0,True,1,117.13256705415733,117.13256705415733,5,217.3527067626199,Optimal,True,Optimal,heuristic,0.1022294869981124
7,16,32,2,0.9,Dijkstra,0.998,True,0.0,True,1,117.13256705415733,117.13256705415733,5,217.3527067626199,Optimal,True,Optimal,heuristic,0.00033215800067409873
7,17,35,10,0.5,ILP,0.856,True,0.0,True,72,6902.382162477546,433.9776140323597,9,498.7544447951991,Optimal,True,Optimal,heuristic,1.3292110410002351
7,17,35,10,0.5,MILP,0.856,True,0.0,True,72,6902.382162477546,433.9776140323597,9,498.7544447951991,Optimal,True,Optimal,heuristic,0.3322121099990909
7,17,35,10,0.5,Dijkstra,0.856,False,0.0,True,72,9546.609419794799,749.3341764489769,10,495.47778037704006,Optimal,True,Optimal,heuristic,0.00038278500142041594
7,17,35,10,0.6,ILP,0.946,True,0.0,True,27,2775.082503596088,347.1820912258878,9,498.7544447951991,Optimal,True,Optimal,heuristic,0.7107212339979014
7,17,35,10,0.6,MILP,0.946,True,0.0,True,27,2775.082503596088,347.1820912258878,9,498.7544447951991,Optimal,True,Optimal,heuristic,0.2977935260023514
7,17,35,10,0.6,Dijkstra,0.916,False,0.029999999999999916,False,42,4776.491200576285,662.538653642505,10,495.47778037704006,Optimal,True,Optimal,heuristic,0.0003605599995353259
7,17,35,10,0.7,ILP,0.98,True,0.0,True,10,1273.056704033942,260.3865684194159,9,498.7544447951991,Optimal,True,Optimal,heuristic,0.38188166699910653
7,17,35,10,0.7,MILP,0.98,False,0.0,True,10,1273.056704033942,260.3865684194159,9,498.7544447951991,Optimal,True,Optimal,heuristic,0.15442662400164409
7,17,35,10,0.7,Dijkstra,0.968,False,0.01200000000000001,False,16,2320.856110229923,575.7431308360331,10,495.47778037704006,Optimal,True,Optimal,heuristic,0.0004385110005387105
7,17,35,10,0.8,ILP,0.99,True,0.0,True,5,612.08192391705,173.59104561294384,9,498.7544447951991,Optimal,True,Optimal,heuristic,0.19580237099944497
7,17,35,10,0.8,MILP,0.99,True,0.0,True,5,612.08192391705,173.59104561294384,9,498.7544447951991,Optimal,True,Optimal,heuristic,0.11745584399977815
7,17,35,10,0.8,Dijkstra,0.986,False,0.0040000000000000036,False,7,1340.397892714764,488.947608029561,10,495.47778037704006,Optimal,True,Optimal,heuristic,0.00039246599772013724
7,17,35,10,0.9,ILP,0.992,True,0.0,True,4,199.4448373831127,86.79552280647192,9,498.7544447951991,Optimal,True,Optimal,heuristic,0.24913374899915652
7,17,35,10,0.9,MILP,0.992,False,0.0,True,4,199.44483738311317,86.79552280647215,9,498.7544447951991,Optimal,True,Optimal,heuristic,0.12267058300130884
7,17,35,10,0.9,Dijkstra,0.99,False,0.0020000000000000018,False,5,869.7698340184608,402.1520852230891,10,495.47778037704006,Optimal,True,Optimal,heuristic,0.0004340030027378816
7,18,48,44,0.5,ILP,0.832,True,0.0,True,84,7945.441135827545,540.2616753869236,8,378.4580138616202,Optimal,True,Optimal,heuristic,0.515152797997871
7,18,48,44,0.5,MILP,0.832,True,0.0,True,84,7945.441135827545,540.2616753869236,8,378.4580138616202,Optimal,True,Optimal,heuristic,0.6953958319973026
7,18,48,44,0.5,Dijkstra,0.832,True,0.0,True,84,7945.441135827545,540.2616753869236,8,378.4580138616202,Optimal,True,Optimal,heuristic,0.0004063720007252414
7,18,48,44,0.6,ILP,0.924,True,0.0,True,38,3929.3017641149177,473.5239264654292,8,378.4580138616202,Optimal,True,Optimal,heuristic,0.5311881320012617
7,18,48,44,0.6,MILP,0.924,False,0.0,True,38,3929.3017641149177,473.5239264654292,8,378.4580138616202,Optimal,True,Optimal,heuristic,0.38218983100159676
7,18,48,44,0.6,Dijkstra,0.924,True,0.0,True,38,3929.3017641149177,473.5239264654292,8,378.4580138616202,Optimal,True,Optimal,heuristic,0.0003440689979470335
7,18,48,44,0.7,ILP,0.958,True,0.0,True,21,2017.775434860067,406.78617754393485,8,378.4580138616202,Optimal,True,Optimal,heuristic,0.33010139699763386
7,18,48,44,0.7,MILP,0.952,False,0.006000000000000005,False,24,1900.256718217758,200.2132467644833,8,407.64982805283717,Optimal,True,Optimal,heuristic,0.32712101099969004
7,18,48,44,0.7,Dijkstra,0.958,True,0.0,True,21,2017.775434860067,406.78617754393485,8,378.4580138616202,Optimal,True,Optimal,heuristic,0.00043023900070693344
7,18,48,44,0.8,ILP,0.98,True,0.0,True,10,996.4533244192456,340.0484286224404,8,378.4580138616202,Optimal,True,Optimal,heuristic,0.3614493749992107
7,18,48,44,0.8,MILP,0.978,False,0.0020000000000000018,False,11,733.1415261851101,133.47549784298883,8,407.64982805283717,Optimal,True,Optimal,heuristic,0.2025677439996798
7,18,48,44,0.8,Dijkstra,0.98,True,0.0,True,10,996.4533244192456,340.0484286224404,8,378.4580138616202,Optimal,True,Optimal,heuristic,0.0003459999970800709
7,18,48,44,0.9,ILP,0.988,True,0.0,True,6,507.3534276303212,273.3106797009459,8,378.4580138616202,Optimal,True,Optimal,heuristic,0.39131395099684596
7,18,48,44,0.9,MILP,0.988,False,0.0,True,6,223.30619484916565,66.73774892149424,8,407.6498280528371,Optimal,True,Optimal,heuristic,0.15514947500196286
7,18,48,44,0.9,Dijkstra,0.988,True,0.0,True,6,507.3534276303212,273.3106797009459,8,378.4580138616202,Optimal,True,Optimal,heuristic,0.00036372999966260977
7,19,26,21,0.5,ILP,0.8220000000000001,True,0.0,True,89,11998.682342169874,466.9071512708729,12,603.7913897368032,Optimal,True,Optimal,heuristic,0.9809468080020451
7,19,26,21,0.5,MILP,0.8220000000000001,False,0.0,True,89,11998.682342169872,466.90715127087265,11,603.7913897368031,Optimal,True,Optimal,heuristic,0.12107633699997677
7,19,26,21,0.5,Dijkstra,0.8220000000000001,True,0.0,True,89,11998.682342169874,466.9071512708729,12,603.7913897368032,Optimal,True,Optimal,heuristic,0.00040599700150778517
7,19,26,21,0.6,ILP,0.906,True,0.0,True,47,5780.093470879048,373.5257210166983,12,603.7913897368032,Optimal,True,Optimal,heuristic,0.5925268829996639
7,19,26,21,0.6,MILP,0.906,True,0.0,True,47,5780.093470879048,373.5257210166983,12,603.7913897368032,Optimal,True,Optimal,heuristic,0.1442500220000511
7,19,26,21,0.6,Dijkstra,0.906,True,0.0,True,47,5780.093470879048,373.5257210166983,12,603.7913897368032,Optimal,True,Optimal,heuristic,0.0003777879974222742
7,19,26,21,0.7,ILP,0.954,True,0.0,True,23,2427.601601118132,280.1442907625237,12,603.7913897368032,Optimal,True,Optimal,heuristic,0.6498366480009281
7,19,26,21,0.7,MILP,0.954,True,0.0,True,23,2427.601601118132,280.1442907625237,12,603.7913897368032,Optimal,True,Optimal,heuristic,0.1368964409994078
7,19,26,21,0.7,Dijkstra,0.954,True,0.0,True,23,2427.601601118132,280.1442907625237,12,603.7913897368032,Optimal,True,Optimal,heuristic,0.00042543699964880943
7,19,26,21,0.8,ILP,0.974,True,0.0,True,13,727.6686165571755,186.76286050834904,12,603.7913897368032,Optimal,True,Optimal,heuristic,0.6562676920002559
7,19,26,21,0.8,MILP,0.974,True,0.0,True,13,727.6686165571755,186.76286050834904,12,603.7913897368032,Optimal,True,Optimal,heuristic,0.1125051449998864
7,19,26,21,0.8,Dijkstra,0.974,True,0.0,True,13,727.6686165571755,186.76286050834904,12,603.7913897368032,Optimal,True,Optimal,heuristic,0.00035041199953411706
7,19,26,21,0.9,ILP,0.994,True,0.0,True,3,120.34767403102364,93.38143025417457,12,603.7913897368032,Optimal,True,Optimal,heuristic,0.17485950099944603
7,19,26,21,0.9,MILP,0.994,False,0.0,True,3,120.34767403102342,93.38143025417457,12,603.7913897368032,Optimal,True,Optimal,heuristic,0.11156688900155132
7,19,26,21,0.9,Dijkstra,0.994,False,0.0,True,3,120.34767403102342,93.38143025417457,12,603.7913897368032,Optimal,True,Optimal,heuristic,0.0003486809982859995
8,0,34,63,0.5,ILP,0.9319999999999999,True,0.0,True,34,2713.9850560514146,317.42068021236605,5,223.22707118629134,Optimal,True,Optimal,heuristic,1.9076273770006082
8,0,34,63,0.5,MILP,0.9319999999999999,True,0.0,True,34,2713.9850560514146,317.42068021236605,5,223.22707118629134,Optimal,True,Optimal,heuristic,0.7041320469979837
8,0,34,63,0.5,Dijkstra,0.9319999999999999,True,0.0,True,34,2713.9850560514146,317.42068021236605,5,223.22707118629134,Optimal,True,Optimal,heuristic,0.0004560249981295783
8,0,34,63,0.6,ILP,0.972,True,0.0,True,14,1282.7547533620996,253.93654416989284,5,223.22707118629148,Optimal,True,Optimal,heuristic,1.0127790910009935
8,0,34,63,0.6,MILP,0.972,False,0.0,True,14,1282.7547533620966,253.9365441698926,5,223.22707118629134,Optimal,True,Optimal,heuristic,0.2967902700002014
8,0,34,63,0.6,Dijkstra,0.972,False,0.0,True,14,1282.7547533620975,253.93654416989284,5,223.22707118629134,Optimal,True,Optimal,heuristic,0.00046480500168399885
8,0,34,63,0.7,ILP,0.986,True,0.0,True,7,673.8779277673736,190.4524081274197,5,223.22707118629134,Optimal,True,Optimal,heuristic,0.5045231100011733
8,0,34,63,0.7,MILP,0.986,False,0.0,True,7,673.8779277673736,190.4524081274197,5,223.22707118629134,Optimal,True,Optimal,heuristic,0.43425788799868315
8,0,34,63,0.7,Dijkstra,0.986,False,0.0,True,7,673.8779277673736,190.4524081274197,5,223.22707118629134,Optimal,True,Optimal,heuristic,0.0003353950014570728
8,0,34,63,0.8,ILP,0.992,True,0.0,True,4,280.0381861300193,126.96827208494642,5,223.22707118629134,Optimal,True,Optimal,heuristic,0.30741957200007164
8,0,34,63,0.8,MILP,0.99,False,0.0020000000000000018,False,5,254.8955131509582,138.71157685142964,6,246.60258040550852,Optimal,True,Optimal,heuristic,0.2730404410031042
8,0,34,63,0.8,Dijkstra,0.992,True,0.0,True,4,280.0381861300193,126.96827208494642,5,223.22707118629134,Optimal,True,Optimal,heuristic,0.000376418000087142
8,0,34,63,0.9,ILP,0.998,True,0.0,True,1,75.22744080895643,75.22744080895643,6,246.60258040550852,Optimal,True,Optimal,heuristic,0.13936906199887744
8,0,34,63,0.9,MILP,0.996,False,0.0020000000000000018,False,2,73.8301850335971,63.48413604247321,5,223.22707118629134,Optimal,True,Optimal,heuristic,0.15466075600124896
8,0,34,63,0.9,Dijkstra,0.996,False,0.0020000000000000018,False,2,73.8301850335971,63.48413604247321,5,223.22707118629134,Optimal,True,Optimal,heuristic,0.00038594799843849614
8,1,47,49,0.5,ILP,0.918,True,0.0,True,41,1661.328813062946,138.40183520058778,1,87.81738595858391,Optimal,True,Optimal,heuristic,0.11105190200032666
8,1,47,49,0.5,MILP,0.918,True,0.0,True,41,1661.328813062946,138.40183520058778,1,87.81738595858391,Optimal,True,Optimal,heuristic,0.10238147199925152
8,1,47,49,0.5,Dijkstra,0.918,True,0.0,True,41,1661.328813062946,138.40183520058778,1,87.81738595858391,Optimal,True,Optimal,heuristic,0.00033816200084402226
8,1,47,49,0.6,ILP,0.95,True,0.0,True,25,726.9543670062171,110.72146816047024,1,87.81738595858391,Optimal,True,Optimal,heuristic,0.11458453399973223
8,1,47,49,0.6,MILP,0.95,True,0.0,True,25,726.9543670062171,110.72146816047024,1,87.81738595858391,Optimal,True,Optimal,heuristic,0.10165047400005278
8,1,47,49,0.6,Dijkstra,0.95,True,0.0,True,25,726.9543670062171,110.72146816047024,1,87.81738595858391,Optimal,True,Optimal,heuristic,0.00034585300090839155
8,1,47,49,0.7,ILP,0.978,True,0.0,True,11,254.13136796627,83.04110112035269,1,87.81738595858391,Optimal,True,Optimal,heuristic,0.10694675800186815
8,1,47,49,0.7,MILP,0.978,True,0.0,True,11,254.13136796627,83.04110112035269,1,87.81738595858391,Optimal,True,Optimal,heuristic,0.10151967700221576
8,1,47,49,0.7,Dijkstra,0.978,True,0.0,True,11,254.13136796627,83.04110112035269,1,87.81738595858391,Optimal,True,Optimal,heuristic,0.0003377069988346193
8,1,47,49,0.8,ILP,0.992,True,0.0,True,4,70.20300470363458,55.36073408023512,1,87.81738595858391,Optimal,True,Optimal,heuristic,0.10311563100185595
8,1,47,49,0.8,MILP,0.992,True,0.0,True,4,70.20300470363458,55.36073408023512,1,87.81738595858391,Optimal,True,Optimal,heuristic,0.11393927400058601
8,1,47,49,0.8,Dijkstra,0.992,True,0.0,True,4,70.20300470363458,55.36073408023512,1,87.81738595858391,Optimal,True,Optimal,heuristic,0.000377559001208283
8,1,47,49,0.9,ILP,0.998,True,0.0,True,1,27.680367040117574,27.680367040117574,1,87.81738595858391,Optimal,True,Optimal,heuristic,0.10012922299938509
8,1,47,49,0.9,MILP,0.998,True,0.0,True,1,27.680367040117574,27.680367040117574,1,87.81738595858391,Optimal,True,Optimal,heuristic,0.09961815199858393
8,1,47,49,0.9,Dijkstra,0.998,True,0.0,True,1,27.680367040117574,27.680367040117574,1,87.81738595858391,Optimal,True,Optimal,heuristic,0.0004310240001359489
8,2,46,51,0.5,ILP,0.966,True,0.0,True,17,2051.805908955729,462.4213686878511,8,359.1371181500762,Optimal,True,Optimal,heuristic,0.4805048029993486
8,2,46,51,0.5,MILP,0.966,False,0.0,True,17,2051.805908955727,462.4213686878511,7,359.1371181500761,Optimal,True,Optimal,heuristic,0.21106558999963454
8,2,46,51,0.5,Dijkstra,0.964,False,0.0020000000000000018,False,18,2789.297725907637,459.9940226062156,8,351.51265375712296,Optimal,True,Optimal,heuristic,0.00038903200038475916
8,2,46,51,0.6,ILP,0.984,True,0.0,True,8,912.1011799907933,370.92460563682664,8,359.1371181500762,Optimal,True,Optimal,heuristic,0.3478792970017821
8,2,46,51,0.6,MILP,0.984,False,0.0,True,8,912.1011799907931,370.92460563682664,8,359.1371181500762,Optimal,True,Optimal,heuristic,0.12876430200049072
8,2,46,51,0.6,Dijkstra,0.98,False,0.0040000000000000036,False,10,1421.170857722896,368.49725955519114,8,351.51265375712296,Optimal,True,Optimal,heuristic,0.00034816300103557296
8,2,46,51,0.7,ILP,0.996,True,0.0,True,2,463.7015487145086,279.42784258580207,8,359.1371181500762,Optimal,True,Optimal,heuristic,0.10542630100098904
8,2,46,51,0.7,MILP,0.996,True,0.0,True,2,463.7015487145086,279.42784258580207,8,359.1371181500762,Optimal,True,Optimal,heuristic,0.11573992500052555
8,2,46,51,0.7,Dijkstra,0.986,False,0.010000000000000009,False,7,642.1608151783764,277.00049650416656,8,351.51265375712296,Optimal,True,Optimal,heuristic,0.00034155200046370737
8,2,46,51,0.8,ILP,0.996,True,0.0,True,2,280.70802261245944,187.9310795347775,8,359.1371181500762,Optimal,True,Optimal,heuristic,0.12602796300052432
8,2,46,51,0.8,MILP,0.996,False,0.0,True,2,280.7080226124597,187.9310795347775,8,359.1371181500762,Optimal,True,Optimal,heuristic,0.12411269700169214
8,2,46,51,0.8,Dijkstra,0.996,False,0.0,True,2,362.1208034635158,185.503733453142,8,351.51265375712296,Optimal,True,Optimal,heuristic,0.0003426749972277321
8,2,46,51,0.9,ILP,0.996,True,0.0,True,2,97.71449651041019,96.43431648375292,8,359.1371181500762,Optimal,True,Optimal,heuristic,0.24039638000249397
8,2,46,51,0.9,MILP,0.996,False,0.0,True,2,97.71449651041007,96.4343164837527,8,359.1371181500762,Optimal,True,Optimal,heuristic,0.1315609930024948
8,2,46,51,0.9,Dijkstra,0.996,False,0.0,True,2,179.12727736146667,94.00697040211742,8,351.51265375712296,Optimal,True,Optimal,heuristic,0.00033977299972320907
8,3,33,8,0.5,ILP,0.946,True,0.0,True,27,3085.187723244685,432.9753457787525,2,151.07228400325081,Optimal,True,Optimal,heuristic,0.7736485120003636
8,3,33,8,0.5,MILP,0.946,True,0.0,True,27,3085.187723244685,432.9753457787525,2,151.07228400325081,Optimal,True,Optimal,heuristic,0.81920287200046
8,3,33,8,0.5,Dijkstra,0.946,True,0.0,True,27,3085.187723244685,432.9753457787525,2,151.07228400325081,Optimal,True,Optimal,heuristic,0.0003668270001071505
8,3,33,8,0.6,ILP,0.964,True,0.0,True,18,1865.6899579636784,378.5917837227398,2,151.07228400325081,Optimal,True,Optimal,heuristic,0.8288969210007053
8,3,33,8,0.6,MILP,0.964,True,0.0,True,18,1865.6899579636784,378.5917837227398,2,151.07228400325081,Optimal,True,Optimal,heuristic,0.6689539999970293
8,3,33,8,0.6,Dijkstra,0.964,True,0.0,True,18,1865.6899579636784,378.5917837227398,2,151.07228400325081,Optimal,True,Optimal,heuristic,0.00041995299761765637
8,3,33,8,0.7,ILP,0.984,True,0.0,True,8,1140.4025827846904,324.2082216667271,2,151.07228400325081,Optimal,True,Optimal,heuristic,0.6435432709986344
8,3,33,8,0.7,MILP,0.97,False,0.014000000000000012,False,15,762.6088724823526,163.15068616803808,7,239.5391646411543,Optimal,True,Optimal,heuristic,0.5851071969991608
8,3,33,8,0.7,Dijkstra,0.984,True,0.0,True,8,1140.4025827846904,324.2082216667271,2,151.07228400325081,Optimal,True,Optimal,heuristic,0.0004222450006636791
8,3,33,8,0.8,ILP,0.994,True,0.0,True,3,215.10647262001964,108.76712411202539,7,239.5391646411543,Optimal,True,Optimal,heuristic,0.1829310120010632
8,3,33,8,0.8,MILP,0.994,False,0.0,True,3,215.1064726200202,108.7671241120255,7,239.53916464115426,Optimal,True,Optimal,heuristic,0.20034418199793436
8,3,33,8,0.8,Dijkstra,0.99,False,0.0040000000000000036,False,5,808.999862920335,269.82465961071443,2,151.07228400325081,Optimal,True,Optimal,heuristic,0.00034270800097147003
8,3,33,8,0.9,ILP,0.996,True,0.0,True,2,64.85110262094258,54.383562056012465,6,239.53916464115417,Optimal,True,Optimal,heuristic,0.22936715700052446
8,3,33,8,0.9,MILP,0.996,False,0.0,True,2,64.85110262094292,54.38356205601269,7,239.5391646411543,Optimal,True,Optimal,heuristic,0.13807179700233974
8,3,33,8,0.9,Dijkstra,0.992,False,0.0040000000000000036,False,4,556.9105526049931,215.44109755470174,2,151.07228400325081,Optimal,True,Optimal,heuristic,0.00035417599792708643
8,4,54,29,0.5,ILP,0.854,True,0.0,True,73,6809.6139566238235,392.9805626727085,11,466.71244278625807,Optimal,True,Optimal,heuristic,0.829016733001481
8,4,54,29,0.5,MILP,0.854,True,0.0,True,73,6809.6139566238235,392.9805626727085,11,466.71244278625807,Optimal,True,Optimal,heuristic,0.09464516500156606
8,4,54,29,0.5,Dijkstra,0.854,True,0.0,True,73,6809.6139566238235,392.9805626727085,11,466.71244278625807,Optimal,True,Optimal,heuristic,0.00036779800211661495
8,4,54,29,0.6,ILP,0.9359999999999999,True,0.0,True,32,2852.73243776495,314.3844501381668,11,466.71244278625807,Optimal,True,Optimal,heuristic,0.5440096640013508
8,4,54,29,0.6,MILP,0.9359999999999999,True,0.0,True,32,2852.73243776495,314.3844501381668,11,466.71244278625807,Optimal,True,Optimal,heuristic,0.09244363399920985
8,4,54,29,0.6,Dijkstra,0.9359999999999999,True,0.0,True,32,2852.73243776495,314.3844501381668,11,466.71244278625807,Optimal,True,Optimal,heuristic,0.00033912799699464813
8,4,54,29,0.7,ILP,0.968,True,0.0,True,16,978.1654065963515,235.7883376036251,11,466.71244278625807,Optimal,True,Optimal,heuristic,0.3914445379996323
8,4,54,29,0.7,MILP,0.968,True,0.0,True,16,978.1654065963515,235.7883376036251,11,466.71244278625807,Optimal,True,Optimal,heuristic,0.09053486400080146
8,4,54,29,0.7,Dijkstra,0.968,True,0.0,True,16,978.1654065963515,235.7883376036251,11,466.71244278625807,Optimal,True,Optimal,heuristic,0.00034641999809537083
8,4,54,29,0.8,ILP,0.99,True,0.0,True,5,227.386849514078,157.1922250690834,11,466.71244278625807,Optimal,True,Optimal,heuristic,0.1487031200013007
8,4,54,29,0.8,MILP,0.99,True,0.0,True,5,227.386849514078,157.1922250690834,11,466.71244278625807,Optimal,True,Optimal,heuristic,0.09237015300095663
8,4,54,29,0.8,Dijkstra,0.99,True,0.0,True,5,227.386849514078,157.1922250690834,11,466.71244278625807,Optimal,True,Optimal,heuristic,0.0003962760019931011
8,4,54,29,0.9,ILP,0.998,True,0.0,True,1,78.5961125345417,78.5961125345417,11,466.71244278625807,Optimal,True,Optimal,heuristic,0.09161523100192426
8,4,54,29,0.9,MILP,0.998,True,0.0,True,1,78.5961125345417,78.5961125345417,11,466.71244278625807,Optimal,True,Optimal,heuristic,0.09082646300157649
8,4,54,29,0.9,Dijkstra,0.998,True,0.0,True,1,78.5961125345417,78.5961125345417,11,466.71244278625807,Optimal,True,Optimal,heuristic,0.0003405899988138117
8,5,32,24,0.5,ILP,0.904,True,0.0,True,48,6422.782397552812,489.67620405052753,7,469.1943238983392,Optimal,True,Optimal,heuristic,2.2266530510023586
8,5,32,24,0.5,MILP,0.904,True,0.0,True,48,6422.782397552812,489.67620405052753,7,469.1943238983392,Optimal,True,Optimal,heuristic,0.23111931799940066
8,5,32,24,0.5,Dijkstra,0.904,True,0.0,True,48,6422.782397552812,489.67620405052753,7,469.1943238983392,Optimal,True,Optimal,heuristic,0.00038937199860811234
8,5,32,24,0.6,ILP,0.952,True,0.0,True,24,3019.3704409510774,391.74096324042205,7,469.1943238983392,Optimal,True,Optimal,heuristic,1.6672847070003627
8,5,32,24,0.6,MILP,0.952,True,0.0,True,24,3019.3704409510774,391.74096324042205,7,469.1943238983392,Optimal,True,Optimal,heuristic,0.24792528899706667
8,5,32,24,0.6,Dijkstra,0.952,True,0.0,True,24,3019.3704409510774,391.74096324042205,7,469.1943238983392,Optimal,True,Optimal,heuristic,0.00042607199793565087
8,5,32,24,0.7,ILP,0.978,True,0.0,True,11,1266.0442136162833,293.80572243031656,7,469.1943238983392,Optimal,True,Optimal,heuristic,0.6663537179993
8,5,32,24,0.7,MILP,0.978,True,0.0,True,11,1266.0442136162833,293.80572243031656,7,469.1943238983392,Optimal,True,Optimal,heuristic,0.13049055399824283
8,5,32,24,0.7,Dijkstra,0.978,True,0.0,True,11,1266.0442136162833,293.80572243031656,7,469.1943238983392,Optimal,True,Optimal,heuristic,0.00035996299993712455
8,5,32,24,0.8,ILP,0.992,True,0.0,True,4,515.5306089406197,195.87048162021097,7,469.1943238983392,Optimal,True,Optimal,heuristic,0.20107427000039024
8,5,32,24,0.8,MILP,0.992,True,0.0,True,4,515.5306089406197,195.87048162021097,7,469.1943238983392,Optimal,True,Optimal,heuristic,0.11342435299957287
8,5,32,24,0.8,Dijkstra,0.992,True,0.0,True,4,515.5306089406197,195.87048162021097,7,469.1943238983392,Optimal,True,Optimal,heuristic,0.0003440870023041498
8,5,32,24,0.9,ILP,0.996,True,0.0,True,2,138.9746517772112,97.9352408101056,7,469.1943238983392,Optimal,True,Optimal,heuristic,0.2047897929987812
8,5,32,24,0.9,MILP,0.996,True,0.0,True,2,138.9746517772112,97.9352408101056,7,469.1943238983392,Optimal,True,Optimal,heuristic,0.10663079399819253
8,5,32,24,0.9,Dijkstra,0.996,True,0.0,True,2,138.9746517772112,97.9352408101056,7,469.1943238983392,Optimal,True,Optimal,heuristic,0.00034579799830680713
8,6,50,41,0.5,ILP,0.984,True,0.0,True,8,2239.2763242782985,1498.6542819439537,1,97.41900316085044,Optimal,True,Optimal,heuristic,0.10790093699688441
8,6,50,41,0.5,MILP,0.984,False,0.0,True,8,1763.5890436097795,580.8366456429991,2,159.84079644884116,Optimal,True,Optimal,heuristic,0.17564748999939184
8,6,50,41,0.5,Dijkstra,0.984,True,0.0,True,8,2239.2763242782985,1498.6542819439537,1,97.41900316085044,Optimal,True,Optimal,heuristic,0.0003697419997479301
8,6,50,41,0.6,ILP,0.994,True,0.0,True,3,1680.992800273234,1382.4869528153538,1,97.41900316085044,Optimal,True,Optimal,heuristic,0.10079142500035232
8,6,50,41,0.6,MILP,0.992,False,0.0020000000000000018,False,4,1054.0315167910535,464.66931651439927,2,159.84079644884116,Optimal,True,Optimal,heuristic,0.1247696399987035
8,6,50,41,0.6,Dijkstra,0.994,True,0.0,True,3,1680.992800273234,1382.4869528153538,1,97.41900316085044,Optimal,True,Optimal,heuristic,0.0004154639973421581
8,6,50,41,0.7,ILP,0.996,True,0.0,True,2,1354.6937451362353,1266.3196236867539,1,97.41900316085044,Optimal,True,Optimal,heuristic,0.10778086299978895
8,6,50,41,0.7,MILP,0.994,False,0.0020000000000000018,False,3,674.1667650876517,348.50198738579945,2,159.84079644884116,Optimal,True,Optimal,heuristic,0.12263884999993024
8,6,50,41,0.7,Dijkstra,0.996,True,0.0,True,2,1354.6937451362353,1266.3196236867539,1,97.41900316085044,Optimal,True,Optimal,heuristic,0.0003427800002100412
8,6,50,41,0.8,ILP,0.998,True,0.0,True,1,1150.1522945581542,1150.1522945581542,1,97.41900316085044,Optimal,True,Optimal,heuristic,0.11516715499965358
8,6,50,41,0.8,MILP,0.996,False,0.0020000000000000018,False,2,330.72474675116405,232.33465825719952,2,159.84079644884116,Optimal,True,Optimal,heuristic,0.11477636199924746
8,6,50,41,0.8,Dijkstra,0.998,True,0.0,True,1,1150.1522945581542,1150.1522945581542,1,97.41900316085044,Optimal,True,Optimal,heuristic,0.00036167500002193265
8,6,50,41,0.9,ILP,0.998,True,0.0,True,1,116.1673291285997,116.1673291285997,2,159.84079644884116,Optimal,True,Optimal,heuristic,0.1078073949975078
8,6,50,41,0.9,MILP,0.998,True,0.0,True,1,116.1673291285997,116.1673291285997,2,159.84079644884116,Optimal,True,Optimal,heuristic,0.10846150199722615
8,6,50,41,0.9,Dijkstra,0.998,False,0.0,True,1,1033.9849654295542,1033.9849654295542,1,97.41900316085044,Optimal,True,Optimal,heuristic,0.00037594300010823645
8,7,26,53,0.5,ILP,0.942,True,0.0,True,29,6247.830611951143,1574.186396856967,12,651.030836704762,Optimal,True,Optimal,heuristic,0.26235508999889134
8,7,26,53,0.5,MILP,0.942,True,0.0,True,29,6247.830611951143,1574.186396856967,12,651.030836704762,Optimal,True,Optimal,heuristic,0.14991824499884387
8,7,26,53,0.5,Dijkstra,0.942,True,0.0,True,29,6247.830611951143,1574.186396856967,12,651.030836704762,Optimal,True,Optimal,heuristic,0.0003432160010561347
8,7,26,53,0.6,ILP,0.974,True,0.0,True,13,3470.8844213277007,1427.151655203715,12,651.030836704762,Optimal,True,Optimal,heuristic,0.20942723699772614
8,7,26,53,0.6,MILP,0.972,False,0.0020000000000000018,False,14,3411.5348346925157,588.138966613008,13,713.4526299927527,Optimal,True,Optimal,heuristic,0.11892752299900167
8,7,26,53,0.6,Dijkstra,0.974,True,0.0,True,13,3470.8844213277007,1427.151655203715,12,651.030836704762,Optimal,True,Optimal,heuristic,0.0004715029972430784
8,7,26,53,0.7,ILP,0.988,True,0.0,True,6,2062.7817461991613,1280.1169135504629,12,651.030836704762,Optimal,True,Optimal,heuristic,0.11353839799994603
8,7,26,53,0.7,MILP,0.98,False,0.008000000000000007,False,10,1673.2491583443107,441.10422495975627,13,713.4526299927528,Optimal,True,Optimal,heuristic,0.12898021100045298
8,7,26,53,0.7,Dijkstra,0.988,True,0.0,True,6,2062.7817461991613,1280.1169135504629,12,651.030836704762,Optimal,True,Optimal,heuristic,0.0003444180001679342
8,7,26,53,0.8,ILP,0.994,True,0.0,True,3,1376.244342933228,1133.0821718972106,12,651.030836704762,Optimal,True,Optimal,heuristic,0.11406373099816847
8,7,26,53,0.8,MILP,0.99,False,0.0040000000000000036,False,5,481.4676780293464,294.06948330650357,13,713.4526299927527,Optimal,True,Optimal,heuristic,0.10401768099836772
8,7,26,53,0.8,Dijkstra,0.994,True,0.0,True,3,1376.244342933228,1133.0821718972106,12,651.030836704762,Optimal,True,Optimal,heuristic,0.0003723760019056499
8,7,26,53,0.9,ILP,0.996,True,0.0,True,2,1003.6450497520163,986.0474302439588,12,651.030836704762,Optimal,True,Optimal,heuristic,0.09938389500166522
8,7,26,53,0.9,MILP,0.996,False,0.0,True,2,167.20901301953108,147.034741653252,13,713.4526299927528,Optimal,True,Optimal,heuristic,0.11224427300112438
8,7,26,53,0.9,Dijkstra,0.996,True,0.0,True,2,1003.6450497520163,986.0474302439588,12,651.030836704762,Optimal,True,Optimal,heuristic,0.00034064799910993315
8,8,35,28,0.5,ILP,0.83,True,0.0,True,85,9238.03793231818,393.57564946890307,6,379.07889385313814,Optimal,True,Optimal,heuristic,0.9232224930019584
8,8,35,28,0.5,MILP,0.83,True,0.0,True,85,9238.03793231818,393.57564946890307,6,379.07889385313814,Optimal,True,Optimal,heuristic,0.1955583300004946
8,8,35,28,0.5,Dijkstra,0.83,True,0.0,True,85,9238.03793231818,393.57564946890307,6,379.07889385313814,Optimal,True,Optimal,heuristic,0.00043182800072827376
8,8,35,28,0.6,ILP,0.912,True,0.0,True,44,4376.731662426588,314.86051957512245,6,379.07889385313814,Optimal,True,Optimal,heuristic,0.8838258539981325
8,8,35,28,0.6,MILP,0.912,True,0.0,True,44,4376.731662426588,314.86051957512245,6,379.07889385313814,Optimal,True,Optimal,heuristic,0.22449540500019793
8,8,35,28,0.6,Dijkstra,0.912,True,0.0,True,44,4376.731662426588,314.86051957512245,6,379.07889385313814,Optimal,True,Optimal,heuristic,0.0003890049993060529
8,8,35,28,0.7,ILP,0.962,True,0.0,True,19,1994.2341667996814,236.14538968134184,6,379.07889385313814,Optimal,True,Optimal,heuristic,0.576490808998642
8,8,35,28,0.7,MILP,0.962,True,0.0,True,19,1994.2341667996814,236.14538968134184,6,379.07889385313814,Optimal,True,Optimal,heuristic,0.19983715800117352
8,8,35,28,0.7,Dijkstra,0.962,True,0.0,True,19,1994.2341667996814,236.14538968134184,6,379.07889385313814,Optimal,True,Optimal,heuristic,0.000476624998555053
8,8,35,28,0.8,ILP,0.974,True,0.0,True,13,788.4588989368863,157.43025978756123,6,379.07889385313814,Optimal,True,Optimal,heuristic,0.623369189001096
8,8,35,28,0.8,MILP,0.974,True,0.0,True,13,788.4588989368863,157.43025978756123,6,379.07889385313814,Optimal,True,Optimal,heuristic,0.18652784900041297
8,8,35,28,0.8,Dijkstra,0.974,True,0.0,True,13,788.4588989368863,157.43025978756123,6,379.07889385313814,Optimal,True,Optimal,heuristic,0.000464000000647502
8,8,35,28,0.9,ILP,0.994,True,0.0,True,3,152.06437417418636,78.71512989378061,6,379.07889385313814,Optimal,True,Optimal,heuristic,0.13974667000002228
8,8,35,28,0.9,MILP,0.994,True,0.0,True,3,152.06437417418636,78.71512989378061,6,379.07889385313814,Optimal,True,Optimal,heuristic,0.11334861700015608
8,8,35,28,0.9,Dijkstra,0.994,True,0.0,True,3,152.06437417418636,78.71512989378061,6,379.07889385313814,Optimal,True,Optimal,heuristic,0.00034928500099340454
8,9,57,4,0.5,ILP,0.968,True,0.0,True,16,1219.3795497449978,385.12403896489076,5,268.49242814016145,Optimal,True,Optimal,heuristic,0.22538759599774494
8,9,57,4,0.5,MILP,0.968,True,0.0,True,16,1219.3795497449978,385.12403896489076,5,268.49242814016145,Optimal,True,Optimal,heuristic,0.10535642999820993
8,9,57,4,0.5,Dijkstra,0.968,True,0.0,True,16,1219.3795497449978,385.12403896489076,5,268.49242814016145,Optimal,True,Optimal,heuristic,0.0004250940000929404
8,9,57,4,0.6,ILP,0.992,True,0.0,True,4,524.705701787346,308.0992311719126,5,268.49242814016145,Optimal,True,Optimal,heuristic,0.1656533280001895
8,9,57,4,0.6,MILP,0.992,True,0.0,True,4,524.705701787346,308.0992311719126,5,268.49242814016145,Optimal,True,Optimal,heuristic,0.10516150499825017
8,9,57,4,0.6,Dijkstra,0.992,True,0.0,True,4,524.705701787346,308.0992311719126,5,268.49242814016145,Optimal,True,Optimal,heuristic,0.0003753040000447072
8,9,57,4,0.7,ILP,0.996,True,0.0,True,2,321.1650598265038,231.0744233789345,5,268.49242814016145,Optimal,True,Optimal,heuristic,0.09772898300070665
8,9,57,4,0.7,MILP,0.996,True,0.0,True,2,321.1650598265038,231.0744233789345,5,268.49242814016145,Optimal,True,Optimal,heuristic,0.10553851200165809
8,9,57,4,0.7,Dijkstra,0.996,True,0.0,True,2,321.1650598265038,231.0744233789345,5,268.49242814016145,Optimal,True,Optimal,heuristic,0.0003262940008426085
8,9,57,4,0.8,ILP,0.996,True,0.0,True,2,167.1154442405474,154.0496155859563,5,268.49242814016145,Optimal,True,Optimal,heuristic,0.13560478599902126
8,9,57,4,0.8,MILP,0.996,True,0.0,True,2,167.1154442405474,154.0496155859563,5,268.49242814016145,Optimal,True,Optimal,heuristic,0.10296071699849563
8,9,57,4,0.8,Dijkstra,0.996,True,0.0,True,2,167.1154442405474,154.0496155859563,5,268.49242814016145,Optimal,True,Optimal,heuristic,0.00033220499972230755
8,9,57,4,0.9,ILP,0.998,True,0.0,True,1,77.0248077929781,77.0248077929781,5,268.49242814016145,Optimal,True,Optimal,heuristic,0.10909097499825293
8,9,57,4,0.9,MILP,0.998,True,0.0,True,1,77.0248077929781,77.0248077929781,5,268.49242814016145,Optimal,True,Optimal,heuristic,0.10210933599955752
8,9,57,4,0.9,Dijkstra,0.998,True,0.0,True,1,77.0248077929781,77.0248077929781,5,268.49242814016145,Optimal,True,Optimal,heuristic,0.00037485899883904494
8,10,55,53,0.5,ILP,0.9319999999999999,True,0.0,True,34,3441.9588478255278,518.2936487592227,10,444.68156670994546,Optimal,True,Optimal,heuristic,0.14795341699937126
8,10,55,53,0.5,MILP,0.9319999999999999,True,0.0,True,34,3441.9588478255278,518.2936487592227,10,444.68156670994546,Optimal,True,Optimal,heuristic,0.11189883300176007
8,10,55,53,0.5,Dijkstra,0.9319999999999999,True,0.0,True,34,3441.9588478255278,518.2936487592227,10,444.68156670994546,Optimal,True,Optimal,heuristic,0.0003980069996032398
8,10,55,53,0.6,ILP,0.982,True,0.0,True,9,1308.9750649219418,414.63491900737824,10,444.68156670994546,Optimal,True,Optimal,heuristic,0.09546139400117681
8,10,55,53,0.6,MILP,0.982,True,0.0,True,9,1308.9750649219418,414.63491900737824,10,444.68156670994546,Optimal,True,Optimal,heuristic,0.10788613700060523
8,10,55,53,0.6,Dijkstra,0.982,True,0.0,True,9,1308.9750649219418,414.63491900737824,10,444.68156670994546,Optimal,True,Optimal,heuristic,0.00039886099693831056
8,10,55,53,0.7,ILP,0.992,True,0.0,True,4,608.2660932199918,310.97618925553377,10,444.68156670994546,Optimal,True,Optimal,heuristic,0.10082226099984837
8,10,55,53,0.7,MILP,0.992,True,0.0,True,4,608.2660932199918,310.97618925553377,10,444.68156670994546,Optimal,True,Optimal,heuristic,0.10023095600263332
8,10,55,53,0.7,Dijkstra,0.992,True,0.0,True,4,608.2660932199918,310.97618925553377,10,444.68156670994546,Optimal,True,Optimal,heuristic,0.00037464799970621243
8,10,55,53,0.8,ILP,0.996,True,0.0,True,2,321.79864256282417,207.31745950368907,10,444.68156670994546,Optimal,True,Optimal,heuristic,0.0926890539994929
8,10,55,53,0.8,MILP,0.996,True,0.0,True,2,321.79864256282417,207.31745950368907,10,444.68156670994546,Optimal,True,Optimal,heuristic,0.09534009999697446
8,10,55,53,0.8,Dijkstra,0.996,True,0.0,True,2,321.79864256282417,207.31745950368907,10,444.68156670994546,Optimal,True,Optimal,heuristic,0.0003256390009482857
8,10,55,53,0.9,ILP,0.996,True,0.0,True,2,114.48118305913499,103.65872975184448,10,444.68156670994546,Optimal,True,Optimal,heuristic,0.09275677200275823
8,10,55,53,0.9,MILP,0.996,True,0.0,True,2,114.48118305913499,103.65872975184448,10,444.68156670994546,Optimal,True,Optimal,heuristic,0.09854909500063513
8,10,55,53,0.9,Dijkstra,0.996,True,0.0,True,2,114.48118305913499,103.65872975184448,10,444.68156670994546,Optimal,True,Optimal,heuristic,0.0003786160013987683
8,11,17,41,0.5,ILP,0.996,True,0.0,True,2,1008.4066763493897,817.9444939864757,4,146.32601664455558,Optimal,True,Optimal,heuristic,0.15596801399806282
8,11,17,41,0.5,MILP,0.996,True,0.0,True,2,1008.4066763493897,817.9444939864757,4,146.32601664455558,Optimal,True,Optimal,heuristic,0.18963111899938667
8,11,17,41,0.5,Dijkstra,0.996,True,0.0,True,2,1008.4066763493897,817.9444939864757,4,146.32601664455558,Optimal,True,Optimal,heuristic,0.0003750910000235308
8,11,17,41,0.6,ILP,0.996,True,0.0,True,2,743.6972341113078,685.5897728674347,4,146.32601664455558,Optimal,True,Optimal,heuristic,0.465592928998376
8,11,17,41,0.6,MILP,0.996,True,0.0,True,2,743.6972341113078,685.5897728674347,4,146.32601664455558,Optimal,True,Optimal,heuristic,0.32295315800001845
8,11,17,41,0.6,Dijkstra,0.996,True,0.0,True,2,743.6972341113078,685.5897728674347,4,146.32601664455558,Optimal,True,Optimal,heuristic,0.00033469700065325014
8,11,17,41,0.7,ILP,0.998,True,0.0,True,1,1181.6616254765345,1181.6616254765345,8,403.0128799437967,Optimal,True,Optimal,heuristic,0.29416761699758354
8,11,17,41,0.7,MILP,0.998,False,0.0,True,1,553.2350517483935,553.2350517483935,4,146.32601664455558,Optimal,True,Optimal,heuristic,0.7158292050007731
8,11,17,41,0.7,Dijkstra,0.998,False,0.0,True,1,553.2350517483935,553.2350517483935,4,146.32601664455558,Optimal,True,Optimal,heuristic,0.00041818600220722146
8,11,17,41,0.8,ILP,0.998,True,0.0,True,1,420.8803306293521,420.8803306293521,4,146.32601664455558,Optimal,True,Optimal,heuristic,0.10245356599989464
8,11,17,41,0.8,MILP,0.998,True,0.0,True,1,420.8803306293521,420.8803306293521,4,146.32601664455558,Optimal,True,Optimal,heuristic,0.15269514399915352
8,11,17,41,0.8,Dijkstra,0.998,True,0.0,True,1,420.8803306293521,420.8803306293521,4,146.32601664455558,Optimal,True,Optimal,heuristic,0.0003326660007587634
8,11,17,41,0.9,ILP,0.998,True,0.0,True,1,288.52560951031114,288.52560951031114,4,146.32601664455558,Optimal,True,Optimal,heuristic,0.10705647600116208
8,11,17,41,0.9,MILP,0.996,False,0.0020000000000000018,False,2,197.91869681404842,132.35472111904073,8,465.43467323178726,Optimal,True,Optimal,heuristic,0.1428980140008207
8,11,17,41,0.9,Dijkstra,0.998,True,0.0,True,1,288.52560951031114,288.52560951031114,4,146.32601664455558,Optimal,True,Optimal,heuristic,0.0003890209991368465
8,12,45,23,0.5,ILP,0.928,True,0.0,True,36,4050.910251114242,337.92606745079473,6,269.8091026637583,Optimal,True,Optimal,heuristic,0.4636601279999013
8,12,45,23,0.5,MILP,0.928,True,0.0,True,36,4050.910251114242,337.92606745079473,6,269.8091026637583,Optimal,True,Optimal,heuristic,0.09853555600057007
8,12,45,23,0.5,Dijkstra,0.928,True,0.0,True,36,4050.910251114242,337.92606745079473,6,269.8091026637583,Optimal,True,Optimal,heuristic,0.0003426410003157798
8,12,45,23,0.6,ILP,0.96,True,0.0,True,20,2187.362857468036,270.3408539606358,6,269.8091026637583,Optimal,True,Optimal,heuristic,0.3476224949990865
8,12,45,23,0.6,MILP,0.96,False,0.0,True,20,2187.362857468036,270.3408539606358,6,269.8091026637583,Optimal,True,Optimal,heuristic,0.15748251499826438
8,12,45,23,0.6,Dijkstra,0.96,False,0.0,True,20,2187.362857468036,270.3408539606358,6,269.8091026637583,Optimal,True,Optimal,heuristic,0.0005080230002931785
8,12,45,23,0.7,ILP,0.978,True,0.0,True,11,1134.8239642623214,202.75564047047692,6,269.8091026637583,Optimal,True,Optimal,heuristic,0.18059352500131354
8,12,45,23,0.7,MILP,0.978,False,0.0,True,11,1134.8239642623216,202.75564047047692,6,269.8091026637583,Optimal,True,Optimal,heuristic,0.12381344499954139
8,12,45,23,0.7,Dijkstra,0.978,False,0.0,True,11,1134.8239642623214,202.75564047047692,6,269.8091026637583,Optimal,True,Optimal,heuristic,0.00040331399941351265
8,12,45,23,0.8,ILP,0.984,True,0.0,True,8,474.28096153393733,135.17042698031787,6,269.8091026637583,Optimal,True,Optimal,heuristic,0.2066828870010795
8,12,45,23,0.8,MILP,0.984,False,0.0,True,8,474.28096153393767,135.17042698031798,5,269.8091026637582,Optimal,True,Optimal,heuristic,0.1305333750024147
8,12,45,23,0.8,Dijkstra,0.984,True,0.0,True,8,474.28096153393733,135.17042698031787,6,269.8091026637583,Optimal,True,Optimal,heuristic,0.0003480769992165733
8,12,45,23,0.9,ILP,0.994,True,0.0,True,3,99.33861965091614,67.58521349015894,6,269.8091026637583,Optimal,True,Optimal,heuristic,0.1469180169988249
8,12,45,23,0.9,MILP,0.994,True,0.0,True,3,99.33861965091614,67.58521349015894,6,269.8091026637583,Optimal,True,Optimal,heuristic,0.11278219699670444
8,12,45,23,0.9,Dijkstra,0.994,True,0.0,True,3,99.33861965091614,67.58521349015894,6,269.8091026637583,Optimal,True,Optimal,heuristic,0.000368680997780757
8,13,4,63,0.5,ILP,0.96,True,0.0,True,20,1419.3535737504071,287.48148271293644,4,156.74528314276483,Optimal,True,Optimal,heuristic,0.1903372209999361
8,13,4,63,0.5,MILP,0.96,True,0.0,True,20,1419.3535737504071,287.48148271293644,4,156.74528314276483,Optimal,True,Optimal,heuristic,0.13369505400260095
8,13,4,63,0.5,Dijkstra,0.96,True,0.0,True,20,1419.3535737504071,287.48148271293644,4,156.74528314276483,Optimal,True,Optimal,heuristic,0.00046781800119788386
8,13,4,63,0.6,ILP,0.988,True,0.0,True,6,708.1441276734815,229.98518617034915,4,156.74528314276483,Optimal,True,Optimal,heuristic,0.11174817299979622
8,13,4,63,0.6,MILP,0.988,True,0.0,True,6,708.1441276734815,229.98518617034915,4,156.74528314276483,Optimal,True,Optimal,heuristic,0.12395682000351371
8,13,4,63,0.6,Dijkstra,0.988,True,0.0,True,6,708.1441276734815,229.98518617034915,4,156.74528314276483,Optimal,True,Optimal,heuristic,0.00038866300019435585
8,13,4,63,0.7,ILP,0.99,True,0.0,True,5,388.7290262978177,172.48888962776186,4,156.74528314276483,Optimal,True,Optimal,heuristic,0.12872998199964059
8,13,4,63,0.7,MILP,0.99,True,0.0,True,5,388.7290262978177,172.48888962776186,4,156.74528314276483,Optimal,True,Optimal,heuristic,0.12365716099884594
8,13,4,63,0.7,Dijkstra,0.99,True,0.0,True,5,388.7290262978177,172.48888962776186,4,156.74528314276483,Optimal,True,Optimal,heuristic,0.000346180000633467
8,13,4,63,0.8,ILP,0.996,True,0.0,True,2,189.07046219757183,114.99259308517452,4,156.74528314276483,Optimal,True,Optimal,heuristic,0.10181722599736531
8,13,4,63,0.8,MILP,0.996,True,0.0,True,2,189.07046219757183,114.99259308517452,4,156.74528314276483,Optimal,True,Optimal,heuristic,0.12259819999962929
8,13,4,63,0.8,Dijkstra,0.996,True,0.0,True,2,189.07046219757183,114.99259308517452,4,156.74528314276483,Optimal,True,Optimal,heuristic,0.00037995700040482916
8,13,4,63,0.9,ILP,0.996,True,0.0,True,2,74.07786911239737,57.49629654258729,4,156.74528314276483,Optimal,True,Optimal,heuristic,0.10656012099934742
8,13,4,63,0.9,MILP,0.996,True,0.0,True,2,74.07786911239737,57.49629654258729,4,156.74528314276483,Optimal,True,Optimal,heuristic,0.12192238499847008
8,13,4,63,0.9,Dijkstra,0.996,True,0.0,True,2,74.07786911239737,57.49629654258729,4,156.74528314276483,Optimal,True,Optimal,heuristic,0.0003277300020272378
8,14,44,50,0.5,ILP,0.84,True,0.0,True,80,8187.558574544779,334.77398792096074,5,337.5338032189342,Optimal,True,Optimal,heuristic,0.787236945998302
8,14,44,50,0.5,MILP,0.84,True,0.0,True,80,8187.558574544779,334.77398792096074,5,337.5338032189342,Optimal,True,Optimal,heuristic,0.09654153100200347
8,14,44,50,0.5,Dijkstra,0.84,True,0.0,True,80,8187.558574544779,334.77398792096074,5,337.5338032189342,Optimal,True,Optimal,heuristic,0.00034206399868708104
8,14,44,50,0.6,ILP,0.916,True,0.0,True,42,4437.562401539309,267.81919033676854,5,337.5338032189342,Optimal,True,Optimal,heuristic,0.6443405760001042
8,14,44,50,0.6,MILP,0.916,True,0.0,True,42,4437.562401539309,267.81919033676854,5,337.5338032189342,Optimal,True,Optimal,heuristic,0.09705818400107091
8,14,44,50,0.6,Dijkstra,0.916,True,0.0,True,42,4437.562401539309,267.81919033676854,5,337.5338032189342,Optimal,True,Optimal,heuristic,0.0004026610004075337
8,14,44,50,0.7,ILP,0.952,True,0.0,True,24,2245.045039389653,200.86439275257646,5,337.5338032189342,Optimal,True,Optimal,heuristic,0.5069647909986088
8,14,44,50,0.7,MILP,0.952,True,0.0,True,24,2245.045039389653,200.86439275257646,5,337.5338032189342,Optimal,True,Optimal,heuristic,0.13086746499902802
8,14,44,50,0.7,Dijkstra,0.952,True,0.0,True,24,2245.045039389653,200.86439275257646,5,337.5338032189342,Optimal,True,Optimal,heuristic,0.00038121299803606234
8,14,44,50,0.8,ILP,0.97,True,0.0,True,15,1061.3346231439978,133.90959516838427,5,337.5338032189342,Optimal,True,Optimal,heuristic,0.38848023299942724
8,14,44,50,0.8,MILP,0.97,False,0.0,True,15,1061.3346231439978,133.90959516838427,5,337.5338032189342,Optimal,True,Optimal,heuristic,0.13737924599990947
8,14,44,50,0.8,Dijkstra,0.97,False,0.0,True,15,1061.3346231439978,133.90959516838427,5,337.5338032189342,Optimal,True,Optimal,heuristic,0.0005100080015836284
8,14,44,50,0.9,ILP,0.984,True,0.0,True,8,302.5735916760776,66.95479758419208,5,337.5338032189342,Optimal,True,Optimal,heuristic,0.253002033001394
8,14,44,50,0.9,MILP,0.984,True,0.0,True,8,302.5735916760776,66.95479758419208,5,337.5338032189342,Optimal,True,Optimal,heuristic,0.11498714999834192
8,14,44,50,0.9,Dijkstra,0.984,True,0.0,True,8,302.5735916760776,66.95479758419208,5,337.5338032189342,Optimal,True,Optimal,heuristic,0.00039671899867244065
8,15,49,12,0.5,ILP,0.994,True,0.0,True,3,908.3731621664513,626.0122825155266,2,182.96611438675455,Optimal,True,Optimal,heuristic,0.12115078699935111
8,15,49,12,0.5,MILP,0.994,True,0.0,True,3,908.3731621664513,626.0122825155266,2,182.96611438675455,Optimal,True,Optimal,heuristic,0.14065111099989736
8,15,49,12,0.5,Dijkstra,0.994,True,0.0,True,3,908.3731621664513,626.0122825155266,2,182.96611438675455,Optimal,True,Optimal,heuristic,0.0003601339994929731
8,15,49,12,0.6,ILP,0.994,True,0.0,True,3,610.1986976752273,526.6207943517853,1,182.96611438675455,Optimal,True,Optimal,heuristic,0.1311392360003083
8,15,49,12,0.6,MILP,0.994,False,0.0,True,3,610.1986976752273,526.6207943517853,2,182.96611438675455,Optimal,True,Optimal,heuristic,0.16168076200119685
8,15,49,12,0.6,Dijkstra,0.994,False,0.0,True,3,610.1986976752273,526.6207943517853,2,182.96611438675455,Optimal,True,Optimal,heuristic,0.00032922899845289066
8,15,49,12,0.7,ILP,0.998,True,0.0,True,1,427.2293061880439,427.2293061880439,2,182.96611438675455,Optimal,True,Optimal,heuristic,0.1521096890028275
8,15,49,12,0.7,MILP,0.998,True,0.0,True,1,427.2293061880439,427.2293061880439,2,182.96611438675455,Optimal,True,Optimal,heuristic,0.128508633999445
8,15,49,12,0.7,Dijkstra,0.998,True,0.0,True,1,427.2293061880439,427.2293061880439,2,182.96611438675455,Optimal,True,Optimal,heuristic,0.00034107100145774893
8,15,49,12,0.8,ILP,0.998,True,0.0,True,1,327.83781802430246,327.83781802430246,2,182.96611438675455,Optimal,True,Optimal,heuristic,0.14634909499727655
8,15,49,12,0.8,MILP,0.998,True,0.0,True,1,327.83781802430246,327.83781802430246,2,182.96611438675455,Optimal,True,Optimal,heuristic,0.22440291400198475
8,15,49,12,0.8,Dijkstra,0.998,True,0.0,True,1,327.83781802430246,327.83781802430246,2,182.96611438675455,Optimal,True,Optimal,heuristic,0.00035908200152334757
8,15,49,12,0.9,ILP,0.998,True,0.0,True,1,228.44632986056104,228.44632986056104,2,182.96611438675455,Optimal,True,Optimal,heuristic,0.11884901299708872
8,15,49,12,0.9,MILP,0.994,False,0.0040000000000000036,False,3,187.28602151120526,99.3914881637404,6,418.84617084658146,Optimal,True,Optimal,heuristic,0.23348201800035895
8,15,49,12,0.9,Dijkstra,0.998,True,0.0,True,1,228.44632986056104,228.44632986056104,2,182.96611438675455,Optimal,True,Optimal,heuristic,0.00044742499812855385
8,16,32,2,0.5,ILP,0.974,True,0.0,True,13,1849.638400975247,776.5096443548282,5,270.9689288572192,Optimal,True,Optimal,heuristic,0.5793536080018384
8,16,32,2,0.5,MILP,0.974,True,0.0,True,13,1849.638400975247,776.5096443548282,5,270.9689288572192,Optimal,True,Optimal,heuristic,0.24299097300172434
8,16,32,2,0.5,Dijkstra,0.974,True,0.0,True,13,1849.638400975247,776.5096443548282,5,270.9689288572192,Optimal,True,Optimal,heuristic,0.0010483980004210025
8,16,32,2,0.6,ILP,0.99,True,0.0,True,5,839.0733908943212,675.8336459597688,5,270.9689288572192,Optimal,True,Optimal,heuristic,0.45259172599980957
8,16,32,2,0.6,MILP,0.99,False,0.0,True,5,839.0733908943209,675.8336459597688,5,270.9689288572193,Optimal,True,Optimal,heuristic,0.1425764439991326
8,16,32,2,0.6,Dijkstra,0.99,True,0.0,True,5,839.0733908943212,675.8336459597688,5,270.9689288572192,Optimal,True,Optimal,heuristic,0.0003877080016536638
8,16,32,2,0.7,ILP,0.996,True,0.0,True,2,575.7020683908684,575.1576475647094,5,270.9689288572192,Optimal,True,Optimal,heuristic,0.10133603500071331
8,16,32,2,0.7,MILP,0.996,False,0.0,True,2,575.7020683908684,575.1576475647094,5,270.9689288572192,Optimal,True,Optimal,heuristic,0.1271400369987532
8,16,32,2,0.7,Dijkstra,0.996,True,0.0,True,2,575.7020683908684,575.1576475647094,5,270.9689288572192,Optimal,True,Optimal,heuristic,0.0003687190001073759
8,16,32,2,0.8,ILP,0.998,True,0.0,True,1,474.4816491696497,474.4816491696497,5,270.9689288572192,Optimal,True,Optimal,heuristic,0.1192991149982845
8,16,32,2,0.8,MILP,0.996,False,0.0020000000000000018,False,2,390.68182921523976,201.35199679011907,5,303.1964857138109,Optimal,True,Optimal,heuristic,0.1538416059993324
8,16,32,2,0.8,Dijkstra,0.998,True,0.0,True,1,474.4816491696497,474.4816491696497,5,270.9689288572192,Optimal,True,Optimal,heuristic,0.0003538570017553866
8,16,32,2,0.9,ILP,0.998,True,0.0,True,1,373.8056507745903,373.8056507745903,5,270.9689288572192,Optimal,True,Optimal,heuristic,0.12230588400052511
8,16,32,2,0.9,MILP,0.996,False,0.0020000000000000018,False,2,180.50695562111423,118.54396631003033,5,343.28232322351795,Optimal,True,Optimal,heuristic,0.13069187400105875
8,16,32,2,0.9,Dijkstra,0.998,True,0.0,True,1,373.8056507745903,373.8056507745903,5,270.9689288572192,Optimal,True,Optimal,heuristic,0.0003377600005478598
8,17,35,10,0.5,ILP,0.84,True,0.0,True,80,11961.600515688398,558.8290139622975,11,582.288341299047,Optimal,True,Optimal,heuristic,1.106421329001023
8,17,35,10,0.5,MILP,0.84,True,0.0,True,80,11961.600515688398,558.8290139622975,11,582.288341299047,Optimal,True,Optimal,heuristic,0.18477170600090176
8,17,35,10,0.5,Dijkstra,0.84,True,0.0,True,80,11961.600515688398,558.8290139622975,11,582.288341299047,Optimal,True,Optimal,heuristic,0.0003807089997280855
8,17,35,10,0.6,ILP,0.918,True,0.0,True,41,5305.420943035119,447.06321116983804,11,582.288341299047,Optimal,True,Optimal,heuristic,1.0175851579988375
8,17,35,10,0.6,MILP,0.918,False,0.0,True,41,5305.420943035129,447.06321116983827,11,582.2883412990473,Optimal,True,Optimal,heuristic,0.13536421599928872
8,17,35,10,0.6,Dijkstra,0.918,False,0.0,True,41,5305.420943035119,447.06321116983804,11,582.288341299047,Optimal,True,Optimal,heuristic,0.00035096899955533445
8,17,35,10,0.7,ILP,0.968,True,0.0,True,16,2015.576030752029,335.2974083773786,11,582.288341299047,Optimal,True,Optimal,heuristic,0.611882687000616
8,17,35,10,0.7,MILP,0.968,False,0.0,True,16,2015.5760307520284,335.2974083773786,11,582.288341299047,Optimal,True,Optimal,heuristic,0.1447326659981627
8,17,35,10,0.7,Dijkstra,0.968,True,0.0,True,16,2015.576030752029,335.2974083773786,11,582.288341299047,Optimal,True,Optimal,heuristic,0.0003726499999174848
8,17,35,10,0.8,ILP,0.986,True,0.0,True,7,743.3949588579874,223.5316055849189,11,582.288341299047,Optimal,True,Optimal,heuristic,0.6403496380007709
8,17,35,10,0.8,MILP,0.986,True,0.0,True,7,743.3949588579874,223.5316055849189,11,582.288341299047,Optimal,True,Optimal,heuristic,0.1381632480006374
8,17,35,10,0.8,Dijkstra,0.986,True,0.0,True,7,743.3949588579874,223.5316055849189,11,582.288341299047,Optimal,True,Optimal,heuristic,0.0003549700013536494
8,17,35,10,0.9,ILP,0.992,True,0.0,True,4,319.8835660910754,185.38612549133404,14,634.9092147138934,Optimal,True,Optimal,heuristic,0.255596680999588
8,17,35,10,0.9,MILP,0.992,False,0.0,True,4,198.15309767172812,111.76580279245945,11,582.288341299047,Optimal,True,Optimal,heuristic,0.12641624400203
8,17,35,10,0.9,Dijkstra,0.992,False,0.0,True,4,198.15309767172857,111.76580279245945,11,582.288341299047,Optimal,True,Optimal,heuristic,0.00040328199975192547
8,18,48,44,0.5,ILP,0.966,True,0.0,True,17,1851.7471322804486,464.40285315159247,8,360.67891449360224,Optimal,True,Optimal,heuristic,0.5143550039974798
8,18,48,44,0.5,MILP,0.966,False,0.0,True,17,1851.7471322804488,464.40285315159247,8,360.6789144936023,Optimal,True,Optimal,heuristic,0.171503556000971
8,18,48,44,0.5,Dijkstra,0.962,False,0.0040000000000000036,False,19,2703.337403478706,458.0835729346021,8,353.05445010064903,Optimal,True,Optimal,heuristic,0.00036627400186262093
8,18,48,44,0.6,ILP,0.984,True,0.0,True,8,776.6668151184863,373.6453156984172,7,360.6789144936021,Optimal,True,Optimal,heuristic,0.36996802800058504
8,18,48,44,0.6,MILP,0.984,False,0.0,True,8,776.6668151184872,373.64531569841745,8,360.67891449360224,Optimal,True,Optimal,heuristic,0.13812912100183894
8,18,48,44,0.6,Dijkstra,0.978,False,0.006000000000000005,False,11,1340.3360024342483,367.3260354814271,8,353.05445010064903,Optimal,True,Optimal,heuristic,0.00034644100014702417
8,18,48,44,0.7,ILP,0.996,True,0.0,True,2,411.457793057506,282.8877782452423,8,360.67891449360224,Optimal,True,Optimal,heuristic,0.1186513169996033
8,18,48,44,0.7,MILP,0.996,True,0.0,True,2,411.457793057506,282.8877782452423,8,360.67891449360224,Optimal,True,Optimal,heuristic,0.19975448600234813
8,18,48,44,0.7,Dijkstra,0.992,False,0.0040000000000000036,False,4,625.9416976169329,276.56849802825195,8,353.05445010064903,Optimal,True,Optimal,heuristic,0.00035373500213609077
8,18,48,44,0.8,ILP,0.996,True,0.0,True,2,366.6271918427401,185.81096057507682,8,353.05445010064903,Optimal,True,Optimal,heuristic,0.12024130600184435
8,18,48,44,0.8,MILP,0.996,False,0.0,True,2,229.94271815115576,192.13024079206718,8,360.67891449360224,Optimal,True,Optimal,heuristic,0.1108431489992654
8,18,48,44,0.8,Dijkstra,0.996,True,0.0,True,2,366.6271918427401,185.81096057507682,8,353.05445010064903,Optimal,True,Optimal,heuristic,0.00036691900095320307
8,18,48,44,0.9,ILP,0.998,True,0.0,True,1,101.37270333889205,101.37270333889205,8,360.67891449360224,Optimal,True,Optimal,heuristic,0.13717230900147115
8,18,48,44,0.9,MILP,0.998,False,0.0,True,1,101.37270333889228,101.37270333889228,7,360.67891449360224,Optimal,True,Optimal,heuristic,0.11658570500003407
8,18,48,44,0.9,Dijkstra,0.996,False,0.0020000000000000018,False,2,185.11211693638984,95.05342312190169,8,353.05445010064903,Optimal,True,Optimal,heuristic,0.00042401300015626475
8,19,26,21,0.5,ILP,0.916,True,0.0,True,42,9286.402906201709,1684.383655035484,12,663.4997370573273,Optimal,True,Optimal,heuristic,0.5258759749995079
8,19,26,21,0.5,MILP,0.916,True,0.0,True,42,9286.402906201709,1684.383655035484,12,663.4997370573273,Optimal,True,Optimal,heuristic,0.1569984529996873
8,19,26,21,0.5,Dijkstra,0.916,True,0.0,True,42,9286.402906201709,1684.383655035484,12,663.4997370573273,Optimal,True,Optimal,heuristic,0.00037286099905031733
8,19,26,21,0.6,ILP,0.952,True,0.0,True,24,4993.351261161951,1553.3381485129812,12,663.4997370573273,Optimal,True,Optimal,heuristic,0.570553312998527
8,19,26,21,0.6,MILP,0.952,True,0.0,True,24,4993.351261161951,1553.3381485129812,12,663.4997370573273,Optimal,True,Optimal,heuristic,0.13740174600025057
8,19,26,21,0.6,Dijkstra,0.952,True,0.0,True,24,4993.351261161951,1553.3381485129812,12,663.4997370573273,Optimal,True,Optimal,heuristic,0.0004049820017826278
8,19,26,21,0.7,ILP,0.976,True,0.0,True,12,2990.9391753768614,1422.2926419904782,12,663.4997370573273,Optimal,True,Optimal,heuristic,0.36656471799869905
8,19,26,21,0.7,MILP,0.968,False,0.008000000000000007,False,16,2964.1297086784534,393.13651956750914,13,725.9215303453179,Optimal,True,Optimal,heuristic,0.12640594399999827
8,19,26,21,0.7,Dijkstra,0.976,False,0.0,True,12,2990.9391753768614,1422.2926419904782,12,663.4997370573273,Optimal,True,Optimal,heuristic,0.00034579799830680713
8,19,26,21,0.8,ILP,0.988,True,0.0,True,6,1898.1396180180807,1291.247135467975,12,663.4997370573273,Optimal,True,Optimal,heuristic,0.1978069040014816
8,19,26,21,0.8,MILP,0.982,False,0.006000000000000005,False,9,1270.4286515030808,262.0910130450061,13,725.9215303453179,Optimal,True,Optimal,heuristic,0.11823554700094974
8,19,26,21,0.8,Dijkstra,0.988,True,0.0,True,6,1898.1396180180807,1291.247135467975,12,663.4997370573273,Optimal,True,Optimal,heuristic,0.000346830998751102
8,19,26,21,0.9,ILP,0.992,True,0.0,True,4,1323.0870158708026,1160.201628945472,12,663.4997370573273,Optimal,True,Optimal,heuristic,0.3394559640000807
8,19,26,21,0.9,MILP,0.99,False,0.0020000000000000018,False,5,355.52144800034444,131.04550652250305,13,725.9215303453179,Optimal,True,Optimal,heuristic,0.11740889100110508
8,19,26,21,0.9,Dijkstra,0.992,True,0.0,True,4,1323.0870158708026,1160.201628945472,12,663.4997370573273,Optimal,True,Optimal,heuristic,0.0003778970021812711
9,0,34,63,0.5,ILP,0.97,True,0.0,True,15,3298.806104811999,485.86207943120576,6,283.95102011203136,Optimal,True,Optimal,heuristic,0.5394897789992683
9,0,34,63,0.5,MILP,0.97,True,0.0,True,15,3298.806104811999,485.86207943120576,6,283.95102011203136,Optimal,True,Optimal,heuristic,0.7057281630004582
9,0,34,63,0.5,Dijkstra,0.97,True,0.0,True,15,3298.806104811999,485.86207943120576,6,283.95102011203136,Optimal,True,Optimal,heuristic,0.0004257340006006416
9,0,34,63,0.6,ILP,0.98,True,0.0,True,10,2734.076810127308,939.28908173271,9,296.8160574321758,Optimal,True,Optimal,heuristic,0.42068766800002777
9,0,34,63,0.6,MILP,0.978,False,0.0020000000000000018,False,11,2077.5257052069,388.68966354496456,6,283.95102011203136,Optimal,True,Optimal,heuristic,0.36295289100235095
9,0,34,63,0.6,Dijkstra,0.978,False,0.0020000000000000018,False,11,2077.5257052069,388.68966354496456,6,283.95102011203136,Optimal,True,Optimal,heuristic,0.00036246099989512004
9,0,34,63,0.7,ILP,0.984,True,0.0,True,8,1909.3268888933833,842.1166658464689,9,296.8160574321758,Optimal,True,Optimal,heuristic,0.5135902449983405
9,0,34,63,0.7,MILP,0.984,False,0.0,True,8,1103.199093182072,291.5172476587235,6,283.95102011203136,Optimal,True,Optimal,heuristic,0.2854823649977334
9,0,34,63,0.7,Dijkstra,0.984,False,0.0,True,8,1103.199093182072,291.5172476587235,6,283.95102011203136,Optimal,True,Optimal,heuristic,0.00034551099815871567
9,0,34,63,0.8,ILP,0.992,True,0.0,True,4,561.9986369653656,194.34483177248228,6,283.95102011203136,Optimal,True,Optimal,heuristic,0.47894724200159544
9,0,34,63,0.8,MILP,0.992,True,0.0,True,4,561.9986369653656,194.34483177248228,6,283.95102011203136,Optimal,True,Optimal,heuristic,0.13899551100257668
9,0,34,63,0.8,Dijkstra,0.992,True,0.0,True,4,561.9986369653656,194.34483177248228,6,283.95102011203136,Optimal,True,Optimal,heuristic,0.00039395699786837213
9,0,34,63,0.9,ILP,0.996,True,0.0,True,2,977.7145978812996,647.7718340739865,9,296.8160574321758,Optimal,True,Optimal,heuristic,0.2268151320022298
9,0,34,63,0.9,MILP,0.994,False,0.0020000000000000018,False,3,186.62789550237642,97.17241588624108,6,283.95102011203136,Optimal,True,Optimal,heuristic,0.12282824700014316
9,0,34,63,0.9,Dijkstra,0.994,False,0.0020000000000000018,False,3,186.62789550237642,97.17241588624108,6,283.95102011203136,Optimal,True,Optimal,heuristic,0.00039230000038514845
9,1,47,49,0.5,ILP,0.962,True,0.0,True,19,789.4427977588168,118.70086993926137,1,60.78478696616118,Optimal,True,Optimal,heuristic,0.12111315400034073
9,1,47,49,0.5,MILP,0.962,True,0.0,True,19,789.4427977588168,118.70086993926137,1,60.78478696616118,Optimal,True,Optimal,heuristic,0.10163692599962815
9,1,47,49,0.5,Dijkstra,0.962,True,0.0,True,19,789.4427977588168,118.70086993926137,1,60.78478696616118,Optimal,True,Optimal,heuristic,0.0003225959990231786
9,1,47,49,0.6,ILP,0.976,True,0.0,True,12,414.5925075025583,94.9606959514091,1,60.78478696616118,Optimal,True,Optimal,heuristic,0.12148641200110433
9,1,47,49,0.6,MILP,0.976,True,0.0,True,12,414.5925075025583,94.9606959514091,1,60.78478696616118,Optimal,True,Optimal,heuristic,0.09837106900158687
9,1,47,49,0.6,Dijkstra,0.976,True,0.0,True,12,414.5925075025583,94.9606959514091,1,60.78478696616118,Optimal,True,Optimal,heuristic,0.0003405600000405684
9,1,47,49,0.7,ILP,0.988,True,0.0,True,6,211.4224990808244,71.22052196355682,1,60.78478696616118,Optimal,True,Optimal,heuristic,0.10528164100105641
9,1,47,49,0.7,MILP,0.988,True,0.0,True,6,211.4224990808244,71.22052196355682,1,60.78478696616118,Optimal,True,Optimal,heuristic,0.10613384399766801
9,1,47,49,0.7,Dijkstra,0.988,True,0.0,True,6,211.4224990808244,71.22052196355682,1,60.78478696616118,Optimal,True,Optimal,heuristic,0.00030966600024839863
9,1,47,49,0.8,ILP,0.992,True,0.0,True,4,97.95697666164816,47.48034797570455,1,60.78478696616118,Optimal,True,Optimal,heuristic,0.10339065800144454
9,1,47,49,0.8,MILP,0.992,True,0.0,True,4,97.95697666164816,47.48034797570455,1,60.78478696616118,Optimal,True,Optimal,heuristic,0.09728500900018844
9,1,47,49,0.8,Dijkstra,0.992,True,0.0,True,4,97.95697666164816,47.48034797570455,1,60.78478696616118,Optimal,True,Optimal,heuristic,0.0003255720002925955
9,1,47,49,0.9,ILP,0.996,True,0.0,True,2,31.89582184678983,23.740173987852273,1,60.78478696616118,Optimal,True,Optimal,heuristic,0.10573469900191412
9,1,47,49,0.9,MILP,0.996,True,0.0,True,2,31.89582184678983,23.740173987852273,1,60.78478696616118,Optimal,True,Optimal,heuristic,0.09909347599750618
9,1,47,49,0.9,Dijkstra,0.996,True,0.0,True,2,31.89582184678983,23.740173987852273,1,60.78478696616118,Optimal,True,Optimal,heuristic,0.00032308099980582483
9,2,46,51,0.5,ILP,0.966,True,0.0,True,17,2966.350229044365,623.7650435281171,8,465.92713590572555,Optimal,True,Optimal,heuristic,0.3616889369986893
9,2,46,51,0.5,MILP,0.966,False,0.0,True,17,2966.350229044364,623.7650435281171,8,465.92713590572555,Optimal,True,Optimal,heuristic,0.22738198799925158
9,2,46,51,0.5,Dijkstra,0.966,True,0.0,True,17,2966.350229044365,623.7650435281171,8,465.92713590572555,Optimal,True,Optimal,heuristic,0.0004289460011932533
9,2,46,51,0.6,ILP,0.988,True,0.0,True,6,1563.7703863510578,499.01203482249366,8,465.92713590572555,Optimal,True,Optimal,heuristic,0.16522869099935633
9,2,46,51,0.6,MILP,0.988,False,0.0,True,6,1563.770386351056,499.01203482249343,8,465.9271359057258,Optimal,True,Optimal,heuristic,0.19563248900158214
9,2,46,51,0.6,Dijkstra,0.988,True,0.0,True,6,1563.7703863510578,499.01203482249366,8,465.92713590572555,Optimal,True,Optimal,heuristic,0.00041252300070482306
9,2,46,51,0.7,ILP,0.99,True,0.0,True,5,935.1330571937608,374.25902611687025,8,465.92713590572555,Optimal,True,Optimal,heuristic,0.3186461869991035
9,2,46,51,0.7,MILP,0.99,True,0.0,True,5,935.1330571937608,374.25902611687025,8,465.92713590572555,Optimal,True,Optimal,heuristic,0.1970519559981767
9,2,46,51,0.7,Dijkstra,0.99,True,0.0,True,5,935.1330571937608,374.25902611687025,8,465.92713590572555,Optimal,True,Optimal,heuristic,0.00034168700221925974
9,2,46,51,0.8,ILP,0.994,True,0.0,True,3,490.2544058104993,249.50601741124683,8,465.92713590572555,Optimal,True,Optimal,heuristic,0.1481575609977881
9,2,46,51,0.8,MILP,0.994,True,0.0,True,3,490.2544058104993,249.50601741124683,8,465.92713590572555,Optimal,True,Optimal,heuristic,0.12646357999983593
9,2,46,51,0.8,Dijkstra,0.994,True,0.0,True,3,490.2544058104993,249.50601741124683,8,465.92713590572555,Optimal,True,Optimal,heuristic,0.00032956699942587875
9,2,46,51,0.9,ILP,0.998,True,0.0,True,1,318.60481803391554,318.60481803391554,8,555.0128255214468,Optimal,True,Optimal,heuristic,0.12149556700023822
9,2,46,51,0.9,MILP,0.996,False,0.0020000000000000018,False,2,231.89155826885053,124.75300870562342,8,465.9271359057256,Optimal,True,Optimal,heuristic,0.10546444000283373
9,2,46,51,0.9,Dijkstra,0.996,False,0.0020000000000000018,False,2,231.8915582688503,124.75300870562342,8,465.92713590572555,Optimal,True,Optimal,heuristic,0.0003503210027702153
9,3,33,8,0.5,ILP,0.976,True,0.0,True,12,853.5507522984126,224.33230602299233,2,92.16685105527058,Optimal,True,Optimal,heuristic,0.23568911500115064
9,3,33,8,0.5,MILP,0.976,True,0.0,True,12,853.5507522984126,224.33230602299233,2,92.16685105527058,Optimal,True,Optimal,heuristic,0.10565305800264468
9,3,33,8,0.5,Dijkstra,0.976,True,0.0,True,12,853.5507522984126,224.33230602299233,2,92.16685105527058,Optimal,True,Optimal,heuristic,0.0004129010012547951
9,3,33,8,0.6,ILP,0.988,True,0.0,True,6,523.7889254604156,179.46584481839386,2,92.16685105527058,Optimal,True,Optimal,heuristic,0.1309417400007078
9,3,33,8,0.6,MILP,0.988,True,0.0,True,6,523.7889254604156,179.46584481839386,2,92.16685105527058,Optimal,True,Optimal,heuristic,0.10439450400008354
9,3,33,8,0.6,Dijkstra,0.988,True,0.0,True,6,523.7889254604156,179.46584481839386,2,92.16685105527058,Optimal,True,Optimal,heuristic,0.0003671650010801386
9,3,33,8,0.7,ILP,0.99,True,0.0,True,5,274.8814496764269,134.5993836137954,2,92.16685105527058,Optimal,True,Optimal,heuristic,0.12366372700125794
9,3,33,8,0.7,MILP,0.99,True,0.0,True,5,274.8814496764269,134.5993836137954,2,92.16685105527058,Optimal,True,Optimal,heuristic,0.10032239299835055
9,3,33,8,0.7,Dijkstra,0.99,True,0.0,True,5,274.8814496764269,134.5993836137954,2,92.16685105527058,Optimal,True,Optimal,heuristic,0.0003354420005052816
9,3,33,8,0.8,ILP,0.994,True,0.0,True,3,110.58106524998857,89.73292240919687,2,92.16685105527058,Optimal,True,Optimal,heuristic,0.12168799500068417
9,3,33,8,0.8,MILP,0.994,False,0.0,True,3,110.58106524998846,89.73292240919682,2,92.16685105527056,Optimal,True,Optimal,heuristic,0.12569449900183827
9,3,33,8,0.8,Dijkstra,0.994,True,0.0,True,3,110.58106524998857,89.73292240919687,2,92.16685105527058,Optimal,True,Optimal,heuristic,0.0005508169997483492
9,3,33,8,0.9,ILP,0.998,True,0.0,True,1,44.866461204598465,44.866461204598465,2,92.16685105527058,Optimal,True,Optimal,heuristic,0.12038860800021212
9,3,33,8,0.9,MILP,0.998,True,0.0,True,1,44.866461204598465,44.866461204598465,2,92.16685105527058,Optimal,True,Optimal,heuristic,0.12113996299740393
9,3,33,8,0.9,Dijkstra,0.998,True,0.0,True,1,44.866461204598465,44.866461204598465,2,92.16685105527058,Optimal,True,Optimal,heuristic,0.0003847920015687123
9,4,54,29,0.5,ILP,0.806,True,0.0,True,97,12095.223388397539,436.27619934647146,10,636.9028683615143,Optimal,True,Optimal,heuristic,2.1589349919995584
9,4,54,29,0.5,MILP,0.806,False,0.0,True,97,12095.223388397533,436.27619934647146,10,636.9028683615143,Optimal,True,Optimal,heuristic,0.2385229450010229
9,4,54,29,0.5,Dijkstra,0.806,True,0.0,True,97,12095.223388397539,436.27619934647146,10,636.9028683615143,Optimal,True,Optimal,heuristic,0.0003719000014825724
9,4,54,29,0.6,ILP,0.888,True,0.0,True,56,5664.076545056971,349.02095947717726,10,636.9028683615143,Optimal,True,Optimal,heuristic,2.0069505400024354
9,4,54,29,0.6,MILP,0.888,False,0.0,True,56,5664.076545056969,349.02095947717726,10,636.9028683615143,Optimal,True,Optimal,heuristic,0.20382425700154272
9,4,54,29,0.6,Dijkstra,0.888,True,0.0,True,56,5664.076545056971,349.02095947717726,10,636.9028683615143,Optimal,True,Optimal,heuristic,0.0004370360002212692
9,4,54,29,0.7,ILP,0.946,True,0.0,True,27,2002.4786621387557,261.76571960788283,10,636.9028683615143,Optimal,True,Optimal,heuristic,1.457676664002065
9,4,54,29,0.7,MILP,0.946,False,0.0,True,27,2002.4786621387523,261.76571960788283,10,636.9028683615143,Optimal,True,Optimal,heuristic,0.172216375998687
9,4,54,29,0.7,Dijkstra,0.946,True,0.0,True,27,2002.4786621387557,261.76571960788283,10,636.9028683615143,Optimal,True,Optimal,heuristic,0.00035477399796945974
9,4,54,29,0.8,ILP,0.982,True,0.0,True,9,609.578891561388,174.51047973858863,10,636.9028683615143,Optimal,True,Optimal,heuristic,0.4290098190031131
9,4,54,29,0.8,MILP,0.982,True,0.0,True,9,609.578891561388,174.51047973858863,10,636.9028683615143,Optimal,True,Optimal,heuristic,0.1414021810014674
9,4,54,29,0.8,Dijkstra,0.982,True,0.0,True,9,609.578891561388,174.51047973858863,10,636.9028683615143,Optimal,True,Optimal,heuristic,0.0004481920004764106
9,4,54,29,0.9,ILP,0.994,True,0.0,True,3,127.00430612620448,87.2552398692942,10,636.9028683615143,Optimal,True,Optimal,heuristic,0.16326245099844527
9,4,54,29,0.9,MILP,0.994,True,0.0,True,3,127.00430612620448,87.2552398692942,10,636.9028683615143,Optimal,True,Optimal,heuristic,0.10739558999921428
9,4,54,29,0.9,Dijkstra,0.994,True,0.0,True,3,127.00430612620448,87.2552398692942,10,636.9028683615143,Optimal,True,Optimal,heuristic,0.00039806800123187713
9,5,32,24,0.5,ILP,0.994,True,0.0,True,3,827.7201903905682,777.0667914637047,7,307.2785335199501,Optimal,True,Optimal,heuristic,0.13991761000215774
9,5,32,24,0.5,MILP,0.994,True,0.0,True,3,827.7201903905682,777.0667914637047,7,307.2785335199501,Optimal,True,Optimal,heuristic,0.1854688380008156
9,5,32,24,0.5,Dijkstra,0.994,True,0.0,True,3,827.7201903905682,777.0667914637047,7,307.2785335199501,Optimal,True,Optimal,heuristic,0.0003238850003981497
9,5,32,24,0.6,ILP,0.998,True,0.0,True,1,676.0784138073601,676.0784138073601,7,307.2785335199501,Optimal,True,Optimal,heuristic,0.11667853400285821
9,5,32,24,0.6,MILP,0.998,True,0.0,True,1,676.0784138073601,676.0784138073601,7,307.2785335199501,Optimal,True,Optimal,heuristic,0.18137279299844522
9,5,32,24,0.6,Dijkstra,0.998,True,0.0,True,1,676.0784138073601,676.0784138073601,7,307.2785335199501,Optimal,True,Optimal,heuristic,0.0003612990003603045
9,5,32,24,0.7,ILP,0.998,True,0.0,True,1,575.0900361510154,575.0900361510154,7,307.2785335199501,Optimal,True,Optimal,heuristic,0.12669553700106917
9,5,32,24,0.7,MILP,0.998,True,0.0,True,1,575.0900361510154,575.0900361510154,7,307.2785335199501,Optimal,True,Optimal,heuristic,0.1486680960006197
9,5,32,24,0.7,Dijkstra,0.998,True,0.0,True,1,575.0900361510154,575.0900361510154,7,307.2785335199501,Optimal,True,Optimal,heuristic,0.0003505610002321191
9,5,32,24,0.8,ILP,0.998,True,0.0,True,1,474.1016584946708,474.1016584946708,7,307.2785335199501,Optimal,True,Optimal,heuristic,0.09929967700009001
9,5,32,24,0.8,MILP,0.998,True,0.0,True,1,474.1016584946708,474.1016584946708,7,307.2785335199501,Optimal,True,Optimal,heuristic,0.14906227399842464
9,5,32,24,0.8,Dijkstra,0.998,True,0.0,True,1,474.1016584946708,474.1016584946708,7,307.2785335199501,Optimal,True,Optimal,heuristic,0.0003613320004660636
9,5,32,24,0.9,ILP,0.998,True,0.0,True,1,373.1132808383261,373.1132808383261,7,307.2785335199501,Optimal,True,Optimal,heuristic,0.09997513000053004
9,5,32,24,0.9,MILP,0.994,False,0.0040000000000000036,False,3,220.03852980043735,100.98837765634471,10,514.8894632533343,Optimal,True,Optimal,heuristic,0.3031259549970855
9,5,32,24,0.9,Dijkstra,0.998,True,0.0,True,1,373.1132808383261,373.1132808383261,7,307.2785335199501,Optimal,True,Optimal,heuristic,0.00042767800186993554
9,6,50,41,0.5,ILP,0.968,True,0.0,True,16,1108.9519850686934,185.7581463825088,2,68.55492022068837,Optimal,True,Optimal,heuristic,0.13728046600226662
9,6,50,41,0.5,MILP,0.968,True,0.0,True,16,1108.9519850686934,185.7581463825088,2,68.55492022068837,Optimal,True,Optimal,heuristic,0.2897129960001621
9,6,50,41,0.5,Dijkstra,0.968,True,0.0,True,16,1108.9519850686934,185.7581463825088,2,68.55492022068837,Optimal,True,Optimal,heuristic,0.00032874400130822323
9,6,50,41,0.6,ILP,0.976,True,0.0,True,12,701.0613604233205,139.35355505404476,1,98.71183240426315,Optimal,True,Optimal,heuristic,0.11206008400040446
9,6,50,41,0.6,MILP,0.974,False,0.0020000000000000018,False,13,610.9533983497859,150.9197576189976,2,68.55492022068837,Optimal,True,Optimal,heuristic,0.1978613020000921
9,6,50,41,0.6,Dijkstra,0.974,False,0.0020000000000000018,False,13,610.9533983497859,150.9197576189976,2,68.55492022068837,Optimal,True,Optimal,heuristic,0.00039608299994142726
9,6,50,41,0.7,ILP,0.99,True,0.0,True,5,323.6167544315088,116.08136885548646,2,68.55492022068837,Optimal,True,Optimal,heuristic,0.1147450040007243
9,6,50,41,0.7,MILP,0.982,False,0.008000000000000007,False,9,319.748512463862,104.51516629053361,1,98.71183240426315,Optimal,True,Optimal,heuristic,0.11230425699977786
9,6,50,41,0.7,Dijkstra,0.99,True,0.0,True,5,323.6167544315088,116.08136885548646,2,68.55492022068837,Optimal,True,Optimal,heuristic,0.00032326400105375797
9,6,50,41,0.8,ILP,0.994,True,0.0,True,3,123.30514497837828,69.67677752702235,1,98.71183240426315,Optimal,True,Optimal,heuristic,0.10511823100023321
9,6,50,41,0.8,MILP,0.994,True,0.0,True,3,123.30514497837828,69.67677752702235,1,98.71183240426315,Optimal,True,Optimal,heuristic,0.10792349500115961
9,6,50,41,0.8,Dijkstra,0.992,False,0.0020000000000000018,False,4,177.76239474770648,81.2429800919752,2,68.55492022068837,Optimal,True,Optimal,heuristic,0.00032949399974313565
9,6,50,41,0.9,ILP,0.996,True,0.0,True,2,50.11454290223202,34.838388763511205,1,98.71183240426315,Optimal,True,Optimal,heuristic,0.10082692800278892
9,6,50,41,0.9,MILP,0.996,True,0.0,True,2,50.11454290223202,34.838388763511205,1,98.71183240426315,Optimal,True,Optimal,heuristic,0.11077282899714191
9,6,50,41,0.9,Dijkstra,0.994,False,0.0020000000000000018,False,3,60.320885640986035,46.40459132846405,2,68.55492022068837,Optimal,True,Optimal,heuristic,0.0003232849994674325
9,7,26,53,0.5,ILP,0.96,True,0.0,True,20,4591.107226336171,866.1165088896842,13,774.635652064801,Optimal,True,Optimal,heuristic,0.3143864180019591
9,7,26,53,0.5,MILP,0.96,False,0.0,True,20,4591.107226336169,866.1165088896837,13,774.6356520648009,Optimal,True,Optimal,heuristic,0.14211750199683593
9,7,26,53,0.5,Dijkstra,0.96,True,0.0,True,20,4591.107226336171,866.1165088896842,13,774.635652064801,Optimal,True,Optimal,heuristic,0.0003809830013778992
9,7,26,53,0.6,ILP,0.982,True,0.0,True,9,1885.271761858941,692.8932071117474,13,774.635652064801,Optimal,True,Optimal,heuristic,0.20217998500083922
9,7,26,53,0.6,MILP,0.982,True,0.0,True,9,1885.271761858941,692.8932071117474,13,774.635652064801,Optimal,True,Optimal,heuristic,0.11051196399785113
9,7,26,53,0.6,Dijkstra,0.982,True,0.0,True,9,1885.271761858941,692.8932071117474,13,774.635652064801,Optimal,True,Optimal,heuristic,0.0003564949984138366
9,7,26,53,0.7,ILP,0.994,True,0.0,True,3,911.2407686895908,519.6699053338107,13,774.635652064801,Optimal,True,Optimal,heuristic,0.0980494789982913
9,7,26,53,0.7,MILP,0.994,True,0.0,True,3,911.2407686895908,519.6699053338107,13,774.635652064801,Optimal,True,Optimal,heuristic,0.10333601300226292
9,7,26,53,0.7,Dijkstra,0.994,True,0.0,True,3,911.2407686895908,519.6699053338107,13,774.635652064801,Optimal,True,Optimal,heuristic,0.00038420399869210087
9,7,26,53,0.8,ILP,0.996,True,0.0,True,2,451.9932105780181,346.4466035558735,13,774.635652064801,Optimal,True,Optimal,heuristic,0.09689301600155886
9,7,26,53,0.8,MILP,0.996,True,0.0,True,2,451.9932105780181,346.4466035558735,13,774.635652064801,Optimal,True,Optimal,heuristic,0.10111402999973507
9,7,26,53,0.8,Dijkstra,0.996,True,0.0,True,2,451.9932105780181,346.4466035558735,13,774.635652064801,Optimal,True,Optimal,heuristic,0.00036089900095248595
9,7,26,53,0.9,ILP,0.998,True,0.0,True,1,173.22330177793674,173.22330177793674,13,774.635652064801,Optimal,True,Optimal,heuristic,0.09768880599949625
9,7,26,53,0.9,MILP,0.998,True,0.0,True,1,173.22330177793674,173.22330177793674,13,774.635652064801,Optimal,True,Optimal,heuristic,0.09653702800278552
9,7,26,53,0.9,Dijkstra,0.998,True,0.0,True,1,173.22330177793674,173.22330177793674,13,774.635652064801,Optimal,True,Optimal,heuristic,0.00035102599940728396
9,8,35,28,0.5,ILP,0.996,True,0.0,True,2,965.9281116083882,765.1467959218387,6,194.65223394281662,Optimal,True,Optimal,heuristic,0.12681144399903133
9,8,35,28,0.5,MILP,0.996,True,0.0,True,2,965.9281116083882,765.1467959218387,6,194.65223394281662,Optimal,True,Optimal,heuristic,0.14798600199719658
9,8,35,28,0.5,Dijkstra,0.996,True,0.0,True,2,965.9281116083882,765.1467959218387,6,194.65223394281662,Optimal,True,Optimal,heuristic,0.00034007299836957827
9,8,35,28,0.6,ILP,0.996,True,0.0,True,2,791.7441901864663,678.0548352108777,6,194.65223394281662,Optimal,True,Optimal,heuristic,0.1302061149981455
9,8,35,28,0.6,MILP,0.996,True,0.0,True,2,791.7441901864663,678.0548352108777,6,194.65223394281662,Optimal,True,Optimal,heuristic,0.20020214800024405
9,8,35,28,0.6,Dijkstra,0.996,True,0.0,True,2,791.7441901864663,678.0548352108777,6,194.65223394281662,Optimal,True,Optimal,heuristic,0.00034189600046374835
9,8,35,28,0.7,ILP,0.996,True,0.0,True,2,617.5602687645442,590.9628744999167,6,194.65223394281662,Optimal,True,Optimal,heuristic,0.15930426900013117
9,8,35,28,0.7,MILP,0.996,True,0.0,True,2,617.5602687645442,590.9628744999167,6,194.65223394281662,Optimal,True,Optimal,heuristic,0.21679261299868813
9,8,35,28,0.7,Dijkstra,0.996,True,0.0,True,2,617.5602687645442,590.9628744999167,6,194.65223394281662,Optimal,True,Optimal,heuristic,0.000337984998623142
9,8,35,28,0.8,ILP,0.998,True,0.0,True,1,503.8709137889556,503.8709137889556,6,194.65223394281662,Optimal,True,Optimal,heuristic,0.14657071599867777
9,8,35,28,0.8,MILP,0.998,False,0.0,True,1,503.8709137889556,503.8709137889556,6,194.65223394281662,Optimal,True,Optimal,heuristic,0.5479373839989421
9,8,35,28,0.8,Dijkstra,0.998,False,0.0,True,1,503.8709137889556,503.8709137889556,6,194.65223394281662,Optimal,True,Optimal,heuristic,0.00046193399975891225
9,8,35,28,0.9,ILP,0.998,True,0.0,True,1,416.77895307799463,416.77895307799463,6,194.65223394281662,Optimal,True,Optimal,heuristic,0.140761531998578
9,8,35,28,0.9,MILP,0.994,False,0.0040000000000000036,False,3,132.3169604074193,87.09196071096108,9,526.5149713004499,Optimal,True,Optimal,heuristic,0.520529246001388
9,8,35,28,0.9,Dijkstra,0.998,True,0.0,True,1,416.77895307799463,416.77895307799463,6,194.65223394281662,Optimal,True,Optimal,heuristic,0.00033920900023076683
9,9,57,4,0.5,ILP,0.982,True,0.0,True,9,2456.892415009544,607.1572250733976,5,241.67695022653135,Optimal,True,Optimal,heuristic,0.18660806600018987
9,9,57,4,0.5,MILP,0.982,True,0.0,True,9,2456.892415009544,607.1572250733976,5,241.67695022653135,Optimal,True,Optimal,heuristic,0.19511748400327633
9,9,57,4,0.5,Dijkstra,0.982,True,0.0,True,9,2456.892415009544,607.1572250733976,5,241.67695022653135,Optimal,True,Optimal,heuristic,0.00034323500221944414
9,9,57,4,0.6,ILP,0.986,True,0.0,True,7,1513.3943064666837,485.7257800587181,5,241.67695022653135,Optimal,True,Optimal,heuristic,0.28272645399920293
9,9,57,4,0.6,MILP,0.986,True,0.0,True,7,1513.3943064666837,485.7257800587181,5,241.67695022653135,Optimal,True,Optimal,heuristic,0.20524581899735495
9,9,57,4,0.6,Dijkstra,0.986,True,0.0,True,7,1513.3943064666837,485.7257800587181,5,241.67695022653135,Optimal,True,Optimal,heuristic,0.00048281699855579063
9,9,57,4,0.7,ILP,0.99,True,0.0,True,5,725.5341429632981,364.2943350440386,5,241.67695022653155,Optimal,True,Optimal,heuristic,0.16689596800279105
9,9,57,4,0.7,MILP,0.99,False,0.0,True,5,725.5341429632983,364.2943350440386,5,241.67695022653135,Optimal,True,Optimal,heuristic,0.2198387209973589
9,9,57,4,0.7,Dijkstra,0.99,False,0.0,True,5,725.5341429632983,364.2943350440386,5,241.67695022653135,Optimal,True,Optimal,heuristic,0.00032275299963657744
9,9,57,4,0.8,ILP,0.996,True,0.0,True,2,348.77358960461083,242.86289002935905,5,241.67695022653135,Optimal,True,Optimal,heuristic,0.16335947399784345
9,9,57,4,0.8,MILP,0.996,True,0.0,True,2,348.77358960461083,242.86289002935905,5,241.67695022653135,Optimal,True,Optimal,heuristic,0.15909375300179818
9,9,57,4,0.8,Dijkstra,0.996,True,0.0,True,2,348.77358960461083,242.86289002935905,5,241.67695022653135,Optimal,True,Optimal,heuristic,0.00033717299811542034
9,9,57,4,0.9,ILP,0.998,True,0.0,True,1,121.43144501467941,121.43144501467941,5,241.67695022653135,Optimal,True,Optimal,heuristic,0.11648871600118582
9,9,57,4,0.9,MILP,0.998,True,0.0,True,1,121.43144501467941,121.43144501467941,5,241.67695022653135,Optimal,True,Optimal,heuristic,0.12467279500197037
9,9,57,4,0.9,Dijkstra,0.998,True,0.0,True,1,121.43144501467941,121.43144501467941,5,241.67695022653135,Optimal,True,Optimal,heuristic,0.0003335759975016117
9,10,55,53,0.5,ILP,0.96,True,0.0,True,20,4187.673194570123,777.5983749717543,10,646.0160453931599,Optimal,True,Optimal,heuristic,0.3271041250009148
9,10,55,53,0.5,MILP,0.96,True,0.0,True,20,4187.673194570123,777.5983749717543,10,646.0160453931599,Optimal,True,Optimal,heuristic,0.15299454300111393
9,10,55,53,0.5,Dijkstra,0.96,True,0.0,True,20,4187.673194570123,777.5983749717543,10,646.0160453931599,Optimal,True,Optimal,heuristic,0.0006036580016370863
9,10,55,53,0.6,ILP,0.976,True,0.0,True,12,1789.5710655209575,623.9810149519003,10,646.0160453931599,Optimal,True,Optimal,heuristic,0.16347971700088237
9,10,55,53,0.6,MILP,0.976,True,0.0,True,12,1789.5710655209575,623.9810149519003,10,646.0160453931599,Optimal,True,Optimal,heuristic,0.11043720499947085
9,10,55,53,0.6,Dijkstra,0.976,True,0.0,True,12,1789.5710655209575,623.9810149519003,10,646.0160453931599,Optimal,True,Optimal,heuristic,0.0003471589989203494
9,10,55,53,0.7,ILP,0.994,True,0.0,True,3,624.5009270415233,470.36365493204585,10,646.0160453931599,Optimal,True,Optimal,heuristic,0.09014134199969703
9,10,55,53,0.7,MILP,0.994,True,0.0,True,3,624.5009270415233,470.36365493204585,10,646.0160453931599,Optimal,True,Optimal,heuristic,0.09912988200085238
9,10,55,53,0.7,Dijkstra,0.994,True,0.0,True,3,624.5009270415233,470.36365493204585,10,646.0160453931599,Optimal,True,Optimal,heuristic,0.00042388699876028113
9,10,55,53,0.8,ILP,0.998,True,0.0,True,1,316.74629491219184,316.74629491219184,10,646.0160453931599,Optimal,True,Optimal,heuristic,0.09113408000121126
9,10,55,53,0.8,MILP,0.998,True,0.0,True,1,316.74629491219184,316.74629491219184,10,646.0160453931599,Optimal,True,Optimal,heuristic,0.11095789599858108
9,10,55,53,0.8,Dijkstra,0.998,True,0.0,True,1,316.74629491219184,316.74629491219184,10,646.0160453931599,Optimal,True,Optimal,heuristic,0.0003718170009960886
9,10,55,53,0.9,ILP,0.998,True,0.0,True,1,163.12893489233738,163.12893489233738,10,646.0160453931599,Optimal,True,Optimal,heuristic,0.09913539799890714
9,10,55,53,0.9,MILP,0.998,False,0.0,True,1,153.61736001985423,153.61736001985423,12,709.0733424210614,Optimal,True,Optimal,heuristic,0.1069370049990539
9,10,55,53,0.9,Dijkstra,0.998,True,0.0,True,1,163.12893489233738,163.12893489233738,10,646.0160453931599,Optimal,True,Optimal,heuristic,0.00041089800288318656
9,11,17,41,0.5,ILP,0.948,True,0.0,True,26,1080.1605651802902,141.68936633401313,4,94.42934073439709,Optimal,True,Optimal,heuristic,0.4570611140006804
9,11,17,41,0.5,MILP,0.948,True,0.0,True,26,1080.1605651802902,141.68936633401313,4,94.42934073439709,Optimal,True,Optimal,heuristic,0.1126804980012821
9,11,17,41,0.5,Dijkstra,0.948,True,0.0,True,26,1080.1605651802902,141.68936633401313,4,94.42934073439709,Optimal,True,Optimal,heuristic,0.00034939299803227186
9,11,17,41,0.6,ILP,0.974,True,0.0,True,13,555.4451012781558,113.35149306721053,4,94.42934073439709,Optimal,True,Optimal,heuristic,0.3247234179980296
9,11,17,41,0.6,MILP,0.974,True,0.0,True,13,555.4451012781558,113.35149306721053,4,94.42934073439709,Optimal,True,Optimal,heuristic,0.10799139799928525
9,11,17,41,0.6,Dijkstra,0.974,True,0.0,True,13,555.4451012781558,113.35149306721053,4,94.42934073439709,Optimal,True,Optimal,heuristic,0.0003358940011821687
9,11,17,41,0.7,ILP,0.984,True,0.0,True,8,247.2541223553154,85.01361980040787,4,94.42934073439709,Optimal,True,Optimal,heuristic,0.25468225900112884
9,11,17,41,0.7,MILP,0.984,True,0.0,True,8,247.2541223553154,85.01361980040787,4,94.42934073439709,Optimal,True,Optimal,heuristic,0.10939521599721047
9,11,17,41,0.7,Dijkstra,0.984,True,0.0,True,8,247.2541223553154,85.01361980040787,4,94.42934073439709,Optimal,True,Optimal,heuristic,0.00037408299976959825
9,11,17,41,0.8,ILP,0.994,True,0.0,True,3,98.80876272934631,56.67574653360526,4,94.42934073439709,Optimal,True,Optimal,heuristic,0.16375257999970927
9,11,17,41,0.8,MILP,0.994,True,0.0,True,3,98.80876272934631,56.67574653360526,4,94.42934073439709,Optimal,True,Optimal,heuristic,0.11021800100206747
9,11,17,41,0.8,Dijkstra,0.994,True,0.0,True,3,98.80876272934631,56.67574653360526,4,94.42934073439709,Optimal,True,Optimal,heuristic,0.00033928799894056283
9,11,17,41,0.9,ILP,0.998,True,0.0,True,1,28.337873266802603,28.337873266802603,4,94.42934073439709,Optimal,True,Optimal,heuristic,0.10886232599659706
9,11,17,41,0.9,MILP,0.998,True,0.0,True,1,28.337873266802603,28.337873266802603,4,94.42934073439709,Optimal,True,Optimal,heuristic,0.10524500600149622
9,11,17,41,0.9,Dijkstra,0.998,True,0.0,True,1,28.337873266802603,28.337873266802603,4,94.42934073439709,Optimal,True,Optimal,heuristic,0.0005728940013796091
9,12,45,23,0.5,ILP,0.892,True,0.0,True,54,5507.313346405087,361.55788997689075,6,336.94243402295126,Optimal,True,Optimal,heuristic,2.230986401998962
9,12,45,23,0.5,MILP,0.892,False,0.0,True,54,5507.313346405086,361.5578899768905,6,336.94243402295126,Optimal,True,Optimal,heuristic,0.6636369150000974
9,12,45,23,0.5,Dijkstra,0.892,True,0.0,True,54,5507.313346405087,361.55788997689075,6,336.94243402295126,Optimal,True,Optimal,heuristic,0.00036691499917651527
9,12,45,23,0.6,ILP,0.944,True,0.0,True,28,2558.3040371978736,289.2463119815126,6,336.94243402295126,Optimal,True,Optimal,heuristic,0.8044321449997369
9,12,45,23,0.6,MILP,0.944,True,0.0,True,28,2558.3040371978736,289.2463119815126,6,336.94243402295126,Optimal,True,Optimal,heuristic,0.3808913329994539
9,12,45,23,0.6,Dijkstra,0.944,True,0.0,True,28,2558.3040371978736,289.2463119815126,6,336.94243402295126,Optimal,True,Optimal,heuristic,0.00036078799894312397
9,12,45,23,0.7,ILP,0.974,True,0.0,True,13,1098.9711153662129,216.93473398613446,6,336.94243402295126,Optimal,True,Optimal,heuristic,0.9790385100022831
9,12,45,23,0.7,MILP,0.974,True,0.0,True,13,1098.9711153662129,216.93473398613446,6,336.94243402295126,Optimal,True,Optimal,heuristic,0.34336421199986944
9,12,45,23,0.7,Dijkstra,0.974,True,0.0,True,13,1098.9711153662129,216.93473398613446,6,336.94243402295126,Optimal,True,Optimal,heuristic,0.0003955889987992123
9,12,45,23,0.8,ILP,0.988,True,0.0,True,6,366.5880048243471,144.62315599075623,6,336.94243402295126,Optimal,True,Optimal,heuristic,1.1057958720011811
9,12,45,23,0.8,MILP,0.988,True,0.0,True,6,366.5880048243471,144.62315599075623,6,336.94243402295126,Optimal,True,Optimal,heuristic,0.1271727950006607
9,12,45,23,0.8,Dijkstra,0.988,True,0.0,True,6,366.5880048243471,144.62315599075623,6,336.94243402295126,Optimal,True,Optimal,heuristic,0.0003999539985670708
9,12,45,23,0.9,ILP,0.998,True,0.0,True,1,72.311577995378,72.311577995378,6,336.94243402295126,Optimal,True,Optimal,heuristic,0.17344982099893969
9,12,45,23,0.9,MILP,0.998,True,0.0,True,1,72.311577995378,72.311577995378,6,336.94243402295126,Optimal,True,Optimal,heuristic,0.10898219299997436
9,12,45,23,0.9,Dijkstra,0.998,True,0.0,True,1,72.311577995378,72.311577995378,6,336.94243402295126,Optimal,True,Optimal,heuristic,0.00047680399802629836
9,13,4,63,0.5,ILP,0.998,True,0.0,True,1,660.020922376265,660.020922376265,4,115.01612010142652,Optimal,True,Optimal,heuristic,0.10135918599917204
9,13,4,63,0.5,MILP,0.998,True,0.0,True,1,660.020922376265,660.020922376265,4,115.01612010142652,Optimal,True,Optimal,heuristic,0.12486299800002598
9,13,4,63,0.5,Dijkstra,0.998,True,0.0,True,1,660.020922376265,660.020922376265,4,115.01612010142652,Optimal,True,Optimal,heuristic,0.00040905300193117
9,13,4,63,0.6,ILP,0.998,True,0.0,True,1,528.016737901012,528.016737901012,4,115.01612010142652,Optimal,True,Optimal,heuristic,0.10033251800268772
9,13,4,63,0.6,MILP,0.998,True,0.0,True,1,528.016737901012,528.016737901012,4,115.01612010142652,Optimal,True,Optimal,heuristic,0.13174185299794772
9,13,4,63,0.6,Dijkstra,0.998,True,0.0,True,1,528.016737901012,528.016737901012,4,115.01612010142652,Optimal,True,Optimal,heuristic,0.00035634199957712553
9,13,4,63,0.7,ILP,0.998,True,0.0,True,1,396.01255342575905,396.01255342575905,4,115.01612010142652,Optimal,True,Optimal,heuristic,0.10178663700207835
9,13,4,63,0.7,MILP,0.998,True,0.0,True,1,396.01255342575905,396.01255342575905,4,115.01612010142652,Optimal,True,Optimal,heuristic,0.11915374399904977
9,13,4,63,0.7,Dijkstra,0.998,True,0.0,True,1,396.01255342575905,396.01255342575905,4,115.01612010142652,Optimal,True,Optimal,heuristic,0.00032772699705674313
9,13,4,63,0.8,ILP,0.998,True,0.0,True,1,264.0083689505061,264.0083689505061,4,115.01612010142652,Optimal,True,Optimal,heuristic,0.1043580990008195
9,13,4,63,0.8,MILP,0.998,True,0.0,True,1,264.0083689505061,264.0083689505061,4,115.01612010142652,Optimal,True,Optimal,heuristic,0.1233534100028919
9,13,4,63,0.8,Dijkstra,0.998,True,0.0,True,1,264.0083689505061,264.0083689505061,4,115.01612010142652,Optimal,True,Optimal,heuristic,0.0003317059999972116
9,13,4,63,0.9,ILP,0.998,True,0.0,True,1,293.98866482925087,293.98866482925087,6,327.80485726885684,Optimal,True,Optimal,heuristic,0.09968509399914183
9,13,4,63,0.9,MILP,0.998,False,0.0,True,1,132.00418447525294,132.00418447525294,4,115.01612010142652,Optimal,True,Optimal,heuristic,0.12145962800059351
9,13,4,63,0.9,Dijkstra,0.998,False,0.0,True,1,132.00418447525294,132.00418447525294,4,115.01612010142652,Optimal,True,Optimal,heuristic,0.0003630440005508717
9,14,44,50,0.5,ILP,0.998,True,0.0,True,1,747.1723280962434,747.1723280962434,5,238.05596866174295,Optimal,True,Optimal,heuristic,0.09237868900163448
9,14,44,50,0.5,MILP,0.998,True,0.0,True,1,747.1723280962434,747.1723280962434,5,238.05596866174295,Optimal,True,Optimal,heuristic,0.09480347800126765
9,14,44,50,0.5,Dijkstra,0.998,True,0.0,True,1,747.1723280962434,747.1723280962434,5,238.05596866174295,Optimal,True,Optimal,heuristic,0.0003310940010123886
9,14,44,50,0.6,ILP,0.998,True,0.0,True,1,607.2032568702019,607.2032568702019,5,238.05596866174295,Optimal,True,Optimal,heuristic,0.09500754500186304
9,14,44,50,0.6,MILP,0.998,False,0.0,True,1,559.8762849041663,559.8762849041663,6,288.7307025401497,Optimal,True,Optimal,heuristic,0.09542166000028374
9,14,44,50,0.6,Dijkstra,0.998,True,0.0,True,1,607.2032568702019,607.2032568702019,5,238.05596866174295,Optimal,True,Optimal,heuristic,0.00036446900048758835
9,14,44,50,0.7,ILP,0.998,True,0.0,True,1,467.23418564416033,467.23418564416033,5,238.05596866174295,Optimal,True,Optimal,heuristic,0.098597438998695
9,14,44,50,0.7,MILP,0.998,False,0.0,True,1,419.90721367812466,419.90721367812466,6,288.7307025401497,Optimal,True,Optimal,heuristic,0.09345549299905542
9,14,44,50,0.7,Dijkstra,0.998,True,0.0,True,1,467.23418564416033,467.23418564416033,5,238.05596866174295,Optimal,True,Optimal,heuristic,0.0003428529998927843
9,14,44,50,0.8,ILP,0.998,True,0.0,True,1,327.2651144181186,327.2651144181186,5,238.05596866174295,Optimal,True,Optimal,heuristic,0.09450660699803848
9,14,44,50,0.8,MILP,0.998,False,0.0,True,1,279.93814245208296,279.93814245208296,6,288.7307025401497,Optimal,True,Optimal,heuristic,0.09667689200068708
9,14,44,50,0.8,Dijkstra,0.998,True,0.0,True,1,327.2651144181186,327.2651144181186,5,238.05596866174295,Optimal,True,Optimal,heuristic,0.00035252100133220665
9,14,44,50,0.9,ILP,0.998,True,0.0,True,1,187.29604319207715,187.29604319207715,5,238.05596866174295,Optimal,True,Optimal,heuristic,0.09352794700316736
9,14,44,50,0.9,MILP,0.998,False,0.0,True,1,139.96907122604148,139.96907122604148,6,288.7307025401497,Optimal,True,Optimal,heuristic,0.09460454500003834
9,14,44,50,0.9,Dijkstra,0.998,True,0.0,True,1,187.29604319207715,187.29604319207715,5,238.05596866174295,Optimal,True,Optimal,heuristic,0.00045090200001141056
9,15,49,12,0.5,ILP,0.986,True,0.0,True,7,650.9661955328298,258.92965535369365,2,104.84236368020174,Optimal,True,Optimal,heuristic,0.12569427999915206
9,15,49,12,0.5,MILP,0.986,True,0.0,True,7,650.9661955328298,258.92965535369365,2,104.84236368020174,Optimal,True,Optimal,heuristic,0.12280820999876596
9,15,49,12,0.5,Dijkstra,0.986,True,0.0,True,7,650.9661955328298,258.92965535369365,2,104.84236368020174,Optimal,True,Optimal,heuristic,0.00045309800043469295
9,15,49,12,0.6,ILP,0.992,True,0.0,True,4,361.66662392423194,207.14372428295496,2,104.84236368020174,Optimal,True,Optimal,heuristic,0.12226251399988541
9,15,49,12,0.6,MILP,0.992,True,0.0,True,4,361.66662392423194,207.14372428295496,2,104.84236368020174,Optimal,True,Optimal,heuristic,0.12100192900106777
9,15,49,12,0.6,Dijkstra,0.992,True,0.0,True,4,361.66662392423194,207.14372428295496,2,104.84236368020174,Optimal,True,Optimal,heuristic,0.00042239400136168115
9,15,49,12,0.7,ILP,0.996,True,0.0,True,2,235.09688663106903,155.35779321221622,2,104.84236368020174,Optimal,True,Optimal,heuristic,0.15316847899885033
9,15,49,12,0.7,MILP,0.996,True,0.0,True,2,235.09688663106903,155.35779321221622,2,104.84236368020174,Optimal,True,Optimal,heuristic,0.10509275500226067
9,15,49,12,0.7,Dijkstra,0.996,True,0.0,True,2,235.09688663106903,155.35779321221622,2,104.84236368020174,Optimal,True,Optimal,heuristic,0.00039250700137927197
9,15,49,12,0.8,ILP,0.996,True,0.0,True,2,131.52502448959154,103.57186214147748,2,104.84236368020174,Optimal,True,Optimal,heuristic,0.11879351400057203
9,15,49,12,0.8,MILP,0.996,True,0.0,True,2,131.52502448959154,103.57186214147748,2,104.84236368020174,Optimal,True,Optimal,heuristic,0.1197054339972965
9,15,49,12,0.8,Dijkstra,0.996,True,0.0,True,2,131.52502448959154,103.57186214147748,2,104.84236368020174,Optimal,True,Optimal,heuristic,0.00034017399957519956
9,15,49,12,0.9,ILP,0.998,True,0.0,True,1,51.78593107073874,51.78593107073874,2,104.84236368020174,Optimal,True,Optimal,heuristic,0.10833355199793004
9,15,49,12,0.9,MILP,0.998,True,0.0,True,1,51.78593107073874,51.78593107073874,2,104.84236368020174,Optimal,True,Optimal,heuristic,0.11129858999993303
9,15,49,12,0.9,Dijkstra,0.998,True,0.0,True,1,51.78593107073874,51.78593107073874,2,104.84236368020174,Optimal,True,Optimal,heuristic,0.0003449549985816702
9,16,32,2,0.5,ILP,0.914,True,0.0,True,43,2320.4680328913914,239.13361519006605,5,182.97192503506557,Optimal,True,Optimal,heuristic,0.85883917299725
9,16,32,2,0.5,MILP,0.914,True,0.0,True,43,2320.4680328913914,239.13361519006605,5,182.97192503506557,Optimal,True,Optimal,heuristic,0.10795826200046577
9,16,32,2,0.5,Dijkstra,0.914,True,0.0,True,43,2320.4680328913914,239.13361519006605,5,182.97192503506557,Optimal,True,Optimal,heuristic,0.00033836899820016697
9,16,32,2,0.6,ILP,0.972,True,0.0,True,14,1069.7933862077646,191.30689215205285,5,182.97192503506557,Optimal,True,Optimal,heuristic,0.23371102000237443
9,16,32,2,0.6,MILP,0.972,True,0.0,True,14,1069.7933862077646,191.30689215205285,5,182.97192503506557,Optimal,True,Optimal,heuristic,0.14617413299856707
9,16,32,2,0.6,Dijkstra,0.972,True,0.0,True,14,1069.7933862077646,191.30689215205285,5,182.97192503506557,Optimal,True,Optimal,heuristic,0.00046135899901855737
9,16,32,2,0.7,ILP,0.984,True,0.0,True,8,529.4347962603924,143.48016911403965,5,182.97192503506557,Optimal,True,Optimal,heuristic,0.21375736199843232
9,16,32,2,0.7,MILP,0.984,True,0.0,True,8,529.4347962603924,143.48016911403965,5,182.97192503506557,Optimal,True,Optimal,heuristic,0.14380761799839092
9,16,32,2,0.7,Dijkstra,0.984,True,0.0,True,8,529.4347962603924,143.48016911403965,5,182.97192503506557,Optimal,True,Optimal,heuristic,0.00036325900146039203
9,16,32,2,0.8,ILP,0.99,True,0.0,True,5,229.43445046135275,95.6534460760264,5,182.97192503506557,Optimal,True,Optimal,heuristic,0.19092442900000606
9,16,32,2,0.8,MILP,0.99,True,0.0,True,5,229.43445046135275,95.6534460760264,5,182.97192503506557,Optimal,True,Optimal,heuristic,0.12518303799879504
9,16,32,2,0.8,Dijkstra,0.99,True,0.0,True,5,229.43445046135275,95.6534460760264,5,182.97192503506557,Optimal,True,Optimal,heuristic,0.0003302730001450982
9,16,32,2,0.9,ILP,0.996,True,0.0,True,2,59.444840628463794,47.8267230380132,5,182.97192503506557,Optimal,True,Optimal,heuristic,0.14583031199799734
9,16,32,2,0.9,MILP,0.996,False,0.0,True,2,59.44484062846368,47.826723038013085,4,182.97192503506557,Optimal,True,Optimal,heuristic,0.1298878590023378
9,16,32,2,0.9,Dijkstra,0.996,True,0.0,True,2,59.444840628463794,47.8267230380132,5,182.97192503506557,Optimal,True,Optimal,heuristic,0.0003407020012673456
9,17,35,10,0.5,ILP,0.946,True,0.0,True,27,5630.377865296494,923.5999827834753,11,432.8291576626449,Optimal,True,Optimal,heuristic,0.4109522830003698
9,17,35,10,0.5,MILP,0.946,False,0.0,True,27,5630.377865296493,923.5999827834755,10,432.8291576626449,Optimal,True,Optimal,heuristic,0.8282605669992336
9,17,35,10,0.5,Dijkstra,0.946,True,0.0,True,27,5630.377865296494,923.5999827834753,11,432.8291576626449,Optimal,True,Optimal,heuristic,0.00035561500044423155
9,17,35,10,0.6,ILP,0.97,True,0.0,True,15,3921.3914058162477,838.4671197333784,11,432.8291576626449,Optimal,True,Optimal,heuristic,0.45059700700221583
9,17,35,10,0.6,MILP,0.97,False,0.0,True,15,3921.391405816248,838.4671197333784,11,432.8291576626449,Optimal,True,Optimal,heuristic,0.9574784570031625
9,17,35,10,0.6,Dijkstra,0.97,True,0.0,True,15,3921.3914058162477,838.4671197333784,11,432.8291576626449,Optimal,True,Optimal,heuristic,0.0004247760007274337
9,17,35,10,0.7,ILP,0.974,True,0.0,True,13,2697.7408884296747,753.3342566832814,11,432.8291576626449,Optimal,True,Optimal,heuristic,0.5433790149982087
9,17,35,10,0.7,MILP,0.964,False,0.010000000000000009,False,18,1830.8001050886674,255.39858915029072,9,508.00484457654903,Optimal,True,Optimal,heuristic,0.5400708999986819
9,17,35,10,0.7,Dijkstra,0.974,True,0.0,True,13,2697.7408884296747,753.3342566832814,11,432.8291576626449,Optimal,True,Optimal,heuristic,0.000358381999831181
9,17,35,10,0.8,ILP,0.984,True,0.0,True,8,692.6027474088622,170.26572610019377,9,508.00484457654903,Optimal,True,Optimal,heuristic,0.470819179998216
9,17,35,10,0.8,MILP,0.984,True,0.0,True,8,692.6027474088622,170.26572610019377,9,508.00484457654903,Optimal,True,Optimal,heuristic,0.24498581100124284
9,17,35,10,0.8,Dijkstra,0.982,False,0.0020000000000000018,False,9,1839.1689623494717,668.2013936331845,11,432.8291576626449,Optimal,True,Optimal,heuristic,0.0003966769982071128
9,17,35,10,0.9,ILP,0.992,True,0.0,True,4,219.33517414453888,85.13286305009694,9,508.00484457654903,Optimal,True,Optimal,heuristic,0.3712936250012717
9,17,35,10,0.9,MILP,0.992,False,0.0,True,4,219.33517414453877,85.13286305009694,9,508.00484457654903,Optimal,True,Optimal,heuristic,0.17915257700224174
9,17,35,10,0.9,Dijkstra,0.99,False,0.0020000000000000018,False,5,1266.975377756758,583.0685305830876,11,432.8291576626449,Optimal,True,Optimal,heuristic,0.0004570339988276828
9,18,48,44,0.5,ILP,0.968,True,0.0,True,16,2559.4242026680904,616.4183432438638,8,452.2646962673373,Optimal,True,Optimal,heuristic,0.3494745409989264
9,18,48,44,0.5,MILP,0.968,False,0.0,True,16,2559.4242026680895,616.4183432438638,8,452.2646962673373,Optimal,True,Optimal,heuristic,0.15593221699964488
9,18,48,44,0.5,Dijkstra,0.968,True,0.0,True,16,2559.4242026680904,616.4183432438638,8,452.2646962673373,Optimal,True,Optimal,heuristic,0.000355140000465326
9,18,48,44,0.6,ILP,0.99,True,0.0,True,5,1461.817775815011,493.13467459509104,8,452.2646962673373,Optimal,True,Optimal,heuristic,0.15152573700106586
9,18,48,44,0.6,MILP,0.99,True,0.0,True,5,1461.817775815011,493.13467459509104,8,452.2646962673373,Optimal,True,Optimal,heuristic,0.11425825799960876
9,18,48,44,0.6,Dijkstra,0.99,True,0.0,True,5,1461.817775815011,493.13467459509104,8,452.2646962673373,Optimal,True,Optimal,heuristic,0.00042574700273689814
9,18,48,44,0.7,ILP,0.992,True,0.0,True,4,895.0838752674877,369.8510059463183,8,452.2646962673373,Optimal,True,Optimal,heuristic,0.1814775480015669
9,18,48,44,0.7,MILP,0.992,False,0.0,True,4,895.0838752674877,369.85100594631785,8,452.2646962673374,Optimal,True,Optimal,heuristic,0.29234162899956573
9,18,48,44,0.7,Dijkstra,0.992,True,0.0,True,4,895.0838752674877,369.8510059463183,8,452.2646962673373,Optimal,True,Optimal,heuristic,0.0004118289980397094
9,18,48,44,0.8,ILP,0.994,True,0.0,True,3,483.0921901354302,246.56733729754546,8,452.2646962673373,Optimal,True,Optimal,heuristic,0.16931600500174682
9,18,48,44,0.8,MILP,0.994,False,0.0,True,3,483.0921901354302,246.56733729754524,8,452.2646962673373,Optimal,True,Optimal,heuristic,0.13761916200019186
9,18,48,44,0.8,Dijkstra,0.994,False,0.0,True,3,483.0921901354302,246.56733729754546,8,452.2646962673373,Optimal,True,Optimal,heuristic,0.0003804769985435996
9,18,48,44,0.9,ILP,0.998,True,0.0,True,1,305.762616942749,305.762616942749,8,541.3503858830585,Optimal,True,Optimal,heuristic,0.1065306189993862
9,18,48,44,0.9,MILP,0.996,False,0.0020000000000000018,False,2,217.5800171208332,123.28366864877262,8,452.2646962673373,Optimal,True,Optimal,heuristic,0.10759312099980889
9,18,48,44,0.9,Dijkstra,0.996,False,0.0020000000000000018,False,2,217.5800171208332,123.28366864877262,8,452.2646962673373,Optimal,True,Optimal,heuristic,0.00044422599967219867
9,19,26,21,0.5,ILP,0.946,True,0.0,True,27,6257.847209747333,826.6152285726957,13,772.2760367622762,Optimal,True,Optimal,heuristic,0.7781717750003736
9,19,26,21,0.5,MILP,0.946,False,0.0,True,27,6257.847209747333,826.6152285726957,13,772.2760367622764,Optimal,True,Optimal,heuristic,0.1197988570020243
9,19,26,21,0.5,Dijkstra,0.946,True,0.0,True,27,6257.847209747333,826.6152285726957,13,772.2760367622762,Optimal,True,Optimal,heuristic,0.0004198419992462732
9,19,26,21,0.6,ILP,0.972,True,0.0,True,14,3013.53426668869,670.7575772513637,13,772.2760367622762,Optimal,True,Optimal,heuristic,0.5024189510004362
9,19,26,21,0.6,MILP,0.972,False,0.0,True,14,3013.534266688689,670.757577251364,12,772.2760367622765,Optimal,True,Optimal,heuristic,0.11398427899985109
9,19,26,21,0.6,Dijkstra,0.972,True,0.0,True,14,3013.53426668869,670.7575772513637,13,772.2760367622762,Optimal,True,Optimal,heuristic,0.0003580449993023649
9,19,26,21,0.7,ILP,0.986,True,0.0,True,7,1355.3820687586892,514.8999259300317,13,772.2760367622762,Optimal,True,Optimal,heuristic,0.4096809340007894
9,19,26,21,0.7,MILP,0.986,True,0.0,True,7,1355.3820687586892,514.8999259300317,13,772.2760367622762,Optimal,True,Optimal,heuristic,0.12730542899953434
9,19,26,21,0.7,Dijkstra,0.986,True,0.0,True,7,1355.3820687586892,514.8999259300317,13,772.2760367622762,Optimal,True,Optimal,heuristic,0.0004057810001540929
9,19,26,21,0.8,ILP,0.996,True,0.0,True,2,774.0812669797576,391.28438095746833,12,802.4329489458511,Optimal,True,Optimal,heuristic,0.17647163100264152
9,19,26,21,0.8,MILP,0.994,False,0.0020000000000000018,False,3,721.4520425569544,356.5972952370596,13,853.1076828242577,Optimal,True,Optimal,heuristic,0.11330713099960121
9,19,26,21,0.8,Dijkstra,0.994,False,0.0020000000000000018,False,3,727.9295542499017,359.0422746086997,13,772.2760367622762,Optimal,True,Optimal,heuristic,0.00034942099955515005
9,19,26,21,0.9,ILP,0.996,True,0.0,True,2,388.79062447623323,203.18462328736769,13,772.2760367622762,Optimal,True,Optimal,heuristic,0.2256300619992544
9,19,26,21,0.9,MILP,0.996,False,0.0,True,2,306.77656678978906,155.857651321332,14,822.9507706406829,Optimal,True,Optimal,heuristic,0.10731462599869701
9,19,26,21,0.9,Dijkstra,0.996,False,0.0,True,2,388.79062447623346,203.18462328736769,13,772.2760367622762,Optimal,True,Optimal,heuristic,0.0003444379981374368
