repeat,od_idx,origin,dest,alpha,method,punctuality_prob,correct,objective_gap,tie_aware_correct,tie_aware_correct_strict,late_count,delay_sum,max_delay,path_length,mean_time,status,reference_available,reference_status,deadline_mode,solve_time
0,0,34,63,0.5,ILP,0.934,True,0.0,True,1.0,33,2999.877633494752,397.58410243256367,6,271.3991645296181,Optimal,True,Optimal,heuristic,1.7746781669993652
0,0,34,63,0.5,MILP,0.924,False,0.0099999999999998,False,0.0,38,2398.741400821509,303.79029125216107,5,264.8210991554075,Optimal,True,Optimal,heuristic,1.6298936729981506
0,0,34,63,0.5,Dijkstra,0.924,False,0.0099999999999998,False,0.0,38,2398.741400821509,303.79029125216107,5,264.8210991554075,Optimal,True,Optimal,heuristic,0.0003692280006362
0,0,34,63,0.6,ILP,0.98,True,0.0,True,1.0,10,999.939106826736,243.03223300172888,5,264.8210991554075,Optimal,True,Optimal,heuristic,1.5166549269997631
0,0,34,63,0.6,MILP,0.98,True,0.0,True,1.0,10,999.939106826736,243.03223300172888,5,264.8210991554075,Optimal,True,Optimal,heuristic,0.5856021939980565
0,0,34,63,0.6,Dijkstra,0.98,True,0.0,True,1.0,10,999.939106826736,243.03223300172888,5,264.8210991554075,Optimal,True,Optimal,heuristic,0.0003228660025342
0,0,34,63,0.7,ILP,0.986,True,0.0,True,1.0,7,839.4997132179537,276.06798593169924,6,271.3991645296181,Optimal,True,Optimal,heuristic,0.9562664999975824
0,0,34,63,0.7,MILP,0.986,False,0.0,True,1.0,7,505.9471308855682,182.27417475129664,5,264.8210991554075,Optimal,True,Optimal,heuristic,0.8215141289983876
0,0,34,63,0.7,Dijkstra,0.986,False,0.0,True,1.0,7,505.9471308855682,182.27417475129664,5,264.8210991554075,Optimal,True,Optimal,heuristic,0.0003837780022877
0,0,34,63,0.8,ILP,0.994,True,0.0,True,1.0,3,235.0048679464055,121.51611650086444,4,264.8210991554074,Optimal,True,Optimal,heuristic,0.3588907929988636
0,0,34,63,0.8,MILP,0.994,False,0.0,True,1.0,3,235.0048679464054,121.51611650086444,5,264.8210991554075,Optimal,True,Optimal,heuristic,0.4729260530002648
0,0,34,63,0.8,Dijkstra,0.994,False,0.0,True,1.0,3,235.0048679464054,121.51611650086444,5,264.8210991554075,Optimal,True,Optimal,heuristic,0.0003255039991927
0,0,34,63,0.9,ILP,0.996,True,0.0,True,1.0,2,291.5638394974005,154.5518694308348,6,271.3991645296181,Optimal,True,Optimal,heuristic,0.2913892200012924
0,0,34,63,0.9,MILP,0.996,False,0.0,True,1.0,2,90.3787568509963,60.75805825043221,5,264.8210991554075,Optimal,True,Optimal,heuristic,0.2320493669976713
0,0,34,63,0.9,Dijkstra,0.996,False,0.0,True,1.0,2,90.3787568509963,60.75805825043221,5,264.8210991554075,Optimal,True,Optimal,heuristic,0.000410439002735
0,1,47,49,0.5,ILP,0.992,True,0.0,True,1.0,4,395.5627786634835,184.18316159482828,1,55.68233765953072,Optimal,True,Optimal,heuristic,0.1011728550001862
0,1,47,49,0.5,MILP,0.992,True,0.0,True,1.0,4,395.5627786634835,184.18316159482828,1,55.68233765953072,Optimal,True,Optimal,heuristic,0.1107722790002299
0,1,47,49,0.5,Dijkstra,0.992,True,0.0,True,1.0,4,395.5627786634835,184.18316159482828,1,55.68233765953072,Optimal,True,Optimal,heuristic,0.0003567589992599
0,1,47,49,0.6,ILP,0.994,True,0.0,True,1.0,3,270.51234000104523,147.34652927586262,1,55.68233765953072,Optimal,True,Optimal,heuristic,0.1008431900008872
0,1,47,49,0.6,MILP,0.994,True,0.0,True,1.0,3,270.51234000104523,147.34652927586262,1,55.68233765953072,Optimal,True,Optimal,heuristic,0.1012349750017165
0,1,47,49,0.6,Dijkstra,0.994,True,0.0,True,1.0,3,270.51234000104523,147.34652927586262,1,55.68233765953072,Optimal,True,Optimal,heuristic,0.0003235320000385
0,1,47,49,0.7,ILP,0.996,True,0.0,True,1.0,2,172.1349396729579,110.50989695689702,1,55.68233765953072,Optimal,True,Optimal,heuristic,0.0946869790022901
0,1,47,49,0.7,MILP,0.996,True,0.0,True,1.0,2,172.1349396729579,110.50989695689702,1,55.68233765953072,Optimal,True,Optimal,heuristic,0.0938008919983985
0,1,47,49,0.7,Dijkstra,0.996,True,0.0,True,1.0,2,172.1349396729579,110.50989695689702,1,55.68233765953072,Optimal,True,Optimal,heuristic,0.0002955599993583
0,1,47,49,0.8,ILP,0.996,True,0.0,True,1.0,2,98.46167503502647,73.67326463793131,1,55.68233765953072,Optimal,True,Optimal,heuristic,0.0981990929976746
0,1,47,49,0.8,MILP,0.996,True,0.0,True,1.0,2,98.46167503502647,73.67326463793131,1,55.68233765953072,Optimal,True,Optimal,heuristic,0.0928636550015653
0,1,47,49,0.8,Dijkstra,0.996,True,0.0,True,1.0,2,98.46167503502647,73.67326463793131,1,55.68233765953072,Optimal,True,Optimal,heuristic,0.0003001969998877
0,1,47,49,0.9,ILP,0.998,True,0.0,True,1.0,1,36.836632318965655,36.836632318965655,1,55.68233765953072,Optimal,True,Optimal,heuristic,0.1006977569995797
0,1,47,49,0.9,MILP,0.998,True,0.0,True,1.0,1,36.836632318965655,36.836632318965655,1,55.68233765953072,Optimal,True,Optimal,heuristic,0.1030701439995027
0,1,47,49,0.9,Dijkstra,0.998,True,0.0,True,1.0,1,36.836632318965655,36.836632318965655,1,55.68233765953072,Optimal,True,Optimal,heuristic,0.0004281080000509
0,2,46,51,0.5,ILP,0.93,True,0.0,True,1.0,35,5792.159399853128,1537.851020137212,8,324.1812914651444,Optimal,True,Optimal,heuristic,0.5104532099976495
0,2,46,51,0.5,MILP,0.914,False,0.0159999999999999,False,0.0,43,4464.750695214954,411.7160600056764,8,346.7371313028325,Optimal,True,Optimal,heuristic,0.2574508200013952
0,2,46,51,0.5,Dijkstra,0.93,False,0.0,True,1.0,35,5792.15939985313,1537.851020137212,8,324.1812914651442,Optimal,True,Optimal,heuristic,0.0004038850020151
0,2,46,51,0.6,ILP,0.966,True,0.0,True,1.0,17,3425.537491311913,1455.5078081360762,8,324.1812914651442,Optimal,True,Optimal,heuristic,0.330315902003349
0,2,46,51,0.6,MILP,0.962,False,0.004,False,0.0,19,1993.533307643761,329.3728480045413,8,346.7371313028326,Optimal,True,Optimal,heuristic,0.1923504049991606
0,2,46,51,0.6,Dijkstra,0.966,False,0.0,True,1.0,17,3425.537491311916,1455.5078081360766,8,324.1812914651442,Optimal,True,Optimal,heuristic,0.0002993550006067
0,2,46,51,0.7,ILP,0.984,True,0.0,True,1.0,8,2265.344567639838,1373.1645961349411,8,324.1812914651442,Optimal,True,Optimal,heuristic,0.2634972799969546
0,2,46,51,0.7,MILP,0.984,False,0.0,True,1.0,8,928.310390447912,247.02963600340536,8,346.7371313028325,Optimal,True,Optimal,heuristic,0.111133857997629
0,2,46,51,0.7,Dijkstra,0.984,True,0.0,True,1.0,8,2265.344567639838,1373.1645961349411,8,324.1812914651442,Optimal,True,Optimal,heuristic,0.0003166759997839
0,2,46,51,0.8,ILP,0.992,True,0.0,True,1.0,4,1775.85844671681,1290.821384133806,8,324.1812914651442,Optimal,True,Optimal,heuristic,0.1812946850004664
0,2,46,51,0.8,MILP,0.99,False,0.002,False,0.0,5,415.4715951605288,164.686424002271,8,346.7371313028325,Optimal,True,Optimal,heuristic,0.108598022001388
0,2,46,51,0.8,Dijkstra,0.992,True,0.0,True,1.0,4,1775.85844671681,1290.821384133806,8,324.1812914651442,Optimal,True,Optimal,heuristic,0.000313055999868
0,2,46,51,0.9,ILP,0.996,True,0.0,True,1.0,2,84.24001364891808,82.34321200113527,7,346.7371313028325,Optimal,True,Optimal,heuristic,0.1011181559988472
0,2,46,51,0.9,MILP,0.996,False,0.0,True,1.0,2,84.24001364891808,82.34321200113527,8,346.7371313028325,Optimal,True,Optimal,heuristic,0.0964544779999414
0,2,46,51,0.9,Dijkstra,0.994,False,0.002,False,0.0,3,1491.8324588411508,1208.4781721326708,8,324.1812914651442,Optimal,True,Optimal,heuristic,0.0003367059980519
0,3,33,8,0.5,ILP,0.998,True,0.0,True,1.0,1,206.46155136066685,206.46155136066685,2,31.50073464027989,Optimal,True,Optimal,heuristic,0.101598818997445
0,3,33,8,0.5,MILP,0.998,True,0.0,True,1.0,1,206.46155136066685,206.46155136066685,2,31.50073464027989,Optimal,True,Optimal,heuristic,0.1281781290017534
0,3,33,8,0.5,Dijkstra,0.998,True,0.0,True,1.0,1,206.46155136066685,206.46155136066685,2,31.50073464027989,Optimal,True,Optimal,heuristic,0.0002995909999299
0,3,33,8,0.6,ILP,0.998,True,0.0,True,1.0,1,165.16924108853348,165.16924108853348,1,31.500734640279862,Optimal,True,Optimal,heuristic,0.1011424399985116
0,3,33,8,0.6,MILP,0.998,False,0.0,True,1.0,1,165.16924108853337,165.16924108853337,1,31.5007346402799,Optimal,True,Optimal,heuristic,0.1249410579985124
0,3,33,8,0.6,Dijkstra,0.998,False,0.0,True,1.0,1,165.16924108853348,165.16924108853348,2,31.50073464027989,Optimal,True,Optimal,heuristic,0.0003271830028097
0,3,33,8,0.7,ILP,0.998,True,0.0,True,1.0,1,123.87693081640016,123.87693081640016,2,31.50073464027989,Optimal,True,Optimal,heuristic,0.0995518490017275
0,3,33,8,0.7,MILP,0.998,False,0.0,True,1.0,1,123.87693081640016,123.87693081640016,2,31.50073464027989,Optimal,True,Optimal,heuristic,0.1204884559992933
0,3,33,8,0.7,Dijkstra,0.998,False,0.0,True,1.0,1,123.87693081640016,123.87693081640016,2,31.50073464027989,Optimal,True,Optimal,heuristic,0.0003652100022009
0,3,33,8,0.8,ILP,0.998,True,0.0,True,1.0,1,82.58462054426673,82.58462054426673,2,31.50073464027989,Optimal,True,Optimal,heuristic,0.0994078989970148
0,3,33,8,0.8,MILP,0.998,True,0.0,True,1.0,1,82.58462054426673,82.58462054426673,2,31.50073464027989,Optimal,True,Optimal,heuristic,0.1156731090013636
0,3,33,8,0.8,Dijkstra,0.998,True,0.0,True,1.0,1,82.58462054426673,82.58462054426673,2,31.50073464027989,Optimal,True,Optimal,heuristic,0.000305125999148
0,3,33,8,0.9,ILP,0.998,True,0.0,True,1.0,1,41.29231027213336,41.29231027213336,2,31.50073464027989,Optimal,True,Optimal,heuristic,0.1143078519999107
0,3,33,8,0.9,MILP,0.998,True,0.0,True,1.0,1,41.29231027213336,41.29231027213336,2,31.50073464027989,Optimal,True,Optimal,heuristic,0.1175258069997653
0,3,33,8,0.9,Dijkstra,0.998,True,0.0,True,1.0,1,41.29231027213336,41.29231027213336,2,31.50073464027989,Optimal,True,Optimal,heuristic,0.0003354279979248
0,4,54,29,0.5,ILP,0.998,True,0.0,True,1.0,1,1133.4019929506442,1133.4019929506442,11,514.5261561832316,Optimal,True,Optimal,heuristic,0.0919174339978781
0,4,54,29,0.5,MILP,0.998,True,0.0,True,1.0,1,1133.4019929506442,1133.4019929506442,11,514.5261561832316,Optimal,True,Optimal,heuristic,0.0910217400014516
0,4,54,29,0.5,Dijkstra,0.994,False,0.004,False,0.0,3,1630.7017100501043,1041.0474075765508,10,447.1355302705204,Optimal,True,Optimal,heuristic,0.0003264789993409
0,4,54,29,0.6,ILP,0.998,True,0.0,True,1.0,1,925.1925114353342,925.1925114353342,11,514.5261561832316,Optimal,True,Optimal,heuristic,0.088928354998643
0,4,54,29,0.6,MILP,0.998,True,0.0,True,1.0,1,925.1925114353342,925.1925114353342,11,514.5261561832316,Optimal,True,Optimal,heuristic,0.0982631309998396
0,4,54,29,0.6,Dijkstra,0.996,False,0.002,False,0.0,2,1139.7671817242922,832.8379260612408,10,447.1355302705204,Optimal,True,Optimal,heuristic,0.0003292960027465
0,4,54,29,0.7,ILP,0.998,True,0.0,True,1.0,1,716.9830299200241,716.9830299200241,11,514.5261561832316,Optimal,True,Optimal,heuristic,0.097713281000324
0,4,54,29,0.7,MILP,0.998,True,0.0,True,1.0,1,716.9830299200241,716.9830299200241,11,514.5261561832316,Optimal,True,Optimal,heuristic,0.1034919609992357
0,4,54,29,0.7,Dijkstra,0.996,False,0.002,False,0.0,2,723.3482186936722,624.6284445459307,10,447.1355302705204,Optimal,True,Optimal,heuristic,0.0006312490004347
0,4,54,29,0.8,ILP,0.998,True,0.0,True,1.0,1,508.77354840471367,508.77354840471367,11,514.5261561832316,Optimal,True,Optimal,heuristic,0.0925122700027714
0,4,54,29,0.8,MILP,0.998,False,0.0,True,1.0,1,416.41896303062026,416.41896303062026,10,447.1355302705204,Optimal,True,Optimal,heuristic,0.0936595399980433
0,4,54,29,0.8,Dijkstra,0.998,False,0.0,True,1.0,1,416.41896303062026,416.41896303062026,10,447.1355302705204,Optimal,True,Optimal,heuristic,0.0003191360010532
0,4,54,29,0.9,ILP,0.998,True,0.0,True,1.0,1,300.5640668894034,300.5640668894034,11,514.5261561832316,Optimal,True,Optimal,heuristic,0.0853470399997604
0,4,54,29,0.9,MILP,0.998,False,0.0,True,1.0,1,208.20948151531,208.20948151531,10,447.1355302705204,Optimal,True,Optimal,heuristic,0.0844676449996768
0,4,54,29,0.9,Dijkstra,0.998,False,0.0,True,1.0,1,208.20948151531,208.20948151531,10,447.1355302705204,Optimal,True,Optimal,heuristic,0.0003242749990022
0,5,32,24,0.5,ILP,0.994,True,0.0,True,1.0,3,1629.7641165388302,815.3467422385872,7,293.4275504823176,Optimal,True,Optimal,heuristic,0.1280819619969406
0,5,32,24,0.5,MILP,0.994,True,0.0,True,1.0,3,1629.7641165388302,815.3467422385872,7,293.4275504823176,Optimal,True,Optimal,heuristic,0.359497329001897
0,5,32,24,0.5,Dijkstra,0.994,True,0.0,True,1.0,3,1629.7641165388302,815.3467422385872,7,293.4275504823176,Optimal,True,Optimal,heuristic,0.0003291259999969
0,5,32,24,0.6,ILP,0.994,True,0.0,True,1.0,3,1272.784845471209,696.3536518827136,7,293.4275504823176,Optimal,True,Optimal,heuristic,0.1506190949985466
0,5,32,24,0.6,MILP,0.994,True,0.0,True,1.0,3,1272.784845471209,696.3536518827136,7,293.4275504823176,Optimal,True,Optimal,heuristic,0.5971796800004086
0,5,32,24,0.6,Dijkstra,0.994,True,0.0,True,1.0,3,1272.784845471209,696.3536518827136,7,293.4275504823176,Optimal,True,Optimal,heuristic,0.0003322209995531
0,5,32,24,0.7,ILP,0.994,True,0.0,True,1.0,3,915.8055744035892,577.3605615268402,7,293.4275504823176,Optimal,True,Optimal,heuristic,0.2321335560009174
0,5,32,24,0.7,MILP,0.994,False,0.0,True,1.0,3,649.5602619251001,559.098652329754,10,507.24006195498185,Optimal,True,Optimal,heuristic,0.5343643390006036
0,5,32,24,0.7,Dijkstra,0.994,True,0.0,True,1.0,3,915.8055744035892,577.3605615268402,7,293.4275504823176,Optimal,True,Optimal,heuristic,0.0003291770008218
0,5,32,24,0.8,ILP,0.998,True,0.0,True,1.0,1,440.1055619738804,440.1055619738804,10,507.2400619549819,Optimal,True,Optimal,heuristic,0.1267250620003324
0,5,32,24,0.8,MILP,0.996,False,0.002,False,0.0,2,370.31508956501193,237.98618071174587,9,463.637354497522,Optimal,True,Optimal,heuristic,0.2293572910020884
0,5,32,24,0.8,Dijkstra,0.996,False,0.002,False,0.0,2,567.2709951628283,458.3674711709666,7,293.4275504823176,Optimal,True,Optimal,heuristic,0.0003496419994917
0,5,32,24,0.9,ILP,0.998,True,0.0,True,1.0,1,339.374380815093,339.374380815093,7,293.4275504823176,Optimal,True,Optimal,heuristic,0.1045100909977918
0,5,32,24,0.9,MILP,0.996,False,0.002,False,0.0,2,132.32890885326515,118.9930903558734,10,463.6373544975231,Optimal,True,Optimal,heuristic,0.2742563620013243
0,5,32,24,0.9,Dijkstra,0.998,True,0.0,True,1.0,1,339.374380815093,339.374380815093,7,293.4275504823176,Optimal,True,Optimal,heuristic,0.0003597600007196
0,6,50,41,0.5,ILP,0.978,True,0.0,True,1.0,11,207.92083764089023,66.36480773158229,1,18.439659211069696,Optimal,True,Optimal,heuristic,0.1716749379993416
0,6,50,41,0.5,MILP,0.978,True,0.0,True,1.0,11,207.92083764089023,66.36480773158229,1,18.439659211069696,Optimal,True,Optimal,heuristic,0.1304859320007381
0,6,50,41,0.5,Dijkstra,0.978,True,0.0,True,1.0,11,207.92083764089023,66.36480773158229,1,18.439659211069696,Optimal,True,Optimal,heuristic,0.0003084849995502
0,6,50,41,0.6,ILP,0.99,True,0.0,True,1.0,5,109.955082383114,53.09184618526584,1,18.439659211069696,Optimal,True,Optimal,heuristic,0.1617585989988583
0,6,50,41,0.6,MILP,0.99,True,0.0,True,1.0,5,109.955082383114,53.09184618526584,1,18.439659211069696,Optimal,True,Optimal,heuristic,0.1183982090005884
0,6,50,41,0.6,Dijkstra,0.99,True,0.0,True,1.0,5,109.955082383114,53.09184618526584,1,18.439659211069696,Optimal,True,Optimal,heuristic,0.0003018329989572
0,6,50,41,0.7,ILP,0.994,True,0.0,True,1.0,3,60.63263605392952,39.81888463894937,1,18.439659211069696,Optimal,True,Optimal,heuristic,0.1479747399971529
0,6,50,41,0.7,MILP,0.994,True,0.0,True,1.0,3,60.63263605392952,39.81888463894937,1,18.439659211069696,Optimal,True,Optimal,heuristic,0.110449725001672
0,6,50,41,0.7,Dijkstra,0.994,True,0.0,True,1.0,3,60.63263605392952,39.81888463894937,1,18.439659211069696,Optimal,True,Optimal,heuristic,0.0003654770007415
0,6,50,41,0.8,ILP,0.998,True,0.0,True,1.0,1,26.545923092632904,26.545923092632904,1,18.439659211069696,Optimal,True,Optimal,heuristic,0.1174491679994389
0,6,50,41,0.8,MILP,0.998,True,0.0,True,1.0,1,26.545923092632904,26.545923092632904,1,18.439659211069696,Optimal,True,Optimal,heuristic,0.1106639389981865
0,6,50,41,0.8,Dijkstra,0.998,True,0.0,True,1.0,1,26.545923092632904,26.545923092632904,1,18.439659211069696,Optimal,True,Optimal,heuristic,0.0003349159997014
0,6,50,41,0.9,ILP,0.998,True,0.0,True,1.0,1,13.272961546316438,13.272961546316438,1,18.439659211069696,Optimal,True,Optimal,heuristic,0.1031934689999616
0,6,50,41,0.9,MILP,0.998,True,0.0,True,1.0,1,13.272961546316438,13.272961546316438,1,18.439659211069696,Optimal,True,Optimal,heuristic,0.1017848030023742
0,6,50,41,0.9,Dijkstra,0.998,True,0.0,True,1.0,1,13.272961546316438,13.272961546316438,1,18.439659211069696,Optimal,True,Optimal,heuristic,0.0003382169998076
0,7,26,53,0.5,ILP,0.99,True,0.0,True,1.0,5,1460.513974498887,832.7115120511176,14,692.6204298692387,Optimal,True,Optimal,heuristic,0.1050286569989111
0,7,26,53,0.5,MILP,0.99,True,0.0,True,1.0,5,1460.513974498887,832.7115120511176,14,692.6204298692387,Optimal,True,Optimal,heuristic,0.0975660990006872
0,7,26,53,0.5,Dijkstra,0.99,True,0.0,True,1.0,5,1460.513974498887,832.7115120511176,14,692.6204298692387,Optimal,True,Optimal,heuristic,0.0003832170004898
0,7,26,53,0.6,ILP,0.996,True,0.0,True,1.0,2,1030.4156966776416,666.1692096408942,14,692.6204298692387,Optimal,True,Optimal,heuristic,0.0942085899987432
0,7,26,53,0.6,MILP,0.996,True,0.0,True,1.0,2,1030.4156966776416,666.1692096408942,14,692.6204298692387,Optimal,True,Optimal,heuristic,0.1020683999995526
0,7,26,53,0.6,Dijkstra,0.996,True,0.0,True,1.0,2,1030.4156966776416,666.1692096408942,14,692.6204298692387,Optimal,True,Optimal,heuristic,0.000356942997314
0,7,26,53,0.7,ILP,0.996,True,0.0,True,1.0,2,1222.911527719716,977.0470074806542,12,707.7438317147019,Optimal,True,Optimal,heuristic,0.0906774860013683
0,7,26,53,0.7,MILP,0.996,False,0.0,True,1.0,2,697.3310918571945,499.62690723067067,14,692.6204298692387,Optimal,True,Optimal,heuristic,0.1000044210013584
0,7,26,53,0.7,Dijkstra,0.996,False,0.0,True,1.0,2,697.3310918571945,499.62690723067067,14,692.6204298692387,Optimal,True,Optimal,heuristic,0.0003805490014201
0,7,26,53,0.8,ILP,0.996,True,0.0,True,1.0,2,889.8269228992685,810.5047050704304,12,707.7438317147019,Optimal,True,Optimal,heuristic,0.1033315879976726
0,7,26,53,0.8,MILP,0.996,False,0.0,True,1.0,2,364.2464870367469,333.0846048204469,14,692.6204298692387,Optimal,True,Optimal,heuristic,0.098565853000764
0,7,26,53,0.8,Dijkstra,0.996,False,0.0,True,1.0,2,364.2464870367469,333.0846048204469,14,692.6204298692387,Optimal,True,Optimal,heuristic,0.000341049999406
0,7,26,53,0.9,ILP,0.998,True,0.0,True,1.0,1,643.9624026602071,643.9624026602071,12,707.7438317147019,Optimal,True,Optimal,heuristic,0.0949970709989429
0,7,26,53,0.9,MILP,0.998,False,0.0,True,1.0,1,166.54230241022356,166.54230241022356,14,692.6204298692387,Optimal,True,Optimal,heuristic,0.1083937610019347
0,7,26,53,0.9,Dijkstra,0.998,False,0.0,True,1.0,1,166.54230241022356,166.54230241022356,14,692.6204298692387,Optimal,True,Optimal,heuristic,0.0004028559997095
0,8,35,28,0.5,ILP,0.992,True,0.0,True,1.0,4,1624.8193889574532,739.1363866297802,6,323.60671854195897,Optimal,True,Optimal,heuristic,0.1489176319992111
0,8,35,28,0.5,MILP,0.992,False,0.0,True,1.0,4,1624.8193889574532,739.1363866297802,6,323.60671854195897,Optimal,True,Optimal,heuristic,0.1044707779983582
0,8,35,28,0.5,Dijkstra,0.992,False,0.0,True,1.0,4,1624.8193889574532,739.1363866297802,6,323.60671854195897,Optimal,True,Optimal,heuristic,0.0004141120007261
0,8,35,28,0.6,ILP,0.994,True,0.0,True,1.0,3,1177.730370356128,591.3091093038241,6,323.60671854195897,Optimal,True,Optimal,heuristic,0.1051254379999591
0,8,35,28,0.6,MILP,0.994,True,0.0,True,1.0,3,1177.730370356128,591.3091093038241,6,323.60671854195897,Optimal,True,Optimal,heuristic,0.103700329997082
0,8,35,28,0.6,Dijkstra,0.994,True,0.0,True,1.0,3,1177.730370356128,591.3091093038241,6,323.60671854195897,Optimal,True,Optimal,heuristic,0.0003526430009515
0,8,35,28,0.7,ILP,0.994,True,0.0,True,1.0,3,734.2485383782598,443.48183197786807,6,323.60671854195897,Optimal,True,Optimal,heuristic,0.1255705380026484
0,8,35,28,0.7,MILP,0.994,True,0.0,True,1.0,3,734.2485383782598,443.48183197786807,6,323.60671854195897,Optimal,True,Optimal,heuristic,0.110620008999831
0,8,35,28,0.7,Dijkstra,0.994,True,0.0,True,1.0,3,734.2485383782598,443.48183197786807,6,323.60671854195897,Optimal,True,Optimal,heuristic,0.0003599230003601
0,8,35,28,0.8,ILP,0.996,True,0.0,True,1.0,2,321.18968268162666,295.6545546519121,6,323.60671854195897,Optimal,True,Optimal,heuristic,0.1074901270003465
0,8,35,28,0.8,MILP,0.996,True,0.0,True,1.0,2,321.18968268162666,295.6545546519121,6,323.60671854195897,Optimal,True,Optimal,heuristic,0.1030450420003035
0,8,35,28,0.8,Dijkstra,0.996,True,0.0,True,1.0,2,321.18968268162666,295.6545546519121,6,323.60671854195897,Optimal,True,Optimal,heuristic,0.0003220379985577
0,8,35,28,0.9,ILP,0.998,True,0.0,True,1.0,1,147.82727732595595,147.82727732595595,6,323.60671854195897,Optimal,True,Optimal,heuristic,0.1085529060001135
0,8,35,28,0.9,MILP,0.998,True,0.0,True,1.0,1,147.82727732595595,147.82727732595595,6,323.60671854195897,Optimal,True,Optimal,heuristic,0.1065278469977784
0,8,35,28,0.9,Dijkstra,0.998,True,0.0,True,1.0,1,147.82727732595595,147.82727732595595,6,323.60671854195897,Optimal,True,Optimal,heuristic,0.0003300649987068
0,9,57,4,0.5,ILP,0.978,True,0.0,True,1.0,11,1414.4388051882493,377.6923011344813,5,199.72681003242712,Optimal,True,Optimal,heuristic,0.1230318019988772
0,9,57,4,0.5,MILP,0.978,True,0.0,True,1.0,11,1414.4388051882493,377.6923011344813,5,199.72681003242712,Optimal,True,Optimal,heuristic,0.1132282890030182
0,9,57,4,0.5,Dijkstra,0.978,True,0.0,True,1.0,11,1414.4388051882493,377.6923011344813,5,199.72681003242712,Optimal,True,Optimal,heuristic,0.0003184090019203
0,9,57,4,0.6,ILP,0.986,True,0.0,True,1.0,7,726.319694877213,302.15384090758505,5,199.72681003242712,Optimal,True,Optimal,heuristic,0.1145621850009774
0,9,57,4,0.6,MILP,0.986,True,0.0,True,1.0,7,726.319694877213,302.15384090758505,5,199.72681003242712,Optimal,True,Optimal,heuristic,0.0911040860009961
0,9,57,4,0.6,Dijkstra,0.986,True,0.0,True,1.0,7,726.319694877213,302.15384090758505,5,199.72681003242712,Optimal,True,Optimal,heuristic,0.0002826660020218
0,9,57,4,0.7,ILP,0.996,True,0.0,True,1.0,2,359.3359467458652,226.6153806806888,5,199.72681003242712,Optimal,True,Optimal,heuristic,0.0894011000018508
0,9,57,4,0.7,MILP,0.996,True,0.0,True,1.0,2,359.3359467458652,226.6153806806888,5,199.72681003242712,Optimal,True,Optimal,heuristic,0.0901493839992326
0,9,57,4,0.7,Dijkstra,0.996,True,0.0,True,1.0,2,359.3359467458652,226.6153806806888,5,199.72681003242712,Optimal,True,Optimal,heuristic,0.0002816650012391
0,9,57,4,0.8,ILP,0.996,True,0.0,True,1.0,2,208.25902629207255,151.07692045379247,5,199.72681003242712,Optimal,True,Optimal,heuristic,0.0930675950003205
0,9,57,4,0.8,MILP,0.996,True,0.0,True,1.0,2,208.25902629207255,151.07692045379247,5,199.72681003242712,Optimal,True,Optimal,heuristic,0.0921337039981153
0,9,57,4,0.8,Dijkstra,0.996,True,0.0,True,1.0,2,208.25902629207255,151.07692045379247,5,199.72681003242712,Optimal,True,Optimal,heuristic,0.0002985159990203
0,9,57,4,0.9,ILP,0.998,True,0.0,True,1.0,1,75.53846022689629,75.53846022689629,5,199.72681003242712,Optimal,True,Optimal,heuristic,0.0964852510005584
0,9,57,4,0.9,MILP,0.998,True,0.0,True,1.0,1,75.53846022689629,75.53846022689629,5,199.72681003242712,Optimal,True,Optimal,heuristic,0.1003309979969344
0,9,57,4,0.9,Dijkstra,0.998,True,0.0,True,1.0,1,75.53846022689629,75.53846022689629,5,199.72681003242712,Optimal,True,Optimal,heuristic,0.0003111719997832
0,10,55,53,0.5,ILP,0.914,True,0.0,True,1.0,43,5355.078274723253,516.2801459541231,12,587.4541179836968,Optimal,True,Optimal,heuristic,0.597042473997135
0,10,55,53,0.5,MILP,0.914,True,0.0,True,1.0,43,5355.078274723253,516.2801459541231,12,587.4541179836968,Optimal,True,Optimal,heuristic,0.1603985860019747
0,10,55,53,0.5,Dijkstra,0.914,True,0.0,True,1.0,43,5355.078274723253,516.2801459541231,12,587.4541179836968,Optimal,True,Optimal,heuristic,0.0003243450009904
0,10,55,53,0.6,ILP,0.964,True,0.0,True,1.0,18,2579.263358561191,413.0241167632983,11,587.4541179836967,Optimal,True,Optimal,heuristic,0.4879255310006556
0,10,55,53,0.6,MILP,0.964,False,0.0,True,1.0,18,2579.263358561193,413.0241167632985,12,587.4541179836968,Optimal,True,Optimal,heuristic,0.1045737019994703
0,10,55,53,0.6,Dijkstra,0.964,False,0.0,True,1.0,18,2579.263358561193,413.0241167632985,12,587.4541179836968,Optimal,True,Optimal,heuristic,0.0003859120006381
0,10,55,53,0.7,ILP,0.98,True,0.0,True,1.0,10,1268.0504234249984,309.76808757247386,12,587.4541179836968,Optimal,True,Optimal,heuristic,0.2297744239986059
0,10,55,53,0.7,MILP,0.98,True,0.0,True,1.0,10,1268.0504234249984,309.76808757247386,12,587.4541179836968,Optimal,True,Optimal,heuristic,0.0950101140006154
0,10,55,53,0.7,Dijkstra,0.98,True,0.0,True,1.0,10,1268.0504234249984,309.76808757247386,12,587.4541179836968,Optimal,True,Optimal,heuristic,0.0003249520013923
0,10,55,53,0.8,ILP,0.99,True,0.0,True,1.0,5,424.2446553542306,206.512058381649,11,587.4541179836967,Optimal,True,Optimal,heuristic,0.1460768670003744
0,10,55,53,0.8,MILP,0.99,False,0.0,True,1.0,5,424.2446553542318,206.51205838164924,12,587.4541179836968,Optimal,True,Optimal,heuristic,0.0993587579978338
0,10,55,53,0.8,Dijkstra,0.99,False,0.0,True,1.0,5,424.2446553542318,206.51205838164924,12,587.4541179836968,Optimal,True,Optimal,heuristic,0.0003337810012453
0,10,55,53,0.9,ILP,0.998,True,0.0,True,1.0,1,103.25602919082462,103.25602919082462,12,587.4541179836968,Optimal,True,Optimal,heuristic,0.0832482570003776
0,10,55,53,0.9,MILP,0.998,True,0.0,True,1.0,1,103.25602919082462,103.25602919082462,12,587.4541179836968,Optimal,True,Optimal,heuristic,0.0925701279993518
0,10,55,53,0.9,Dijkstra,0.998,True,0.0,True,1.0,1,103.25602919082462,103.25602919082462,12,587.4541179836968,Optimal,True,Optimal,heuristic,0.0003507460023683
0,11,17,41,0.5,ILP,0.964,True,0.0,True,1.0,18,1764.2887704664709,381.0177140840573,4,177.06516954513592,Optimal,True,Optimal,heuristic,1.2481777089997197
0,11,17,41,0.5,MILP,0.964,True,0.0,True,1.0,18,1764.2887704664709,381.0177140840573,4,177.06516954513592,Optimal,True,Optimal,heuristic,0.447128583000449
0,11,17,41,0.5,Dijkstra,0.964,True,0.0,True,1.0,18,1764.2887704664709,381.0177140840573,4,177.06516954513592,Optimal,True,Optimal,heuristic,0.0003539960016496
0,11,17,41,0.6,ILP,0.988,True,0.0,True,1.0,6,857.2865565919941,304.81417126724585,4,177.06516954513592,Optimal,True,Optimal,heuristic,0.5271783030002553
0,11,17,41,0.6,MILP,0.988,True,0.0,True,1.0,6,857.2865565919941,304.81417126724585,4,177.06516954513592,Optimal,True,Optimal,heuristic,0.2772532979979587
0,11,17,41,0.6,Dijkstra,0.988,True,0.0,True,1.0,6,857.2865565919941,304.81417126724585,4,177.06516954513592,Optimal,True,Optimal,heuristic,0.0002996749972226
0,11,17,41,0.7,ILP,0.994,True,0.0,True,1.0,3,518.3085950295474,228.61062845043443,4,177.06516954513592,Optimal,True,Optimal,heuristic,0.2547755889972904
0,11,17,41,0.7,MILP,0.994,False,0.0,True,1.0,3,518.3085950295474,228.61062845043443,4,177.06516954513592,Optimal,True,Optimal,heuristic,0.3051332609975361
0,11,17,41,0.7,Dijkstra,0.994,False,0.0,True,1.0,3,518.3085950295474,228.61062845043443,4,177.06516954513592,Optimal,True,Optimal,heuristic,0.0004007480019936
0,11,17,41,0.8,ILP,0.994,True,0.0,True,1.0,3,289.6979665791131,152.40708563362296,4,177.06516954513594,Optimal,True,Optimal,heuristic,0.8249650340003427
0,11,17,41,0.8,MILP,0.994,False,0.0,True,1.0,3,289.697966579113,152.40708563362296,4,177.06516954513592,Optimal,True,Optimal,heuristic,0.3626827190018957
0,11,17,41,0.8,Dijkstra,0.994,False,0.0,True,1.0,3,289.697966579113,152.40708563362296,4,177.06516954513592,Optimal,True,Optimal,heuristic,0.000322405998304
0,11,17,41,0.9,ILP,0.996,True,0.0,True,1.0,2,126.93277324627228,76.20354281681148,4,177.06516954513592,Optimal,True,Optimal,heuristic,0.4169379829982063
0,11,17,41,0.9,MILP,0.996,False,0.0,True,1.0,2,126.93277324627228,76.20354281681148,4,177.06516954513592,Optimal,True,Optimal,heuristic,0.3394291049989988
0,11,17,41,0.9,Dijkstra,0.996,False,0.0,True,1.0,2,126.93277324627228,76.20354281681148,4,177.06516954513592,Optimal,True,Optimal,heuristic,0.0003231859991501
0,12,45,23,0.5,ILP,0.998,True,0.0,True,1.0,1,1219.4748332650047,1219.4748332650047,8,513.5580703705032,Optimal,True,Optimal,heuristic,0.0972196299990173
0,12,45,23,0.5,MILP,0.996,False,0.002,False,0.0,2,1043.223633965937,949.433464735912,6,329.650212524594,Optimal,True,Optimal,heuristic,0.1017498590008472
0,12,45,23,0.5,Dijkstra,0.996,False,0.002,False,0.0,2,1043.223633965937,949.433464735912,6,329.650212524594,Optimal,True,Optimal,heuristic,0.0003429999997024
0,12,45,23,0.6,ILP,0.998,True,0.0,True,1.0,1,1029.5881403178223,1029.5881403178223,8,513.5580703705032,Optimal,True,Optimal,heuristic,0.0949800400012463
0,12,45,23,0.6,MILP,0.998,False,0.0,True,1.0,1,759.5467717887295,759.5467717887295,6,329.650212524594,Optimal,True,Optimal,heuristic,0.0968460279982537
0,12,45,23,0.6,Dijkstra,0.998,False,0.0,True,1.0,1,759.5467717887295,759.5467717887295,6,329.650212524594,Optimal,True,Optimal,heuristic,0.0003859880016534
0,12,45,23,0.7,ILP,0.998,True,0.0,True,1.0,1,839.7014473706399,839.7014473706399,8,513.5580703705032,Optimal,True,Optimal,heuristic,0.0952384609990986
0,12,45,23,0.7,MILP,0.998,False,0.0,True,1.0,1,569.6600788415471,569.6600788415471,6,329.650212524594,Optimal,True,Optimal,heuristic,0.0936458620017219
0,12,45,23,0.7,Dijkstra,0.998,False,0.0,True,1.0,1,569.6600788415471,569.6600788415471,6,329.650212524594,Optimal,True,Optimal,heuristic,0.0003733449993887
0,12,45,23,0.8,ILP,0.998,True,0.0,True,1.0,1,649.8147544234575,649.8147544234575,8,513.5580703705032,Optimal,True,Optimal,heuristic,0.0943471390019112
0,12,45,23,0.8,MILP,0.998,False,0.0,True,1.0,1,379.7733858943648,379.7733858943648,6,329.650212524594,Optimal,True,Optimal,heuristic,0.1026245980028761
0,12,45,23,0.8,Dijkstra,0.998,False,0.0,True,1.0,1,379.7733858943648,379.7733858943648,6,329.650212524594,Optimal,True,Optimal,heuristic,0.0004638490026991
0,12,45,23,0.9,ILP,0.998,True,0.0,True,1.0,1,459.9280614762752,459.9280614762752,8,513.5580703705032,Optimal,True,Optimal,heuristic,0.0936630629985302
0,12,45,23,0.9,MILP,0.998,False,0.0,True,1.0,1,189.8866929471824,189.8866929471824,6,329.650212524594,Optimal,True,Optimal,heuristic,0.0927607490011723
0,12,45,23,0.9,Dijkstra,0.998,False,0.0,True,1.0,1,189.8866929471824,189.8866929471824,6,329.650212524594,Optimal,True,Optimal,heuristic,0.0003835290008282
0,13,4,63,0.5,ILP,0.996,True,0.0,True,1.0,2,685.570067515569,571.166115016265,4,215.83340710550576,Optimal,True,Optimal,heuristic,0.1068911329966795
0,13,4,63,0.5,MILP,0.996,False,0.0,True,1.0,2,685.5700675155692,571.166115016265,3,215.83340710550576,Optimal,True,Optimal,heuristic,0.1216072030001669
0,13,4,63,0.5,Dijkstra,0.996,True,0.0,True,1.0,2,685.570067515569,571.166115016265,4,215.83340710550576,Optimal,True,Optimal,heuristic,0.0003078859990637
0,13,4,63,0.6,ILP,0.996,True,0.0,True,1.0,2,457.10362150906303,456.93289201301207,4,215.83340710550576,Optimal,True,Optimal,heuristic,0.1545479070009605
0,13,4,63,0.6,MILP,0.996,False,0.0,True,1.0,2,457.1036215090632,456.93289201301207,3,215.83340710550576,Optimal,True,Optimal,heuristic,0.123012075000588
0,13,4,63,0.6,Dijkstra,0.996,True,0.0,True,1.0,2,457.10362150906303,456.93289201301207,4,215.83340710550576,Optimal,True,Optimal,heuristic,0.0003247659988119
0,13,4,63,0.7,ILP,0.998,True,0.0,True,1.0,1,342.6996690097591,342.6996690097591,4,215.83340710550576,Optimal,True,Optimal,heuristic,0.102170402999036
0,13,4,63,0.7,MILP,0.998,True,0.0,True,1.0,1,342.6996690097591,342.6996690097591,4,215.83340710550576,Optimal,True,Optimal,heuristic,0.116137348999473
0,13,4,63,0.7,Dijkstra,0.998,True,0.0,True,1.0,1,342.6996690097591,342.6996690097591,4,215.83340710550576,Optimal,True,Optimal,heuristic,0.0003395560015633
0,13,4,63,0.8,ILP,0.998,True,0.0,True,1.0,1,381.4062665003586,381.4062665003586,6,260.04312104160624,Optimal,True,Optimal,heuristic,0.0951629970004432
0,13,4,63,0.8,MILP,0.998,False,0.0,True,1.0,1,228.4664460065061,228.4664460065061,4,215.83340710550576,Optimal,True,Optimal,heuristic,0.1218521910013805
0,13,4,63,0.8,Dijkstra,0.998,False,0.0,True,1.0,1,228.4664460065061,228.4664460065061,4,215.83340710550576,Optimal,True,Optimal,heuristic,0.0003707879986905
0,13,4,63,0.9,ILP,0.998,True,0.0,True,1.0,1,267.1730434971055,267.1730434971055,6,260.04312104160624,Optimal,True,Optimal,heuristic,0.1018913869993412
0,13,4,63,0.9,MILP,0.998,False,0.0,True,1.0,1,114.233223003253,114.233223003253,4,215.83340710550576,Optimal,True,Optimal,heuristic,0.1214509710007405
0,13,4,63,0.9,Dijkstra,0.998,False,0.0,True,1.0,1,114.233223003253,114.233223003253,4,215.83340710550576,Optimal,True,Optimal,heuristic,0.0003219729987904
0,14,44,50,0.5,ILP,0.992,True,0.0,True,1.0,4,1622.5440240019327,722.3199909953936,5,218.6142607287723,Optimal,True,Optimal,heuristic,0.1204232769996451
0,14,44,50,0.5,MILP,0.992,True,0.0,True,1.0,4,1622.5440240019327,722.3199909953936,5,218.6142607287723,Optimal,True,Optimal,heuristic,0.1118285530028515
0,14,44,50,0.5,Dijkstra,0.992,True,0.0,True,1.0,4,1622.5440240019327,722.3199909953936,5,218.6142607287723,Optimal,True,Optimal,heuristic,0.0003337050002301
0,14,44,50,0.6,ILP,0.994,True,0.0,True,1.0,3,1165.304963576075,577.8559927963149,5,218.6142607287724,Optimal,True,Optimal,heuristic,0.1544258140020247
0,14,44,50,0.6,MILP,0.994,False,0.0,True,1.0,3,1165.304963576075,577.8559927963149,5,218.6142607287723,Optimal,True,Optimal,heuristic,0.136091578999185
0,14,44,50,0.6,Dijkstra,0.994,False,0.0,True,1.0,3,1165.304963576075,577.8559927963149,5,218.6142607287723,Optimal,True,Optimal,heuristic,0.0003076180000789
0,14,44,50,0.7,ILP,0.994,True,0.0,True,1.0,3,731.9129689788385,433.3919945972361,5,218.6142607287723,Optimal,True,Optimal,heuristic,0.1338264939986402
0,14,44,50,0.7,MILP,0.994,True,0.0,True,1.0,3,731.9129689788385,433.3919945972361,5,218.6142607287723,Optimal,True,Optimal,heuristic,0.1115883090023999
0,14,44,50,0.7,Dijkstra,0.994,True,0.0,True,1.0,3,731.9129689788385,433.3919945972361,5,218.6142607287723,Optimal,True,Optimal,heuristic,0.0003715460006787
0,14,44,50,0.8,ILP,0.996,True,0.0,True,1.0,2,352.22856438936947,288.92799639815735,5,218.6142607287723,Optimal,True,Optimal,heuristic,0.1146270819990604
0,14,44,50,0.8,MILP,0.996,True,0.0,True,1.0,2,352.22856438936947,288.92799639815735,5,218.6142607287723,Optimal,True,Optimal,heuristic,0.1060249779984587
0,14,44,50,0.8,Dijkstra,0.996,True,0.0,True,1.0,2,352.22856438936947,288.92799639815735,5,218.6142607287723,Optimal,True,Optimal,heuristic,0.0003314309979032
0,14,44,50,0.9,ILP,0.998,True,0.0,True,1.0,1,144.46399819907856,144.46399819907856,5,218.6142607287723,Optimal,True,Optimal,heuristic,0.0927530770022713
0,14,44,50,0.9,MILP,0.998,True,0.0,True,1.0,1,144.46399819907856,144.46399819907856,5,218.6142607287723,Optimal,True,Optimal,heuristic,0.12015468699974
0,14,44,50,0.9,Dijkstra,0.998,True,0.0,True,1.0,1,144.46399819907856,144.46399819907856,5,218.6142607287723,Optimal,True,Optimal,heuristic,0.0003143999965686
0,15,49,12,0.5,ILP,0.994,True,0.0,True,1.0,3,699.9960210616932,473.92699480033735,2,127.54447676351413,Optimal,True,Optimal,heuristic,0.1349380049978208
0,15,49,12,0.5,MILP,0.994,True,0.0,True,1.0,3,699.9960210616932,473.92699480033735,2,127.54447676351413,Optimal,True,Optimal,heuristic,0.1018252190006023
0,15,49,12,0.5,Dijkstra,0.994,True,0.0,True,1.0,3,699.9960210616932,473.92699480033735,2,127.54447676351413,Optimal,True,Optimal,heuristic,0.0003161770000588
0,15,49,12,0.6,ILP,0.996,True,0.0,True,1.0,2,449.8979023940933,379.14159584026993,2,127.54447676351413,Optimal,True,Optimal,heuristic,0.1134274000032746
0,15,49,12,0.6,MILP,0.996,True,0.0,True,1.0,2,449.8979023940933,379.14159584026993,2,127.54447676351413,Optimal,True,Optimal,heuristic,0.0949016209997353
0,15,49,12,0.6,Dijkstra,0.996,True,0.0,True,1.0,2,449.8979023940933,379.14159584026993,2,127.54447676351413,Optimal,True,Optimal,heuristic,0.0004033379991597
0,15,49,12,0.7,ILP,0.998,True,0.0,True,1.0,1,284.35619688020245,284.35619688020245,2,127.54447676351413,Optimal,True,Optimal,heuristic,0.1123079839999263
0,15,49,12,0.7,MILP,0.998,True,0.0,True,1.0,1,284.35619688020245,284.35619688020245,2,127.54447676351413,Optimal,True,Optimal,heuristic,0.0949657969977124
0,15,49,12,0.7,Dijkstra,0.998,True,0.0,True,1.0,1,284.35619688020245,284.35619688020245,2,127.54447676351413,Optimal,True,Optimal,heuristic,0.0002843950023816
0,15,49,12,0.8,ILP,0.998,True,0.0,True,1.0,1,189.57079792013496,189.57079792013496,2,127.54447676351413,Optimal,True,Optimal,heuristic,0.1027837000001454
0,15,49,12,0.8,MILP,0.998,True,0.0,True,1.0,1,189.57079792013496,189.57079792013496,2,127.54447676351413,Optimal,True,Optimal,heuristic,0.0924683470002492
0,15,49,12,0.8,Dijkstra,0.998,True,0.0,True,1.0,1,189.57079792013496,189.57079792013496,2,127.54447676351413,Optimal,True,Optimal,heuristic,0.0002923050014942
0,15,49,12,0.9,ILP,0.998,True,0.0,True,1.0,1,94.78539896006748,94.78539896006748,2,127.54447676351413,Optimal,True,Optimal,heuristic,0.0893746239999018
0,15,49,12,0.9,MILP,0.998,True,0.0,True,1.0,1,94.78539896006748,94.78539896006748,2,127.54447676351413,Optimal,True,Optimal,heuristic,0.0988729179989604
0,15,49,12,0.9,Dijkstra,0.998,True,0.0,True,1.0,1,94.78539896006748,94.78539896006748,2,127.54447676351413,Optimal,True,Optimal,heuristic,0.0003166360002069
0,16,32,2,0.5,ILP,0.986,True,0.0,True,1.0,7,2002.478701905657,929.7562616542912,5,290.71397014032937,Optimal,True,Optimal,heuristic,0.7505323479999788
0,16,32,2,0.5,MILP,0.982,False,0.004,False,0.0,9,1511.719155442411,635.7413640457422,5,269.4905718776874,Optimal,True,Optimal,heuristic,0.6544180710006913
0,16,32,2,0.5,Dijkstra,0.982,False,0.004,False,0.0,9,1511.719155442411,635.7413640457422,5,269.4905718776874,Optimal,True,Optimal,heuristic,0.0003691300007631
0,16,32,2,0.6,ILP,0.992,True,0.0,True,1.0,4,1654.0202621197525,804.332425167365,7,326.774619768139,Optimal,True,Optimal,heuristic,0.3545864670013543
0,16,32,2,0.6,MILP,0.992,False,0.0,True,1.0,4,842.3058579442754,508.59309123659386,5,269.4905718776874,Optimal,True,Optimal,heuristic,0.5490490500014857
0,16,32,2,0.6,Dijkstra,0.992,False,0.0,True,1.0,4,842.3058579442754,508.59309123659386,5,269.4905718776874,Optimal,True,Optimal,heuristic,0.0003872449997288
0,16,32,2,0.7,ILP,0.996,True,0.0,True,1.0,2,444.2039386320288,381.4448184274454,5,269.4905718776874,Optimal,True,Optimal,heuristic,0.4185298859993054
0,16,32,2,0.7,MILP,0.996,True,0.0,True,1.0,2,444.2039386320288,381.4448184274454,5,269.4905718776874,Optimal,True,Optimal,heuristic,0.1477902879996691
0,16,32,2,0.7,Dijkstra,0.996,True,0.0,True,1.0,2,444.2039386320288,381.4448184274454,5,269.4905718776874,Optimal,True,Optimal,heuristic,0.0003452860000834
0,16,32,2,0.8,ILP,0.998,True,0.0,True,1.0,1,548.311443226846,548.311443226846,5,290.71397014032937,Optimal,True,Optimal,heuristic,0.1023577930027386
0,16,32,2,0.8,MILP,0.998,False,0.0,True,1.0,1,254.2965456182967,254.2965456182967,5,269.49057187768744,Optimal,True,Optimal,heuristic,0.1805769029997463
0,16,32,2,0.8,Dijkstra,0.998,False,0.0,True,1.0,1,254.29654561829693,254.29654561829693,5,269.4905718776874,Optimal,True,Optimal,heuristic,0.0004593300000124
0,16,32,2,0.9,ILP,0.998,True,0.0,True,1.0,1,421.16317041769753,421.16317041769753,5,290.71397014032937,Optimal,True,Optimal,heuristic,0.1027058969993959
0,16,32,2,0.9,MILP,0.998,False,0.0,True,1.0,1,127.14827280914848,127.14827280914848,5,269.4905718776874,Optimal,True,Optimal,heuristic,0.1425541950011393
0,16,32,2,0.9,Dijkstra,0.998,False,0.0,True,1.0,1,127.14827280914848,127.14827280914848,5,269.4905718776874,Optimal,True,Optimal,heuristic,0.0003712369980348
0,17,35,10,0.5,ILP,0.988,True,0.0,True,1.0,6,2008.4689631579529,691.635091343661,9,452.65903977349046,Optimal,True,Optimal,heuristic,0.1964007950009545
0,17,35,10,0.5,MILP,0.988,False,0.0,True,1.0,6,2008.468963157963,691.6350913436617,10,452.6590397734914,Optimal,True,Optimal,heuristic,0.1121180949994595
0,17,35,10,0.5,Dijkstra,0.988,False,0.0,True,1.0,6,2008.468963157963,691.6350913436617,10,452.6590397734914,Optimal,True,Optimal,heuristic,0.0003412760015635
0,17,35,10,0.6,ILP,0.992,True,0.0,True,1.0,4,1406.8229826846516,553.3080730749293,10,452.6590397734914,Optimal,True,Optimal,heuristic,0.2039139709995652
0,17,35,10,0.6,MILP,0.992,True,0.0,True,1.0,4,1406.8229826846516,553.3080730749293,10,452.6590397734914,Optimal,True,Optimal,heuristic,0.0965205209977284
0,17,35,10,0.6,Dijkstra,0.992,True,0.0,True,1.0,4,1406.8229826846516,553.3080730749293,10,452.6590397734914,Optimal,True,Optimal,heuristic,0.0003131449993816
0,17,35,10,0.7,ILP,0.994,True,0.0,True,1.0,3,966.9903668636964,414.9810548061971,10,452.6590397734914,Optimal,True,Optimal,heuristic,0.148890795000625
0,17,35,10,0.7,MILP,0.994,True,0.0,True,1.0,3,966.9903668636964,414.9810548061971,10,452.6590397734914,Optimal,True,Optimal,heuristic,0.0975488240001141
0,17,35,10,0.7,Dijkstra,0.994,True,0.0,True,1.0,3,966.9903668636964,414.9810548061971,10,452.6590397734914,Optimal,True,Optimal,heuristic,0.0003508160007186
0,17,35,10,0.8,ILP,0.994,True,0.0,True,1.0,3,552.0093120574991,276.65403653746466,10,452.6590397734914,Optimal,True,Optimal,heuristic,0.1413202059993636
0,17,35,10,0.8,MILP,0.994,False,0.0,True,1.0,3,552.0093120574991,276.65403653746466,10,452.6590397734914,Optimal,True,Optimal,heuristic,0.1052294330002041
0,17,35,10,0.8,Dijkstra,0.994,False,0.0,True,1.0,3,552.0093120574991,276.65403653746466,10,452.6590397734914,Optimal,True,Optimal,heuristic,0.0003483299988147
0,17,35,10,0.9,ILP,0.996,True,0.0,True,1.0,2,216.77171106172955,138.327018268732,9,452.6590397734912,Optimal,True,Optimal,heuristic,0.118920335000439
0,17,35,10,0.9,MILP,0.996,False,0.0,True,1.0,2,216.77171106172975,138.32701826873222,10,452.6590397734914,Optimal,True,Optimal,heuristic,0.1030809930016403
0,17,35,10,0.9,Dijkstra,0.996,False,0.0,True,1.0,2,216.77171106172975,138.32701826873222,10,452.6590397734914,Optimal,True,Optimal,heuristic,0.0003583519974199
0,18,48,44,0.5,ILP,0.964,True,0.0,True,1.0,18,3396.438361731035,1409.632900463977,8,365.1953025582095,Optimal,True,Optimal,heuristic,0.3899299799995788
0,18,48,44,0.5,MILP,0.962,False,0.002,False,0.0,19,3304.574571954876,566.0213844241481,8,387.7511423958978,Optimal,True,Optimal,heuristic,0.160187967998354
0,18,48,44,0.5,Dijkstra,0.964,True,0.0,True,1.0,18,3396.438361731035,1409.632900463977,8,365.1953025582095,Optimal,True,Optimal,heuristic,0.0003265220002504
0,18,48,44,0.6,ILP,0.988,True,0.0,True,1.0,6,2310.8052600644423,1296.4286235791471,8,365.1953025582095,Optimal,True,Optimal,heuristic,0.1866826320001564
0,18,48,44,0.6,MILP,0.978,False,0.01,False,0.0,11,1674.6057066365915,452.8171075393189,8,387.7511423958978,Optimal,True,Optimal,heuristic,0.117258481997851
0,18,48,44,0.6,Dijkstra,0.988,True,0.0,True,1.0,6,2310.8052600644423,1296.4286235791471,8,365.1953025582095,Optimal,True,Optimal,heuristic,0.0003191989999322
0,18,48,44,0.7,ILP,0.992,True,0.0,True,1.0,4,819.7898384428582,339.61283065448924,8,387.7511423958978,Optimal,True,Optimal,heuristic,0.1711128329989151
0,18,48,44,0.7,MILP,0.992,False,0.0,True,1.0,4,819.7898384428579,339.612830654489,8,387.7511423958978,Optimal,True,Optimal,heuristic,0.097855703003006
0,18,48,44,0.7,Dijkstra,0.992,False,0.0,True,1.0,4,1703.6685321651864,1183.2243466943175,8,365.1953025582095,Optimal,True,Optimal,heuristic,0.0003434019999986
0,18,48,44,0.8,ILP,0.996,True,0.0,True,1.0,2,1376.1361449093367,1070.0200698094875,7,365.19530255820905,Optimal,True,Optimal,heuristic,0.1199879300002066
0,18,48,44,0.8,MILP,0.994,False,0.002,False,0.0,3,469.4143395118156,226.4085537696592,8,387.7511423958978,Optimal,True,Optimal,heuristic,0.0972068839982966
0,18,48,44,0.8,Dijkstra,0.996,False,0.0,True,1.0,2,1376.136144909337,1070.0200698094875,8,365.1953025582095,Optimal,True,Optimal,heuristic,0.0003409960008866
0,18,48,44,0.9,ILP,0.996,True,0.0,True,1.0,2,1297.3581374150365,1111.8169618382758,10,522.0776817467929,Optimal,True,Optimal,heuristic,0.1034838320010749
0,18,48,44,0.9,MILP,0.996,False,0.0,True,1.0,2,204.73937728711303,113.2042768848296,8,387.7511423958978,Optimal,True,Optimal,heuristic,0.1008696210010384
0,18,48,44,0.9,Dijkstra,0.996,False,0.0,True,1.0,2,1149.7275911396778,956.815792924658,8,365.1953025582095,Optimal,True,Optimal,heuristic,0.0003767150010389
0,19,26,21,0.5,ILP,0.99,True,0.0,True,1.0,5,1780.125257351063,1044.8588617947955,12,605.4513025832856,Optimal,True,Optimal,heuristic,0.2022901680029463
0,19,26,21,0.5,MILP,0.98,False,0.01,False,0.0,10,1569.171875177224,868.4890641418554,17,798.7947358631501,Optimal,True,Optimal,heuristic,0.1157366430015827
0,19,26,21,0.5,Dijkstra,0.99,True,0.0,True,1.0,5,1780.125257351063,1044.8588617947955,12,605.4513025832856,Optimal,True,Optimal,heuristic,0.0003347780002513
0,19,26,21,0.6,ILP,0.998,True,0.0,True,1.0,1,694.7912513134843,694.7912513134843,17,798.7947358631501,Optimal,True,Optimal,heuristic,0.121440935999999
0,19,26,21,0.6,MILP,0.998,True,0.0,True,1.0,1,694.7912513134843,694.7912513134843,17,798.7947358631501,Optimal,True,Optimal,heuristic,0.1089141619995643
0,19,26,21,0.6,Dijkstra,0.996,False,0.002,False,0.0,2,1183.7119829806206,871.1610489664245,12,605.4513025832856,Optimal,True,Optimal,heuristic,0.000469005000923
0,19,26,21,0.7,ILP,0.998,True,0.0,True,1.0,1,707.7290874991329,707.7290874991329,18,879.8043086922049,Optimal,True,Optimal,heuristic,0.1160147620030329
0,19,26,21,0.7,MILP,0.998,False,0.0,True,1.0,1,521.0934384851132,521.0934384851132,17,798.7947358631501,Optimal,True,Optimal,heuristic,0.0992671250023704
0,19,26,21,0.7,Dijkstra,0.996,False,0.002,False,0.0,2,836.3163573238785,697.4632361380534,12,605.4513025832856,Optimal,True,Optimal,heuristic,0.0003675269981613
0,19,26,21,0.8,ILP,0.998,True,0.0,True,1.0,1,347.3956256567419,347.3956256567419,17,798.7947358631501,Optimal,True,Optimal,heuristic,0.1083988420032255
0,19,26,21,0.8,MILP,0.998,False,0.0,True,1.0,1,347.3956256567419,347.3956256567419,17,798.7947358631501,Optimal,True,Optimal,heuristic,0.0964548230003856
0,19,26,21,0.8,Dijkstra,0.998,False,0.0,True,1.0,1,523.7654233096821,523.7654233096821,12,605.4513025832856,Optimal,True,Optimal,heuristic,0.0003578659998311
0,19,26,21,0.9,ILP,0.998,True,0.0,True,1.0,1,360.3334618423908,360.3334618423908,18,879.8043086922049,Optimal,True,Optimal,heuristic,0.1270002970013592
0,19,26,21,0.9,MILP,0.998,False,0.0,True,1.0,1,173.69781282837107,173.69781282837107,17,798.7947358631501,Optimal,True,Optimal,heuristic,0.0919831869978224
0,19,26,21,0.9,Dijkstra,0.998,False,0.0,True,1.0,1,350.06761048131125,350.06761048131125,12,605.4513025832856,Optimal,True,Optimal,heuristic,0.0003325460020278
1,0,34,63,0.5,ILP,0.968,True,0.0,True,1.0,16,1247.1302880185792,449.2197983656325,6,246.47164797880424,Optimal,True,Optimal,heuristic,1.0728104400004668
1,0,34,63,0.5,MILP,0.968,True,0.0,True,1.0,16,1247.1302880185792,449.2197983656325,6,246.47164797880424,Optimal,True,Optimal,heuristic,0.6514405060006538
1,0,34,63,0.5,Dijkstra,0.962,False,0.006,False,0.0,19,1836.006707703289,368.1347562243144,5,235.9892526306987,Optimal,True,Optimal,heuristic,0.0003341599986015
1,0,34,63,0.6,ILP,0.99,True,0.0,True,1.0,5,485.7040793798991,375.5928471207697,6,246.47164797880424,Optimal,True,Optimal,heuristic,0.4208121299998311
1,0,34,63,0.6,MILP,0.99,False,0.0,True,1.0,5,485.7040793798989,375.59284712076953,6,246.47164797880424,Optimal,True,Optimal,heuristic,0.2201465259968245
1,0,34,63,0.6,Dijkstra,0.984,False,0.006,False,0.0,8,853.9438676748865,294.5078049794515,5,235.9892526306987,Optimal,True,Optimal,heuristic,0.000324280001223
1,0,34,63,0.7,ILP,0.998,True,0.0,True,1.0,1,301.9658958759068,301.9658958759068,6,246.47164797880424,Optimal,True,Optimal,heuristic,0.1529566169992904
1,0,34,63,0.7,MILP,0.998,True,0.0,True,1.0,1,301.9658958759068,301.9658958759068,6,246.47164797880424,Optimal,True,Optimal,heuristic,0.2062716079999518
1,0,34,63,0.7,Dijkstra,0.992,False,0.006,False,0.0,4,365.3538905224042,220.88085373458864,5,235.9892526306987,Optimal,True,Optimal,heuristic,0.000335405999067
1,0,34,63,0.8,ILP,0.998,True,0.0,True,1.0,1,228.3389446310439,228.3389446310439,6,246.47164797880424,Optimal,True,Optimal,heuristic,0.1684987359985825
1,0,34,63,0.8,MILP,0.998,False,0.0,True,1.0,1,147.25390248972576,147.25390248972576,5,235.9892526306987,Optimal,True,Optimal,heuristic,0.1538144699989061
1,0,34,63,0.8,Dijkstra,0.998,False,0.0,True,1.0,1,147.25390248972576,147.25390248972576,5,235.9892526306987,Optimal,True,Optimal,heuristic,0.0003196219986421
1,0,34,63,0.9,ILP,0.998,True,0.0,True,1.0,1,154.711993386181,154.711993386181,6,246.47164797880424,Optimal,True,Optimal,heuristic,0.1339717070004553
1,0,34,63,0.9,MILP,0.998,False,0.0,True,1.0,1,73.62695124486288,73.62695124486288,5,235.9892526306987,Optimal,True,Optimal,heuristic,0.1797853910029516
1,0,34,63,0.9,Dijkstra,0.998,False,0.0,True,1.0,1,73.62695124486288,73.62695124486288,5,235.9892526306987,Optimal,True,Optimal,heuristic,0.0003354610016685
1,1,47,49,0.5,ILP,0.988,True,0.0,True,1.0,6,474.8667880032,243.2180615684952,1,70.25852713424084,Optimal,True,Optimal,heuristic,0.0969172350014559
1,1,47,49,0.5,MILP,0.988,True,0.0,True,1.0,6,474.8667880032,243.2180615684952,1,70.25852713424084,Optimal,True,Optimal,heuristic,0.0970882830006303
1,1,47,49,0.5,Dijkstra,0.988,True,0.0,True,1.0,6,474.8667880032,243.2180615684952,1,70.25852713424084,Optimal,True,Optimal,heuristic,0.000291920001473
1,1,47,49,0.6,ILP,0.994,True,0.0,True,1.0,3,261.56233550447035,194.57444925479612,1,70.25852713424084,Optimal,True,Optimal,heuristic,0.0948562990015489
1,1,47,49,0.6,MILP,0.994,True,0.0,True,1.0,3,261.56233550447035,194.57444925479612,1,70.25852713424084,Optimal,True,Optimal,heuristic,0.0944563149969326
1,1,47,49,0.6,Dijkstra,0.994,True,0.0,True,1.0,3,261.56233550447035,194.57444925479612,1,70.25852713424084,Optimal,True,Optimal,heuristic,0.0003179100021952
1,1,47,49,0.7,ILP,0.996,True,0.0,True,1.0,2,159.3057059182421,145.93083694109714,1,70.25852713424084,Optimal,True,Optimal,heuristic,0.0960679449999588
1,1,47,49,0.7,MILP,0.996,True,0.0,True,1.0,2,159.3057059182421,145.93083694109714,1,70.25852713424084,Optimal,True,Optimal,heuristic,0.1009797250007977
1,1,47,49,0.7,Dijkstra,0.996,True,0.0,True,1.0,2,159.3057059182421,145.93083694109714,1,70.25852713424084,Optimal,True,Optimal,heuristic,0.0003241170015826
1,1,47,49,0.8,ILP,0.998,True,0.0,True,1.0,1,97.28722462739802,97.28722462739802,1,70.25852713424084,Optimal,True,Optimal,heuristic,0.0863837670003704
1,1,47,49,0.8,MILP,0.998,True,0.0,True,1.0,1,97.28722462739802,97.28722462739802,1,70.25852713424084,Optimal,True,Optimal,heuristic,0.0859994909988017
1,1,47,49,0.8,Dijkstra,0.998,True,0.0,True,1.0,1,97.28722462739802,97.28722462739802,1,70.25852713424084,Optimal,True,Optimal,heuristic,0.0002804260002449
1,1,47,49,0.9,ILP,0.998,True,0.0,True,1.0,1,48.64361231369901,48.64361231369901,1,70.25852713424084,Optimal,True,Optimal,heuristic,0.0855157309997594
1,1,47,49,0.9,MILP,0.998,True,0.0,True,1.0,1,48.64361231369901,48.64361231369901,1,70.25852713424084,Optimal,True,Optimal,heuristic,0.0864647439993859
1,1,47,49,0.9,Dijkstra,0.998,True,0.0,True,1.0,1,48.64361231369901,48.64361231369901,1,70.25852713424084,Optimal,True,Optimal,heuristic,0.0003249159999541
1,2,46,51,0.5,ILP,0.864,True,0.0,True,1.0,68,7089.875902542103,423.3775484955551,8,474.4458337794324,Optimal,True,Optimal,heuristic,0.5360845939976571
1,2,46,51,0.5,MILP,0.864,True,0.0,True,1.0,68,7089.875902542103,423.3775484955551,8,474.4458337794324,Optimal,True,Optimal,heuristic,0.1345902370012481
1,2,46,51,0.5,Dijkstra,0.864,True,0.0,True,1.0,68,7089.875902542103,423.3775484955551,8,474.4458337794324,Optimal,True,Optimal,heuristic,0.0003291549983259
1,2,46,51,0.6,ILP,0.944,True,0.0,True,1.0,28,2969.3160882933234,338.70203879644407,8,474.4458337794324,Optimal,True,Optimal,heuristic,0.3583179810011643
1,2,46,51,0.6,MILP,0.944,True,0.0,True,1.0,28,2969.3160882933234,338.70203879644407,8,474.4458337794324,Optimal,True,Optimal,heuristic,0.1337666700019326
1,2,46,51,0.6,Dijkstra,0.944,True,0.0,True,1.0,28,2969.3160882933234,338.70203879644407,8,474.4458337794324,Optimal,True,Optimal,heuristic,0.0003348969985381
1,2,46,51,0.7,ILP,0.978,True,0.0,True,1.0,11,1360.6574509155098,254.02652909733308,8,474.4458337794324,Optimal,True,Optimal,heuristic,0.1616070490017591
1,2,46,51,0.7,MILP,0.978,True,0.0,True,1.0,11,1360.6574509155098,254.02652909733308,8,474.4458337794324,Optimal,True,Optimal,heuristic,0.1087418089991842
1,2,46,51,0.7,Dijkstra,0.978,True,0.0,True,1.0,11,1360.6574509155098,254.02652909733308,8,474.4458337794324,Optimal,True,Optimal,heuristic,0.0003221350016247
1,2,46,51,0.8,ILP,0.988,True,0.0,True,1.0,6,629.1847783883863,169.35101939822198,8,474.4458337794324,Optimal,True,Optimal,heuristic,0.1524915379995945
1,2,46,51,0.8,MILP,0.988,True,0.0,True,1.0,6,629.1847783883863,169.35101939822198,8,474.4458337794324,Optimal,True,Optimal,heuristic,0.1080652619966713
1,2,46,51,0.8,Dijkstra,0.988,True,0.0,True,1.0,6,629.1847783883863,169.35101939822198,8,474.4458337794324,Optimal,True,Optimal,heuristic,0.000326262001181
1,2,46,51,0.9,ILP,0.992,True,0.0,True,1.0,4,247.91269655627707,84.67550969911099,8,474.4458337794324,Optimal,True,Optimal,heuristic,0.1457899529996211
1,2,46,51,0.9,MILP,0.992,False,0.0,True,1.0,4,247.91269655627684,84.67550969911099,8,474.4458337794324,Optimal,True,Optimal,heuristic,0.1087131980020785
1,2,46,51,0.9,Dijkstra,0.992,True,0.0,True,1.0,4,247.91269655627707,84.67550969911099,8,474.4458337794324,Optimal,True,Optimal,heuristic,0.0003461749984126
1,3,33,8,0.5,ILP,0.994,True,0.0,True,1.0,3,396.3638463668733,342.0535075919724,2,79.62996528490181,Optimal,True,Optimal,heuristic,0.139464025000052
1,3,33,8,0.5,MILP,0.994,True,0.0,True,1.0,3,396.3638463668733,342.0535075919724,2,79.62996528490181,Optimal,True,Optimal,heuristic,0.1268037390000245
1,3,33,8,0.5,Dijkstra,0.994,True,0.0,True,1.0,3,396.3638463668733,342.0535075919724,2,79.62996528490181,Optimal,True,Optimal,heuristic,0.0004404700011946
1,3,33,8,0.6,ILP,0.998,True,0.0,True,1.0,1,273.6428060735779,273.6428060735779,2,79.62996528490181,Optimal,True,Optimal,heuristic,0.0990743130023474
1,3,33,8,0.6,MILP,0.998,True,0.0,True,1.0,1,273.6428060735779,273.6428060735779,2,79.62996528490181,Optimal,True,Optimal,heuristic,0.1182941289989685
1,3,33,8,0.6,Dijkstra,0.998,True,0.0,True,1.0,1,273.6428060735779,273.6428060735779,2,79.62996528490181,Optimal,True,Optimal,heuristic,0.0003407260010135
1,3,33,8,0.7,ILP,0.998,True,0.0,True,1.0,1,205.23210455518347,205.23210455518347,2,79.62996528490181,Optimal,True,Optimal,heuristic,0.0981523029986419
1,3,33,8,0.7,MILP,0.998,True,0.0,True,1.0,1,205.23210455518347,205.23210455518347,2,79.62996528490181,Optimal,True,Optimal,heuristic,0.1119394839988672
1,3,33,8,0.7,Dijkstra,0.998,True,0.0,True,1.0,1,205.23210455518347,205.23210455518347,2,79.62996528490181,Optimal,True,Optimal,heuristic,0.0003608650004025
1,3,33,8,0.8,ILP,0.998,True,0.0,True,1.0,1,136.82140303678898,136.82140303678898,2,79.62996528490181,Optimal,True,Optimal,heuristic,0.1007982650007761
1,3,33,8,0.8,MILP,0.998,True,0.0,True,1.0,1,136.82140303678898,136.82140303678898,2,79.62996528490181,Optimal,True,Optimal,heuristic,0.1085290709997934
1,3,33,8,0.8,Dijkstra,0.998,True,0.0,True,1.0,1,136.82140303678898,136.82140303678898,2,79.62996528490181,Optimal,True,Optimal,heuristic,0.0002993150010297
1,3,33,8,0.9,ILP,0.998,True,0.0,True,1.0,1,68.41070151839449,68.41070151839449,2,79.62996528490181,Optimal,True,Optimal,heuristic,0.1024278049990243
1,3,33,8,0.9,MILP,0.998,True,0.0,True,1.0,1,68.41070151839449,68.41070151839449,2,79.62996528490181,Optimal,True,Optimal,heuristic,0.1047010559996124
1,3,33,8,0.9,Dijkstra,0.998,True,0.0,True,1.0,1,68.41070151839449,68.41070151839449,2,79.62996528490181,Optimal,True,Optimal,heuristic,0.0003455469995969
1,4,54,29,0.5,ILP,0.932,True,0.0,True,1.0,34,4104.1865644433,515.8257719394489,10,522.2320285331531,Optimal,True,Optimal,heuristic,1.0666007850013557
1,4,54,29,0.5,MILP,0.932,True,0.0,True,1.0,34,4104.1865644433,515.8257719394489,10,522.2320285331531,Optimal,True,Optimal,heuristic,0.1523923569984617
1,4,54,29,0.5,Dijkstra,0.932,True,0.0,True,1.0,34,4104.1865644433,515.8257719394489,10,522.2320285331531,Optimal,True,Optimal,heuristic,0.0004506309996941
1,4,54,29,0.6,ILP,0.972,True,0.0,True,1.0,14,1602.683548500774,412.6606175515592,10,522.2320285331531,Optimal,True,Optimal,heuristic,0.5147901210002601
1,4,54,29,0.6,MILP,0.972,True,0.0,True,1.0,14,1602.683548500774,412.6606175515592,10,522.2320285331531,Optimal,True,Optimal,heuristic,0.1113651529994967
1,4,54,29,0.6,Dijkstra,0.972,True,0.0,True,1.0,14,1602.683548500774,412.6606175515592,10,522.2320285331531,Optimal,True,Optimal,heuristic,0.0003775600016524
1,4,54,29,0.7,ILP,0.99,True,0.0,True,1.0,5,749.6750278300491,309.49546316366946,10,522.2320285331531,Optimal,True,Optimal,heuristic,0.139332334001665
1,4,54,29,0.7,MILP,0.99,True,0.0,True,1.0,5,749.6750278300491,309.49546316366946,10,522.2320285331531,Optimal,True,Optimal,heuristic,0.107732668002427
1,4,54,29,0.7,Dijkstra,0.99,True,0.0,True,1.0,5,749.6750278300491,309.49546316366946,10,522.2320285331531,Optimal,True,Optimal,heuristic,0.0003628689992183
1,4,54,29,0.8,ILP,0.994,True,0.0,True,1.0,3,400.9351183034676,206.33030877577949,10,522.2320285331531,Optimal,True,Optimal,heuristic,0.1406567119993269
1,4,54,29,0.8,MILP,0.994,True,0.0,True,1.0,3,400.9351183034676,206.33030877577949,10,522.2320285331531,Optimal,True,Optimal,heuristic,0.1074742440032423
1,4,54,29,0.8,Dijkstra,0.994,True,0.0,True,1.0,3,400.9351183034676,206.33030877577949,10,522.2320285331531,Optimal,True,Optimal,heuristic,0.0003705609997268
1,4,54,29,0.9,ILP,0.996,True,0.0,True,1.0,2,165.0924315514569,103.16515438788974,10,522.2320285331531,Optimal,True,Optimal,heuristic,0.1221223709981131
1,4,54,29,0.9,MILP,0.996,True,0.0,True,1.0,2,165.0924315514569,103.16515438788974,10,522.2320285331531,Optimal,True,Optimal,heuristic,0.1077448989999538
1,4,54,29,0.9,Dijkstra,0.996,True,0.0,True,1.0,2,165.0924315514569,103.16515438788974,10,522.2320285331531,Optimal,True,Optimal,heuristic,0.0003991829980805
1,5,32,24,0.5,ILP,0.942,True,0.0,True,1.0,29,2114.999704904547,290.5102742574037,7,239.9448789988475,Optimal,True,Optimal,heuristic,0.4557965589992818
1,5,32,24,0.5,MILP,0.942,True,0.0,True,1.0,29,2114.999704904547,290.5102742574037,7,239.9448789988475,Optimal,True,Optimal,heuristic,0.1109270159977313
1,5,32,24,0.5,Dijkstra,0.942,True,0.0,True,1.0,29,2114.999704904547,290.5102742574037,7,239.9448789988475,Optimal,True,Optimal,heuristic,0.0003384500014362
1,5,32,24,0.6,ILP,0.974,True,0.0,True,1.0,13,1041.1904416348784,232.40821940592303,7,239.9448789988475,Optimal,True,Optimal,heuristic,0.2222880389999773
1,5,32,24,0.6,MILP,0.974,True,0.0,True,1.0,13,1041.1904416348784,232.40821940592303,7,239.9448789988475,Optimal,True,Optimal,heuristic,0.1266666869996697
1,5,32,24,0.6,Dijkstra,0.974,True,0.0,True,1.0,13,1041.1904416348784,232.40821940592303,7,239.9448789988475,Optimal,True,Optimal,heuristic,0.0003915569977834
1,5,32,24,0.7,ILP,0.984,True,0.0,True,1.0,8,429.2165269091244,174.30616455444232,7,239.9448789988475,Optimal,True,Optimal,heuristic,0.2137102179985959
1,5,32,24,0.7,MILP,0.984,False,0.0,True,1.0,8,429.2165269091244,174.30616455444232,7,239.9448789988475,Optimal,True,Optimal,heuristic,0.1124319810005545
1,5,32,24,0.7,Dijkstra,0.984,False,0.0,True,1.0,8,429.2165269091244,174.30616455444232,7,239.9448789988475,Optimal,True,Optimal,heuristic,0.0003209850001439
1,5,32,24,0.8,ILP,0.994,True,0.0,True,1.0,3,142.94148659377345,116.20410970296145,7,239.9448789988475,Optimal,True,Optimal,heuristic,0.1781397529994137
1,5,32,24,0.8,MILP,0.994,True,0.0,True,1.0,3,142.94148659377345,116.20410970296145,7,239.9448789988475,Optimal,True,Optimal,heuristic,0.0995441570012189
1,5,32,24,0.8,Dijkstra,0.994,True,0.0,True,1.0,3,142.94148659377345,116.20410970296145,7,239.9448789988475,Optimal,True,Optimal,heuristic,0.000311594998493
1,5,32,24,0.9,ILP,0.998,True,0.0,True,1.0,1,58.10205485148072,58.10205485148072,7,239.9448789988475,Optimal,True,Optimal,heuristic,0.1457536650013935
1,5,32,24,0.9,MILP,0.998,True,0.0,True,1.0,1,58.10205485148072,58.10205485148072,7,239.9448789988475,Optimal,True,Optimal,heuristic,0.0981091600006038
1,5,32,24,0.9,Dijkstra,0.998,True,0.0,True,1.0,1,58.10205485148072,58.10205485148072,7,239.9448789988475,Optimal,True,Optimal,heuristic,0.000298605998978
1,6,50,41,0.5,ILP,0.996,True,0.0,True,1.0,2,215.25689307381217,148.21426635419598,1,18.95997548624325,Optimal,True,Optimal,heuristic,0.1140980449999915
1,6,50,41,0.5,MILP,0.996,True,0.0,True,1.0,2,215.25689307381217,148.21426635419598,1,18.95997548624325,Optimal,True,Optimal,heuristic,0.1380006039980799
1,6,50,41,0.5,Dijkstra,0.996,True,0.0,True,1.0,2,215.25689307381217,148.21426635419598,1,18.95997548624325,Optimal,True,Optimal,heuristic,0.0002957459983008
1,6,50,41,0.6,ILP,0.996,True,0.0,True,1.0,2,155.97118653213377,118.5714130833568,1,18.95997548624325,Optimal,True,Optimal,heuristic,0.1048651279998011
1,6,50,41,0.6,MILP,0.996,True,0.0,True,1.0,2,155.97118653213377,118.5714130833568,1,18.95997548624325,Optimal,True,Optimal,heuristic,0.0995798369986005
1,6,50,41,0.6,Dijkstra,0.996,True,0.0,True,1.0,2,155.97118653213377,118.5714130833568,1,18.95997548624325,Optimal,True,Optimal,heuristic,0.000304926001263
1,6,50,41,0.7,ILP,0.996,True,0.0,True,1.0,2,96.68547999045538,88.92855981251759,1,18.95997548624325,Optimal,True,Optimal,heuristic,0.110154458998295
1,6,50,41,0.7,MILP,0.996,True,0.0,True,1.0,2,96.68547999045538,88.92855981251759,1,18.95997548624325,Optimal,True,Optimal,heuristic,0.0989126999993459
1,6,50,41,0.7,Dijkstra,0.996,True,0.0,True,1.0,2,96.68547999045538,88.92855981251759,1,18.95997548624325,Optimal,True,Optimal,heuristic,0.0002922549974755
1,6,50,41,0.8,ILP,0.998,True,0.0,True,1.0,1,59.2857065416784,59.2857065416784,1,18.95997548624325,Optimal,True,Optimal,heuristic,0.1063536299989209
1,6,50,41,0.8,MILP,0.998,True,0.0,True,1.0,1,59.2857065416784,59.2857065416784,1,18.95997548624325,Optimal,True,Optimal,heuristic,0.1112009600001329
1,6,50,41,0.8,Dijkstra,0.998,True,0.0,True,1.0,1,59.2857065416784,59.2857065416784,1,18.95997548624325,Optimal,True,Optimal,heuristic,0.0003085600001213
1,6,50,41,0.9,ILP,0.998,True,0.0,True,1.0,1,29.64285327083917,29.64285327083917,1,18.95997548624325,Optimal,True,Optimal,heuristic,0.1135717140023189
1,6,50,41,0.9,MILP,0.998,True,0.0,True,1.0,1,29.64285327083917,29.64285327083917,1,18.95997548624325,Optimal,True,Optimal,heuristic,0.1064717299996118
1,6,50,41,0.9,Dijkstra,0.998,True,0.0,True,1.0,1,29.64285327083917,29.64285327083917,1,18.95997548624325,Optimal,True,Optimal,heuristic,0.0003230129987059
1,7,26,53,0.5,ILP,0.976,True,0.0,True,1.0,12,3662.127239163581,661.989182018443,12,649.0036596024723,Optimal,True,Optimal,heuristic,0.277934803001699
1,7,26,53,0.5,MILP,0.954,False,0.022,False,0.0,23,3542.7066707313247,873.4048104412886,14,759.634535879018,Optimal,True,Optimal,heuristic,0.4659328979978454
1,7,26,53,0.5,Dijkstra,0.976,True,0.0,True,1.0,12,3662.127239163581,661.989182018443,12,649.0036596024723,Optimal,True,Optimal,heuristic,0.000404383001296
1,7,26,53,0.6,ILP,0.982,True,0.0,True,1.0,9,2353.6669857418888,534.4468875758421,12,649.0036596024723,Optimal,True,Optimal,heuristic,0.2729601690007257
1,7,26,53,0.6,MILP,0.98,False,0.002,False,0.0,10,1585.5210032142254,745.8625159986875,14,759.634535879018,Optimal,True,Optimal,heuristic,0.1713067060009052
1,7,26,53,0.6,Dijkstra,0.982,True,0.0,True,1.0,9,2353.6669857418888,534.4468875758421,12,649.0036596024723,Optimal,True,Optimal,heuristic,0.000367364998965
1,7,26,53,0.7,ILP,0.992,True,0.0,True,1.0,4,820.9408269401472,618.3202215560868,14,759.634535879018,Optimal,True,Optimal,heuristic,0.1389621849994
1,7,26,53,0.7,MILP,0.992,False,0.0,True,1.0,4,820.9404758577377,618.3201497861824,14,759.6345671998729,Optimal,True,Optimal,heuristic,0.1460100160002184
1,7,26,53,0.7,Dijkstra,0.986,False,0.006,False,0.0,7,1347.5576741382747,406.9045931332412,12,649.0036596024723,Optimal,True,Optimal,heuristic,0.0006887960007588
1,7,26,53,0.8,ILP,0.996,True,0.0,True,1.0,2,515.0586647512496,490.7779271134855,14,759.634535879018,Optimal,True,Optimal,heuristic,0.1123957609997887
1,7,26,53,0.8,MILP,0.994,False,0.002,False,0.0,3,387.2593865962376,255.08458888520292,16,862.4926477732605,Optimal,True,Optimal,heuristic,0.1478487079984916
1,7,26,53,0.8,Dijkstra,0.992,False,0.004,False,0.0,4,664.8115373705505,279.3622986906398,12,649.0036596024723,Optimal,True,Optimal,heuristic,0.0003521979997458
1,7,26,53,0.9,ILP,0.998,True,0.0,True,1.0,1,127.5422944426009,127.5422944426009,17,862.492647773261,Optimal,True,Optimal,heuristic,0.1066790080003556
1,7,26,53,0.9,MILP,0.998,True,0.0,True,1.0,1,127.5422944426009,127.5422944426009,17,862.492647773261,Optimal,True,Optimal,heuristic,0.1187968550002551
1,7,26,53,0.9,Dijkstra,0.994,False,0.004,False,0.0,3,266.40562082493307,151.8200042480389,12,649.0036596024723,Optimal,True,Optimal,heuristic,0.000348514997313
1,8,35,28,0.5,ILP,0.928,True,0.0,True,1.0,36,1987.355452684265,236.12627483489973,6,195.5636574371689,Optimal,True,Optimal,heuristic,0.4284489130004658
1,8,35,28,0.5,MILP,0.928,True,0.0,True,1.0,36,1987.355452684265,236.12627483489973,6,195.5636574371689,Optimal,True,Optimal,heuristic,0.1244946819970209
1,8,35,28,0.5,Dijkstra,0.928,True,0.0,True,1.0,36,1987.355452684265,236.12627483489973,6,195.5636574371689,Optimal,True,Optimal,heuristic,0.0003095760002906
1,8,35,28,0.6,ILP,0.972,True,0.0,True,1.0,14,852.2566180886361,188.90101986791976,6,195.5636574371689,Optimal,True,Optimal,heuristic,0.1804903999982343
1,8,35,28,0.6,MILP,0.972,True,0.0,True,1.0,14,852.2566180886361,188.90101986791976,6,195.5636574371689,Optimal,True,Optimal,heuristic,0.1035356280008272
1,8,35,28,0.6,Dijkstra,0.972,True,0.0,True,1.0,14,852.2566180886361,188.90101986791976,6,195.5636574371689,Optimal,True,Optimal,heuristic,0.0003087559998675
1,8,35,28,0.7,ILP,0.99,True,0.0,True,1.0,5,390.3296045557534,141.67576490093984,6,195.5636574371689,Optimal,True,Optimal,heuristic,0.1446342349991027
1,8,35,28,0.7,MILP,0.99,True,0.0,True,1.0,5,390.3296045557534,141.67576490093984,6,195.5636574371689,Optimal,True,Optimal,heuristic,0.1045381879994238
1,8,35,28,0.7,Dijkstra,0.99,True,0.0,True,1.0,5,390.3296045557534,141.67576490093984,6,195.5636574371689,Optimal,True,Optimal,heuristic,0.0003019859977939
1,8,35,28,0.8,ILP,0.992,True,0.0,True,1.0,4,187.91684707817444,94.45050993395988,6,195.5636574371689,Optimal,True,Optimal,heuristic,0.1458101019998139
1,8,35,28,0.8,MILP,0.992,True,0.0,True,1.0,4,187.91684707817444,94.45050993395988,6,195.5636574371689,Optimal,True,Optimal,heuristic,0.1159544289985206
1,8,35,28,0.8,Dijkstra,0.992,True,0.0,True,1.0,4,187.91684707817444,94.45050993395988,6,195.5636574371689,Optimal,True,Optimal,heuristic,0.0003257419994042
1,8,35,28,0.9,ILP,0.996,True,0.0,True,1.0,2,62.94641287219565,47.225254966979946,6,195.5636574371689,Optimal,True,Optimal,heuristic,0.1330888830016192
1,8,35,28,0.9,MILP,0.996,True,0.0,True,1.0,2,62.94641287219565,47.225254966979946,6,195.5636574371689,Optimal,True,Optimal,heuristic,0.1152746690022468
1,8,35,28,0.9,Dijkstra,0.996,True,0.0,True,1.0,2,62.94641287219565,47.225254966979946,6,195.5636574371689,Optimal,True,Optimal,heuristic,0.0003361320013937
1,9,57,4,0.5,ILP,0.988,True,0.0,True,1.0,6,1378.3365587390108,711.632588004135,5,277.8179465394612,Optimal,True,Optimal,heuristic,0.1402322100002493
1,9,57,4,0.5,MILP,0.988,True,0.0,True,1.0,6,1378.3365587390108,711.632588004135,5,277.8179465394612,Optimal,True,Optimal,heuristic,0.0996838450009818
1,9,57,4,0.5,Dijkstra,0.988,True,0.0,True,1.0,6,1378.3365587390108,711.632588004135,5,277.8179465394612,Optimal,True,Optimal,heuristic,0.0003105540017713
1,9,57,4,0.6,ILP,0.996,True,0.0,True,1.0,2,780.2920197482938,569.306070403308,5,277.8179465394612,Optimal,True,Optimal,heuristic,0.1301265239999338
1,9,57,4,0.6,MILP,0.996,True,0.0,True,1.0,2,780.2920197482938,569.306070403308,5,277.8179465394612,Optimal,True,Optimal,heuristic,0.1057234040017647
1,9,57,4,0.6,Dijkstra,0.996,True,0.0,True,1.0,2,780.2920197482938,569.306070403308,5,277.8179465394612,Optimal,True,Optimal,heuristic,0.0003057440007978
1,9,57,4,0.7,ILP,0.996,True,0.0,True,1.0,2,495.6389845466399,426.97955280248107,5,277.8179465394612,Optimal,True,Optimal,heuristic,0.1379495840010349
1,9,57,4,0.7,MILP,0.996,True,0.0,True,1.0,2,495.6389845466399,426.97955280248107,5,277.8179465394612,Optimal,True,Optimal,heuristic,0.1038380880017939
1,9,57,4,0.7,Dijkstra,0.996,True,0.0,True,1.0,2,495.6389845466399,426.97955280248107,5,277.8179465394612,Optimal,True,Optimal,heuristic,0.0004244150004524
1,9,57,4,0.8,ILP,0.998,True,0.0,True,1.0,1,284.6530352016539,284.6530352016539,5,277.8179465394612,Optimal,True,Optimal,heuristic,0.0983415299997432
1,9,57,4,0.8,MILP,0.998,True,0.0,True,1.0,1,284.6530352016539,284.6530352016539,5,277.8179465394612,Optimal,True,Optimal,heuristic,0.1008283939991088
1,9,57,4,0.8,Dijkstra,0.998,True,0.0,True,1.0,1,284.6530352016539,284.6530352016539,5,277.8179465394612,Optimal,True,Optimal,heuristic,0.0003093400009674
1,9,57,4,0.9,ILP,0.998,True,0.0,True,1.0,1,142.32651760082695,142.32651760082695,5,277.8179465394612,Optimal,True,Optimal,heuristic,0.0963962230016477
1,9,57,4,0.9,MILP,0.998,True,0.0,True,1.0,1,142.32651760082695,142.32651760082695,5,277.8179465394612,Optimal,True,Optimal,heuristic,0.1021027409988164
1,9,57,4,0.9,Dijkstra,0.998,True,0.0,True,1.0,1,142.32651760082695,142.32651760082695,5,277.8179465394612,Optimal,True,Optimal,heuristic,0.000315938003041
1,10,55,53,0.5,ILP,0.976,True,0.0,True,1.0,12,3257.7169807574546,647.0511796088031,10,627.4491549772204,Optimal,True,Optimal,heuristic,0.1816714010019495
1,10,55,53,0.5,MILP,0.976,True,0.0,True,1.0,12,3257.7169807574546,647.0511796088031,10,627.4491549772204,Optimal,True,Optimal,heuristic,0.2577381849987432
1,10,55,53,0.5,Dijkstra,0.976,True,0.0,True,1.0,12,3257.7169807574546,647.0511796088031,10,627.4491549772204,Optimal,True,Optimal,heuristic,0.0003748830022232
1,10,55,53,0.6,ILP,0.984,True,0.0,True,1.0,8,2040.2554762802283,524.2285493666648,10,627.4491549772204,Optimal,True,Optimal,heuristic,0.1951670659982483
1,10,55,53,0.6,MILP,0.98,False,0.004,False,0.0,10,1535.139530362316,610.4199103085016,12,738.0800312537663,Optimal,True,Optimal,heuristic,0.1521218080015387
1,10,55,53,0.6,Dijkstra,0.984,True,0.0,True,1.0,8,2040.2554762802283,524.2285493666648,10,627.4491549772204,Optimal,True,Optimal,heuristic,0.0003234350006096
1,10,55,53,0.7,ILP,0.99,True,0.0,True,1.0,5,731.051173057959,487.5972800663628,12,738.0800312537662,Optimal,True,Optimal,heuristic,0.2997536869988835
1,10,55,53,0.7,MILP,0.99,False,0.0,True,1.0,5,731.0511437569305,487.5972732152277,12,738.0800342436463,Optimal,True,Optimal,heuristic,0.1213399039988871
1,10,55,53,0.7,Dijkstra,0.988,False,0.002,False,0.0,6,1180.852013180571,401.40591912452624,10,627.4491549772204,Optimal,True,Optimal,heuristic,0.0003441760018176
1,10,55,53,0.8,ILP,0.996,True,0.0,True,1.0,2,373.0441815202012,364.7746498242243,12,738.0800312537662,Optimal,True,Optimal,heuristic,0.1097223400029179
1,10,55,53,0.8,MILP,0.996,False,0.0,True,1.0,2,373.0441815202025,364.7746498242252,12,738.0800312537664,Optimal,True,Optimal,heuristic,0.1195292730008077
1,10,55,53,0.8,Dijkstra,0.992,False,0.004,False,0.0,4,631.5226882490272,278.5832888823877,10,627.4491549772204,Optimal,True,Optimal,heuristic,0.000314464999974
1,10,55,53,0.9,ILP,0.998,True,0.0,True,1.0,1,241.952019582086,241.952019582086,12,738.0800312537662,Optimal,True,Optimal,heuristic,0.0970367990012164
1,10,55,53,0.9,MILP,0.996,False,0.002,False,0.0,2,129.0813115959411,122.82263024213876,15,840.9381431480091,Optimal,True,Optimal,heuristic,0.1075753639997856
1,10,55,53,0.9,Dijkstra,0.996,False,0.002,False,0.0,2,247.7613130377215,155.7606586402494,10,627.4491549772204,Optimal,True,Optimal,heuristic,0.0003219160025764
1,11,17,41,0.5,ILP,0.966,True,0.0,True,1.0,17,1503.2163796343823,334.3444186856672,3,189.13706702035103,Optimal,True,Optimal,heuristic,2.805755206998583
1,11,17,41,0.5,MILP,0.966,False,0.0,True,1.0,17,1503.2163796343832,334.3444186856672,4,189.13706702035108,Optimal,True,Optimal,heuristic,0.1267257979998248
1,11,17,41,0.5,Dijkstra,0.966,False,0.0,True,1.0,17,1503.2163796343832,334.3444186856672,4,189.13706702035108,Optimal,True,Optimal,heuristic,0.0003316690017527
1,11,17,41,0.6,ILP,0.982,True,0.0,True,1.0,9,683.2983238021128,267.4755349485337,4,189.13706702035108,Optimal,True,Optimal,heuristic,0.6201935189965297
1,11,17,41,0.6,MILP,0.982,False,0.0,True,1.0,9,683.2983238021128,267.4755349485337,4,189.13706702035108,Optimal,True,Optimal,heuristic,0.1397547999986272
1,11,17,41,0.6,Dijkstra,0.982,False,0.0,True,1.0,9,683.2983238021128,267.4755349485337,4,189.13706702035108,Optimal,True,Optimal,heuristic,0.000407275998441
1,11,17,41,0.7,ILP,0.994,True,0.0,True,1.0,3,267.934533389084,200.60665121140028,4,189.13706702035108,Optimal,True,Optimal,heuristic,0.3763133279971953
1,11,17,41,0.7,MILP,0.994,True,0.0,True,1.0,3,267.934533389084,200.60665121140028,4,189.13706702035108,Optimal,True,Optimal,heuristic,0.1531490929992287
1,11,17,41,0.7,Dijkstra,0.994,True,0.0,True,1.0,3,267.934533389084,200.60665121140028,4,189.13706702035108,Optimal,True,Optimal,heuristic,0.0003197060032107
1,11,17,41,0.8,ILP,0.998,True,0.0,True,1.0,1,133.7377674742669,133.7377674742669,4,189.13706702035108,Optimal,True,Optimal,heuristic,0.1726430859998799
1,11,17,41,0.8,MILP,0.998,True,0.0,True,1.0,1,133.7377674742669,133.7377674742669,4,189.13706702035108,Optimal,True,Optimal,heuristic,0.1297174820028885
1,11,17,41,0.8,Dijkstra,0.998,True,0.0,True,1.0,1,133.7377674742669,133.7377674742669,4,189.13706702035108,Optimal,True,Optimal,heuristic,0.0003434760001255
1,11,17,41,0.9,ILP,0.998,True,0.0,True,1.0,1,66.86888373713339,66.86888373713339,4,189.13706702035108,Optimal,True,Optimal,heuristic,0.166115197000181
1,11,17,41,0.9,MILP,0.998,True,0.0,True,1.0,1,66.86888373713339,66.86888373713339,4,189.13706702035108,Optimal,True,Optimal,heuristic,0.1343486869991466
1,11,17,41,0.9,Dijkstra,0.998,True,0.0,True,1.0,1,66.86888373713339,66.86888373713339,4,189.13706702035108,Optimal,True,Optimal,heuristic,0.0003058160000364
1,12,45,23,0.5,ILP,0.99,True,0.0,True,1.0,5,1625.6895594501248,866.3471110121386,6,369.3716673481926,Optimal,True,Optimal,heuristic,0.1051650129993504
1,12,45,23,0.5,MILP,0.99,False,0.0,True,1.0,5,1625.6895594501248,866.3471110121386,6,369.3716673481927,Optimal,True,Optimal,heuristic,0.1016973740006506
1,12,45,23,0.5,Dijkstra,0.99,True,0.0,True,1.0,5,1625.6895594501248,866.3471110121386,6,369.3716673481926,Optimal,True,Optimal,heuristic,0.0003340260009281
1,12,45,23,0.6,ILP,0.994,True,0.0,True,1.0,3,936.1157675037244,693.0776888097109,6,369.3716673481926,Optimal,True,Optimal,heuristic,0.1118498479991103
1,12,45,23,0.6,MILP,0.994,False,0.0,True,1.0,3,936.1157675037246,693.0776888097107,5,369.37166734819255,Optimal,True,Optimal,heuristic,0.1452034470021317
1,12,45,23,0.6,Dijkstra,0.994,True,0.0,True,1.0,3,936.1157675037244,693.0776888097109,6,369.3716673481926,Optimal,True,Optimal,heuristic,0.0003421119981794
1,12,45,23,0.7,ILP,0.998,True,0.0,True,1.0,1,593.9097488903856,593.9097488903856,7,489.0008378914132,Optimal,True,Optimal,heuristic,0.1243630300014047
1,12,45,23,0.7,MILP,0.996,False,0.002,False,0.0,2,557.4539126284951,519.8082666072833,6,369.3716673481927,Optimal,True,Optimal,heuristic,0.1033259860014368
1,12,45,23,0.7,Dijkstra,0.996,False,0.002,False,0.0,2,557.4539126284951,519.8082666072833,6,369.3716673481926,Optimal,True,Optimal,heuristic,0.0003305089994682
1,12,45,23,0.8,ILP,0.998,True,0.0,True,1.0,1,346.5388444048553,346.5388444048553,6,369.3716673481926,Optimal,True,Optimal,heuristic,0.0969599699965328
1,12,45,23,0.8,MILP,0.998,True,0.0,True,1.0,1,346.5388444048553,346.5388444048553,6,369.3716673481926,Optimal,True,Optimal,heuristic,0.0955843449992244
1,12,45,23,0.8,Dijkstra,0.998,True,0.0,True,1.0,1,346.5388444048553,346.5388444048553,6,369.3716673481926,Optimal,True,Optimal,heuristic,0.0003341279989399
1,12,45,23,0.9,ILP,0.998,True,0.0,True,1.0,1,173.26942220242768,173.26942220242768,6,369.3716673481926,Optimal,True,Optimal,heuristic,0.098731611000403
1,12,45,23,0.9,MILP,0.998,True,0.0,True,1.0,1,173.26942220242768,173.26942220242768,6,369.3716673481926,Optimal,True,Optimal,heuristic,0.0927969100011978
1,12,45,23,0.9,Dijkstra,0.998,True,0.0,True,1.0,1,173.26942220242768,173.26942220242768,6,369.3716673481926,Optimal,True,Optimal,heuristic,0.0003192429976479
1,13,4,63,0.5,ILP,0.926,True,0.0,True,1.0,37,1851.9981846144592,180.89538793785457,4,156.92756643840147,Optimal,True,Optimal,heuristic,0.2868089609983144
1,13,4,63,0.5,MILP,0.926,True,0.0,True,1.0,37,1851.9981846144592,180.89538793785457,4,156.92756643840147,Optimal,True,Optimal,heuristic,0.133464811999147
1,13,4,63,0.5,Dijkstra,0.926,True,0.0,True,1.0,37,1851.9981846144592,180.89538793785457,4,156.92756643840147,Optimal,True,Optimal,heuristic,0.0003161010026815
1,13,4,63,0.6,ILP,0.964,True,0.0,True,1.0,18,887.461611012723,144.71631035028366,4,156.92756643840147,Optimal,True,Optimal,heuristic,0.3034557099999801
1,13,4,63,0.6,MILP,0.964,True,0.0,True,1.0,18,887.461611012723,144.71631035028366,4,156.92756643840147,Optimal,True,Optimal,heuristic,0.1320378579985117
1,13,4,63,0.6,Dijkstra,0.964,True,0.0,True,1.0,18,887.461611012723,144.71631035028366,4,156.92756643840147,Optimal,True,Optimal,heuristic,0.0003614169982029
1,13,4,63,0.7,ILP,0.984,True,0.0,True,1.0,8,479.7959762731036,108.5372327627128,4,156.92756643840147,Optimal,True,Optimal,heuristic,0.1548206700026639
1,13,4,63,0.7,MILP,0.984,True,0.0,True,1.0,8,479.7959762731036,108.5372327627128,4,156.92756643840147,Optimal,True,Optimal,heuristic,0.1299365580016456
1,13,4,63,0.7,Dijkstra,0.984,True,0.0,True,1.0,8,479.7959762731036,108.5372327627128,4,156.92756643840147,Optimal,True,Optimal,heuristic,0.000383442002203
1,13,4,63,0.8,ILP,0.988,True,0.0,True,1.0,6,215.68663846675213,72.3581551751418,4,156.92756643840147,Optimal,True,Optimal,heuristic,0.1576477520029584
1,13,4,63,0.8,MILP,0.988,True,0.0,True,1.0,6,215.68663846675213,72.3581551751418,4,156.92756643840147,Optimal,True,Optimal,heuristic,0.1290118040014931
1,13,4,63,0.8,Dijkstra,0.988,True,0.0,True,1.0,6,215.68663846675213,72.3581551751418,4,156.92756643840147,Optimal,True,Optimal,heuristic,0.0003226340013497
1,13,4,63,0.9,ILP,0.996,True,0.0,True,1.0,2,70.26027884087426,36.17907758757093,4,156.92756643840147,Optimal,True,Optimal,heuristic,0.1222454769995238
1,13,4,63,0.9,MILP,0.996,True,0.0,True,1.0,2,70.26027884087426,36.17907758757093,4,156.92756643840147,Optimal,True,Optimal,heuristic,0.125980132001132
1,13,4,63,0.9,Dijkstra,0.996,True,0.0,True,1.0,2,70.26027884087426,36.17907758757093,4,156.92756643840147,Optimal,True,Optimal,heuristic,0.0003827269974863
1,14,44,50,0.5,ILP,0.966,True,0.0,True,1.0,17,1118.6576712146373,259.82524356019,5,153.4947406273967,Optimal,True,Optimal,heuristic,0.1984853760004625
1,14,44,50,0.5,MILP,0.966,True,0.0,True,1.0,17,1118.6576712146373,259.82524356019,5,153.4947406273967,Optimal,True,Optimal,heuristic,0.0913007300005119
1,14,44,50,0.5,Dijkstra,0.966,True,0.0,True,1.0,17,1118.6576712146373,259.82524356019,5,153.4947406273967,Optimal,True,Optimal,heuristic,0.0003427760020713
1,14,44,50,0.6,ILP,0.982,True,0.0,True,1.0,9,513.585201048651,207.86019484815205,5,153.4947406273967,Optimal,True,Optimal,heuristic,0.1808529670015559
1,14,44,50,0.6,MILP,0.982,True,0.0,True,1.0,9,513.585201048651,207.86019484815205,5,153.4947406273967,Optimal,True,Optimal,heuristic,0.0897168759984197
1,14,44,50,0.6,Dijkstra,0.982,True,0.0,True,1.0,9,513.585201048651,207.86019484815205,5,153.4947406273967,Optimal,True,Optimal,heuristic,0.0002917950005212
1,14,44,50,0.7,ILP,0.994,True,0.0,True,1.0,3,244.3860365194253,155.89514613611402,5,153.4947406273967,Optimal,True,Optimal,heuristic,0.0957438019977416
1,14,44,50,0.7,MILP,0.994,True,0.0,True,1.0,3,244.3860365194253,155.89514613611402,5,153.4947406273967,Optimal,True,Optimal,heuristic,0.0921360190004634
1,14,44,50,0.7,Dijkstra,0.994,True,0.0,True,1.0,3,244.3860365194253,155.89514613611402,5,153.4947406273967,Optimal,True,Optimal,heuristic,0.0003495870005281
1,14,44,50,0.8,ILP,0.996,True,0.0,True,1.0,2,108.77639861488512,103.930097424076,5,153.4947406273967,Optimal,True,Optimal,heuristic,0.1074370860005728
1,14,44,50,0.8,MILP,0.996,True,0.0,True,1.0,2,108.77639861488512,103.930097424076,5,153.4947406273967,Optimal,True,Optimal,heuristic,0.0926050770030997
1,14,44,50,0.8,Dijkstra,0.996,True,0.0,True,1.0,2,108.77639861488512,103.930097424076,5,153.4947406273967,Optimal,True,Optimal,heuristic,0.000326526002027
1,14,44,50,0.9,ILP,0.998,True,0.0,True,1.0,1,51.96504871203797,51.96504871203797,5,153.4947406273967,Optimal,True,Optimal,heuristic,0.0864925310015678
1,14,44,50,0.9,MILP,0.998,True,0.0,True,1.0,1,51.96504871203797,51.96504871203797,5,153.4947406273967,Optimal,True,Optimal,heuristic,0.0969844049977837
1,14,44,50,0.9,Dijkstra,0.998,True,0.0,True,1.0,1,51.96504871203797,51.96504871203797,5,153.4947406273967,Optimal,True,Optimal,heuristic,0.0003413209997233
1,15,49,12,0.5,ILP,0.984,True,0.0,True,1.0,8,2350.715543635979,1177.3044320321371,2,138.20048593511473,Optimal,True,Optimal,heuristic,0.1700312779976229
1,15,49,12,0.5,MILP,0.984,True,0.0,True,1.0,8,2350.715543635979,1177.3044320321371,2,138.20048593511473,Optimal,True,Optimal,heuristic,0.8087673589980113
1,15,49,12,0.5,Dijkstra,0.984,True,0.0,True,1.0,8,2350.715543635979,1177.3044320321371,2,138.20048593511473,Optimal,True,Optimal,heuristic,0.0004130390007048
1,15,49,12,0.6,ILP,0.986,True,0.0,True,1.0,7,1840.08511770243,1104.421047757418,2,138.20048593511473,Optimal,True,Optimal,heuristic,0.2378755540012207
1,15,49,12,0.6,MILP,0.968,False,0.018,False,0.0,16,1564.32938485974,291.53353709887654,5,260.6088077824787,Optimal,True,Optimal,heuristic,0.6886066520019085
1,15,49,12,0.6,Dijkstra,0.986,True,0.0,True,1.0,7,1840.08511770243,1104.421047757418,2,138.20048593511473,Optimal,True,Optimal,heuristic,0.0004199399991193
1,15,49,12,0.7,ILP,0.99,True,0.0,True,1.0,5,1441.2325563413065,1031.537663482699,2,138.20048593511476,Optimal,True,Optimal,heuristic,0.3057965859989053
1,15,49,12,0.7,MILP,0.986,False,0.004,False,0.0,7,740.5271370541669,218.6501528241571,6,260.60880778247883,Optimal,True,Optimal,heuristic,0.6185441089983215
1,15,49,12,0.7,Dijkstra,0.99,False,0.0,True,1.0,5,1441.2325563413065,1031.537663482699,2,138.20048593511473,Optimal,True,Optimal,heuristic,0.000372716000129
1,15,49,12,0.8,ILP,0.994,True,0.0,True,1.0,3,1141.5770843331416,958.6542792079798,2,138.20048593511473,Optimal,True,Optimal,heuristic,0.1735282090012333
1,15,49,12,0.8,MILP,0.992,False,0.002,False,0.0,4,385.375476457996,145.7667685494382,6,260.6088077824788,Optimal,True,Optimal,heuristic,0.4383943590000854
1,15,49,12,0.8,Dijkstra,0.994,True,0.0,True,1.0,3,1141.5770843331416,958.6542792079798,2,138.20048593511473,Optimal,True,Optimal,heuristic,0.0003933439984393
1,15,49,12,0.9,ILP,0.996,True,0.0,True,1.0,2,994.4073973778552,885.7708949332607,2,138.20048593511473,Optimal,True,Optimal,heuristic,0.1526135179992707
1,15,49,12,0.9,MILP,0.994,False,0.002,False,0.0,3,116.79706396757264,72.8833842747191,6,260.6088077824788,Optimal,True,Optimal,heuristic,0.3465150339980027
1,15,49,12,0.9,Dijkstra,0.996,True,0.0,True,1.0,2,994.4073973778552,885.7708949332607,2,138.20048593511473,Optimal,True,Optimal,heuristic,0.0002931050003098
1,16,32,2,0.5,ILP,0.768,True,0.0,True,1.0,116,5199.457346794773,167.0918275704585,5,178.5209616032447,Optimal,True,Optimal,heuristic,3.867386259997147
1,16,32,2,0.5,MILP,0.768,True,0.0,True,1.0,116,5199.457346794773,167.0918275704585,5,178.5209616032447,Optimal,True,Optimal,heuristic,0.3603147069989063
1,16,32,2,0.5,Dijkstra,0.768,True,0.0,True,1.0,116,5199.457346794773,167.0918275704585,5,178.5209616032447,Optimal,True,Optimal,heuristic,0.0004325070003687
1,16,32,2,0.6,ILP,0.88,True,0.0,True,1.0,60,2451.31803772489,133.6734620563668,5,178.5209616032447,Optimal,True,Optimal,heuristic,3.443013085998245
1,16,32,2,0.6,MILP,0.88,False,0.0,True,1.0,60,2451.318037724901,133.67346205636662,5,178.5209616032448,Optimal,True,Optimal,heuristic,0.2923269839993736
1,16,32,2,0.6,Dijkstra,0.88,True,0.0,True,1.0,60,2451.31803772489,133.6734620563668,5,178.5209616032447,Optimal,True,Optimal,heuristic,0.0003105260002485
1,16,32,2,0.7,ILP,0.938,True,0.0,True,1.0,31,996.6180143773996,100.25509654227513,5,178.5209616032447,Optimal,True,Optimal,heuristic,1.6610858690000896
1,16,32,2,0.7,MILP,0.938,False,0.0,True,1.0,31,996.618014377399,100.25509654227506,5,178.52096160324476,Optimal,True,Optimal,heuristic,0.2711168710011407
1,16,32,2,0.7,Dijkstra,0.938,True,0.0,True,1.0,31,996.6180143773996,100.25509654227513,5,178.5209616032447,Optimal,True,Optimal,heuristic,0.0003399230008653
1,16,32,2,0.8,ILP,0.974,True,0.0,True,1.0,13,291.0558476820217,66.83673102818341,5,178.5209616032447,Optimal,True,Optimal,heuristic,0.5599146940003266
1,16,32,2,0.8,MILP,0.974,True,0.0,True,1.0,13,291.0558476820217,66.83673102818341,5,178.5209616032447,Optimal,True,Optimal,heuristic,0.1730312189974938
1,16,32,2,0.8,Dijkstra,0.974,True,0.0,True,1.0,13,291.0558476820217,66.83673102818341,5,178.5209616032447,Optimal,True,Optimal,heuristic,0.0003606150021369
1,16,32,2,0.9,ILP,0.994,True,0.0,True,1.0,3,84.21193286437784,33.418365514091704,5,178.5209616032447,Optimal,True,Optimal,heuristic,0.1783747689987649
1,16,32,2,0.9,MILP,0.994,False,0.0,True,1.0,3,84.21193286437784,33.41836551409165,5,178.5209616032447,Optimal,True,Optimal,heuristic,0.1721156839994364
1,16,32,2,0.9,Dijkstra,0.994,True,0.0,True,1.0,3,84.21193286437784,33.418365514091704,5,178.5209616032447,Optimal,True,Optimal,heuristic,0.0003702579997479
1,17,35,10,0.5,ILP,0.94,True,0.0,True,1.0,30,4231.648794728093,637.279340908413,9,496.2801759461586,Optimal,True,Optimal,heuristic,0.5230718809980317
1,17,35,10,0.5,MILP,0.94,True,1.1102230246251563e-16,True,1.0,30,4231.648794728093,637.279340908413,9,496.2801759461586,Optimal,True,Optimal,heuristic,0.3868799470001249
1,17,35,10,0.5,Dijkstra,0.94,True,1.1102230246251563e-16,True,1.0,30,4231.648794728093,637.279340908413,9,496.2801759461586,Optimal,True,Optimal,heuristic,0.0003571279994503
1,17,35,10,0.6,ILP,0.978,True,0.0,True,1.0,11,1613.9171096695543,509.8234727267304,9,496.2801759461586,Optimal,True,Optimal,heuristic,0.3596743210000568
1,17,35,10,0.6,MILP,0.978,True,0.0,True,1.0,11,1613.9171096695543,509.8234727267304,9,496.2801759461586,Optimal,True,Optimal,heuristic,0.2079057570008444
1,17,35,10,0.6,Dijkstra,0.978,True,0.0,True,1.0,11,1613.9171096695543,509.8234727267304,9,496.2801759461586,Optimal,True,Optimal,heuristic,0.000348056997609
1,17,35,10,0.7,ILP,0.992,True,0.0,True,1.0,4,696.4672060875089,382.3676045450477,9,496.2801759461586,Optimal,True,Optimal,heuristic,0.1533856059977552
1,17,35,10,0.7,MILP,0.992,True,0.0,True,1.0,4,696.4672060875089,382.3676045450477,9,496.2801759461586,Optimal,True,Optimal,heuristic,0.1376352330007648
1,17,35,10,0.7,Dijkstra,0.992,True,0.0,True,1.0,4,696.4672060875089,382.3676045450477,9,496.2801759461586,Optimal,True,Optimal,heuristic,0.0003267360007157
1,17,35,10,0.8,ILP,0.996,True,0.0,True,1.0,2,815.483486498071,487.286826472847,10,559.9702664564177,Optimal,True,Optimal,heuristic,0.1148051710006257
1,17,35,10,0.8,MILP,0.994,False,0.002,False,0.0,3,301.77887625353696,254.9117363633652,9,496.2801759461586,Optimal,True,Optimal,heuristic,0.1167415009986143
1,17,35,10,0.8,Dijkstra,0.994,False,0.002,False,0.0,3,301.77887625353696,254.9117363633652,9,496.2801759461586,Optimal,True,Optimal,heuristic,0.0003578069990908
1,17,35,10,0.9,ILP,0.998,True,0.0,True,1.0,1,127.45586818168226,127.45586818168226,9,496.2801759461586,Optimal,True,Optimal,heuristic,0.0997755349999351
1,17,35,10,0.9,MILP,0.998,True,0.0,True,1.0,1,127.45586818168226,127.45586818168226,9,496.2801759461586,Optimal,True,Optimal,heuristic,0.1049180419977346
1,17,35,10,0.9,Dijkstra,0.998,True,0.0,True,1.0,1,127.45586818168226,127.45586818168226,9,496.2801759461586,Optimal,True,Optimal,heuristic,0.0005070959996373
1,18,48,44,0.5,ILP,0.944,True,0.0,True,1.0,28,2600.5765336032327,503.4524758897835,8,461.5521355796559,Optimal,True,Optimal,heuristic,0.3775781270014704
1,18,48,44,0.5,MILP,0.944,True,0.0,True,1.0,28,2600.5765336032327,503.4524758897835,8,461.5521355796559,Optimal,True,Optimal,heuristic,0.1357047589990543
1,18,48,44,0.5,Dijkstra,0.944,True,0.0,True,1.0,28,2600.5765336032327,503.4524758897835,8,461.5521355796559,Optimal,True,Optimal,heuristic,0.0003531189977366
1,18,48,44,0.6,ILP,0.986,True,0.0,True,1.0,7,1093.5264375736049,402.7619807118267,8,461.5521355796559,Optimal,True,Optimal,heuristic,0.1366464089987857
1,18,48,44,0.6,MILP,0.986,True,0.0,True,1.0,7,1093.5264375736049,402.7619807118267,8,461.5521355796559,Optimal,True,Optimal,heuristic,0.1053478280009585
1,18,48,44,0.6,Dijkstra,0.986,True,0.0,True,1.0,7,1093.5264375736049,402.7619807118267,8,461.5521355796559,Optimal,True,Optimal,heuristic,0.0004153689988015
1,18,48,44,0.7,ILP,0.992,True,0.0,True,1.0,4,596.3059942956736,302.07148553387015,8,461.5521355796559,Optimal,True,Optimal,heuristic,0.1195647159984218
1,18,48,44,0.7,MILP,0.992,False,0.0,True,1.0,4,596.3059942956734,302.07148553387015,8,461.552135579656,Optimal,True,Optimal,heuristic,0.1384082019976631
1,18,48,44,0.7,Dijkstra,0.992,True,0.0,True,1.0,4,596.3059942956736,302.07148553387015,8,461.5521355796559,Optimal,True,Optimal,heuristic,0.0005177940001885
1,18,48,44,0.8,ILP,0.996,True,0.0,True,1.0,2,244.5726380517026,201.38099035591333,8,461.5521355796559,Optimal,True,Optimal,heuristic,0.1129200870018394
1,18,48,44,0.8,MILP,0.996,True,0.0,True,1.0,2,244.5726380517026,201.38099035591333,8,461.5521355796559,Optimal,True,Optimal,heuristic,0.1044371670031978
1,18,48,44,0.8,Dijkstra,0.996,True,0.0,True,1.0,2,244.5726380517026,201.38099035591333,8,461.5521355796559,Optimal,True,Optimal,heuristic,0.0004030939999211
1,18,48,44,0.9,ILP,0.998,True,0.0,True,1.0,1,100.69049517795656,100.69049517795656,8,461.5521355796559,Optimal,True,Optimal,heuristic,0.1044105330001912
1,18,48,44,0.9,MILP,0.998,True,0.0,True,1.0,1,100.69049517795656,100.69049517795656,8,461.5521355796559,Optimal,True,Optimal,heuristic,0.0993445650019566
1,18,48,44,0.9,Dijkstra,0.998,True,0.0,True,1.0,1,100.69049517795656,100.69049517795656,8,461.5521355796559,Optimal,True,Optimal,heuristic,0.0003279529992141
1,19,26,21,0.5,ILP,0.908,True,0.0,True,1.0,46,6608.175441767548,565.4180469310702,12,605.3028978594684,Optimal,True,Optimal,heuristic,0.4355217819975223
1,19,26,21,0.5,MILP,0.908,True,0.0,True,1.0,46,6608.175441767548,565.4180469310702,12,605.3028978594684,Optimal,True,Optimal,heuristic,0.1176577969999925
1,19,26,21,0.5,Dijkstra,0.908,True,0.0,True,1.0,46,6608.175441767548,565.4180469310702,12,605.3028978594684,Optimal,True,Optimal,heuristic,0.0003396319989406
1,19,26,21,0.6,ILP,0.962,True,0.0,True,1.0,19,3244.320239964944,452.3344375448562,12,605.3028978594684,Optimal,True,Optimal,heuristic,0.2599386040019453
1,19,26,21,0.6,MILP,0.962,True,0.0,True,1.0,19,3244.320239964944,452.3344375448562,12,605.3028978594684,Optimal,True,Optimal,heuristic,0.1171812920001684
1,19,26,21,0.6,Dijkstra,0.962,True,0.0,True,1.0,19,3244.320239964944,452.3344375448562,12,605.3028978594684,Optimal,True,Optimal,heuristic,0.0005535929994948
1,19,26,21,0.7,ILP,0.978,True,0.0,True,1.0,11,1724.9405965678316,339.2508281586422,12,605.3028978594685,Optimal,True,Optimal,heuristic,0.2390525430018897
1,19,26,21,0.7,MILP,0.978,False,0.0,True,1.0,11,1724.9405965678316,339.2508281586422,12,605.3028978594684,Optimal,True,Optimal,heuristic,0.1053368639986729
1,19,26,21,0.7,Dijkstra,0.978,False,0.0,True,1.0,11,1724.9405965678316,339.2508281586422,12,605.3028978594684,Optimal,True,Optimal,heuristic,0.0003321669973956
1,19,26,21,0.8,ILP,0.988,True,0.0,True,1.0,6,822.6138274074722,226.167218772428,12,605.3028978594684,Optimal,True,Optimal,heuristic,0.2107359770016046
1,19,26,21,0.8,MILP,0.988,True,0.0,True,1.0,6,822.6138274074722,226.167218772428,12,605.3028978594684,Optimal,True,Optimal,heuristic,0.1078771550019155
1,19,26,21,0.8,Dijkstra,0.988,True,0.0,True,1.0,6,822.6138274074722,226.167218772428,12,605.3028978594684,Optimal,True,Optimal,heuristic,0.0004014670012111
1,19,26,21,0.9,ILP,0.99,True,0.0,True,1.0,5,249.06665083583312,113.083609386214,12,605.3028978594684,Optimal,True,Optimal,heuristic,0.255068784001196
1,19,26,21,0.9,MILP,0.99,True,0.0,True,1.0,5,249.06665083583312,113.083609386214,12,605.3028978594684,Optimal,True,Optimal,heuristic,0.1017710009982693
1,19,26,21,0.9,Dijkstra,0.99,True,0.0,True,1.0,5,249.06665083583312,113.083609386214,12,605.3028978594684,Optimal,True,Optimal,heuristic,0.0003313359993626
2,0,34,63,0.5,ILP,0.894,True,0.0,True,1.0,53,4570.359283753691,302.34433517980534,5,264.6944424994454,Optimal,True,Optimal,heuristic,2.5134535879988107
2,0,34,63,0.5,MILP,0.894,True,0.0,True,1.0,53,4570.359283753691,302.34433517980534,5,264.6944424994454,Optimal,True,Optimal,heuristic,0.9130385810021836
2,0,34,63,0.5,Dijkstra,0.894,True,0.0,True,1.0,53,4570.359283753691,302.34433517980534,5,264.6944424994454,Optimal,True,Optimal,heuristic,0.0005167050003365
2,0,34,63,0.6,ILP,0.946,True,0.0,True,1.0,27,2350.102236588128,241.87546814384427,5,264.6944424994454,Optimal,True,Optimal,heuristic,2.4198753640012
2,0,34,63,0.6,MILP,0.946,False,0.0,True,1.0,27,2350.102236588127,241.87546814384416,5,264.69444249944536,Optimal,True,Optimal,heuristic,1.0141942970003583
2,0,34,63,0.6,Dijkstra,0.946,True,0.0,True,1.0,27,2350.102236588128,241.87546814384427,5,264.6944424994454,Optimal,True,Optimal,heuristic,0.0004722339981526
2,0,34,63,0.7,ILP,0.972,True,0.0,True,1.0,14,1173.1031290827204,181.4066011078833,5,264.6944424994454,Optimal,True,Optimal,heuristic,1.9143662069982383
2,0,34,63,0.7,MILP,0.972,True,0.0,True,1.0,14,1173.1031290827204,181.4066011078833,5,264.6944424994454,Optimal,True,Optimal,heuristic,0.6983452220010804
2,0,34,63,0.7,Dijkstra,0.972,True,0.0,True,1.0,14,1173.1031290827204,181.4066011078833,5,264.6944424994454,Optimal,True,Optimal,heuristic,0.000562909997825
2,0,34,63,0.8,ILP,0.984,True,0.0,True,1.0,8,422.081436319708,133.67574134997335,6,325.4766075192535,Optimal,True,Optimal,heuristic,2.156542436001473
2,0,34,63,0.8,MILP,0.984,False,0.0,True,1.0,8,422.08143631971006,133.6757413499737,6,325.4766075192536,Optimal,True,Optimal,heuristic,0.9372885209995728
2,0,34,63,0.8,Dijkstra,0.982,False,0.002,False,0.0,9,504.3140855133996,120.93773407192214,5,264.6944424994454,Optimal,True,Optimal,heuristic,0.0003655669970612
2,0,34,63,0.9,ILP,0.994,True,0.0,True,1.0,3,161.99244141741417,73.20687431401223,6,325.4766075192535,Optimal,True,Optimal,heuristic,1.38408474100288
2,0,34,63,0.9,MILP,0.992,False,0.002,False,0.0,4,139.3442832196265,60.46886703596101,5,264.6944424994454,Optimal,True,Optimal,heuristic,0.5237928490023478
2,0,34,63,0.9,Dijkstra,0.992,False,0.002,False,0.0,4,139.3442832196265,60.46886703596101,5,264.6944424994454,Optimal,True,Optimal,heuristic,0.0003642960000433
2,1,47,49,0.5,ILP,0.982,True,0.0,True,1.0,9,738.7918518572574,260.1298394437682,1,67.00917815793132,Optimal,True,Optimal,heuristic,0.0898828949975723
2,1,47,49,0.5,MILP,0.982,True,0.0,True,1.0,9,738.7918518572574,260.1298394437682,1,67.00917815793132,Optimal,True,Optimal,heuristic,0.089264694997837
2,1,47,49,0.5,Dijkstra,0.982,True,0.0,True,1.0,9,738.7918518572574,260.1298394437682,1,67.00917815793132,Optimal,True,Optimal,heuristic,0.0003008259991474
2,1,47,49,0.6,ILP,0.992,True,0.0,True,1.0,4,433.4055701858789,208.10387155501456,1,67.00917815793132,Optimal,True,Optimal,heuristic,0.0883201879987609
2,1,47,49,0.6,MILP,0.992,True,0.0,True,1.0,4,433.4055701858789,208.10387155501456,1,67.00917815793132,Optimal,True,Optimal,heuristic,0.0879371510018245
2,1,47,49,0.6,Dijkstra,0.992,True,0.0,True,1.0,4,433.4055701858789,208.10387155501456,1,67.00917815793132,Optimal,True,Optimal,heuristic,0.0003229860012652
2,1,47,49,0.7,ILP,0.996,True,0.0,True,1.0,2,275.1025071909267,156.0779036662609,1,67.00917815793132,Optimal,True,Optimal,heuristic,0.092878113999177
2,1,47,49,0.7,MILP,0.996,True,0.0,True,1.0,2,275.1025071909267,156.0779036662609,1,67.00917815793132,Optimal,True,Optimal,heuristic,0.0930114250004408
2,1,47,49,0.7,Dijkstra,0.996,True,0.0,True,1.0,2,275.1025071909267,156.0779036662609,1,67.00917815793132,Optimal,True,Optimal,heuristic,0.0003110630023002
2,1,47,49,0.8,ILP,0.996,True,0.0,True,1.0,2,171.0505714134194,104.05193577750724,1,67.00917815793132,Optimal,True,Optimal,heuristic,0.0916602239994972
2,1,47,49,0.8,MILP,0.996,True,0.0,True,1.0,2,171.0505714134194,104.05193577750724,1,67.00917815793132,Optimal,True,Optimal,heuristic,0.0922643990015785
2,1,47,49,0.8,Dijkstra,0.996,True,0.0,True,1.0,2,171.0505714134194,104.05193577750724,1,67.00917815793132,Optimal,True,Optimal,heuristic,0.0003250279987696
2,1,47,49,0.9,ILP,0.996,True,0.0,True,1.0,2,66.99863563591208,52.0259678887536,1,67.00917815793132,Optimal,True,Optimal,heuristic,0.1030736129978322
2,1,47,49,0.9,MILP,0.996,True,0.0,True,1.0,2,66.99863563591208,52.0259678887536,1,67.00917815793132,Optimal,True,Optimal,heuristic,0.0918053000023064
2,1,47,49,0.9,Dijkstra,0.996,True,0.0,True,1.0,2,66.99863563591208,52.0259678887536,1,67.00917815793132,Optimal,True,Optimal,heuristic,0.0003159709995088
2,2,46,51,0.5,ILP,0.862,True,0.0,True,1.0,69,6014.070526702903,297.47310344922334,8,374.4172848357638,Optimal,True,Optimal,heuristic,0.5550780480007234
2,2,46,51,0.5,MILP,0.862,False,0.0,True,1.0,69,6014.070526702905,297.47310344922346,8,374.4172848357637,Optimal,True,Optimal,heuristic,0.2727539209990937
2,2,46,51,0.5,Dijkstra,0.862,True,0.0,True,1.0,69,6014.070526702903,297.47310344922334,8,374.4172848357638,Optimal,True,Optimal,heuristic,0.0004241870010446
2,2,46,51,0.6,ILP,0.924,True,0.0,True,1.0,38,2763.611252013593,237.97848275937872,8,374.4172848357638,Optimal,True,Optimal,heuristic,0.4496925909988931
2,2,46,51,0.6,MILP,0.924,False,0.0,True,1.0,38,2763.611252013591,237.97848275937883,8,374.4172848357637,Optimal,True,Optimal,heuristic,0.2017398149982909
2,2,46,51,0.6,Dijkstra,0.924,True,0.0,True,1.0,38,2763.611252013593,237.97848275937872,8,374.4172848357638,Optimal,True,Optimal,heuristic,0.0005104219999338
2,2,46,51,0.7,ILP,0.966,True,0.0,True,1.0,17,1280.0114871452113,178.48386206953387,7,374.4172848357636,Optimal,True,Optimal,heuristic,0.3352423420001287
2,2,46,51,0.7,MILP,0.966,False,0.0,True,1.0,17,1280.0114871452176,178.48386206953398,8,374.4172848357638,Optimal,True,Optimal,heuristic,0.1326488520026032
2,2,46,51,0.7,Dijkstra,0.966,False,0.0,True,1.0,17,1280.0114871452176,178.48386206953398,8,374.4172848357638,Optimal,True,Optimal,heuristic,0.0003663139978016
2,2,46,51,0.8,ILP,0.978,True,0.0,True,1.0,11,414.02238021034873,118.98924137968947,8,374.41728483576384,Optimal,True,Optimal,heuristic,0.4104036319986335
2,2,46,51,0.8,MILP,0.978,False,0.0,True,1.0,11,414.02238021034816,118.98924137968936,8,374.4172848357638,Optimal,True,Optimal,heuristic,0.1159916479991807
2,2,46,51,0.8,Dijkstra,0.978,False,0.0,True,1.0,11,414.02238021034816,118.98924137968936,8,374.4172848357638,Optimal,True,Optimal,heuristic,0.0003359760012244
2,2,46,51,0.9,ILP,0.996,True,0.0,True,1.0,2,59.82402295670602,59.49462068984462,8,374.4172848357638,Optimal,True,Optimal,heuristic,0.0938062989989703
2,2,46,51,0.9,MILP,0.996,True,0.0,True,1.0,2,59.82402295670602,59.49462068984462,8,374.4172848357638,Optimal,True,Optimal,heuristic,0.098241665000387
2,2,46,51,0.9,Dijkstra,0.996,True,0.0,True,1.0,2,59.82402295670602,59.49462068984462,8,374.4172848357638,Optimal,True,Optimal,heuristic,0.0003528669985826
2,3,33,8,0.5,ILP,0.958,True,0.0,True,1.0,21,591.7591655174589,121.87866680936035,2,86.97780010861202,Optimal,True,Optimal,heuristic,0.3039743230001477
2,3,33,8,0.5,MILP,0.958,True,0.0,True,1.0,21,591.7591655174589,121.87866680936035,2,86.97780010861202,Optimal,True,Optimal,heuristic,0.1011678880022373
2,3,33,8,0.5,Dijkstra,0.958,True,0.0,True,1.0,21,591.7591655174589,121.87866680936035,2,86.97780010861202,Optimal,True,Optimal,heuristic,0.0003279960001236
2,3,33,8,0.6,ILP,0.982,True,0.0,True,1.0,9,217.4431528108587,97.50293344748827,2,86.97780010861202,Optimal,True,Optimal,heuristic,0.1783486770000308
2,3,33,8,0.6,MILP,0.982,True,0.0,True,1.0,9,217.4431528108587,97.50293344748827,2,86.97780010861202,Optimal,True,Optimal,heuristic,0.1027412359981099
2,3,33,8,0.6,Dijkstra,0.982,True,0.0,True,1.0,9,217.4431528108587,97.50293344748827,2,86.97780010861202,Optimal,True,Optimal,heuristic,0.000343925999914
2,3,33,8,0.7,ILP,0.996,True,0.0,True,1.0,2,96.12649117821452,73.12720008561624,2,86.97780010861202,Optimal,True,Optimal,heuristic,0.1254943929998262
2,3,33,8,0.7,MILP,0.996,True,0.0,True,1.0,2,96.12649117821452,73.12720008561624,2,86.97780010861202,Optimal,True,Optimal,heuristic,0.1062191119999624
2,3,33,8,0.7,Dijkstra,0.996,True,0.0,True,1.0,2,96.12649117821452,73.12720008561624,2,86.97780010861202,Optimal,True,Optimal,heuristic,0.0003158190011163
2,3,33,8,0.8,ILP,0.998,True,0.0,True,1.0,1,48.75146672374413,48.75146672374413,2,86.97780010861202,Optimal,True,Optimal,heuristic,0.1047766939991561
2,3,33,8,0.8,MILP,0.998,True,0.0,True,1.0,1,48.75146672374413,48.75146672374413,2,86.97780010861202,Optimal,True,Optimal,heuristic,0.1219855029994505
2,3,33,8,0.8,Dijkstra,0.998,True,0.0,True,1.0,1,48.75146672374413,48.75146672374413,2,86.97780010861202,Optimal,True,Optimal,heuristic,0.000336197001161
2,3,33,8,0.9,ILP,0.998,True,0.0,True,1.0,1,24.37573336187208,24.37573336187208,2,86.97780010861202,Optimal,True,Optimal,heuristic,0.0997783099992375
2,3,33,8,0.9,MILP,0.998,True,0.0,True,1.0,1,24.37573336187208,24.37573336187208,2,86.97780010861202,Optimal,True,Optimal,heuristic,0.1232471520015678
2,3,33,8,0.9,Dijkstra,0.998,True,0.0,True,1.0,1,24.37573336187208,24.37573336187208,2,86.97780010861202,Optimal,True,Optimal,heuristic,0.0003440950022195
2,4,54,29,0.5,ILP,0.964,True,0.0,True,1.0,18,2607.6744939982063,820.310177177338,11,574.7920458543377,Optimal,True,Optimal,heuristic,0.843232731000171
2,4,54,29,0.5,MILP,0.964,True,0.0,True,1.0,18,2607.6744939982063,820.310177177338,11,574.7920458543377,Optimal,True,Optimal,heuristic,0.2619712900013837
2,4,54,29,0.5,Dijkstra,0.964,True,0.0,True,1.0,18,2607.6744939982063,820.310177177338,11,574.7920458543377,Optimal,True,Optimal,heuristic,0.000385739000194
2,4,54,29,0.6,ILP,0.984,True,0.0,True,1.0,8,971.5161614134356,698.3608776996704,11,574.7920458543377,Optimal,True,Optimal,heuristic,0.6554896349989576
2,4,54,29,0.6,MILP,0.984,True,0.0,True,1.0,8,971.5161614134356,698.3608776996704,11,574.7920458543377,Optimal,True,Optimal,heuristic,0.1493756140007462
2,4,54,29,0.6,Dijkstra,0.984,True,0.0,True,1.0,8,971.5161614134356,698.3608776996704,11,574.7920458543377,Optimal,True,Optimal,heuristic,0.0003348970021761
2,4,54,29,0.7,ILP,0.996,True,0.0,True,1.0,2,608.4580559703168,576.4115782220028,11,574.7920458543377,Optimal,True,Optimal,heuristic,0.1122664399990753
2,4,54,29,0.7,MILP,0.992,False,0.004,False,0.0,4,453.1227048071869,365.8478984330029,11,586.3906636319014,Optimal,True,Optimal,heuristic,0.1074719700009154
2,4,54,29,0.7,Dijkstra,0.996,True,0.0,True,1.0,2,608.4580559703168,576.4115782220028,11,574.7920458543377,Optimal,True,Optimal,heuristic,0.0004606849979609
2,4,54,29,0.8,ILP,0.998,True,0.0,True,1.0,1,243.89859895533505,243.89859895533505,11,586.3906636319014,Optimal,True,Optimal,heuristic,0.0931445050009642
2,4,54,29,0.8,MILP,0.998,True,0.0,True,1.0,1,243.89859895533505,243.89859895533505,11,586.3906636319014,Optimal,True,Optimal,heuristic,0.0918917310009419
2,4,54,29,0.8,Dijkstra,0.998,False,0.0,True,1.0,1,454.462278744335,454.462278744335,11,574.7920458543377,Optimal,True,Optimal,heuristic,0.0004129850021854
2,4,54,29,0.9,ILP,0.998,True,0.0,True,1.0,1,121.94929947766764,121.94929947766764,11,586.3906636319014,Optimal,True,Optimal,heuristic,0.0977992350017302
2,4,54,29,0.9,MILP,0.998,True,0.0,True,1.0,1,121.94929947766764,121.94929947766764,11,586.3906636319014,Optimal,True,Optimal,heuristic,0.0929859099996974
2,4,54,29,0.9,Dijkstra,0.998,False,0.0,True,1.0,1,332.5129792666676,332.5129792666676,11,574.7920458543377,Optimal,True,Optimal,heuristic,0.0003339360009704
2,5,32,24,0.5,ILP,0.926,True,0.0,True,1.0,37,3735.864599178311,287.77413561796226,7,286.72702667917616,Optimal,True,Optimal,heuristic,0.7366239870025311
2,5,32,24,0.5,MILP,0.926,True,0.0,True,1.0,37,3735.864599178311,287.77413561796226,7,286.72702667917616,Optimal,True,Optimal,heuristic,0.1048349450029491
2,5,32,24,0.5,Dijkstra,0.926,True,0.0,True,1.0,37,3735.864599178311,287.77413561796226,7,286.72702667917616,Optimal,True,Optimal,heuristic,0.0003156559978378
2,5,32,24,0.6,ILP,0.954,True,0.0,True,1.0,23,1971.4832194473304,230.21930849436984,7,286.72702667917616,Optimal,True,Optimal,heuristic,0.5563889289987856
2,5,32,24,0.6,MILP,0.954,True,0.0,True,1.0,23,1971.4832194473304,230.21930849436984,7,286.72702667917616,Optimal,True,Optimal,heuristic,0.0975324630016984
2,5,32,24,0.6,Dijkstra,0.954,True,0.0,True,1.0,23,1971.4832194473304,230.21930849436984,7,286.72702667917616,Optimal,True,Optimal,heuristic,0.0003464760011411
2,5,32,24,0.7,ILP,0.972,True,0.0,True,1.0,14,885.1883051108008,172.66448137077737,7,286.72702667917616,Optimal,True,Optimal,heuristic,0.4490978049980185
2,5,32,24,0.7,MILP,0.972,True,0.0,True,1.0,14,885.1883051108008,172.66448137077737,7,286.72702667917616,Optimal,True,Optimal,heuristic,0.1060044639998523
2,5,32,24,0.7,Dijkstra,0.972,True,0.0,True,1.0,14,885.1883051108008,172.66448137077737,7,286.72702667917616,Optimal,True,Optimal,heuristic,0.0004192259984847
2,5,32,24,0.8,ILP,0.988,True,0.0,True,1.0,6,348.0686621849437,115.10965424718484,7,286.72702667917616,Optimal,True,Optimal,heuristic,0.3827899639982206
2,5,32,24,0.8,MILP,0.988,True,0.0,True,1.0,6,348.0686621849437,115.10965424718484,7,286.72702667917616,Optimal,True,Optimal,heuristic,0.12320930399801
2,5,32,24,0.8,Dijkstra,0.988,True,0.0,True,1.0,6,348.0686621849437,115.10965424718484,7,286.72702667917616,Optimal,True,Optimal,heuristic,0.0003398920016479
2,5,32,24,0.9,ILP,0.994,True,0.0,True,1.0,3,153.04973634632222,57.55482712359242,7,286.7270266791763,Optimal,True,Optimal,heuristic,0.1932754570007091
2,5,32,24,0.9,MILP,0.994,False,0.0,True,1.0,3,153.0497363463221,57.55482712359242,7,286.72702667917616,Optimal,True,Optimal,heuristic,0.1254430549997778
2,5,32,24,0.9,Dijkstra,0.994,False,0.0,True,1.0,3,153.0497363463221,57.55482712359242,7,286.72702667917616,Optimal,True,Optimal,heuristic,0.0003275620001659
2,6,50,41,0.5,ILP,0.986,True,0.0,True,1.0,7,589.5046820757314,305.7819411048395,1,50.49240731893537,Optimal,True,Optimal,heuristic,0.1175757319979311
2,6,50,41,0.5,MILP,0.986,True,0.0,True,1.0,7,589.5046820757314,305.7819411048395,1,50.49240731893537,Optimal,True,Optimal,heuristic,0.1522168450028402
2,6,50,41,0.5,Dijkstra,0.986,True,0.0,True,1.0,7,589.5046820757314,305.7819411048395,1,50.49240731893537,Optimal,True,Optimal,heuristic,0.0003443879977567
2,6,50,41,0.6,ILP,0.996,True,0.0,True,1.0,2,299.15831103140107,244.62555288387165,1,50.49240731893537,Optimal,True,Optimal,heuristic,0.1148485320009058
2,6,50,41,0.6,MILP,0.996,True,0.0,True,1.0,2,299.15831103140107,244.62555288387165,1,50.49240731893537,Optimal,True,Optimal,heuristic,0.1037365900010627
2,6,50,41,0.6,Dijkstra,0.996,True,0.0,True,1.0,2,299.15831103140107,244.62555288387165,1,50.49240731893537,Optimal,True,Optimal,heuristic,0.0003247250024287
2,6,50,41,0.7,ILP,0.998,True,0.0,True,1.0,1,183.4691646629037,183.4691646629037,1,50.49240731893537,Optimal,True,Optimal,heuristic,0.1073069470003247
2,6,50,41,0.7,MILP,0.998,True,0.0,True,1.0,1,183.4691646629037,183.4691646629037,1,50.49240731893537,Optimal,True,Optimal,heuristic,0.1048812110020662
2,6,50,41,0.7,Dijkstra,0.998,True,0.0,True,1.0,1,183.4691646629037,183.4691646629037,1,50.49240731893537,Optimal,True,Optimal,heuristic,0.0003467380010988
2,6,50,41,0.8,ILP,0.998,True,0.0,True,1.0,1,122.3127764419358,122.3127764419358,1,50.49240731893537,Optimal,True,Optimal,heuristic,0.1071101810011896
2,6,50,41,0.8,MILP,0.998,True,0.0,True,1.0,1,122.3127764419358,122.3127764419358,1,50.49240731893537,Optimal,True,Optimal,heuristic,0.1005756510021456
2,6,50,41,0.8,Dijkstra,0.998,True,0.0,True,1.0,1,122.3127764419358,122.3127764419358,1,50.49240731893537,Optimal,True,Optimal,heuristic,0.0003308669984107
2,6,50,41,0.9,ILP,0.998,True,0.0,True,1.0,1,61.15638822096787,61.15638822096787,1,50.49240731893537,Optimal,True,Optimal,heuristic,0.1089120719989296
2,6,50,41,0.9,MILP,0.998,True,0.0,True,1.0,1,61.15638822096787,61.15638822096787,1,50.49240731893537,Optimal,True,Optimal,heuristic,0.1039042379998136
2,6,50,41,0.9,Dijkstra,0.998,True,0.0,True,1.0,1,61.15638822096787,61.15638822096787,1,50.49240731893537,Optimal,True,Optimal,heuristic,0.0003165559974149
2,7,26,53,0.5,ILP,0.918,True,0.0,True,1.0,41,6984.537864228652,693.0816298896,12,741.7144893808697,Optimal,True,Optimal,heuristic,0.6080096359983145
2,7,26,53,0.5,MILP,0.918,True,0.0,True,1.0,41,6984.537864228652,693.0816298896,12,741.7144893808697,Optimal,True,Optimal,heuristic,0.1162032859974715
2,7,26,53,0.5,Dijkstra,0.918,True,0.0,True,1.0,41,6984.537864228652,693.0816298896,12,741.7144893808697,Optimal,True,Optimal,heuristic,0.000386702002288
2,7,26,53,0.6,ILP,0.964,True,0.0,True,1.0,18,3150.081489300577,563.5617591633547,12,741.7144893808697,Optimal,True,Optimal,heuristic,0.2844820790014637
2,7,26,53,0.6,MILP,0.964,True,0.0,True,1.0,18,3150.081489300577,563.5617591633547,12,741.7144893808697,Optimal,True,Optimal,heuristic,0.1086302420007996
2,7,26,53,0.6,Dijkstra,0.964,True,0.0,True,1.0,18,3150.081489300577,563.5617591633547,12,741.7144893808697,Optimal,True,Optimal,heuristic,0.0003803469990089
2,7,26,53,0.7,ILP,0.984,True,0.0,True,1.0,8,1504.0916253882094,434.04188843711,12,741.7144893808697,Optimal,True,Optimal,heuristic,0.1617704240015882
2,7,26,53,0.7,MILP,0.984,True,0.0,True,1.0,8,1504.0916253882094,434.04188843711,12,741.7144893808697,Optimal,True,Optimal,heuristic,0.1053863779998209
2,7,26,53,0.7,Dijkstra,0.984,True,0.0,True,1.0,8,1504.0916253882094,434.04188843711,12,741.7144893808697,Optimal,True,Optimal,heuristic,0.0003867460000037
2,7,26,53,0.8,ILP,0.992,True,0.0,True,1.0,4,797.2323189887072,304.5220177108647,12,741.7144893808697,Optimal,True,Optimal,heuristic,0.1227843739980016
2,7,26,53,0.8,MILP,0.992,True,0.0,True,1.0,4,797.2323189887072,304.5220177108647,12,741.7144893808697,Optimal,True,Optimal,heuristic,0.1030916460003936
2,7,26,53,0.8,Dijkstra,0.992,True,0.0,True,1.0,4,797.2323189887072,304.5220177108647,12,741.7144893808697,Optimal,True,Optimal,heuristic,0.0003679820001707
2,7,26,53,0.9,ILP,0.994,True,0.0,True,1.0,3,286.693492728647,175.00214698461969,12,741.7144893808697,Optimal,True,Optimal,heuristic,0.1251216589989781
2,7,26,53,0.9,MILP,0.994,True,0.0,True,1.0,3,286.693492728647,175.00214698461969,12,741.7144893808697,Optimal,True,Optimal,heuristic,0.1022245370004384
2,7,26,53,0.9,Dijkstra,0.994,True,0.0,True,1.0,3,286.693492728647,175.00214698461969,12,741.7144893808697,Optimal,True,Optimal,heuristic,0.0003430219985602
2,8,35,28,0.5,ILP,0.968,True,0.0,True,1.0,16,1982.635045014615,485.2279328060176,6,362.3951700930784,Optimal,True,Optimal,heuristic,0.7333323900020332
2,8,35,28,0.5,MILP,0.968,True,0.0,True,1.0,16,1982.635045014615,485.2279328060176,6,362.3951700930784,Optimal,True,Optimal,heuristic,0.1460803899972234
2,8,35,28,0.5,Dijkstra,0.968,True,0.0,True,1.0,16,1982.635045014615,485.2279328060176,6,362.3951700930784,Optimal,True,Optimal,heuristic,0.0003552750022208
2,8,35,28,0.6,ILP,0.988,True,0.0,True,1.0,6,1088.5016607533055,388.1823462448141,6,362.3951700930784,Optimal,True,Optimal,heuristic,0.2860454549991118
2,8,35,28,0.6,MILP,0.988,True,0.0,True,1.0,6,1088.5016607533055,388.1823462448141,6,362.3951700930784,Optimal,True,Optimal,heuristic,0.1216449790008482
2,8,35,28,0.6,Dijkstra,0.988,True,0.0,True,1.0,6,1088.5016607533055,388.1823462448141,6,362.3951700930784,Optimal,True,Optimal,heuristic,0.000346132001141
2,8,35,28,0.7,ILP,0.992,True,0.0,True,1.0,4,623.54850718715,291.13675968361065,6,362.3951700930784,Optimal,True,Optimal,heuristic,0.2467836549985804
2,8,35,28,0.7,MILP,0.992,True,0.0,True,1.0,4,623.54850718715,291.13675968361065,6,362.3951700930784,Optimal,True,Optimal,heuristic,0.108428609000839
2,8,35,28,0.7,Dijkstra,0.992,True,0.0,True,1.0,4,623.54850718715,291.13675968361065,6,362.3951700930784,Optimal,True,Optimal,heuristic,0.0005492660020536
2,8,35,28,0.8,ILP,0.994,True,0.0,True,1.0,3,287.4707618870817,194.09117312240696,6,362.3951700930784,Optimal,True,Optimal,heuristic,0.1991975810014992
2,8,35,28,0.8,MILP,0.994,True,0.0,True,1.0,3,287.4707618870817,194.09117312240696,6,362.3951700930784,Optimal,True,Optimal,heuristic,0.1162241089987219
2,8,35,28,0.8,Dijkstra,0.994,True,0.0,True,1.0,3,287.4707618870817,194.09117312240696,6,362.3951700930784,Optimal,True,Optimal,heuristic,0.0003873099994962
2,8,35,28,0.9,ILP,0.998,True,0.0,True,1.0,1,97.04558656120356,97.04558656120356,6,362.3951700930784,Optimal,True,Optimal,heuristic,0.1029686339970794
2,8,35,28,0.9,MILP,0.998,True,0.0,True,1.0,1,97.04558656120356,97.04558656120356,6,362.3951700930784,Optimal,True,Optimal,heuristic,0.1032585989996732
2,8,35,28,0.9,Dijkstra,0.998,True,0.0,True,1.0,1,97.04558656120356,97.04558656120356,6,362.3951700930784,Optimal,True,Optimal,heuristic,0.000316584999382
2,9,57,4,0.5,ILP,0.976,True,0.0,True,1.0,12,899.6912924693813,318.1011758079184,5,230.410365489768,Optimal,True,Optimal,heuristic,0.1659839450003346
2,9,57,4,0.5,MILP,0.976,True,0.0,True,1.0,12,899.6912924693813,318.1011758079184,5,230.410365489768,Optimal,True,Optimal,heuristic,0.0941658280025876
2,9,57,4,0.5,Dijkstra,0.976,True,0.0,True,1.0,12,899.6912924693813,318.1011758079184,5,230.410365489768,Optimal,True,Optimal,heuristic,0.0002941260027
2,9,57,4,0.6,ILP,0.994,True,0.0,True,1.0,3,408.0053018604154,254.4809406463348,5,230.410365489768,Optimal,True,Optimal,heuristic,0.1318008609996468
2,9,57,4,0.6,MILP,0.994,True,0.0,True,1.0,3,408.0053018604154,254.4809406463348,5,230.410365489768,Optimal,True,Optimal,heuristic,0.0955017319975013
2,9,57,4,0.6,Dijkstra,0.994,True,0.0,True,1.0,3,408.0053018604154,254.4809406463348,5,230.410365489768,Optimal,True,Optimal,heuristic,0.0003036660018551
2,9,57,4,0.7,ILP,0.996,True,0.0,True,1.0,2,219.81383365968557,190.8607054847511,5,230.410365489768,Optimal,True,Optimal,heuristic,0.0888540949999878
2,9,57,4,0.7,MILP,0.996,True,0.0,True,1.0,2,219.81383365968557,190.8607054847511,5,230.410365489768,Optimal,True,Optimal,heuristic,0.1172333430004073
2,9,57,4,0.7,Dijkstra,0.996,True,0.0,True,1.0,2,219.81383365968557,190.8607054847511,5,230.410365489768,Optimal,True,Optimal,heuristic,0.000375236999389
2,9,57,4,0.8,ILP,0.998,True,0.0,True,1.0,1,127.2404703231673,127.2404703231673,5,230.410365489768,Optimal,True,Optimal,heuristic,0.1004512130020884
2,9,57,4,0.8,MILP,0.998,True,0.0,True,1.0,1,127.2404703231673,127.2404703231673,5,230.410365489768,Optimal,True,Optimal,heuristic,0.107444426001166
2,9,57,4,0.8,Dijkstra,0.998,True,0.0,True,1.0,1,127.2404703231673,127.2404703231673,5,230.410365489768,Optimal,True,Optimal,heuristic,0.0003551010013325
2,9,57,4,0.9,ILP,0.998,True,0.0,True,1.0,1,63.62023516158365,63.62023516158365,5,230.410365489768,Optimal,True,Optimal,heuristic,0.0971608800027752
2,9,57,4,0.9,MILP,0.998,True,0.0,True,1.0,1,63.62023516158365,63.62023516158365,5,230.410365489768,Optimal,True,Optimal,heuristic,0.101600600999518
2,9,57,4,0.9,Dijkstra,0.998,True,0.0,True,1.0,1,63.62023516158365,63.62023516158365,5,230.410365489768,Optimal,True,Optimal,heuristic,0.0003288630032329
2,10,55,53,0.5,ILP,0.908,True,0.0,True,1.0,46,9173.82416184015,673.1970343776187,10,698.6511710292039,Optimal,True,Optimal,heuristic,0.4506410750000214
2,10,55,53,0.5,MILP,0.908,True,0.0,True,1.0,46,9173.82416184015,673.1970343776187,10,698.6511710292039,Optimal,True,Optimal,heuristic,0.1193635640011052
2,10,55,53,0.5,Dijkstra,0.908,True,0.0,True,1.0,46,9173.82416184015,673.1970343776187,10,698.6511710292039,Optimal,True,Optimal,heuristic,0.0003612219989008
2,10,55,53,0.6,ILP,0.956,True,0.0,True,1.0,22,4564.23381686502,538.5576275020951,10,698.6511710292039,Optimal,True,Optimal,heuristic,0.3020875379988865
2,10,55,53,0.6,MILP,0.956,True,0.0,True,1.0,22,4564.23381686502,538.5576275020951,10,698.6511710292039,Optimal,True,Optimal,heuristic,0.1163252070000453
2,10,55,53,0.6,Dijkstra,0.956,True,0.0,True,1.0,22,4564.23381686502,538.5576275020951,10,698.6511710292039,Optimal,True,Optimal,heuristic,0.0003620560019044
2,10,55,53,0.7,ILP,0.976,True,0.0,True,1.0,12,2434.3000872902694,403.9182206265712,10,698.6511710292039,Optimal,True,Optimal,heuristic,0.2724629280019144
2,10,55,53,0.7,MILP,0.972,False,0.004,False,0.0,14,2412.163227454327,441.4268843249552,12,788.4308015618878,Optimal,True,Optimal,heuristic,0.1464432270004181
2,10,55,53,0.7,Dijkstra,0.976,True,0.0,True,1.0,12,2434.3000872902694,403.9182206265712,10,698.6511710292039,Optimal,True,Optimal,heuristic,0.000333023002895
2,10,55,53,0.8,ILP,0.988,True,0.0,True,1.0,6,1217.0260724101531,269.27881375104744,10,698.6511710292039,Optimal,True,Optimal,heuristic,0.144425908998528
2,10,55,53,0.8,MILP,0.986,False,0.002,False,0.0,7,984.0826471639612,306.78747744943144,12,788.4308015618878,Optimal,True,Optimal,heuristic,0.0964982959994813
2,10,55,53,0.8,Dijkstra,0.988,True,0.0,True,1.0,6,1217.0260724101531,269.27881375104744,10,698.6511710292039,Optimal,True,Optimal,heuristic,0.0003531950023898
2,10,55,53,0.9,ILP,0.994,True,0.0,True,1.0,3,303.430474236475,172.14807057390772,12,788.4308015618878,Optimal,True,Optimal,heuristic,0.1359789009984524
2,10,55,53,0.9,MILP,0.994,False,0.0,True,1.0,3,303.430474236475,172.14807057390772,12,788.4308015618878,Optimal,True,Optimal,heuristic,0.1003491169976769
2,10,55,53,0.9,Dijkstra,0.99,False,0.004,False,0.0,5,442.1725496207862,134.63940687552372,10,698.6511710292039,Optimal,True,Optimal,heuristic,0.0003059750015381
2,11,17,41,0.5,ILP,0.968,True,0.0,True,1.0,16,1509.9381921608133,310.30318814516966,4,191.89212731256725,Optimal,True,Optimal,heuristic,0.5961423150001792
2,11,17,41,0.5,MILP,0.968,True,0.0,True,1.0,16,1509.9381921608133,310.30318814516966,4,191.89212731256725,Optimal,True,Optimal,heuristic,0.1199778619993594
2,11,17,41,0.5,Dijkstra,0.968,True,0.0,True,1.0,16,1509.9381921608133,310.30318814516966,4,191.89212731256725,Optimal,True,Optimal,heuristic,0.0003551170011633
2,11,17,41,0.6,ILP,0.984,True,0.0,True,1.0,8,809.7295209936132,248.2425505161357,4,191.89212731256725,Optimal,True,Optimal,heuristic,0.5477626959982445
2,11,17,41,0.6,MILP,0.984,True,0.0,True,1.0,8,809.7295209936132,248.2425505161357,4,191.89212731256725,Optimal,True,Optimal,heuristic,0.1111549810011638
2,11,17,41,0.6,Dijkstra,0.984,True,0.0,True,1.0,8,809.7295209936132,248.2425505161357,4,191.89212731256725,Optimal,True,Optimal,heuristic,0.0003484359986032
2,11,17,41,0.7,ILP,0.992,True,0.0,True,1.0,4,445.0418760075181,186.18191288710184,4,191.89212731256725,Optimal,True,Optimal,heuristic,0.2956259300008241
2,11,17,41,0.7,MILP,0.992,True,0.0,True,1.0,4,445.0418760075181,186.18191288710184,4,191.89212731256725,Optimal,True,Optimal,heuristic,0.1107134920021053
2,11,17,41,0.7,Dijkstra,0.992,True,0.0,True,1.0,4,445.0418760075181,186.18191288710184,4,191.89212731256725,Optimal,True,Optimal,heuristic,0.0003284160011389
2,11,17,41,0.8,ILP,0.994,True,0.0,True,1.0,3,238.52733905452212,124.12127525806784,4,191.8921273125672,Optimal,True,Optimal,heuristic,0.2343385009990015
2,11,17,41,0.8,MILP,0.994,False,0.0,True,1.0,3,238.52733905452212,124.12127525806784,4,191.89212731256725,Optimal,True,Optimal,heuristic,0.1238689330020861
2,11,17,41,0.8,Dijkstra,0.994,False,0.0,True,1.0,3,238.52733905452212,124.12127525806784,4,191.89212731256725,Optimal,True,Optimal,heuristic,0.0003377659995749
2,11,17,41,0.9,ILP,0.996,True,0.0,True,1.0,2,70.73781644618066,62.06063762903386,4,191.89212731256725,Optimal,True,Optimal,heuristic,1.1507237180012453
2,11,17,41,0.9,MILP,0.996,True,0.0,True,1.0,2,70.73781644618066,62.06063762903386,4,191.89212731256725,Optimal,True,Optimal,heuristic,0.1726015239983098
2,11,17,41,0.9,Dijkstra,0.996,True,0.0,True,1.0,2,70.73781644618066,62.06063762903386,4,191.89212731256725,Optimal,True,Optimal,heuristic,0.0004919179991702
2,12,45,23,0.5,ILP,0.938,True,0.0,True,1.0,31,3895.783692825257,406.9136923520822,6,375.0285527532517,Optimal,True,Optimal,heuristic,1.091858162999415
2,12,45,23,0.5,MILP,0.938,True,0.0,True,1.0,31,3895.783692825257,406.9136923520822,6,375.0285527532517,Optimal,True,Optimal,heuristic,0.2482853490000707
2,12,45,23,0.5,Dijkstra,0.934,False,0.004,False,0.0,33,5403.983593947401,1008.0829131374647,8,370.1598129509613,Optimal,True,Optimal,heuristic,0.0006616579994442
2,12,45,23,0.6,ILP,0.964,True,0.0,True,1.0,18,3419.29731150074,912.079230130391,6,379.45448962328106,Optimal,True,Optimal,heuristic,0.79141398000138
2,12,45,23,0.6,MILP,0.958,False,0.006,False,0.0,21,1836.4378260391372,325.5309538816656,6,375.0285527532516,Optimal,True,Optimal,heuristic,0.2513139069997123
2,12,45,23,0.6,Dijkstra,0.956,False,0.008,False,0.0,22,3195.3872509936955,926.7001746670484,8,370.1598129509613,Optimal,True,Optimal,heuristic,0.0003965180003433
2,12,45,23,0.7,ILP,0.984,True,0.0,True,1.0,8,692.9146232012852,244.14821541124968,5,375.0285527532516,Optimal,True,Optimal,heuristic,0.6946929410005396
2,12,45,23,0.7,MILP,0.984,False,0.0,True,1.0,8,692.9146232012845,244.1482154112493,6,375.0285527532517,Optimal,True,Optimal,heuristic,0.1029173729984904
2,12,45,23,0.7,Dijkstra,0.978,False,0.006,False,0.0,11,1905.9886137446765,845.3174361966319,8,370.1598129509613,Optimal,True,Optimal,heuristic,0.000321735999023
2,12,45,23,0.8,ILP,0.994,True,0.0,True,1.0,3,281.9963233796094,162.76547694083283,6,375.0285527532517,Optimal,True,Optimal,heuristic,0.1751915339991683
2,12,45,23,0.8,MILP,0.994,True,0.0,True,1.0,3,281.9963233796094,162.76547694083283,6,375.0285527532517,Optimal,True,Optimal,heuristic,0.1043931189997238
2,12,45,23,0.8,Dijkstra,0.99,False,0.004,False,0.0,5,1253.7001023364596,763.9346977262154,8,370.1598129509613,Optimal,True,Optimal,heuristic,0.0003527859989844
2,12,45,23,0.9,ILP,0.998,True,0.0,True,1.0,1,81.38273847041648,81.38273847041648,6,375.0285527532517,Optimal,True,Optimal,heuristic,0.1475577429991972
2,12,45,23,0.9,MILP,0.998,True,0.0,True,1.0,1,81.38273847041648,81.38273847041648,6,375.0285527532517,Optimal,True,Optimal,heuristic,0.1134647660001064
2,12,45,23,0.9,Dijkstra,0.994,False,0.004,False,0.0,3,941.383529096255,682.551959255799,8,370.1598129509613,Optimal,True,Optimal,heuristic,0.0003249749970564
2,13,4,63,0.5,ILP,0.882,True,0.0,True,1.0,59,4031.56812941481,212.280925417498,4,182.59388808414636,Optimal,True,Optimal,heuristic,0.4198337880006875
2,13,4,63,0.5,MILP,0.882,False,0.0,True,1.0,59,4031.56812941481,212.28092541749805,3,182.59388808414624,Optimal,True,Optimal,heuristic,0.1344173840006988
2,13,4,63,0.5,Dijkstra,0.882,True,0.0,True,1.0,59,4031.56812941481,212.280925417498,4,182.59388808414636,Optimal,True,Optimal,heuristic,0.0003753380005946
2,13,4,63,0.6,ILP,0.932,True,0.0,True,1.0,34,2074.061244868364,169.82474033399842,4,182.59388808414636,Optimal,True,Optimal,heuristic,0.3491744140010269
2,13,4,63,0.6,MILP,0.932,True,0.0,True,1.0,34,2074.061244868364,169.82474033399842,4,182.59388808414636,Optimal,True,Optimal,heuristic,0.1827124649971665
2,13,4,63,0.6,Dijkstra,0.932,True,0.0,True,1.0,34,2074.061244868364,169.82474033399842,4,182.59388808414636,Optimal,True,Optimal,heuristic,0.0003368040015629
2,13,4,63,0.7,ILP,0.96,True,0.0,True,1.0,20,944.8957071617368,127.36855525049884,4,182.59388808414636,Optimal,True,Optimal,heuristic,0.3035364030001801
2,13,4,63,0.7,MILP,0.96,True,0.0,True,1.0,20,944.8957071617368,127.36855525049884,4,182.59388808414636,Optimal,True,Optimal,heuristic,0.1482156780002697
2,13,4,63,0.7,Dijkstra,0.96,True,0.0,True,1.0,20,944.8957071617368,127.36855525049884,4,182.59388808414636,Optimal,True,Optimal,heuristic,0.0003854889982903
2,13,4,63,0.8,ILP,0.982,True,0.0,True,1.0,9,399.6962847283822,84.91237016699915,4,182.59388808414636,Optimal,True,Optimal,heuristic,0.1805318210026598
2,13,4,63,0.8,MILP,0.982,True,0.0,True,1.0,9,399.6962847283822,84.91237016699915,4,182.59388808414636,Optimal,True,Optimal,heuristic,0.1448283909994643
2,13,4,63,0.8,Dijkstra,0.982,True,0.0,True,1.0,9,399.6962847283822,84.91237016699915,4,182.59388808414636,Optimal,True,Optimal,heuristic,0.0003324600002088
2,13,4,63,0.9,ILP,0.988,True,0.0,True,1.0,6,133.03234207066282,42.45618508349958,4,182.59388808414636,Optimal,True,Optimal,heuristic,0.1601253549997636
2,13,4,63,0.9,MILP,0.988,True,0.0,True,1.0,6,133.03234207066282,42.45618508349958,4,182.59388808414636,Optimal,True,Optimal,heuristic,0.1407869530012249
2,13,4,63,0.9,Dijkstra,0.988,True,0.0,True,1.0,6,133.03234207066282,42.45618508349958,4,182.59388808414636,Optimal,True,Optimal,heuristic,0.0003669309990073
2,14,44,50,0.5,ILP,0.94,True,0.0,True,1.0,30,2059.20174823382,335.120076281848,6,238.712884659775,Optimal,True,Optimal,heuristic,0.5498571729985997
2,14,44,50,0.5,MILP,0.94,True,0.0,True,1.0,30,2059.20174823382,335.120076281848,6,238.712884659775,Optimal,True,Optimal,heuristic,0.1373416730020835
2,14,44,50,0.5,Dijkstra,0.94,True,0.0,True,1.0,30,2059.20174823382,335.120076281848,6,238.712884659775,Optimal,True,Optimal,heuristic,0.0003286350001872
2,14,44,50,0.6,ILP,0.98,True,0.0,True,1.0,10,878.5900007078063,268.09606102547843,6,238.712884659775,Optimal,True,Optimal,heuristic,0.2508538549991499
2,14,44,50,0.6,MILP,0.98,True,0.0,True,1.0,10,878.5900007078063,268.09606102547843,6,238.712884659775,Optimal,True,Optimal,heuristic,0.125519017001352
2,14,44,50,0.6,Dijkstra,0.98,True,0.0,True,1.0,10,878.5900007078063,268.09606102547843,6,238.712884659775,Optimal,True,Optimal,heuristic,0.0003378969995537
2,14,44,50,0.7,ILP,0.99,True,0.0,True,1.0,5,371.3492228456183,201.07204576910885,6,238.712884659775,Optimal,True,Optimal,heuristic,0.196365579002304
2,14,44,50,0.7,MILP,0.99,False,0.0,True,1.0,5,371.3492228456186,201.07204576910908,6,238.712884659775,Optimal,True,Optimal,heuristic,0.1040113500021107
2,14,44,50,0.7,Dijkstra,0.99,True,0.0,True,1.0,5,371.3492228456183,201.07204576910885,6,238.712884659775,Optimal,True,Optimal,heuristic,0.0003600870004447
2,14,44,50,0.8,ILP,0.996,True,0.0,True,1.0,2,193.0864533984867,134.04803051273916,6,238.712884659775,Optimal,True,Optimal,heuristic,0.1064962349992129
2,14,44,50,0.8,MILP,0.996,True,0.0,True,1.0,2,193.0864533984867,134.04803051273916,6,238.712884659775,Optimal,True,Optimal,heuristic,0.0902904860013222
2,14,44,50,0.8,Dijkstra,0.996,True,0.0,True,1.0,2,193.0864533984867,134.04803051273916,6,238.712884659775,Optimal,True,Optimal,heuristic,0.0003227460001653
2,14,44,50,0.9,ILP,0.998,True,0.0,True,1.0,1,67.02401525636958,67.02401525636958,6,238.712884659775,Optimal,True,Optimal,heuristic,0.1203576730003987
2,14,44,50,0.9,MILP,0.998,False,0.0,True,1.0,1,67.02401525636947,67.02401525636947,6,238.712884659775,Optimal,True,Optimal,heuristic,0.1102380539996374
2,14,44,50,0.9,Dijkstra,0.998,True,0.0,True,1.0,1,67.02401525636958,67.02401525636958,6,238.712884659775,Optimal,True,Optimal,heuristic,0.0003585060003388
2,15,49,12,0.5,ILP,0.958,True,0.0,True,1.0,21,1983.391650205681,280.8295649861511,6,184.82056938668376,Optimal,True,Optimal,heuristic,0.5489287670025078
2,15,49,12,0.5,MILP,0.956,False,0.002,False,0.0,22,1791.9264477085255,350.3858649358451,2,146.50844704811777,Optimal,True,Optimal,heuristic,0.291352131000167
2,15,49,12,0.5,Dijkstra,0.956,False,0.002,False,0.0,22,1791.9264477085255,350.3858649358451,2,146.50844704811777,Optimal,True,Optimal,heuristic,0.000365566000255
2,15,49,12,0.6,ILP,0.976,True,0.0,True,1.0,12,872.1288991609316,294.21995193861494,2,146.50844704811777,Optimal,True,Optimal,heuristic,0.3664615259986021
2,15,49,12,0.6,MILP,0.976,True,0.0,True,1.0,12,872.1288991609316,294.21995193861494,2,146.50844704811777,Optimal,True,Optimal,heuristic,0.2292501480005739
2,15,49,12,0.6,Dijkstra,0.976,True,0.0,True,1.0,12,872.1288991609316,294.21995193861494,2,146.50844704811777,Optimal,True,Optimal,heuristic,0.0003266200001235
2,15,49,12,0.7,ILP,0.992,True,0.0,True,1.0,4,435.42980613005767,238.0540389413848,2,146.50844704811777,Optimal,True,Optimal,heuristic,0.1895218970021233
2,15,49,12,0.7,MILP,0.992,True,0.0,True,1.0,4,435.42980613005767,238.0540389413848,2,146.50844704811777,Optimal,True,Optimal,heuristic,0.1783821869976236
2,15,49,12,0.7,Dijkstra,0.992,True,0.0,True,1.0,4,435.42980613005767,238.0540389413848,2,146.50844704811777,Optimal,True,Optimal,heuristic,0.0003441059998294
2,15,49,12,0.8,ILP,0.996,True,0.0,True,1.0,2,238.95600518248372,181.88812594415447,2,146.50844704811777,Optimal,True,Optimal,heuristic,0.1376515750016551
2,15,49,12,0.8,MILP,0.996,True,0.0,True,1.0,2,238.95600518248372,181.88812594415447,2,146.50844704811777,Optimal,True,Optimal,heuristic,0.1873421630007214
2,15,49,12,0.8,Dijkstra,0.996,True,0.0,True,1.0,2,238.95600518248372,181.88812594415447,2,146.50844704811777,Optimal,True,Optimal,heuristic,0.0003509850030241
2,15,49,12,0.9,ILP,0.996,True,0.0,True,1.0,2,126.6241791880234,125.72221294692427,2,146.50844704811777,Optimal,True,Optimal,heuristic,0.1373359030003484
2,15,49,12,0.9,MILP,0.996,False,0.0,True,1.0,2,96.07585990335168,56.16591299723029,6,184.82056938668376,Optimal,True,Optimal,heuristic,0.1618369169991638
2,15,49,12,0.9,Dijkstra,0.996,True,0.0,True,1.0,2,126.6241791880234,125.72221294692427,2,146.50844704811777,Optimal,True,Optimal,heuristic,0.0003418410015001
2,16,32,2,0.5,ILP,0.928,True,0.0,True,1.0,36,2928.137487035653,275.55028235228474,5,239.58754912965264,Optimal,True,Optimal,heuristic,2.1224129290021665
2,16,32,2,0.5,MILP,0.928,True,0.0,True,1.0,36,2928.137487035653,275.55028235228474,5,239.58754912965264,Optimal,True,Optimal,heuristic,0.3799681310010783
2,16,32,2,0.5,Dijkstra,0.92,False,0.008,False,0.0,40,3699.9684597274168,367.6955057752749,5,229.33636775669265,Optimal,True,Optimal,heuristic,0.0003110149991698
2,16,32,2,0.6,ILP,0.964,True,0.0,True,1.0,18,2118.783525164924,312.585449304818,5,229.33636775669265,Optimal,True,Optimal,heuristic,1.435799943999882
2,16,32,2,0.6,MILP,0.958,False,0.006,False,0.0,21,1368.0738467203437,220.4402258818278,5,239.58754912965264,Optimal,True,Optimal,heuristic,0.3771430890010379
2,16,32,2,0.6,Dijkstra,0.964,True,0.0,True,1.0,18,2118.783525164924,312.585449304818,5,229.33636775669265,Optimal,True,Optimal,heuristic,0.0003513750016281
2,16,32,2,0.7,ILP,0.98,True,0.0,True,1.0,10,588.3501084315819,165.3301694113709,5,239.58754912965264,Optimal,True,Optimal,heuristic,1.0360020339976472
2,16,32,2,0.7,MILP,0.98,True,0.0,True,1.0,10,588.3501084315819,165.3301694113709,5,239.58754912965264,Optimal,True,Optimal,heuristic,0.5994024390020058
2,16,32,2,0.7,Dijkstra,0.976,False,0.004,False,0.0,12,1289.6291130313084,257.47539283436106,5,229.33636775669265,Optimal,True,Optimal,heuristic,0.000349878999259
2,16,32,2,0.8,ILP,0.99,True,0.0,True,1.0,5,178.63778473892933,110.22011294091384,5,239.58754912965264,Optimal,True,Optimal,heuristic,0.9153916249997563
2,16,32,2,0.8,MILP,0.99,False,0.0,True,1.0,5,178.63778473892955,110.22011294091396,5,239.58754912965264,Optimal,True,Optimal,heuristic,0.164120601999457
2,16,32,2,0.8,Dijkstra,0.986,False,0.004,False,0.0,7,777.5399779509854,202.365336363904,5,229.33636775669265,Optimal,True,Optimal,heuristic,0.0003811559981841
2,16,32,2,0.9,ILP,0.998,True,0.0,True,1.0,1,55.110056470456925,55.110056470456925,5,239.58754912965264,Optimal,True,Optimal,heuristic,0.1862191159998474
2,16,32,2,0.9,MILP,0.998,False,0.0,True,1.0,1,55.11005647045681,55.11005647045681,5,239.5875491296526,Optimal,True,Optimal,heuristic,0.1668953500011412
2,16,32,2,0.9,Dijkstra,0.988,False,0.01,False,0.0,6,409.8848177583144,147.2552798934471,5,229.33636775669265,Optimal,True,Optimal,heuristic,0.0003317769987916
2,17,35,10,0.5,ILP,0.986,True,0.0,True,1.0,7,1353.59883558687,742.5983093106886,9,433.25967448552507,Optimal,True,Optimal,heuristic,0.4746597499979543
2,17,35,10,0.5,MILP,0.986,False,0.0,True,1.0,7,1353.5988355868667,742.5983093106877,8,433.2596744855248,Optimal,True,Optimal,heuristic,0.9390322280014516
2,17,35,10,0.5,Dijkstra,0.986,True,0.0,True,1.0,7,1353.59883558687,742.5983093106886,9,433.25967448552507,Optimal,True,Optimal,heuristic,0.0003977570013375
2,17,35,10,0.6,ILP,0.994,True,0.0,True,1.0,3,919.6670348493532,641.9029176885997,9,433.25967448552507,Optimal,True,Optimal,heuristic,0.1498314950003987
2,17,35,10,0.6,MILP,0.994,True,0.0,True,1.0,3,919.6670348493532,641.9029176885997,9,433.25967448552507,Optimal,True,Optimal,heuristic,0.4368171440000878
2,17,35,10,0.6,Dijkstra,0.994,True,0.0,True,1.0,3,919.6670348493532,641.9029176885997,9,433.25967448552507,Optimal,True,Optimal,heuristic,0.0003832570000668
2,17,35,10,0.7,ILP,0.994,True,0.0,True,1.0,3,617.5808599830875,541.2075260665113,9,433.2596744855255,Optimal,True,Optimal,heuristic,0.3816729800018947
2,17,35,10,0.7,MILP,0.994,False,0.0,True,1.0,3,588.2459333378622,490.90771853761976,11,581.39424636659,Optimal,True,Optimal,heuristic,0.6434869889999391
2,17,35,10,0.7,Dijkstra,0.994,False,0.0,True,1.0,3,617.5808599830864,541.2075260665108,9,433.25967448552507,Optimal,True,Optimal,heuristic,0.000363303002814
2,17,35,10,0.8,ILP,0.998,True,0.0,True,1.0,1,440.5121344444219,440.5121344444219,9,433.25967448552507,Optimal,True,Optimal,heuristic,0.1638862719992175
2,17,35,10,0.8,MILP,0.998,False,0.0,True,1.0,1,390.21232691553087,390.21232691553087,11,581.39424636659,Optimal,True,Optimal,heuristic,0.3403436779990443
2,17,35,10,0.8,Dijkstra,0.998,True,0.0,True,1.0,1,440.5121344444219,440.5121344444219,9,433.25967448552507,Optimal,True,Optimal,heuristic,0.0004019670013803
2,17,35,10,0.9,ILP,0.998,True,0.0,True,1.0,1,339.8167428223328,339.8167428223328,9,433.25967448552507,Optimal,True,Optimal,heuristic,0.1562344750018383
2,17,35,10,0.9,MILP,0.994,False,0.004,False,0.0,3,134.07528057910326,100.69539162208888,14,694.7947841486289,Optimal,True,Optimal,heuristic,0.2138998240006913
2,17,35,10,0.9,Dijkstra,0.998,True,0.0,True,1.0,1,339.8167428223328,339.8167428223328,9,433.25967448552507,Optimal,True,Optimal,heuristic,0.0003471390009508
2,18,48,44,0.5,ILP,0.906,True,0.0,True,1.0,47,4512.339101937056,441.7315913796916,8,406.73984845951065,Optimal,True,Optimal,heuristic,0.5940263199991023
2,18,48,44,0.5,MILP,0.906,False,0.0,True,1.0,47,4512.339101937056,441.7315913796916,8,406.73984845951065,Optimal,True,Optimal,heuristic,0.128481219002424
2,18,48,44,0.5,Dijkstra,0.906,False,0.0,True,1.0,47,4512.339101937056,441.7315913796916,8,406.73984845951065,Optimal,True,Optimal,heuristic,0.0003458600003796
2,18,48,44,0.6,ILP,0.956,True,0.0,True,1.0,22,2044.5615858085912,369.43349987741226,8,406.73984845951065,Optimal,True,Optimal,heuristic,0.4149136150008417
2,18,48,44,0.6,MILP,0.956,True,0.0,True,1.0,22,2044.5615858085912,369.43349987741226,8,406.73984845951065,Optimal,True,Optimal,heuristic,0.1117175110011885
2,18,48,44,0.6,Dijkstra,0.956,True,0.0,True,1.0,22,2044.5615858085912,369.43349987741226,8,406.73984845951065,Optimal,True,Optimal,heuristic,0.0003878620009345
2,18,48,44,0.7,ILP,0.978,True,0.0,True,1.0,11,803.5857908764262,297.1354083751329,8,406.7398484595106,Optimal,True,Optimal,heuristic,0.2272438780019001
2,18,48,44,0.7,MILP,0.978,False,0.0,True,1.0,11,803.5857908764281,297.135408375133,8,406.7398484595106,Optimal,True,Optimal,heuristic,0.1732715720027045
2,18,48,44,0.7,Dijkstra,0.978,False,0.0,True,1.0,11,803.5857908764262,297.1354083751329,8,406.73984845951065,Optimal,True,Optimal,heuristic,0.0003513529991323
2,18,48,44,0.8,ILP,0.994,True,0.0,True,1.0,3,405.228360056068,224.83731687285356,8,406.73984845951065,Optimal,True,Optimal,heuristic,0.1195922739971138
2,18,48,44,0.8,MILP,0.994,True,0.0,True,1.0,3,405.228360056068,224.83731687285356,8,406.73984845951065,Optimal,True,Optimal,heuristic,0.1033812800014857
2,18,48,44,0.8,Dijkstra,0.994,True,0.0,True,1.0,3,405.228360056068,224.83731687285356,8,406.73984845951065,Optimal,True,Optimal,heuristic,0.0003429240023251
2,18,48,44,0.9,ILP,0.996,True,0.0,True,1.0,2,189.23795854958644,152.53922537057417,8,406.73984845951065,Optimal,True,Optimal,heuristic,0.1109109479984908
2,18,48,44,0.9,MILP,0.996,True,0.0,True,1.0,2,189.23795854958644,152.53922537057417,8,406.73984845951065,Optimal,True,Optimal,heuristic,0.1439792170021974
2,18,48,44,0.9,Dijkstra,0.996,True,0.0,True,1.0,2,189.23795854958644,152.53922537057417,8,406.73984845951065,Optimal,True,Optimal,heuristic,0.0003759869978239
2,19,26,21,0.5,ILP,0.918,True,0.0,True,1.0,41,6924.015168797354,692.2931848449983,13,735.6433727068869,Optimal,True,Optimal,heuristic,0.6013909850007622
2,19,26,21,0.5,MILP,0.918,True,0.0,True,1.0,41,6924.015168797354,692.2931848449983,13,735.6433727068869,Optimal,True,Optimal,heuristic,0.1214004249995923
2,19,26,21,0.5,Dijkstra,0.918,True,0.0,True,1.0,41,6924.015168797354,692.2931848449983,13,735.6433727068869,Optimal,True,Optimal,heuristic,0.0003562460005923
2,19,26,21,0.6,ILP,0.962,True,0.0,True,1.0,19,2970.3785876917336,553.8345478759986,13,735.6433727068869,Optimal,True,Optimal,heuristic,0.8377460650008288
2,19,26,21,0.6,MILP,0.962,False,0.0,True,1.0,19,2970.3785876917336,553.8345478759986,13,735.6433727068868,Optimal,True,Optimal,heuristic,0.1229316669996478
2,19,26,21,0.6,Dijkstra,0.962,True,0.0,True,1.0,19,2970.3785876917336,553.8345478759986,13,735.6433727068869,Optimal,True,Optimal,heuristic,0.0003690329976961
2,19,26,21,0.7,ILP,0.986,True,0.0,True,1.0,7,1375.2392483630329,415.375910906999,13,735.6433727068869,Optimal,True,Optimal,heuristic,0.4055411710032786
2,19,26,21,0.7,MILP,0.986,True,0.0,True,1.0,7,1375.2392483630329,415.375910906999,13,735.6433727068869,Optimal,True,Optimal,heuristic,0.1202024939993862
2,19,26,21,0.7,Dijkstra,0.986,True,0.0,True,1.0,7,1375.2392483630329,415.375910906999,13,735.6433727068869,Optimal,True,Optimal,heuristic,0.0004586370014294
2,19,26,21,0.8,ILP,0.994,True,0.0,True,1.0,3,739.8251774333771,276.9172739379992,13,735.6433727068869,Optimal,True,Optimal,heuristic,0.3647915319997992
2,19,26,21,0.8,MILP,0.994,True,0.0,True,1.0,3,739.8251774333771,276.9172739379992,13,735.6433727068869,Optimal,True,Optimal,heuristic,0.1288423340010922
2,19,26,21,0.8,Dijkstra,0.994,True,0.0,True,1.0,3,739.8251774333771,276.9172739379992,13,735.6433727068869,Optimal,True,Optimal,heuristic,0.0003368040015629
2,19,26,21,0.9,ILP,0.996,True,0.0,True,1.0,2,396.7527696344814,322.0057111965764,12,748.3863110556878,Optimal,True,Optimal,heuristic,0.1914424019996659
2,19,26,21,0.9,MILP,0.992,False,0.004,False,0.0,4,292.7799807355675,148.2465110787275,14,809.5850461130783,Optimal,True,Optimal,heuristic,0.1157321259997843
2,19,26,21,0.9,Dijkstra,0.994,False,0.002,False,0.0,3,324.4492665263783,138.4586369689996,13,735.6433727068869,Optimal,True,Optimal,heuristic,0.0004102879975107
3,0,34,63,0.5,ILP,0.934,True,0.0,True,1.0,33,3556.833502871109,363.771145759461,5,305.8975590039803,Optimal,True,Optimal,heuristic,2.143987356001162
3,0,34,63,0.5,MILP,0.934,False,0.0,True,1.0,33,3556.8335028711085,363.771145759461,5,305.89755900398035,Optimal,True,Optimal,heuristic,2.078322493998712
3,0,34,63,0.5,Dijkstra,0.934,True,0.0,True,1.0,33,3556.833502871109,363.771145759461,5,305.8975590039803,Optimal,True,Optimal,heuristic,0.0003566720006347
3,0,34,63,0.6,ILP,0.962,True,0.0,True,1.0,19,1733.3618329040146,291.0169166075689,5,305.8975590039803,Optimal,True,Optimal,heuristic,1.5161391189976712
3,0,34,63,0.6,MILP,0.962,False,0.0,True,1.0,19,1733.3618329040144,291.0169166075689,4,305.8975590039803,Optimal,True,Optimal,heuristic,1.034965470997122
3,0,34,63,0.6,Dijkstra,0.962,True,0.0,True,1.0,19,1733.3618329040146,291.0169166075689,5,305.8975590039803,Optimal,True,Optimal,heuristic,0.000347116998455
3,0,34,63,0.7,ILP,0.986,True,0.0,True,1.0,7,735.4556794196149,218.26268745567663,5,305.8975590039803,Optimal,True,Optimal,heuristic,1.1080489050000324
3,0,34,63,0.7,MILP,0.986,True,0.0,True,1.0,7,735.4556794196149,218.26268745567663,5,305.8975590039803,Optimal,True,Optimal,heuristic,0.7336858460002986
3,0,34,63,0.7,Dijkstra,0.986,True,0.0,True,1.0,7,735.4556794196149,218.26268745567663,5,305.8975590039803,Optimal,True,Optimal,heuristic,0.0003157060018565
3,0,34,63,0.8,ILP,0.994,True,0.0,True,1.0,3,333.88250510586454,145.50845830378432,5,305.8975590039803,Optimal,True,Optimal,heuristic,0.514947559000575
3,0,34,63,0.8,MILP,0.994,True,0.0,True,1.0,3,333.88250510586454,145.50845830378432,5,305.8975590039803,Optimal,True,Optimal,heuristic,0.3825387050019344
3,0,34,63,0.8,Dijkstra,0.994,True,0.0,True,1.0,3,333.88250510586454,145.50845830378432,5,305.8975590039803,Optimal,True,Optimal,heuristic,0.0003674270010378
3,0,34,63,0.9,ILP,0.996,True,0.0,True,1.0,2,219.0611315324345,117.31170683960828,6,356.5203097819617,Optimal,True,Optimal,heuristic,0.3451611370001046
3,0,34,63,0.9,MILP,0.996,False,0.0,True,1.0,2,126.7352711838297,72.75422915189222,5,305.8975590039803,Optimal,True,Optimal,heuristic,0.2296548389967938
3,0,34,63,0.9,Dijkstra,0.996,False,0.0,True,1.0,2,126.7352711838298,72.75422915189222,5,305.8975590039803,Optimal,True,Optimal,heuristic,0.0003592400025809
3,1,47,49,0.5,ILP,0.992,True,0.0,True,1.0,4,623.7011731727779,456.0664692720717,1,80.79482986618765,Optimal,True,Optimal,heuristic,0.0901708519995736
3,1,47,49,0.5,MILP,0.992,True,0.0,True,1.0,4,623.7011731727779,456.0664692720717,1,80.79482986618765,Optimal,True,Optimal,heuristic,0.0930138740004622
3,1,47,49,0.5,Dijkstra,0.992,True,0.0,True,1.0,4,623.7011731727779,456.0664692720717,1,80.79482986618765,Optimal,True,Optimal,heuristic,0.0003268699983891
3,1,47,49,0.6,ILP,0.996,True,0.0,True,1.0,2,434.0561659256063,364.8531754176573,1,80.79482986618765,Optimal,True,Optimal,heuristic,0.0905890270005329
3,1,47,49,0.6,MILP,0.996,True,0.0,True,1.0,2,434.0561659256063,364.8531754176573,1,80.79482986618765,Optimal,True,Optimal,heuristic,0.0908398120009223
3,1,47,49,0.6,Dijkstra,0.996,True,0.0,True,1.0,2,434.0561659256063,364.8531754176573,1,80.79482986618765,Optimal,True,Optimal,heuristic,0.0003255909978179
3,1,47,49,0.7,ILP,0.998,True,0.0,True,1.0,1,273.6398815632431,273.6398815632431,1,80.79482986618765,Optimal,True,Optimal,heuristic,0.0917687649998697
3,1,47,49,0.7,MILP,0.998,True,0.0,True,1.0,1,273.6398815632431,273.6398815632431,1,80.79482986618765,Optimal,True,Optimal,heuristic,0.0921532520005712
3,1,47,49,0.7,Dijkstra,0.998,True,0.0,True,1.0,1,273.6398815632431,273.6398815632431,1,80.79482986618765,Optimal,True,Optimal,heuristic,0.0003075639979215
3,1,47,49,0.8,ILP,0.998,True,0.0,True,1.0,1,182.4265877088286,182.4265877088286,1,80.79482986618765,Optimal,True,Optimal,heuristic,0.0953457260002323
3,1,47,49,0.8,MILP,0.998,True,0.0,True,1.0,1,182.4265877088286,182.4265877088286,1,80.79482986618765,Optimal,True,Optimal,heuristic,0.0911435249981877
3,1,47,49,0.8,Dijkstra,0.998,True,0.0,True,1.0,1,182.4265877088286,182.4265877088286,1,80.79482986618765,Optimal,True,Optimal,heuristic,0.0003291880020697
3,1,47,49,0.9,ILP,0.998,True,0.0,True,1.0,1,91.21329385441436,91.21329385441436,1,80.79482986618765,Optimal,True,Optimal,heuristic,0.0910785390005912
3,1,47,49,0.9,MILP,0.998,True,0.0,True,1.0,1,91.21329385441436,91.21329385441436,1,80.79482986618765,Optimal,True,Optimal,heuristic,0.0897293529997114
3,1,47,49,0.9,Dijkstra,0.998,True,0.0,True,1.0,1,91.21329385441436,91.21329385441436,1,80.79482986618765,Optimal,True,Optimal,heuristic,0.0003165659982187
3,2,46,51,0.5,ILP,0.944,True,0.0,True,1.0,28,5016.466977730122,1180.122300971728,8,405.3619364360182,Optimal,True,Optimal,heuristic,0.5641659180000715
3,2,46,51,0.5,MILP,0.914,False,0.0299999999999999,False,0.0,43,4719.092561350693,479.4017444670792,10,464.9466131451364,Optimal,True,Optimal,heuristic,0.3813943040004233
3,2,46,51,0.5,Dijkstra,0.944,False,0.0,True,1.0,28,5016.466977730119,1180.122300971728,8,405.3619364360181,Optimal,True,Optimal,heuristic,0.0004230599988659
3,2,46,51,0.6,ILP,0.968,True,0.0,True,1.0,16,2931.610037330388,1084.2419520783124,8,405.3619364360181,Optimal,True,Optimal,heuristic,0.4325930939994578
3,2,46,51,0.6,MILP,0.966,False,0.002,False,0.0,17,2103.025179506385,383.5213955736634,10,464.9466131451362,Optimal,True,Optimal,heuristic,0.2117786220005655
3,2,46,51,0.6,Dijkstra,0.968,True,0.0,True,1.0,16,2931.610037330388,1084.2419520783124,8,405.3619364360181,Optimal,True,Optimal,heuristic,0.0003488939983071
3,2,46,51,0.7,ILP,0.984,True,0.0,True,1.0,8,1945.737826053693,988.361603184896,8,405.3619364360182,Optimal,True,Optimal,heuristic,0.37332779999997
3,2,46,51,0.7,MILP,0.982,False,0.002,False,0.0,9,864.4247812903199,287.6410466802471,10,464.9466131451364,Optimal,True,Optimal,heuristic,0.1418200869993597
3,2,46,51,0.7,Dijkstra,0.984,False,0.0,True,1.0,8,1945.7378260536927,988.3616031848964,8,405.3619364360181,Optimal,True,Optimal,heuristic,0.0003584389996831
3,2,46,51,0.8,ILP,0.992,True,0.0,True,1.0,4,353.76751822237907,191.76069778683168,9,464.94661314513615,Optimal,True,Optimal,heuristic,0.1625829680015158
3,2,46,51,0.8,MILP,0.992,False,0.0,True,1.0,4,353.7675182223778,191.76069778683168,10,464.9466131451363,Optimal,True,Optimal,heuristic,0.1150758240000868
3,2,46,51,0.8,Dijkstra,0.99,False,0.002,False,0.0,5,1343.042427310373,892.4812542914805,8,405.3619364360181,Optimal,True,Optimal,heuristic,0.0003201060026185
3,2,46,51,0.9,ILP,0.998,True,0.0,True,1.0,1,95.88034889341566,95.88034889341566,10,464.9466131451362,Optimal,True,Optimal,heuristic,0.1003074149994063
3,2,46,51,0.9,MILP,0.998,True,0.0,True,1.0,1,95.88034889341566,95.88034889341566,10,464.9466131451362,Optimal,True,Optimal,heuristic,0.1018868930004828
3,2,46,51,0.9,Dijkstra,0.994,False,0.004,False,0.0,3,979.4995976661442,796.6009053980645,8,405.3619364360181,Optimal,True,Optimal,heuristic,0.0003393870028958
3,3,33,8,0.5,ILP,0.988,True,0.0,True,1.0,6,826.7032842254214,381.7939214972977,2,132.11542094469948,Optimal,True,Optimal,heuristic,0.2699682620004751
3,3,33,8,0.5,MILP,0.988,False,0.0,True,1.0,6,826.7032842254209,381.7939214972977,1,132.11542094469948,Optimal,True,Optimal,heuristic,0.2840643900017312
3,3,33,8,0.5,Dijkstra,0.986,False,0.002,False,0.0,7,966.4218743763744,310.40276829905645,3,113.31955061180967,Optimal,True,Optimal,heuristic,0.0003248360008001
3,3,33,8,0.6,ILP,0.994,True,0.0,True,1.0,3,563.430208867167,324.2475665341465,1,132.11542094469948,Optimal,True,Optimal,heuristic,0.1862936110010196
3,3,33,8,0.6,MILP,0.994,False,0.0,True,1.0,3,563.430208867167,324.2475665341465,2,132.11542094469948,Optimal,True,Optimal,heuristic,0.4388178519984649
3,3,33,8,0.6,Dijkstra,0.99,False,0.004,False,0.0,5,655.2173233630964,252.85641333590524,3,113.31955061180967,Optimal,True,Optimal,heuristic,0.0003887610000674
3,3,33,8,0.7,ILP,0.996,True,0.0,True,1.0,2,408.56987066425927,266.70121157099527,2,132.11542094469948,Optimal,True,Optimal,heuristic,0.1614736430019547
3,3,33,8,0.7,MILP,0.992,False,0.004,False,0.0,4,380.4600609145263,195.31005837275404,3,113.31955061180967,Optimal,True,Optimal,heuristic,0.5037251069988997
3,3,33,8,0.7,Dijkstra,0.992,False,0.004,False,0.0,4,380.4600609145263,195.31005837275404,3,113.31955061180967,Optimal,True,Optimal,heuristic,0.0003658489986264
3,3,33,8,0.8,ILP,0.996,True,0.0,True,1.0,2,293.47716073795664,209.15485660784395,2,132.11542094469948,Optimal,True,Optimal,heuristic,0.1990892640023958
3,3,33,8,0.8,MILP,0.994,False,0.002,False,0.0,3,163.88548750115183,137.76370340960273,3,113.31955061180967,Optimal,True,Optimal,heuristic,0.1362938319980458
3,3,33,8,0.8,Dijkstra,0.994,False,0.002,False,0.0,3,163.88548750115183,137.76370340960273,3,113.31955061180967,Optimal,True,Optimal,heuristic,0.0003311590007797
3,3,33,8,0.9,ILP,0.998,True,0.0,True,1.0,1,80.21734844645152,80.21734844645152,3,113.31955061180967,Optimal,True,Optimal,heuristic,0.2071855870017316
3,3,33,8,0.9,MILP,0.998,False,0.0,True,1.0,1,57.5463549631512,57.5463549631512,6,255.3083528746306,Optimal,True,Optimal,heuristic,0.1341717279974545
3,3,33,8,0.9,Dijkstra,0.998,True,0.0,True,1.0,1,80.21734844645152,80.21734844645152,3,113.31955061180967,Optimal,True,Optimal,heuristic,0.0004879419975623
3,4,54,29,0.5,ILP,0.98,True,0.0,True,1.0,10,2673.297523777012,669.9625549729109,10,515.2583237151424,Optimal,True,Optimal,heuristic,0.3887584600015543
3,4,54,29,0.5,MILP,0.98,False,0.0,True,1.0,10,2673.297523777012,669.9625549729109,10,515.2583237151424,Optimal,True,Optimal,heuristic,0.1363453560006746
3,4,54,29,0.5,Dijkstra,0.98,True,0.0,True,1.0,10,2673.297523777012,669.9625549729109,10,515.2583237151424,Optimal,True,Optimal,heuristic,0.0003404220005904
3,4,54,29,0.6,ILP,0.984,True,0.0,True,1.0,8,1543.6855050678028,535.9700439783287,10,515.2583237151424,Optimal,True,Optimal,heuristic,0.4482139100000495
3,4,54,29,0.6,MILP,0.984,False,0.0,True,1.0,8,1543.6855050678028,535.9700439783287,10,515.2583237151424,Optimal,True,Optimal,heuristic,0.1219782100015436
3,4,54,29,0.6,Dijkstra,0.984,True,0.0,True,1.0,8,1543.6855050678028,535.9700439783287,10,515.2583237151424,Optimal,True,Optimal,heuristic,0.0003466620000835
3,4,54,29,0.7,ILP,0.99,True,0.0,True,1.0,5,698.0527281311811,401.9775329837466,10,515.2583237151424,Optimal,True,Optimal,heuristic,0.4377335960016353
3,4,54,29,0.7,MILP,0.99,False,0.0,True,1.0,5,698.0527281311811,401.9775329837466,10,515.2583237151424,Optimal,True,Optimal,heuristic,0.1269529230012267
3,4,54,29,0.7,Dijkstra,0.99,True,0.0,True,1.0,5,698.0527281311811,401.9775329837466,10,515.2583237151424,Optimal,True,Optimal,heuristic,0.0003926179997506
3,4,54,29,0.8,ILP,0.996,True,0.0,True,1.0,2,369.3260599617991,267.98502198916435,10,515.2583237151424,Optimal,True,Optimal,heuristic,0.1534584299988637
3,4,54,29,0.8,MILP,0.996,True,0.0,True,1.0,2,369.3260599617991,267.98502198916435,10,515.2583237151424,Optimal,True,Optimal,heuristic,0.1086440589970152
3,4,54,29,0.8,Dijkstra,0.996,True,0.0,True,1.0,2,369.3260599617991,267.98502198916435,10,515.2583237151424,Optimal,True,Optimal,heuristic,0.0003608980005083
3,4,54,29,0.9,ILP,0.998,True,0.0,True,1.0,1,133.99251099458206,133.99251099458206,10,515.2583237151424,Optimal,True,Optimal,heuristic,0.0904886300013458
3,4,54,29,0.9,MILP,0.998,True,0.0,True,1.0,1,133.99251099458206,133.99251099458206,10,515.2583237151424,Optimal,True,Optimal,heuristic,0.0859679469976981
3,4,54,29,0.9,Dijkstra,0.998,True,0.0,True,1.0,1,133.99251099458206,133.99251099458206,10,515.2583237151424,Optimal,True,Optimal,heuristic,0.00031690600008
3,5,32,24,0.5,ILP,0.968,True,0.0,True,1.0,16,1901.7318840412604,409.5170193376183,7,331.2743678869965,Optimal,True,Optimal,heuristic,0.5190218909992836
3,5,32,24,0.5,MILP,0.968,True,0.0,True,1.0,16,1901.7318840412604,409.5170193376183,7,331.2743678869965,Optimal,True,Optimal,heuristic,0.2402106699992146
3,5,32,24,0.5,Dijkstra,0.968,True,0.0,True,1.0,16,1901.7318840412604,409.5170193376183,7,331.2743678869965,Optimal,True,Optimal,heuristic,0.0003553179994923
3,5,32,24,0.6,ILP,0.988,True,0.0,True,1.0,6,1070.0959860110502,327.6136154700947,7,331.2743678869965,Optimal,True,Optimal,heuristic,0.2107398829975864
3,5,32,24,0.6,MILP,0.988,True,0.0,True,1.0,6,1070.0959860110502,327.6136154700947,7,331.2743678869965,Optimal,True,Optimal,heuristic,0.1436979969985259
3,5,32,24,0.6,Dijkstra,0.988,True,0.0,True,1.0,6,1070.0959860110502,327.6136154700947,7,331.2743678869965,Optimal,True,Optimal,heuristic,0.0003619259987317
3,5,32,24,0.7,ILP,0.99,True,0.0,True,1.0,5,640.5722609796613,245.71021160257112,7,331.2743678869965,Optimal,True,Optimal,heuristic,0.2009383930017065
3,5,32,24,0.7,MILP,0.99,True,0.0,True,1.0,5,640.5722609796613,245.71021160257112,7,331.2743678869965,Optimal,True,Optimal,heuristic,0.1505074220003734
3,5,32,24,0.7,Dijkstra,0.99,True,0.0,True,1.0,5,640.5722609796613,245.71021160257112,7,331.2743678869965,Optimal,True,Optimal,heuristic,0.0003656959997897
3,5,32,24,0.8,ILP,0.996,True,0.0,True,1.0,2,283.2003902611474,163.8068077350473,7,331.2743678869965,Optimal,True,Optimal,heuristic,0.1369211380006163
3,5,32,24,0.8,MILP,0.996,True,0.0,True,1.0,2,283.2003902611474,163.8068077350473,7,331.2743678869965,Optimal,True,Optimal,heuristic,0.1296297810004034
3,5,32,24,0.8,Dijkstra,0.996,True,0.0,True,1.0,2,283.2003902611474,163.8068077350473,7,331.2743678869965,Optimal,True,Optimal,heuristic,0.000444489000074
3,5,32,24,0.9,ILP,0.996,True,0.0,True,1.0,2,119.3935825261002,81.9034038675237,7,331.2743678869965,Optimal,True,Optimal,heuristic,0.1926061710000794
3,5,32,24,0.9,MILP,0.996,True,0.0,True,1.0,2,119.3935825261002,81.9034038675237,7,331.2743678869965,Optimal,True,Optimal,heuristic,0.1216899319988442
3,5,32,24,0.9,Dijkstra,0.996,True,0.0,True,1.0,2,119.3935825261002,81.9034038675237,7,331.2743678869965,Optimal,True,Optimal,heuristic,0.00044409900147
3,6,50,41,0.5,ILP,0.998,True,0.0,True,1.0,1,386.8598198135812,386.8598198135812,1,59.132211775021176,Optimal,True,Optimal,heuristic,0.1015019019978353
3,6,50,41,0.5,MILP,0.998,True,0.0,True,1.0,1,386.8598198135812,386.8598198135812,1,59.132211775021176,Optimal,True,Optimal,heuristic,0.1447952410017023
3,6,50,41,0.5,Dijkstra,0.998,True,0.0,True,1.0,1,386.8598198135812,386.8598198135812,1,59.132211775021176,Optimal,True,Optimal,heuristic,0.0003533900016918
3,6,50,41,0.6,ILP,0.998,True,0.0,True,1.0,1,309.48785585086495,309.48785585086495,1,59.132211775021176,Optimal,True,Optimal,heuristic,0.1002286700022523
3,6,50,41,0.6,MILP,0.998,True,0.0,True,1.0,1,309.48785585086495,309.48785585086495,1,59.132211775021176,Optimal,True,Optimal,heuristic,0.1039727230017888
3,6,50,41,0.6,Dijkstra,0.998,True,0.0,True,1.0,1,309.48785585086495,309.48785585086495,1,59.132211775021176,Optimal,True,Optimal,heuristic,0.0003126449992123
3,6,50,41,0.7,ILP,0.998,True,0.0,True,1.0,1,232.1158918881488,232.1158918881488,1,59.132211775021176,Optimal,True,Optimal,heuristic,0.1081938049974269
3,6,50,41,0.7,MILP,0.998,True,0.0,True,1.0,1,232.1158918881488,232.1158918881488,1,59.132211775021176,Optimal,True,Optimal,heuristic,0.1012746090018481
3,6,50,41,0.7,Dijkstra,0.998,True,0.0,True,1.0,1,232.1158918881488,232.1158918881488,1,59.132211775021176,Optimal,True,Optimal,heuristic,0.0003350480001245
3,6,50,41,0.8,ILP,0.998,True,0.0,True,1.0,1,154.74392792543244,154.74392792543244,1,59.132211775021176,Optimal,True,Optimal,heuristic,0.1138673159985046
3,6,50,41,0.8,MILP,0.998,True,0.0,True,1.0,1,154.74392792543244,154.74392792543244,1,59.132211775021176,Optimal,True,Optimal,heuristic,0.0943859709987009
3,6,50,41,0.8,Dijkstra,0.998,True,0.0,True,1.0,1,154.74392792543244,154.74392792543244,1,59.132211775021176,Optimal,True,Optimal,heuristic,0.0003255349984101
3,6,50,41,0.9,ILP,0.998,True,0.0,True,1.0,1,77.37196396271622,77.37196396271622,1,59.132211775021176,Optimal,True,Optimal,heuristic,0.1005962229974102
3,6,50,41,0.9,MILP,0.998,True,0.0,True,1.0,1,77.37196396271622,77.37196396271622,1,59.132211775021176,Optimal,True,Optimal,heuristic,0.0940056729996285
3,6,50,41,0.9,Dijkstra,0.998,True,0.0,True,1.0,1,77.37196396271622,77.37196396271622,1,59.132211775021176,Optimal,True,Optimal,heuristic,0.0003057649992115
3,7,26,53,0.5,ILP,0.902,True,0.0,True,1.0,49,7526.649007539301,591.6957132513612,12,623.4071137834018,Optimal,True,Optimal,heuristic,0.3344209300012153
3,7,26,53,0.5,MILP,0.902,True,0.0,True,1.0,49,7526.649007539301,591.6957132513612,12,623.4071137834018,Optimal,True,Optimal,heuristic,0.1167032529992866
3,7,26,53,0.5,Dijkstra,0.902,True,0.0,True,1.0,49,7526.649007539301,591.6957132513612,12,623.4071137834018,Optimal,True,Optimal,heuristic,0.0003452670025581
3,7,26,53,0.6,ILP,0.956,True,0.0,True,1.0,22,3514.5687475374643,473.35657060108895,12,623.4071137834018,Optimal,True,Optimal,heuristic,0.4003494009994028
3,7,26,53,0.6,MILP,0.956,True,0.0,True,1.0,22,3514.5687475374643,473.35657060108895,12,623.4071137834018,Optimal,True,Optimal,heuristic,0.1221232460011378
3,7,26,53,0.6,Dijkstra,0.956,True,0.0,True,1.0,22,3514.5687475374643,473.35657060108895,12,623.4071137834018,Optimal,True,Optimal,heuristic,0.0003465000008873
3,7,26,53,0.7,ILP,0.98,True,0.0,True,1.0,10,1733.0237451079015,355.0174279508169,12,623.4071137834018,Optimal,True,Optimal,heuristic,0.1527557769986742
3,7,26,53,0.7,MILP,0.98,True,0.0,True,1.0,10,1733.0237451079015,355.0174279508169,12,623.4071137834018,Optimal,True,Optimal,heuristic,0.1145147809984337
3,7,26,53,0.7,Dijkstra,0.98,True,0.0,True,1.0,10,1733.0237451079015,355.0174279508169,12,623.4071137834018,Optimal,True,Optimal,heuristic,0.0003931379978894
3,7,26,53,0.8,ILP,0.99,True,0.0,True,1.0,5,816.229761572785,236.6782853005443,12,623.4071137834018,Optimal,True,Optimal,heuristic,0.1384304299972427
3,7,26,53,0.8,MILP,0.99,True,0.0,True,1.0,5,816.229761572785,236.6782853005443,12,623.4071137834018,Optimal,True,Optimal,heuristic,0.1142193560008308
3,7,26,53,0.8,Dijkstra,0.99,True,0.0,True,1.0,5,816.229761572785,236.6782853005443,12,623.4071137834018,Optimal,True,Optimal,heuristic,0.0003443549976509
3,7,26,53,0.9,ILP,0.994,True,0.0,True,1.0,3,295.8029611232828,118.33914265027217,12,623.4071137834018,Optimal,True,Optimal,heuristic,0.1077822340012062
3,7,26,53,0.9,MILP,0.994,True,0.0,True,1.0,3,295.8029611232828,118.33914265027217,12,623.4071137834018,Optimal,True,Optimal,heuristic,0.1047932420005963
3,7,26,53,0.9,Dijkstra,0.994,True,0.0,True,1.0,3,295.8029611232828,118.33914265027217,12,623.4071137834018,Optimal,True,Optimal,heuristic,0.0003703009970195
3,8,35,28,0.5,ILP,0.97,True,0.0,True,1.0,15,2634.083889407452,573.9563384074452,6,378.2954989287129,Optimal,True,Optimal,heuristic,0.3623550140000589
3,8,35,28,0.5,MILP,0.97,True,0.0,True,1.0,15,2634.083889407452,573.9563384074452,6,378.2954989287129,Optimal,True,Optimal,heuristic,0.1485996359988348
3,8,35,28,0.5,Dijkstra,0.97,True,0.0,True,1.0,15,2634.083889407452,573.9563384074452,6,378.2954989287129,Optimal,True,Optimal,heuristic,0.0003447880008025
3,8,35,28,0.6,ILP,0.984,True,0.0,True,1.0,8,1365.793844186982,459.1650707259562,6,378.2954989287129,Optimal,True,Optimal,heuristic,0.296847006000462
3,8,35,28,0.6,MILP,0.984,True,0.0,True,1.0,8,1365.793844186982,459.1650707259562,6,378.2954989287129,Optimal,True,Optimal,heuristic,0.1270493189986155
3,8,35,28,0.6,Dijkstra,0.984,True,0.0,True,1.0,8,1365.793844186982,459.1650707259562,6,378.2954989287129,Optimal,True,Optimal,heuristic,0.000336793000315
3,8,35,28,0.7,ILP,0.994,True,0.0,True,1.0,3,804.9669034634364,344.3738030444672,6,378.2954989287129,Optimal,True,Optimal,heuristic,0.1162827270018169
3,8,35,28,0.7,MILP,0.994,True,0.0,True,1.0,3,804.9669034634364,344.3738030444672,6,378.2954989287129,Optimal,True,Optimal,heuristic,0.1148642059997655
3,8,35,28,0.7,Dijkstra,0.994,True,0.0,True,1.0,3,804.9669034634364,344.3738030444672,6,378.2954989287129,Optimal,True,Optimal,heuristic,0.0003592079992813
3,8,35,28,0.8,ILP,0.994,True,0.0,True,1.0,3,460.5931004189688,229.582535362978,6,378.2954989287129,Optimal,True,Optimal,heuristic,0.1831085100020573
3,8,35,28,0.8,MILP,0.994,False,0.0,True,1.0,3,460.5931004189688,229.582535362978,6,378.2954989287129,Optimal,True,Optimal,heuristic,0.1114889679993211
3,8,35,28,0.8,Dijkstra,0.994,False,0.0,True,1.0,3,460.5931004189688,229.582535362978,6,378.2954989287129,Optimal,True,Optimal,heuristic,0.0003441560002102
3,8,35,28,0.9,ILP,0.996,True,0.0,True,1.0,2,228.5174059010608,114.791267681489,6,378.2954989287129,Optimal,True,Optimal,heuristic,0.1241196359987952
3,8,35,28,0.9,MILP,0.996,True,0.0,True,1.0,2,228.5174059010608,114.791267681489,6,378.2954989287129,Optimal,True,Optimal,heuristic,0.1063716329990711
3,8,35,28,0.9,Dijkstra,0.996,True,0.0,True,1.0,2,228.5174059010608,114.791267681489,6,378.2954989287129,Optimal,True,Optimal,heuristic,0.0003080860005866
3,9,57,4,0.5,ILP,0.96,True,0.0,True,1.0,20,2497.6223324398434,472.7484755607964,5,289.43221848918324,Optimal,True,Optimal,heuristic,0.2710778699984075
3,9,57,4,0.5,MILP,0.96,True,0.0,True,1.0,20,2497.6223324398434,472.7484755607964,5,289.43221848918324,Optimal,True,Optimal,heuristic,0.0945027840025432
3,9,57,4,0.5,Dijkstra,0.96,True,0.0,True,1.0,20,2497.6223324398434,472.7484755607964,5,289.43221848918324,Optimal,True,Optimal,heuristic,0.0003879769974446
3,9,57,4,0.6,ILP,0.988,True,0.0,True,1.0,6,990.5141762934522,378.1987804486371,5,289.43221848918324,Optimal,True,Optimal,heuristic,0.2205944829984218
3,9,57,4,0.6,MILP,0.988,True,0.0,True,1.0,6,990.5141762934522,378.1987804486371,5,289.43221848918324,Optimal,True,Optimal,heuristic,0.121478842000215
3,9,57,4,0.6,Dijkstra,0.988,True,0.0,True,1.0,6,990.5141762934522,378.1987804486371,5,289.43221848918324,Optimal,True,Optimal,heuristic,0.0004130070010432
3,9,57,4,0.7,ILP,0.994,True,0.0,True,1.0,3,619.4407683116663,283.6490853364778,5,289.43221848918324,Optimal,True,Optimal,heuristic,0.1416903390017978
3,9,57,4,0.7,MILP,0.994,True,0.0,True,1.0,3,619.4407683116663,283.6490853364778,5,289.43221848918324,Optimal,True,Optimal,heuristic,0.153587354998308
3,9,57,4,0.7,Dijkstra,0.994,True,0.0,True,1.0,3,619.4407683116663,283.6490853364778,5,289.43221848918324,Optimal,True,Optimal,heuristic,0.0003968330020143
3,9,57,4,0.8,ILP,0.996,True,0.0,True,1.0,2,366.8941233739593,189.09939022431843,5,289.43221848918324,Optimal,True,Optimal,heuristic,0.1352682510005252
3,9,57,4,0.8,MILP,0.996,True,0.0,True,1.0,2,366.8941233739593,189.09939022431843,5,289.43221848918324,Optimal,True,Optimal,heuristic,0.1378083929994318
3,9,57,4,0.8,Dijkstra,0.996,True,0.0,True,1.0,2,366.8941233739593,189.09939022431843,5,289.43221848918324,Optimal,True,Optimal,heuristic,0.0003598140028771
3,9,57,4,0.9,ILP,0.996,True,0.0,True,1.0,2,177.79473314964093,94.54969511215928,5,289.43221848918324,Optimal,True,Optimal,heuristic,0.1610479090013541
3,9,57,4,0.9,MILP,0.996,True,0.0,True,1.0,2,177.79473314964093,94.54969511215928,5,289.43221848918324,Optimal,True,Optimal,heuristic,0.1369934030008153
3,9,57,4,0.9,Dijkstra,0.996,True,0.0,True,1.0,2,177.79473314964093,94.54969511215928,5,289.43221848918324,Optimal,True,Optimal,heuristic,0.0003422420013521
3,10,55,53,0.5,ILP,0.986,True,0.0,True,1.0,7,2074.797800993409,836.4037483261263,10,533.5400252963889,Optimal,True,Optimal,heuristic,0.1256064010012778
3,10,55,53,0.5,MILP,0.986,True,0.0,True,1.0,7,2074.797800993409,836.4037483261263,10,533.5400252963889,Optimal,True,Optimal,heuristic,0.1049928669999644
3,10,55,53,0.5,Dijkstra,0.986,True,0.0,True,1.0,7,2074.797800993409,836.4037483261263,10,533.5400252963889,Optimal,True,Optimal,heuristic,0.0003555559997039
3,10,55,53,0.6,ILP,0.99,True,0.0,True,1.0,5,1071.139731014524,669.6266010596933,10,533.5400252963889,Optimal,True,Optimal,heuristic,0.1446657729975413
3,10,55,53,0.6,MILP,0.99,True,0.0,True,1.0,5,1071.139731014524,669.6266010596933,10,533.5400252963889,Optimal,True,Optimal,heuristic,0.0993635640006687
3,10,55,53,0.6,Dijkstra,0.99,True,0.0,True,1.0,5,1071.139731014524,669.6266010596933,10,533.5400252963889,Optimal,True,Optimal,heuristic,0.0003556330011633
3,10,55,53,0.7,ILP,0.996,True,0.0,True,1.0,2,544.8238217549215,502.8494537932602,10,533.5400252963889,Optimal,True,Optimal,heuristic,0.0915136129988241
3,10,55,53,0.7,MILP,0.996,True,0.0,True,1.0,2,544.8238217549215,502.8494537932602,10,533.5400252963889,Optimal,True,Optimal,heuristic,0.1013533209988963
3,10,55,53,0.7,Dijkstra,0.996,True,0.0,True,1.0,2,544.8238217549215,502.8494537932602,10,533.5400252963889,Optimal,True,Optimal,heuristic,0.0004262349975761
3,10,55,53,0.8,ILP,0.998,True,0.0,True,1.0,1,336.0723065268269,336.0723065268269,10,533.5400252963889,Optimal,True,Optimal,heuristic,0.0908519890035677
3,10,55,53,0.8,MILP,0.998,True,0.0,True,1.0,1,336.0723065268269,336.0723065268269,10,533.5400252963889,Optimal,True,Optimal,heuristic,0.1025388070011104
3,10,55,53,0.8,Dijkstra,0.998,True,0.0,True,1.0,1,336.0723065268269,336.0723065268269,10,533.5400252963889,Optimal,True,Optimal,heuristic,0.0003617750007833
3,10,55,53,0.9,ILP,0.998,True,0.0,True,1.0,1,169.29515926039358,169.29515926039358,10,533.5400252963889,Optimal,True,Optimal,heuristic,0.0972326890005206
3,10,55,53,0.9,MILP,0.998,False,0.0,True,1.0,1,166.77714726643308,166.77714726643308,12,704.0272944851417,Optimal,True,Optimal,heuristic,0.0995117599995865
3,10,55,53,0.9,Dijkstra,0.998,True,0.0,True,1.0,1,169.29515926039358,169.29515926039358,10,533.5400252963889,Optimal,True,Optimal,heuristic,0.0003436609986238
3,11,17,41,0.5,ILP,0.942,True,0.0,True,1.0,29,2628.2496958296506,357.30931099068937,4,211.2446826508369,Optimal,True,Optimal,heuristic,1.5611449509997328
3,11,17,41,0.5,MILP,0.942,True,0.0,True,1.0,29,2628.2496958296506,357.30931099068937,4,211.2446826508369,Optimal,True,Optimal,heuristic,0.2535088500007987
3,11,17,41,0.5,Dijkstra,0.942,True,0.0,True,1.0,29,2628.2496958296506,357.30931099068937,4,211.2446826508369,Optimal,True,Optimal,heuristic,0.0003535360010573
3,11,17,41,0.6,ILP,0.97,True,0.0,True,1.0,15,989.1241285186892,285.8474487925515,4,211.2446826508369,Optimal,True,Optimal,heuristic,0.9441986979982177
3,11,17,41,0.6,MILP,0.97,True,0.0,True,1.0,15,989.1241285186892,285.8474487925515,4,211.2446826508369,Optimal,True,Optimal,heuristic,0.1142140519987151
3,11,17,41,0.6,Dijkstra,0.97,True,0.0,True,1.0,15,989.1241285186892,285.8474487925515,4,211.2446826508369,Optimal,True,Optimal,heuristic,0.0003027049970114
3,11,17,41,0.7,ILP,0.994,True,0.0,True,1.0,3,294.74349426956667,214.38558659441367,4,211.2446826508369,Optimal,True,Optimal,heuristic,0.2236133459991833
3,11,17,41,0.7,MILP,0.994,True,0.0,True,1.0,3,294.74349426956667,214.38558659441367,4,211.2446826508369,Optimal,True,Optimal,heuristic,0.1347401420025562
3,11,17,41,0.7,Dijkstra,0.994,True,0.0,True,1.0,3,294.74349426956667,214.38558659441367,4,211.2446826508369,Optimal,True,Optimal,heuristic,0.0004540549998637
3,11,17,41,0.8,ILP,0.998,True,0.0,True,1.0,1,142.9237243962757,142.9237243962757,3,211.2446826508369,Optimal,True,Optimal,heuristic,0.1476867539968225
3,11,17,41,0.8,MILP,0.998,False,0.0,True,1.0,1,142.9237243962757,142.9237243962757,4,211.2446826508369,Optimal,True,Optimal,heuristic,0.1111244839994469
3,11,17,41,0.8,Dijkstra,0.998,False,0.0,True,1.0,1,142.9237243962757,142.9237243962757,4,211.2446826508369,Optimal,True,Optimal,heuristic,0.0003483310028968
3,11,17,41,0.9,ILP,0.998,True,0.0,True,1.0,1,71.46186219813785,71.46186219813785,4,211.2446826508369,Optimal,True,Optimal,heuristic,0.1905651119996037
3,11,17,41,0.9,MILP,0.998,True,0.0,True,1.0,1,71.46186219813785,71.46186219813785,4,211.2446826508369,Optimal,True,Optimal,heuristic,0.1216285669979697
3,11,17,41,0.9,Dijkstra,0.998,True,0.0,True,1.0,1,71.46186219813785,71.46186219813785,4,211.2446826508369,Optimal,True,Optimal,heuristic,0.0003279100019426
3,12,45,23,0.5,ILP,0.994,True,0.0,True,1.0,3,1206.979686476334,957.4577686074508,8,354.3189474028823,Optimal,True,Optimal,heuristic,0.0959559350012568
3,12,45,23,0.5,MILP,0.994,False,0.0,True,1.0,3,1135.5576661940445,886.4895447587392,6,320.0983863783489,Optimal,True,Optimal,heuristic,0.0986206269990361
3,12,45,23,0.5,Dijkstra,0.994,False,0.0,True,1.0,3,1266.218736650207,928.7533450371604,6,314.89980243248226,Optimal,True,Optimal,heuristic,0.0003706799980136
3,12,45,23,0.6,ILP,0.998,True,0.0,True,1.0,1,780.159859655703,780.159859655703,8,354.3189474028823,Optimal,True,Optimal,heuristic,0.1001572569985
3,12,45,23,0.6,MILP,0.998,False,0.0,True,1.0,1,709.1916358069914,709.1916358069914,6,320.0983863783489,Optimal,True,Optimal,heuristic,0.1333935129987367
3,12,45,23,0.6,Dijkstra,0.996,False,0.002,False,0.0,2,833.0150654988427,751.4554360854127,6,314.89980243248226,Optimal,True,Optimal,heuristic,0.0003318419985589
3,12,45,23,0.7,ILP,0.998,True,0.0,True,1.0,1,602.8619507039552,602.8619507039552,8,354.3189474028823,Optimal,True,Optimal,heuristic,0.096519642000203
3,12,45,23,0.7,MILP,0.998,False,0.0,True,1.0,1,531.8937268552436,531.8937268552436,6,320.0983863783489,Optimal,True,Optimal,heuristic,0.098072904998844
3,12,45,23,0.7,Dijkstra,0.998,False,0.0,True,1.0,1,574.1575271336649,574.1575271336649,6,314.89980243248226,Optimal,True,Optimal,heuristic,0.0003636710025602
3,12,45,23,0.8,ILP,0.998,True,0.0,True,1.0,1,425.5640417522072,425.5640417522072,8,354.3189474028823,Optimal,True,Optimal,heuristic,0.0951497909991303
3,12,45,23,0.8,MILP,0.998,False,0.0,True,1.0,1,354.5958179034956,354.5958179034956,6,320.0983863783489,Optimal,True,Optimal,heuristic,0.0970370360009837
3,12,45,23,0.8,Dijkstra,0.998,False,0.0,True,1.0,1,396.85961818191686,396.85961818191686,6,314.89980243248226,Optimal,True,Optimal,heuristic,0.0003349619983055
3,12,45,23,0.9,ILP,0.998,True,0.0,True,1.0,1,248.26613280045945,248.26613280045945,8,354.3189474028823,Optimal,True,Optimal,heuristic,0.0981038780009839
3,12,45,23,0.9,MILP,0.998,False,0.0,True,1.0,1,177.2979089517478,177.2979089517478,6,320.0983863783489,Optimal,True,Optimal,heuristic,0.0941617829994356
3,12,45,23,0.9,Dijkstra,0.998,False,0.0,True,1.0,1,219.56170923016907,219.56170923016907,6,314.89980243248226,Optimal,True,Optimal,heuristic,0.0004718109994428
3,13,4,63,0.5,ILP,0.946,True,0.0,True,1.0,27,1903.037771551912,264.3334023906122,4,192.7500900869548,Optimal,True,Optimal,heuristic,0.2220462940022116
3,13,4,63,0.5,MILP,0.946,True,0.0,True,1.0,27,1903.037771551912,264.3334023906122,4,192.7500900869548,Optimal,True,Optimal,heuristic,0.1295942459983052
3,13,4,63,0.5,Dijkstra,0.946,True,0.0,True,1.0,27,1903.037771551912,264.3334023906122,4,192.7500900869548,Optimal,True,Optimal,heuristic,0.000367559998267
3,13,4,63,0.6,ILP,0.968,True,0.0,True,1.0,16,832.0698093591915,211.4667219124898,4,192.7500900869548,Optimal,True,Optimal,heuristic,0.2850529730021662
3,13,4,63,0.6,MILP,0.968,True,0.0,True,1.0,16,832.0698093591915,211.4667219124898,4,192.7500900869548,Optimal,True,Optimal,heuristic,0.1165163810001104
3,13,4,63,0.6,Dijkstra,0.968,True,0.0,True,1.0,16,832.0698093591915,211.4667219124898,4,192.7500900869548,Optimal,True,Optimal,heuristic,0.0003402959991944
3,13,4,63,0.7,ILP,0.988,True,0.0,True,1.0,6,317.80239088518914,158.6000414343673,4,192.7500900869548,Optimal,True,Optimal,heuristic,0.1588327400022535
3,13,4,63,0.7,MILP,0.988,False,0.0,True,1.0,6,317.8023908851894,158.60004143436765,3,192.7500900869546,Optimal,True,Optimal,heuristic,0.1291318049989058
3,13,4,63,0.7,Dijkstra,0.988,True,0.0,True,1.0,6,317.80239088518914,158.6000414343673,4,192.7500900869548,Optimal,True,Optimal,heuristic,0.0003361859999131
3,13,4,63,0.8,ILP,0.996,True,0.0,True,1.0,2,126.49373155532032,105.73336095624484,4,192.7500900869548,Optimal,True,Optimal,heuristic,0.1161377879980136
3,13,4,63,0.8,MILP,0.996,False,0.0,True,1.0,2,126.4937315553206,105.73336095624528,3,192.7500900869544,Optimal,True,Optimal,heuristic,0.1448187169989978
3,13,4,63,0.8,Dijkstra,0.996,True,0.0,True,1.0,2,126.49373155532032,105.73336095624484,4,192.7500900869548,Optimal,True,Optimal,heuristic,0.0003273129987064
3,13,4,63,0.9,ILP,0.998,True,0.0,True,1.0,1,52.86668047812236,52.86668047812236,4,192.7500900869548,Optimal,True,Optimal,heuristic,0.1268025000026682
3,13,4,63,0.9,MILP,0.998,False,0.0,True,1.0,1,52.86668047812225,52.86668047812225,4,192.75009008695483,Optimal,True,Optimal,heuristic,0.160501110000041
3,13,4,63,0.9,Dijkstra,0.998,True,0.0,True,1.0,1,52.86668047812236,52.86668047812236,4,192.7500900869548,Optimal,True,Optimal,heuristic,0.00037879500087
3,14,44,50,0.5,ILP,0.996,True,0.0,True,1.0,2,443.9874267735387,390.03405435818667,5,227.9558344516144,Optimal,True,Optimal,heuristic,0.0993385280016809
3,14,44,50,0.5,MILP,0.996,True,0.0,True,1.0,2,443.9874267735387,390.03405435818667,5,227.9558344516144,Optimal,True,Optimal,heuristic,0.1003210199996829
3,14,44,50,0.5,Dijkstra,0.996,True,0.0,True,1.0,2,443.9874267735387,390.03405435818667,5,227.9558344516144,Optimal,True,Optimal,heuristic,0.0003279960001236
3,14,44,50,0.6,ILP,0.998,True,0.0,True,1.0,1,312.0272434865494,312.0272434865494,5,227.9558344516144,Optimal,True,Optimal,heuristic,0.0970642290012619
3,14,44,50,0.6,MILP,0.998,True,0.0,True,1.0,1,312.0272434865494,312.0272434865494,5,227.9558344516144,Optimal,True,Optimal,heuristic,0.097048330000689
3,14,44,50,0.6,Dijkstra,0.998,True,0.0,True,1.0,1,312.0272434865494,312.0272434865494,5,227.9558344516144,Optimal,True,Optimal,heuristic,0.000328256002831
3,14,44,50,0.7,ILP,0.998,True,0.0,True,1.0,1,234.020432614912,234.020432614912,5,227.9558344516144,Optimal,True,Optimal,heuristic,0.0977190929988864
3,14,44,50,0.7,MILP,0.998,True,0.0,True,1.0,1,234.020432614912,234.020432614912,5,227.9558344516144,Optimal,True,Optimal,heuristic,0.0987151170011202
3,14,44,50,0.7,Dijkstra,0.998,True,0.0,True,1.0,1,234.020432614912,234.020432614912,5,227.9558344516144,Optimal,True,Optimal,heuristic,0.0003283969999756
3,14,44,50,0.8,ILP,0.998,True,0.0,True,1.0,1,156.0136217432746,156.0136217432746,5,227.9558344516144,Optimal,True,Optimal,heuristic,0.0949098589990171
3,14,44,50,0.8,MILP,0.998,True,0.0,True,1.0,1,156.0136217432746,156.0136217432746,5,227.9558344516144,Optimal,True,Optimal,heuristic,0.0978995579971524
3,14,44,50,0.8,Dijkstra,0.998,True,0.0,True,1.0,1,156.0136217432746,156.0136217432746,5,227.9558344516144,Optimal,True,Optimal,heuristic,0.0003496520002954
3,14,44,50,0.9,ILP,0.998,True,0.0,True,1.0,1,78.0068108716373,78.0068108716373,5,227.9558344516144,Optimal,True,Optimal,heuristic,0.096727076001116
3,14,44,50,0.9,MILP,0.998,True,0.0,True,1.0,1,78.0068108716373,78.0068108716373,5,227.9558344516144,Optimal,True,Optimal,heuristic,0.0968587040006241
3,14,44,50,0.9,Dijkstra,0.998,True,0.0,True,1.0,1,78.0068108716373,78.0068108716373,5,227.9558344516144,Optimal,True,Optimal,heuristic,0.0003352439998707
3,15,49,12,0.5,ILP,0.986,True,0.0,True,1.0,7,2215.454123240228,1177.6626299790594,2,166.23633862352668,Optimal,True,Optimal,heuristic,0.1450936929977615
3,15,49,12,0.5,MILP,0.986,True,0.0,True,1.0,7,2215.454123240228,1177.6626299790594,2,166.23633862352668,Optimal,True,Optimal,heuristic,0.4567700709994824
3,15,49,12,0.5,Dijkstra,0.986,True,0.0,True,1.0,7,2215.454123240228,1177.6626299790594,2,166.23633862352668,Optimal,True,Optimal,heuristic,0.000302565000311
3,15,49,12,0.6,ILP,0.992,True,0.0,True,1.0,4,1785.5011538657436,1099.5872984781129,2,166.23633862352668,Optimal,True,Optimal,heuristic,0.1629088360023161
3,15,49,12,0.6,MILP,0.992,True,0.0,True,1.0,4,1785.5011538657436,1099.5872984781129,2,166.23633862352668,Optimal,True,Optimal,heuristic,0.6745403620006982
3,15,49,12,0.6,Dijkstra,0.992,True,0.0,True,1.0,4,1785.5011538657436,1099.5872984781129,2,166.23633862352668,Optimal,True,Optimal,heuristic,0.0003990170007455
3,15,49,12,0.7,ILP,0.994,True,0.0,True,1.0,3,1479.062367266646,1021.5119669771666,2,166.23633862352668,Optimal,True,Optimal,heuristic,0.1678938559998641
3,15,49,12,0.7,MILP,0.976,False,0.018,False,0.0,12,1141.6219208236366,234.2259945028395,8,429.13089397053307,Optimal,True,Optimal,heuristic,0.5691653789981501
3,15,49,12,0.7,Dijkstra,0.994,True,0.0,True,1.0,3,1479.062367266646,1021.5119669771666,2,166.23633862352668,Optimal,True,Optimal,heuristic,0.000340825998137
3,15,49,12,0.8,ILP,0.994,True,0.0,True,1.0,3,1244.836372763806,943.43663547622,2,166.23633862352673,Optimal,True,Optimal,heuristic,0.1956078709990834
3,15,49,12,0.8,MILP,0.986,False,0.008,False,0.0,7,411.0936331731434,156.15066300189278,8,429.13089397053307,Optimal,True,Optimal,heuristic,0.4874094959996
3,15,49,12,0.8,Dijkstra,0.994,False,0.0,True,1.0,3,1244.836372763806,943.43663547622,2,166.23633862352668,Optimal,True,Optimal,heuristic,0.0003790869996009
3,15,49,12,0.9,ILP,0.998,True,0.0,True,1.0,1,78.0753315009465,78.0753315009465,8,429.13089397053307,Optimal,True,Optimal,heuristic,0.1244166950018552
3,15,49,12,0.9,MILP,0.998,True,0.0,True,1.0,1,78.0753315009465,78.0753315009465,8,429.13089397053307,Optimal,True,Optimal,heuristic,0.1240618919982807
3,15,49,12,0.9,Dijkstra,0.996,False,0.002,False,0.0,2,1032.1215450627717,865.3613039752736,2,166.23633862352668,Optimal,True,Optimal,heuristic,0.0003589799998735
3,16,32,2,0.5,ILP,0.958,True,0.0,True,1.0,21,2042.2760047006368,328.7538546856121,5,230.16086110389503,Optimal,True,Optimal,heuristic,1.6111535749987524
3,16,32,2,0.5,MILP,0.958,False,0.0,True,1.0,21,2042.276004700636,328.7538546856121,4,230.160861103895,Optimal,True,Optimal,heuristic,0.3191076370021619
3,16,32,2,0.5,Dijkstra,0.958,True,0.0,True,1.0,21,2042.2760047006368,328.7538546856121,5,230.16086110389503,Optimal,True,Optimal,heuristic,0.000342762999935
3,16,32,2,0.6,ILP,0.978,True,0.0,True,1.0,11,937.1044125378309,263.0030837484897,5,230.16086110389503,Optimal,True,Optimal,heuristic,0.9456046420018538
3,16,32,2,0.6,MILP,0.978,False,0.0,True,1.0,11,937.1044125378304,263.0030837484897,5,230.1608611038951,Optimal,True,Optimal,heuristic,0.1866132739996828
3,16,32,2,0.6,Dijkstra,0.978,True,0.0,True,1.0,11,937.1044125378309,263.0030837484897,5,230.16086110389503,Optimal,True,Optimal,heuristic,0.0003290959975856
3,16,32,2,0.7,ILP,0.992,True,0.0,True,1.0,4,397.9787336308751,197.25231281136723,5,230.16086110389503,Optimal,True,Optimal,heuristic,0.3698248990003776
3,16,32,2,0.7,MILP,0.992,False,0.0,True,1.0,4,397.9787336308749,197.25231281136723,5,230.16086110389503,Optimal,True,Optimal,heuristic,0.2021123910017195
3,16,32,2,0.7,Dijkstra,0.992,True,0.0,True,1.0,4,397.9787336308751,197.25231281136723,5,230.16086110389503,Optimal,True,Optimal,heuristic,0.000318985999911
3,16,32,2,0.8,ILP,0.996,True,0.0,True,1.0,2,198.33848433383437,131.50154187424482,5,230.16086110389503,Optimal,True,Optimal,heuristic,0.1846731890000228
3,16,32,2,0.8,MILP,0.996,True,0.0,True,1.0,2,198.33848433383437,131.50154187424482,5,230.16086110389503,Optimal,True,Optimal,heuristic,0.1282001010004023
3,16,32,2,0.8,Dijkstra,0.996,True,0.0,True,1.0,2,198.33848433383437,131.50154187424482,5,230.16086110389503,Optimal,True,Optimal,heuristic,0.0003271659988968
3,16,32,2,0.9,ILP,0.996,True,0.0,True,1.0,2,66.83694245958952,65.75077093712241,5,230.16086110389503,Optimal,True,Optimal,heuristic,0.2651817860023584
3,16,32,2,0.9,MILP,0.996,True,0.0,True,1.0,2,66.83694245958952,65.75077093712241,5,230.16086110389503,Optimal,True,Optimal,heuristic,0.1193725000011909
3,16,32,2,0.9,Dijkstra,0.996,True,0.0,True,1.0,2,66.83694245958952,65.75077093712241,5,230.16086110389503,Optimal,True,Optimal,heuristic,0.0003227759989385
3,17,35,10,0.5,ILP,0.96,True,0.0,True,1.0,20,2735.969985517163,644.8903442964508,11,450.7561993175133,Optimal,True,Optimal,heuristic,0.6318145570003253
3,17,35,10,0.5,MILP,0.96,False,0.0,True,1.0,20,2735.969985517161,644.8903442964504,10,450.7561993175135,Optimal,True,Optimal,heuristic,0.2792882370013103
3,17,35,10,0.5,Dijkstra,0.96,True,0.0,True,1.0,20,2735.969985517163,644.8903442964508,11,450.7561993175133,Optimal,True,Optimal,heuristic,0.0003390460005903
3,17,35,10,0.6,ILP,0.984,True,0.0,True,1.0,8,1412.696867961689,539.1699805744823,11,450.7561993175133,Optimal,True,Optimal,heuristic,0.380154919999768
3,17,35,10,0.6,MILP,0.984,True,0.0,True,1.0,8,1412.696867961689,539.1699805744823,11,450.7561993175133,Optimal,True,Optimal,heuristic,0.2272987690012087
3,17,35,10,0.6,Dijkstra,0.984,True,0.0,True,1.0,8,1412.696867961689,539.1699805744823,11,450.7561993175133,Optimal,True,Optimal,heuristic,0.0004004289985459
3,17,35,10,0.7,ILP,0.992,True,0.0,True,1.0,4,786.9483068072243,433.4496168525138,11,450.7561993175133,Optimal,True,Optimal,heuristic,0.1994110890009324
3,17,35,10,0.7,MILP,0.992,False,0.0,True,1.0,4,786.9483068072243,433.4496168525138,11,450.7561993175133,Optimal,True,Optimal,heuristic,0.226378098999703
3,17,35,10,0.7,Dijkstra,0.992,True,0.0,True,1.0,4,786.9483068072243,433.4496168525138,11,450.7561993175133,Optimal,True,Optimal,heuristic,0.0003633790001913
3,17,35,10,0.8,ILP,0.994,True,0.0,True,1.0,3,440.3411138394822,327.7292531305452,11,450.7561993175133,Optimal,True,Optimal,heuristic,0.1790368700021645
3,17,35,10,0.8,MILP,0.994,False,0.0,True,1.0,3,440.3411138394822,327.7292531305452,11,450.7561993175135,Optimal,True,Optimal,heuristic,0.2075354989974585
3,17,35,10,0.8,Dijkstra,0.994,True,0.0,True,1.0,3,440.3411138394822,327.7292531305452,11,450.7561993175133,Optimal,True,Optimal,heuristic,0.0003545380022842
3,17,35,10,0.9,ILP,0.998,True,0.0,True,1.0,1,222.00888940857655,222.00888940857655,11,450.7561993175133,Optimal,True,Optimal,heuristic,0.1428842220011574
3,17,35,10,0.9,MILP,0.994,False,0.004,False,0.0,3,182.88126295035767,105.7203637219684,10,487.06012942125534,Optimal,True,Optimal,heuristic,0.1594221750019642
3,17,35,10,0.9,Dijkstra,0.998,True,0.0,True,1.0,1,222.00888940857655,222.00888940857655,11,450.7561993175133,Optimal,True,Optimal,heuristic,0.0003837350013782
3,18,48,44,0.5,ILP,0.946,True,0.0,True,1.0,27,5661.71458542147,1155.889407851425,8,434.7332630436153,Optimal,True,Optimal,heuristic,0.4637831569998525
3,18,48,44,0.5,MILP,0.912,False,0.0339999999999999,False,0.0,44,5541.229436664549,462.0879069677867,10,494.31793975273337,Optimal,True,Optimal,heuristic,0.4755103050010802
3,18,48,44,0.5,Dijkstra,0.946,True,0.0,True,1.0,27,5661.71458542147,1155.889407851425,8,434.7332630436153,Optimal,True,Optimal,heuristic,0.000413732999732
3,18,48,44,0.6,ILP,0.964,True,0.0,True,1.0,18,3520.773953341064,1063.4718264578678,8,434.7332630436153,Optimal,True,Optimal,heuristic,0.4505309549967933
3,18,48,44,0.6,MILP,0.962,False,0.002,False,0.0,19,2794.433142016832,369.6703255742296,10,494.31793975273337,Optimal,True,Optimal,heuristic,0.1743355649996374
3,18,48,44,0.6,Dijkstra,0.964,True,0.0,True,1.0,18,3520.773953341064,1063.4718264578678,8,434.7332630436153,Optimal,True,Optimal,heuristic,0.0003269759981776
3,18,48,44,0.7,ILP,0.978,True,0.0,True,1.0,11,1310.2780110767126,277.2527441806721,10,494.31793975273337,Optimal,True,Optimal,heuristic,0.3920612119982252
3,18,48,44,0.7,MILP,0.978,False,0.0,True,1.0,11,1310.2780110767155,277.2527441806724,10,494.31793975273337,Optimal,True,Optimal,heuristic,0.1952154919999884
3,18,48,44,0.7,Dijkstra,0.976,False,0.002,False,0.0,12,2153.1247144996223,971.0542450643104,8,434.7332630436153,Optimal,True,Optimal,heuristic,0.000383206999686
3,18,48,44,0.8,ILP,0.99,True,0.0,True,1.0,5,527.1389232607098,184.8351627871148,10,494.31793975273337,Optimal,True,Optimal,heuristic,0.1515425440011313
3,18,48,44,0.8,MILP,0.99,False,0.0,True,1.0,5,527.1389232607107,184.835162787115,10,494.31793975273337,Optimal,True,Optimal,heuristic,0.1188654680008767
3,18,48,44,0.8,Dijkstra,0.988,False,0.002,False,0.0,6,1284.835543306776,878.636663670753,8,434.7332630436153,Optimal,True,Optimal,heuristic,0.0003909769984602
3,18,48,44,0.9,ILP,0.996,True,0.0,True,1.0,2,951.2938869109128,786.2190822771956,8,434.7332630436153,Optimal,True,Optimal,heuristic,0.1303089059983904
3,18,48,44,0.9,MILP,0.994,False,0.002,False,0.0,3,192.884239581826,92.41758139355738,10,494.31793975273337,Optimal,True,Optimal,heuristic,0.1334542110016627
3,18,48,44,0.9,Dijkstra,0.996,True,0.0,True,1.0,2,951.2938869109128,786.2190822771956,8,434.7332630436153,Optimal,True,Optimal,heuristic,0.0003350700026203
3,19,26,21,0.5,ILP,0.918,True,0.0,True,1.0,41,6868.714493663039,605.4099919116518,12,658.0352278325772,Optimal,True,Optimal,heuristic,0.5332170799993037
3,19,26,21,0.5,MILP,0.918,False,0.0,True,1.0,41,6868.714493663039,605.4099919116518,12,658.0352278325772,Optimal,True,Optimal,heuristic,0.1195660020021023
3,19,26,21,0.5,Dijkstra,0.918,True,0.0,True,1.0,41,6868.714493663039,605.4099919116518,12,658.0352278325772,Optimal,True,Optimal,heuristic,0.0003515809985401
3,19,26,21,0.6,ILP,0.958,True,0.0,True,1.0,21,3431.562113552376,484.3279935293215,12,658.0352278325772,Optimal,True,Optimal,heuristic,0.5664199589991767
3,19,26,21,0.6,MILP,0.958,True,0.0,True,1.0,21,3431.562113552376,484.3279935293215,12,658.0352278325772,Optimal,True,Optimal,heuristic,0.1112087729998165
3,19,26,21,0.6,Dijkstra,0.958,True,0.0,True,1.0,21,3431.562113552376,484.3279935293215,12,658.0352278325772,Optimal,True,Optimal,heuristic,0.0004031369971926
3,19,26,21,0.7,ILP,0.978,True,0.0,True,1.0,11,1486.145454753129,363.2459951469912,12,658.0352278325772,Optimal,True,Optimal,heuristic,0.6660114559999784
3,19,26,21,0.7,MILP,0.978,True,0.0,True,1.0,11,1486.145454753129,363.2459951469912,12,658.0352278325772,Optimal,True,Optimal,heuristic,0.1159016759993392
3,19,26,21,0.7,Dijkstra,0.978,True,0.0,True,1.0,11,1486.145454753129,363.2459951469912,12,658.0352278325772,Optimal,True,Optimal,heuristic,0.0003978070017183
3,19,26,21,0.8,ILP,0.99,True,0.0,True,1.0,5,654.3524798392409,242.16399676466065,12,658.0352278325772,Optimal,True,Optimal,heuristic,0.344023385001492
3,19,26,21,0.8,MILP,0.99,True,0.0,True,1.0,5,654.3524798392409,242.16399676466065,12,658.0352278325772,Optimal,True,Optimal,heuristic,0.1200328409977373
3,19,26,21,0.8,Dijkstra,0.99,True,0.0,True,1.0,5,654.3524798392409,242.16399676466065,12,658.0352278325772,Optimal,True,Optimal,heuristic,0.0005596279988822
3,19,26,21,0.9,ILP,0.994,True,0.0,True,1.0,3,205.3162227123132,121.08199838233033,12,658.0352278325772,Optimal,True,Optimal,heuristic,0.2104258130020753
3,19,26,21,0.9,MILP,0.994,True,0.0,True,1.0,3,205.3162227123132,121.08199838233033,12,658.0352278325772,Optimal,True,Optimal,heuristic,0.109110042998509
3,19,26,21,0.9,Dijkstra,0.994,True,0.0,True,1.0,3,205.3162227123132,121.08199838233033,12,658.0352278325772,Optimal,True,Optimal,heuristic,0.0004544549992715
4,0,34,63,0.5,ILP,0.912,True,0.0,True,1.0,44,6258.466069869008,487.6925955377736,5,247.69807241488985,Optimal,True,Optimal,heuristic,3.046572212999308
4,0,34,63,0.5,MILP,0.908,False,0.004,False,0.0,46,3971.5323574974327,310.6061360283785,5,247.0049183473374,Optimal,True,Optimal,heuristic,1.7791243870015023
4,0,34,63,0.5,Dijkstra,0.908,False,0.004,False,0.0,46,3971.532357497429,310.6061360283783,6,247.00491834733748,Optimal,True,Optimal,heuristic,0.0003930189996026
4,0,34,63,0.6,ILP,0.952,True,0.0,True,1.0,24,1757.0130550153715,248.4849088227026,6,247.00491834733748,Optimal,True,Optimal,heuristic,1.4350520450025217
4,0,34,63,0.6,MILP,0.952,False,0.0,True,1.0,24,1757.013055015375,248.48490882270283,6,247.00491834733745,Optimal,True,Optimal,heuristic,0.820916232001764
4,0,34,63,0.6,Dijkstra,0.952,True,0.0,True,1.0,24,1757.0130550153715,248.4849088227026,6,247.00491834733748,Optimal,True,Optimal,heuristic,0.000350595000782
4,0,34,63,0.7,ILP,0.98,True,0.0,True,1.0,10,699.1555384790545,186.36368161702683,6,247.00491834733745,Optimal,True,Optimal,heuristic,1.0972580480010947
4,0,34,63,0.7,MILP,0.98,False,0.0,True,1.0,10,699.1555384790549,186.3636816170269,6,247.00491834733748,Optimal,True,Optimal,heuristic,0.6188233770008083
4,0,34,63,0.7,Dijkstra,0.98,False,0.0,True,1.0,10,699.1555384790549,186.3636816170269,6,247.00491834733748,Optimal,True,Optimal,heuristic,0.0003201359977538
4,0,34,63,0.8,ILP,0.992,True,0.0,True,1.0,4,250.14095459508053,124.24245441135132,5,247.00491834733745,Optimal,True,Optimal,heuristic,0.4858565590002399
4,0,34,63,0.8,MILP,0.992,False,0.0,True,1.0,4,250.1409545950792,124.2424544113511,5,247.00491834733725,Optimal,True,Optimal,heuristic,0.3991236779984319
4,0,34,63,0.8,Dijkstra,0.992,False,0.0,True,1.0,4,250.14095459508053,124.24245441135132,6,247.00491834733748,Optimal,True,Optimal,heuristic,0.0003657939996628
4,0,34,63,0.9,ILP,0.996,True,0.0,True,1.0,2,76.9265873446825,62.12122720567561,6,247.00491834733748,Optimal,True,Optimal,heuristic,1.1484663849987555
4,0,34,63,0.9,MILP,0.996,False,0.0,True,1.0,2,76.9265873446825,62.12122720567561,6,247.00491834733748,Optimal,True,Optimal,heuristic,0.6477252429976943
4,0,34,63,0.9,Dijkstra,0.996,True,0.0,True,1.0,2,76.9265873446825,62.12122720567561,6,247.00491834733748,Optimal,True,Optimal,heuristic,0.0004025849993922
4,1,47,49,0.5,ILP,0.99,True,0.0,True,1.0,5,315.91161057339497,124.77928352691082,1,37.425894820435325,Optimal,True,Optimal,heuristic,0.1098870339992572
4,1,47,49,0.5,MILP,0.99,True,0.0,True,1.0,5,315.91161057339497,124.77928352691082,1,37.425894820435325,Optimal,True,Optimal,heuristic,0.1022870499982673
4,1,47,49,0.5,Dijkstra,0.99,True,0.0,True,1.0,5,315.91161057339497,124.77928352691082,1,37.425894820435325,Optimal,True,Optimal,heuristic,0.0003338679998705
4,1,47,49,0.6,ILP,0.992,True,0.0,True,1.0,4,213.0977838977371,99.82342682152868,1,37.425894820435325,Optimal,True,Optimal,heuristic,0.1073245340012363
4,1,47,49,0.6,MILP,0.992,True,0.0,True,1.0,4,213.0977838977371,99.82342682152868,1,37.425894820435325,Optimal,True,Optimal,heuristic,0.1019652479990327
4,1,47,49,0.6,Dijkstra,0.992,True,0.0,True,1.0,4,213.0977838977371,99.82342682152868,1,37.425894820435325,Optimal,True,Optimal,heuristic,0.0003359910006111
4,1,47,49,0.7,ILP,0.994,True,0.0,True,1.0,3,131.83727883161973,74.86757011614651,1,37.425894820435325,Optimal,True,Optimal,heuristic,0.0997911360027501
4,1,47,49,0.7,MILP,0.994,True,0.0,True,1.0,3,131.83727883161973,74.86757011614651,1,37.425894820435325,Optimal,True,Optimal,heuristic,0.1005081759976747
4,1,47,49,0.7,Dijkstra,0.994,True,0.0,True,1.0,3,131.83727883161973,74.86757011614651,1,37.425894820435325,Optimal,True,Optimal,heuristic,0.0003055820016015
4,1,47,49,0.8,ILP,0.996,True,0.0,True,1.0,2,66.86243993975225,49.91171341076432,1,37.425894820435325,Optimal,True,Optimal,heuristic,0.099852594998083
4,1,47,49,0.8,MILP,0.996,True,0.0,True,1.0,2,66.86243993975225,49.91171341076432,1,37.425894820435325,Optimal,True,Optimal,heuristic,0.1076355650002369
4,1,47,49,0.8,Dijkstra,0.996,True,0.0,True,1.0,2,66.86243993975225,49.91171341076432,1,37.425894820435325,Optimal,True,Optimal,heuristic,0.0003829330016742
4,1,47,49,0.9,ILP,0.998,True,0.0,True,1.0,1,24.95585670538216,24.95585670538216,1,37.425894820435325,Optimal,True,Optimal,heuristic,0.0990378360002068
4,1,47,49,0.9,MILP,0.998,True,0.0,True,1.0,1,24.95585670538216,24.95585670538216,1,37.425894820435325,Optimal,True,Optimal,heuristic,0.100372689001233
4,1,47,49,0.9,Dijkstra,0.998,True,0.0,True,1.0,1,24.95585670538216,24.95585670538216,1,37.425894820435325,Optimal,True,Optimal,heuristic,0.0003293510017101
4,2,46,51,0.5,ILP,0.96,True,0.0,True,1.0,20,2781.613052707713,446.36580355928345,8,359.8538975354524,Optimal,True,Optimal,heuristic,0.3658193670016771
4,2,46,51,0.5,MILP,0.96,False,0.0,True,1.0,20,2781.613052707713,446.36580355928345,8,359.85389753545246,Optimal,True,Optimal,heuristic,0.2711628270008077
4,2,46,51,0.5,Dijkstra,0.96,False,0.0,True,1.0,20,2781.613052707713,446.36580355928345,8,359.8538975354524,Optimal,True,Optimal,heuristic,0.0003555160001269
4,2,46,51,0.6,ILP,0.978,True,0.0,True,1.0,11,1460.100466483644,357.0926428474268,8,359.8538975354524,Optimal,True,Optimal,heuristic,0.3702950660008355
4,2,46,51,0.6,MILP,0.978,False,0.0,True,1.0,11,1460.1004664836423,357.09264284742653,8,359.8538975354525,Optimal,True,Optimal,heuristic,0.1949960839992854
4,2,46,51,0.6,Dijkstra,0.978,True,0.0,True,1.0,11,1460.100466483644,357.0926428474268,8,359.8538975354524,Optimal,True,Optimal,heuristic,0.0003760769977816
4,2,46,51,0.7,ILP,0.986,True,0.0,True,1.0,7,726.7043007885901,267.81948213557007,8,359.8538975354524,Optimal,True,Optimal,heuristic,0.251135387999966
4,2,46,51,0.7,MILP,0.986,False,0.0,True,1.0,7,726.7043007885883,267.81948213557007,8,359.8538975354525,Optimal,True,Optimal,heuristic,0.1871219299973745
4,2,46,51,0.7,Dijkstra,0.986,True,0.0,True,1.0,7,726.7043007885901,267.81948213557007,8,359.8538975354524,Optimal,True,Optimal,heuristic,0.0003510560018185
4,2,46,51,0.8,ILP,0.994,True,0.0,True,1.0,3,295.04720888983013,178.54632142371338,8,359.8538975354524,Optimal,True,Optimal,heuristic,0.1955519129987806
4,2,46,51,0.8,MILP,0.994,False,0.0,True,1.0,3,295.04720888983013,178.54632142371338,8,359.8538975354524,Optimal,True,Optimal,heuristic,0.1376564450001751
4,2,46,51,0.8,Dijkstra,0.994,False,0.0,True,1.0,3,295.04720888983013,178.54632142371338,8,359.8538975354524,Optimal,True,Optimal,heuristic,0.0003497389989206
4,2,46,51,0.9,ILP,0.998,True,0.0,True,1.0,1,89.27316071185669,89.27316071185669,8,359.8538975354524,Optimal,True,Optimal,heuristic,0.1013842770007613
4,2,46,51,0.9,MILP,0.998,False,0.0,True,1.0,1,89.27316071185646,89.27316071185646,8,359.8538975354525,Optimal,True,Optimal,heuristic,0.110780214999977
4,2,46,51,0.9,Dijkstra,0.998,False,0.0,True,1.0,1,89.27316071185669,89.27316071185669,8,359.8538975354524,Optimal,True,Optimal,heuristic,0.0003699980006786
4,3,33,8,0.5,ILP,0.962,True,0.0,True,1.0,19,2763.201081825935,817.8973117964543,2,92.30252471275928,Optimal,True,Optimal,heuristic,0.630412956001237
4,3,33,8,0.5,MILP,0.948,False,0.014,False,0.0,26,1438.2781867911783,212.3188816965825,3,129.62882279171305,Optimal,True,Optimal,heuristic,0.2588294470006076
4,3,33,8,0.5,Dijkstra,0.962,True,0.0,True,1.0,19,2763.201081825935,817.8973117964543,2,92.30252471275928,Optimal,True,Optimal,heuristic,0.000363486000424
4,3,33,8,0.6,ILP,0.976,True,0.0,True,1.0,12,664.7487449926605,169.85510535726615,3,129.62882279171305,Optimal,True,Optimal,heuristic,0.414753215998644
4,3,33,8,0.6,MILP,0.976,True,0.0,True,1.0,12,664.7487449926605,169.85510535726615,3,129.62882279171305,Optimal,True,Optimal,heuristic,0.1868499849988438
4,3,33,8,0.6,Dijkstra,0.976,False,0.0,True,1.0,12,2151.042649967393,775.4335354571379,2,92.30252471275928,Optimal,True,Optimal,heuristic,0.0003148760006297
4,3,33,8,0.7,ILP,0.988,True,0.0,True,1.0,6,291.4739457987645,127.3913290179496,3,129.62882279171305,Optimal,True,Optimal,heuristic,0.2241621620014484
4,3,33,8,0.7,MILP,0.988,True,0.0,True,1.0,6,291.4739457987645,127.3913290179496,3,129.62882279171305,Optimal,True,Optimal,heuristic,0.1864006920004612
4,3,33,8,0.7,Dijkstra,0.984,False,0.004,False,0.0,8,1743.067089644635,732.9697591178212,2,92.30252471275928,Optimal,True,Optimal,heuristic,0.0003641369985416
4,3,33,8,0.8,ILP,0.998,True,0.0,True,1.0,1,84.92755267863305,84.92755267863305,3,129.62882279171305,Optimal,True,Optimal,heuristic,0.1494203459988057
4,3,33,8,0.8,MILP,0.998,True,0.0,True,1.0,1,84.92755267863305,84.92755267863305,3,129.62882279171305,Optimal,True,Optimal,heuristic,0.1494988020021992
4,3,33,8,0.8,Dijkstra,0.986,False,0.012,False,0.0,7,1442.7290099895504,690.5059827785046,2,92.30252471275928,Optimal,True,Optimal,heuristic,0.0003240519981773
4,3,33,8,0.9,ILP,0.998,True,0.0,True,1.0,1,42.46377633931655,42.46377633931655,3,129.62882279171305,Optimal,True,Optimal,heuristic,0.1869320530022378
4,3,33,8,0.9,MILP,0.998,False,0.0,True,1.0,1,42.46377633931655,42.46377633931655,3,129.62882279171305,Optimal,True,Optimal,heuristic,0.1517573159981111
4,3,33,8,0.9,Dijkstra,0.988,False,0.01,False,0.0,6,1176.069458646415,648.0422064391882,2,92.30252471275928,Optimal,True,Optimal,heuristic,0.0003455350015428
4,4,54,29,0.5,ILP,0.84,True,0.0,True,1.0,80,8952.068440861678,462.6215230886153,10,556.7711329821434,Optimal,True,Optimal,heuristic,2.657058077002148
4,4,54,29,0.5,MILP,0.84,False,0.0,True,1.0,80,8952.068440861674,462.6215230886151,10,556.7711329821435,Optimal,True,Optimal,heuristic,0.2483644380008627
4,4,54,29,0.5,Dijkstra,0.84,True,0.0,True,1.0,80,8952.068440861678,462.6215230886153,10,556.7711329821434,Optimal,True,Optimal,heuristic,0.0004301890003262
4,4,54,29,0.6,ILP,0.932,True,0.0,True,1.0,34,4103.68059690904,370.0972184708922,10,556.7711329821434,Optimal,True,Optimal,heuristic,2.084993617001601
4,4,54,29,0.6,MILP,0.932,False,0.0,True,1.0,34,4103.6805969090365,370.0972184708916,10,556.7711329821436,Optimal,True,Optimal,heuristic,0.2408329739992041
4,4,54,29,0.6,Dijkstra,0.932,True,0.0,True,1.0,34,4103.68059690904,370.0972184708922,10,556.7711329821434,Optimal,True,Optimal,heuristic,0.0003899639996234
4,4,54,29,0.7,ILP,0.964,True,0.0,True,1.0,18,1831.39519152746,277.5729138531692,10,556.7711329821434,Optimal,True,Optimal,heuristic,1.0515297450001526
4,4,54,29,0.7,MILP,0.964,True,0.0,True,1.0,18,1831.39519152746,277.5729138531692,10,556.7711329821434,Optimal,True,Optimal,heuristic,0.2919999320001807
4,4,54,29,0.7,Dijkstra,0.964,True,0.0,True,1.0,18,1831.39519152746,277.5729138531692,10,556.7711329821434,Optimal,True,Optimal,heuristic,0.0003616340000007
4,4,54,29,0.8,ILP,0.986,True,0.0,True,1.0,7,825.3003740931272,185.0486092354461,10,556.7711329821434,Optimal,True,Optimal,heuristic,0.4044618740008445
4,4,54,29,0.8,MILP,0.986,True,0.0,True,1.0,7,825.3003740931272,185.0486092354461,10,556.7711329821434,Optimal,True,Optimal,heuristic,0.2349110520008253
4,4,54,29,0.8,Dijkstra,0.986,True,0.0,True,1.0,7,825.3003740931272,185.0486092354461,10,556.7711329821434,Optimal,True,Optimal,heuristic,0.0003454159996181
4,4,54,29,0.9,ILP,0.992,True,0.0,True,1.0,4,311.5400050747753,92.52430461772292,10,556.7711329821434,Optimal,True,Optimal,heuristic,0.3041160569991916
4,4,54,29,0.9,MILP,0.992,False,0.0,True,1.0,4,311.5400050747753,92.52430461772292,10,556.7711329821434,Optimal,True,Optimal,heuristic,0.137272711002879
4,4,54,29,0.9,Dijkstra,0.992,True,0.0,True,1.0,4,311.5400050747753,92.52430461772292,10,556.7711329821434,Optimal,True,Optimal,heuristic,0.0004418579992488
4,5,32,24,0.5,ILP,0.916,True,0.0,True,1.0,42,4459.702999955991,485.6599231450464,7,422.0653083936711,Optimal,True,Optimal,heuristic,1.92492347499865
4,5,32,24,0.5,MILP,0.916,True,0.0,True,1.0,42,4459.702999955991,485.6599231450464,7,422.0653083936711,Optimal,True,Optimal,heuristic,0.3252225279975391
4,5,32,24,0.5,Dijkstra,0.916,True,0.0,True,1.0,42,4459.702999955991,485.6599231450464,7,422.0653083936711,Optimal,True,Optimal,heuristic,0.0003522419974615
4,5,32,24,0.6,ILP,0.97,True,0.0,True,1.0,15,2108.4116650157803,397.7502841963875,7,422.0653083936711,Optimal,True,Optimal,heuristic,0.8955202090000967
4,5,32,24,0.6,MILP,0.96,False,0.01,False,0.0,20,1656.1470648765714,384.62698661659226,10,454.24646641643824,Optimal,True,Optimal,heuristic,0.6136734819992853
4,5,32,24,0.6,Dijkstra,0.97,True,0.0,True,1.0,15,2108.4116650157803,397.7502841963875,7,422.0653083936711,Optimal,True,Optimal,heuristic,0.0003854679998767
4,5,32,24,0.7,ILP,0.986,True,0.0,True,1.0,7,628.9984334642351,296.71734766793327,10,454.24646641643824,Optimal,True,Optimal,heuristic,0.5423872760002268
4,5,32,24,0.7,MILP,0.986,False,0.0,True,1.0,7,628.998433464235,296.71734766793327,10,454.24646641643824,Optimal,True,Optimal,heuristic,0.2339079160010442
4,5,32,24,0.7,Dijkstra,0.984,False,0.002,False,0.0,8,1117.7446659648176,309.8406452477285,7,422.0653083936711,Optimal,True,Optimal,heuristic,0.000424240999564
4,5,32,24,0.8,ILP,0.996,True,0.0,True,1.0,2,259.5917809065288,208.80770871927427,10,454.24646641643824,Optimal,True,Optimal,heuristic,0.1316695989989966
4,5,32,24,0.8,MILP,0.996,False,0.0,True,1.0,2,259.5917809065288,208.80770871927427,10,454.2464664164381,Optimal,True,Optimal,heuristic,0.1141743930020311
4,5,32,24,0.8,Dijkstra,0.99,False,0.006,False,0.0,5,588.864863578945,221.9310062990695,7,422.0653083936711,Optimal,True,Optimal,heuristic,0.0003569270011212
4,5,32,24,0.9,ILP,0.998,True,0.0,True,1.0,1,120.89806977061528,120.89806977061528,10,454.24646641643824,Optimal,True,Optimal,heuristic,0.1114071379997767
4,5,32,24,0.9,MILP,0.998,False,0.0,True,1.0,1,120.89806977061528,120.89806977061528,10,454.24646641643824,Optimal,True,Optimal,heuristic,0.1385874599982344
4,5,32,24,0.9,Dijkstra,0.994,False,0.004,False,0.0,3,247.247378944818,134.02136735041051,7,422.0653083936711,Optimal,True,Optimal,heuristic,0.0003522570004861
4,6,50,41,0.5,ILP,0.978,True,0.0,True,1.0,11,267.0306217620704,80.12533827471538,2,41.6288744188448,Optimal,True,Optimal,heuristic,0.1238630549996742
4,6,50,41,0.5,MILP,0.978,True,0.0,True,1.0,11,267.0306217620704,80.12533827471538,2,41.6288744188448,Optimal,True,Optimal,heuristic,0.1915669160007382
4,6,50,41,0.5,Dijkstra,0.978,True,0.0,True,1.0,11,267.0306217620704,80.12533827471538,2,41.6288744188448,Optimal,True,Optimal,heuristic,0.0003106449985352
4,6,50,41,0.6,ILP,0.99,True,0.0,True,1.0,5,133.6305901763788,64.10027061977232,2,41.6288744188448,Optimal,True,Optimal,heuristic,0.1228505020008015
4,6,50,41,0.6,MILP,0.99,True,0.0,True,1.0,5,133.6305901763788,64.10027061977232,2,41.6288744188448,Optimal,True,Optimal,heuristic,0.1331849449998117
4,6,50,41,0.6,Dijkstra,0.99,True,0.0,True,1.0,5,133.6305901763788,64.10027061977232,2,41.6288744188448,Optimal,True,Optimal,heuristic,0.0003469869989203
4,6,50,41,0.7,ILP,0.996,True,0.0,True,1.0,2,77.77257378516128,48.07520296482923,2,41.6288744188448,Optimal,True,Optimal,heuristic,0.1187316049981745
4,6,50,41,0.7,MILP,0.996,False,0.0,True,1.0,2,77.77257378516123,48.0752029648292,1,41.62887441884478,Optimal,True,Optimal,heuristic,0.1347920440020971
4,6,50,41,0.7,Dijkstra,0.996,True,0.0,True,1.0,2,77.77257378516128,48.07520296482923,2,41.6288744188448,Optimal,True,Optimal,heuristic,0.0003505409986246
4,6,50,41,0.8,ILP,0.996,True,0.0,True,1.0,2,45.72243847527511,32.050135309886144,2,41.6288744188448,Optimal,True,Optimal,heuristic,0.1170766089999233
4,6,50,41,0.8,MILP,0.996,True,0.0,True,1.0,2,45.72243847527511,32.050135309886144,2,41.6288744188448,Optimal,True,Optimal,heuristic,0.1309670320006262
4,6,50,41,0.8,Dijkstra,0.996,True,0.0,True,1.0,2,45.72243847527511,32.050135309886144,2,41.6288744188448,Optimal,True,Optimal,heuristic,0.0003388619988982
4,6,50,41,0.9,ILP,0.998,True,0.0,True,1.0,1,16.025067654943058,16.025067654943058,2,41.6288744188448,Optimal,True,Optimal,heuristic,0.1176414699984889
4,6,50,41,0.9,MILP,0.998,True,0.0,True,1.0,1,16.025067654943058,16.025067654943058,2,41.6288744188448,Optimal,True,Optimal,heuristic,0.1248531349992845
4,6,50,41,0.9,Dijkstra,0.998,True,0.0,True,1.0,1,16.025067654943058,16.025067654943058,2,41.6288744188448,Optimal,True,Optimal,heuristic,0.0003327730009914
4,7,26,53,0.5,ILP,0.832,True,0.0,True,1.0,84,11736.201430013469,461.3033071863963,13,718.5207442872035,Optimal,True,Optimal,heuristic,1.033550471001945
4,7,26,53,0.5,MILP,0.832,True,0.0,True,1.0,84,11736.201430013469,461.3033071863963,13,718.5207442872035,Optimal,True,Optimal,heuristic,0.127517598997656
4,7,26,53,0.5,Dijkstra,0.832,True,0.0,True,1.0,84,11736.201430013469,461.3033071863963,13,718.5207442872035,Optimal,True,Optimal,heuristic,0.0003749159986909
4,7,26,53,0.6,ILP,0.904,True,0.0,True,1.0,48,5590.802879052226,369.042645749117,13,718.5207442872035,Optimal,True,Optimal,heuristic,1.2271193209999185
4,7,26,53,0.6,MILP,0.904,True,0.0,True,1.0,48,5590.802879052226,369.042645749117,13,718.5207442872035,Optimal,True,Optimal,heuristic,0.1162698680018365
4,7,26,53,0.6,Dijkstra,0.904,True,0.0,True,1.0,48,5590.802879052226,369.042645749117,13,718.5207442872035,Optimal,True,Optimal,heuristic,0.0003843960002996
4,7,26,53,0.7,ILP,0.954,True,0.0,True,1.0,23,2306.5980359931013,276.78198431183773,13,718.5207442872035,Optimal,True,Optimal,heuristic,0.3990167310003016
4,7,26,53,0.7,MILP,0.954,True,0.0,True,1.0,23,2306.5980359931013,276.78198431183773,13,718.5207442872035,Optimal,True,Optimal,heuristic,0.1127030159987043
4,7,26,53,0.7,Dijkstra,0.954,True,0.0,True,1.0,23,2306.5980359931013,276.78198431183773,13,718.5207442872035,Optimal,True,Optimal,heuristic,0.0003503020016069
4,7,26,53,0.8,ILP,0.978,True,0.0,True,1.0,11,985.3747518345644,184.52132287455836,13,718.5207442872035,Optimal,True,Optimal,heuristic,0.2815307609998854
4,7,26,53,0.8,MILP,0.978,True,0.0,True,1.0,11,985.3747518345644,184.52132287455836,13,718.5207442872035,Optimal,True,Optimal,heuristic,0.161998848998337
4,7,26,53,0.8,Dijkstra,0.978,True,0.0,True,1.0,11,985.3747518345644,184.52132287455836,13,718.5207442872035,Optimal,True,Optimal,heuristic,0.0004019349980808
4,7,26,53,0.9,ILP,0.992,True,0.0,True,1.0,4,361.4128805744463,140.81671074978613,12,729.4174705610521,Optimal,True,Optimal,heuristic,0.1637364319976768
4,7,26,53,0.9,MILP,0.99,False,0.002,False,0.0,5,299.043804940226,92.2606614372794,13,718.5207442872035,Optimal,True,Optimal,heuristic,0.1259016440017148
4,7,26,53,0.9,Dijkstra,0.99,False,0.002,False,0.0,5,299.04380494022644,92.2606614372794,13,718.5207442872035,Optimal,True,Optimal,heuristic,0.0003698760010593
4,8,35,28,0.5,ILP,0.842,True,0.0,True,1.0,79,7985.974400431891,376.8336126689719,6,373.4338005806216,Optimal,True,Optimal,heuristic,0.9011674860012135
4,8,35,28,0.5,MILP,0.842,True,0.0,True,1.0,79,7985.974400431891,376.8336126689719,6,373.4338005806216,Optimal,True,Optimal,heuristic,0.1188038469990715
4,8,35,28,0.5,Dijkstra,0.842,True,0.0,True,1.0,79,7985.974400431891,376.8336126689719,6,373.4338005806216,Optimal,True,Optimal,heuristic,0.0003555459989001
4,8,35,28,0.6,ILP,0.924,True,0.0,True,1.0,38,3592.47057914648,301.46689013517755,6,373.4338005806216,Optimal,True,Optimal,heuristic,0.6544332489975204
4,8,35,28,0.6,MILP,0.924,True,0.0,True,1.0,38,3592.47057914648,301.46689013517755,6,373.4338005806216,Optimal,True,Optimal,heuristic,0.1112209349994373
4,8,35,28,0.6,Dijkstra,0.924,True,0.0,True,1.0,38,3592.47057914648,301.46689013517755,6,373.4338005806216,Optimal,True,Optimal,heuristic,0.000407752002502
4,8,35,28,0.7,ILP,0.964,True,0.0,True,1.0,18,1691.0884849066997,226.1001676013832,6,373.4338005806216,Optimal,True,Optimal,heuristic,0.4475608000029751
4,8,35,28,0.7,MILP,0.964,True,0.0,True,1.0,18,1691.0884849066997,226.1001676013832,6,373.4338005806216,Optimal,True,Optimal,heuristic,0.1464240300010715
4,8,35,28,0.7,Dijkstra,0.964,True,0.0,True,1.0,18,1691.0884849066997,226.1001676013832,6,373.4338005806216,Optimal,True,Optimal,heuristic,0.0004181090007477
4,8,35,28,0.8,ILP,0.98,True,0.0,True,1.0,10,648.9261895475804,150.73344506758872,6,373.4338005806216,Optimal,True,Optimal,heuristic,0.3183550230023684
4,8,35,28,0.8,MILP,0.98,True,0.0,True,1.0,10,648.9261895475804,150.73344506758872,6,373.4338005806216,Optimal,True,Optimal,heuristic,0.1166166679977322
4,8,35,28,0.8,Dijkstra,0.98,True,0.0,True,1.0,10,648.9261895475804,150.73344506758872,6,373.4338005806216,Optimal,True,Optimal,heuristic,0.0003676900014397
4,8,35,28,0.9,ILP,0.994,True,0.0,True,1.0,3,131.96415920784966,75.36672253379425,6,373.4338005806216,Optimal,True,Optimal,heuristic,0.1285616169989225
4,8,35,28,0.9,MILP,0.994,True,0.0,True,1.0,3,131.96415920784966,75.36672253379425,6,373.4338005806216,Optimal,True,Optimal,heuristic,0.1159418360002746
4,8,35,28,0.9,Dijkstra,0.994,True,0.0,True,1.0,3,131.96415920784966,75.36672253379425,6,373.4338005806216,Optimal,True,Optimal,heuristic,0.0003439329993852
4,9,57,4,0.5,ILP,0.984,True,0.0,True,1.0,8,1251.3723407312775,476.2585236390122,5,250.5743911475132,Optimal,True,Optimal,heuristic,0.1246629640008905
4,9,57,4,0.5,MILP,0.984,True,0.0,True,1.0,8,1251.3723407312775,476.2585236390122,5,250.5743911475132,Optimal,True,Optimal,heuristic,0.1030138789974444
4,9,57,4,0.5,Dijkstra,0.984,True,0.0,True,1.0,8,1251.3723407312775,476.2585236390122,5,250.5743911475132,Optimal,True,Optimal,heuristic,0.0005094679981993
4,9,57,4,0.6,ILP,0.992,True,0.0,True,1.0,4,676.4721935269005,381.00681891120985,5,250.5743911475132,Optimal,True,Optimal,heuristic,0.1841002990004199
4,9,57,4,0.6,MILP,0.992,True,0.0,True,1.0,4,676.4721935269005,381.00681891120985,5,250.5743911475132,Optimal,True,Optimal,heuristic,0.1032208270007686
4,9,57,4,0.6,Dijkstra,0.992,True,0.0,True,1.0,4,676.4721935269005,381.00681891120985,5,250.5743911475132,Optimal,True,Optimal,heuristic,0.0003456439990259
4,9,57,4,0.7,ILP,0.996,True,0.0,True,1.0,2,350.6629523081973,285.7551141834074,5,250.5743911475132,Optimal,True,Optimal,heuristic,0.1026919340001768
4,9,57,4,0.7,MILP,0.996,True,0.0,True,1.0,2,350.6629523081973,285.7551141834074,5,250.5743911475132,Optimal,True,Optimal,heuristic,0.1027512730033777
4,9,57,4,0.7,Dijkstra,0.996,True,0.0,True,1.0,2,350.6629523081973,285.7551141834074,5,250.5743911475132,Optimal,True,Optimal,heuristic,0.0003747640002984
4,9,57,4,0.8,ILP,0.998,True,0.0,True,1.0,1,190.5034094556048,190.5034094556048,5,250.5743911475132,Optimal,True,Optimal,heuristic,0.1056437660008668
4,9,57,4,0.8,MILP,0.998,True,0.0,True,1.0,1,190.5034094556048,190.5034094556048,5,250.5743911475132,Optimal,True,Optimal,heuristic,0.1147393940009351
4,9,57,4,0.8,Dijkstra,0.998,True,0.0,True,1.0,1,190.5034094556048,190.5034094556048,5,250.5743911475132,Optimal,True,Optimal,heuristic,0.0003318099988973
4,9,57,4,0.9,ILP,0.998,True,0.0,True,1.0,1,95.25170472780246,95.25170472780246,5,250.5743911475132,Optimal,True,Optimal,heuristic,0.0972180089993344
4,9,57,4,0.9,MILP,0.998,True,0.0,True,1.0,1,95.25170472780246,95.25170472780246,5,250.5743911475132,Optimal,True,Optimal,heuristic,0.0953311890007171
4,9,57,4,0.9,Dijkstra,0.998,True,0.0,True,1.0,1,95.25170472780246,95.25170472780246,5,250.5743911475132,Optimal,True,Optimal,heuristic,0.0003743069974007
4,10,55,53,0.5,ILP,0.794,True,0.0,True,1.0,103,12561.737071103373,404.4670341277001,10,550.740106461535,Optimal,True,Optimal,heuristic,1.0290942400024503
4,10,55,53,0.5,MILP,0.794,True,0.0,True,1.0,103,12561.737071103373,404.4670341277001,10,550.740106461535,Optimal,True,Optimal,heuristic,0.1188692860014271
4,10,55,53,0.5,Dijkstra,0.794,True,0.0,True,1.0,103,12561.737071103373,404.4670341277001,10,550.740106461535,Optimal,True,Optimal,heuristic,0.0004136460011068
4,10,55,53,0.6,ILP,0.894,True,0.0,True,1.0,53,6502.977348190658,323.5736273021595,10,550.740106461535,Optimal,True,Optimal,heuristic,0.7467947469995124
4,10,55,53,0.6,MILP,0.894,False,0.0,True,1.0,53,6502.977348190679,323.57362730216016,10,550.740106461535,Optimal,True,Optimal,heuristic,0.1209677060032845
4,10,55,53,0.6,Dijkstra,0.894,False,0.0,True,1.0,53,6502.977348190679,323.57362730216016,10,550.740106461535,Optimal,True,Optimal,heuristic,0.0003880299991578
4,10,55,53,0.7,ILP,0.932,True,0.0,True,1.0,34,2989.553512497004,242.6802204766201,10,550.740106461535,Optimal,True,Optimal,heuristic,0.4846461880006245
4,10,55,53,0.7,MILP,0.932,True,0.0,True,1.0,34,2989.553512497004,242.6802204766201,10,550.740106461535,Optimal,True,Optimal,heuristic,0.1325360699993325
4,10,55,53,0.7,Dijkstra,0.932,True,0.0,True,1.0,34,2989.553512497004,242.6802204766201,10,550.740106461535,Optimal,True,Optimal,heuristic,0.0004561349996947
4,10,55,53,0.8,ILP,0.974,True,0.0,True,1.0,13,975.9767318032892,161.78681365108002,10,550.740106461535,Optimal,True,Optimal,heuristic,0.3213699199986877
4,10,55,53,0.8,MILP,0.974,True,0.0,True,1.0,13,975.9767318032892,161.78681365108002,10,550.740106461535,Optimal,True,Optimal,heuristic,0.1151755520004371
4,10,55,53,0.8,Dijkstra,0.974,True,0.0,True,1.0,13,975.9767318032892,161.78681365108002,10,550.740106461535,Optimal,True,Optimal,heuristic,0.000387017000321
4,10,55,53,0.9,ILP,0.986,True,0.0,True,1.0,7,259.71659398715383,80.89340682554007,10,550.740106461535,Optimal,True,Optimal,heuristic,0.1931978979991981
4,10,55,53,0.9,MILP,0.986,True,0.0,True,1.0,7,259.71659398715383,80.89340682554007,10,550.740106461535,Optimal,True,Optimal,heuristic,0.1179288170023937
4,10,55,53,0.9,Dijkstra,0.986,True,0.0,True,1.0,7,259.71659398715383,80.89340682554007,10,550.740106461535,Optimal,True,Optimal,heuristic,0.0003870489999826
4,11,17,41,0.5,ILP,0.954,True,0.0,True,1.0,23,3403.467631287221,605.8950972112933,4,192.5834133971533,Optimal,True,Optimal,heuristic,1.0547785650014705
4,11,17,41,0.5,MILP,0.92,False,0.0339999999999999,False,0.0,40,2652.964703457258,306.7972327672404,7,249.954429018467,Optimal,True,Optimal,heuristic,0.992902153000614
4,11,17,41,0.5,Dijkstra,0.954,True,0.0,True,1.0,23,3403.467631287221,605.8950972112933,4,192.5834133971533,Optimal,True,Optimal,heuristic,0.0003606659993238
4,11,17,41,0.6,ILP,0.976,True,0.0,True,1.0,12,1167.533174669364,245.43778621379383,7,249.954429018467,Optimal,True,Optimal,heuristic,0.6321196659991983
4,11,17,41,0.6,MILP,0.976,False,0.0,True,1.0,12,1167.5331746693653,245.43778621379408,7,249.95442901846695,Optimal,True,Optimal,heuristic,0.4497622700000647
4,11,17,41,0.6,Dijkstra,0.972,False,0.004,False,0.0,14,2353.9688609533723,544.5356506578448,4,192.5834133971533,Optimal,True,Optimal,heuristic,0.0003887940001732
4,11,17,41,0.7,ILP,0.984,True,0.0,True,1.0,8,508.503754787094,184.07833966034548,7,249.954429018467,Optimal,True,Optimal,heuristic,0.8714800289999403
4,11,17,41,0.7,MILP,0.984,False,0.0,True,1.0,8,508.5037547870882,184.07833966034423,7,249.954429018468,Optimal,True,Optimal,heuristic,0.3933872439993138
4,11,17,41,0.7,Dijkstra,0.98,False,0.004,False,0.0,10,1614.1778007851876,483.1762041043965,4,192.5834133971533,Optimal,True,Optimal,heuristic,0.000389909997466
4,11,17,41,0.8,ILP,0.994,True,0.0,True,1.0,3,166.4882017353808,122.71889310689689,7,249.954429018467,Optimal,True,Optimal,heuristic,0.3968822170027124
4,11,17,41,0.8,MILP,0.994,False,0.0,True,1.0,3,166.48820173538093,122.71889310689676,7,249.95442901846695,Optimal,True,Optimal,heuristic,0.2308057789996382
4,11,17,41,0.8,Dijkstra,0.99,False,0.004,False,0.0,5,1138.8782253501872,421.81675755094784,4,192.5834133971533,Optimal,True,Optimal,heuristic,0.0005552950024139
4,11,17,41,0.9,ILP,0.998,True,0.0,True,1.0,1,70.54415262119585,70.54415262119585,6,258.5658810478752,Optimal,True,Optimal,heuristic,0.3011420850016293
4,11,17,41,0.9,MILP,0.998,False,0.0,True,1.0,1,61.359446553448606,61.359446553448606,6,249.95442901846693,Optimal,True,Optimal,heuristic,0.1557972449991211
4,11,17,41,0.9,Dijkstra,0.99,False,0.008,False,0.0,5,832.0809925829452,360.45731099749946,4,192.5834133971533,Optimal,True,Optimal,heuristic,0.0003887610000674
4,12,45,23,0.5,ILP,0.856,True,0.0,True,1.0,72,7649.654445046292,422.2295684445263,6,369.06845759194726,Optimal,True,Optimal,heuristic,2.138206055002229
4,12,45,23,0.5,MILP,0.856,False,0.0,True,1.0,72,7649.654445046292,422.2295684445263,6,369.06845759194726,Optimal,True,Optimal,heuristic,0.567202267000539
4,12,45,23,0.5,Dijkstra,0.856,True,0.0,True,1.0,72,7649.654445046292,422.2295684445263,6,369.06845759194726,Optimal,True,Optimal,heuristic,0.000374527000531
4,12,45,23,0.6,ILP,0.934,True,0.0,True,1.0,33,3398.9985547817705,337.7836547556211,6,369.06845759194726,Optimal,True,Optimal,heuristic,3.0895623120013624
4,12,45,23,0.6,MILP,0.934,True,0.0,True,1.0,33,3398.9985547817705,337.7836547556211,6,369.06845759194726,Optimal,True,Optimal,heuristic,0.6862802659998124
4,12,45,23,0.6,Dijkstra,0.934,True,0.0,True,1.0,33,3398.9985547817705,337.7836547556211,6,369.06845759194726,Optimal,True,Optimal,heuristic,0.0003381150017958
4,12,45,23,0.7,ILP,0.976,True,0.0,True,1.0,12,1493.835096486746,253.3377410667158,6,369.06845759194726,Optimal,True,Optimal,heuristic,0.9532982019991324
4,12,45,23,0.7,MILP,0.976,False,0.0,True,1.0,12,1493.8350964867443,253.3377410667156,6,369.0684575919474,Optimal,True,Optimal,heuristic,0.2098327519997838
4,12,45,23,0.7,Dijkstra,0.976,True,0.0,True,1.0,12,1493.835096486746,253.3377410667158,6,369.06845759194726,Optimal,True,Optimal,heuristic,0.0003769639988604
4,12,45,23,0.8,ILP,0.986,True,0.0,True,1.0,7,694.3538007980084,168.8918273778105,6,369.06845759194726,Optimal,True,Optimal,heuristic,0.7209235919981438
4,12,45,23,0.8,MILP,0.986,True,0.0,True,1.0,7,694.3538007980084,168.8918273778105,6,369.06845759194726,Optimal,True,Optimal,heuristic,0.3046497670002281
4,12,45,23,0.8,Dijkstra,0.986,True,0.0,True,1.0,7,694.3538007980084,168.8918273778105,6,369.06845759194726,Optimal,True,Optimal,heuristic,0.0005069770013506
4,12,45,23,0.9,ILP,0.994,True,0.0,True,1.0,3,212.35801097690387,84.4459136889052,6,369.06845759194726,Optimal,True,Optimal,heuristic,0.2568461199989542
4,12,45,23,0.9,MILP,0.994,False,0.0,True,1.0,3,212.35801097690387,84.4459136889052,6,369.06845759194726,Optimal,True,Optimal,heuristic,0.1447102380006981
4,12,45,23,0.9,Dijkstra,0.994,True,0.0,True,1.0,3,212.35801097690387,84.4459136889052,6,369.06845759194726,Optimal,True,Optimal,heuristic,0.0003495759992802
4,13,4,63,0.5,ILP,0.974,True,0.0,True,1.0,13,3685.031189152053,612.4454744858658,4,244.3747048157712,Optimal,True,Optimal,heuristic,0.5748673399975814
4,13,4,63,0.5,MILP,0.946,False,0.028,False,0.0,27,2274.758880208288,442.9929556488173,7,338.139690733743,Optimal,True,Optimal,heuristic,0.4250157989990839
4,13,4,63,0.5,Dijkstra,0.974,True,0.0,True,1.0,13,3685.031189152053,612.4454744858658,4,244.3747048157712,Optimal,True,Optimal,heuristic,0.0003843670019705
4,13,4,63,0.6,ILP,0.98,True,0.0,True,1.0,10,2809.983962353059,534.621157810951,4,244.37470481577148,Optimal,True,Optimal,heuristic,0.6476093970013608
4,13,4,63,0.6,MILP,0.98,False,0.0,True,1.0,10,1143.7800096701849,365.1686389738784,7,338.1396907337458,Optimal,True,Optimal,heuristic,0.3405727839999599
4,13,4,63,0.6,Dijkstra,0.98,False,0.0,True,1.0,10,2809.983962353056,534.621157810951,4,244.3747048157712,Optimal,True,Optimal,heuristic,0.0005714899998565
4,13,4,63,0.7,ILP,0.99,True,0.0,True,1.0,5,493.0318923154915,287.34432229898766,7,338.139690733743,Optimal,True,Optimal,heuristic,0.5653528250004456
4,13,4,63,0.7,MILP,0.99,False,0.0,True,1.0,5,493.0318923154913,287.34432229898744,7,338.139690733743,Optimal,True,Optimal,heuristic,0.1836044000010588
4,13,4,63,0.7,Dijkstra,0.984,False,0.006,False,0.0,8,2065.9228753638445,456.79684113603616,4,244.3747048157712,Optimal,True,Optimal,heuristic,0.0003349729995534
4,13,4,63,0.8,ILP,0.996,True,0.0,True,1.0,2,255.31628008722032,209.52000562407284,7,338.139690733743,Optimal,True,Optimal,heuristic,0.2029035670020675
4,13,4,63,0.8,MILP,0.996,True,0.0,True,1.0,2,255.31628008722032,209.52000562407284,7,338.139690733743,Optimal,True,Optimal,heuristic,0.1742192249985237
4,13,4,63,0.8,Dijkstra,0.988,False,0.008,False,0.0,6,1523.4671832155334,378.9725244611213,4,244.3747048157712,Optimal,True,Optimal,heuristic,0.0003429249991313
4,13,4,63,0.9,ILP,0.998,True,0.0,True,1.0,1,131.69568894915778,131.69568894915778,6,338.1396907337429,Optimal,True,Optimal,heuristic,0.2138413899992883
4,13,4,63,0.9,MILP,0.996,False,0.002,False,0.0,2,107.15634459636884,77.8243166749146,9,395.3438965044764,Optimal,True,Optimal,heuristic,0.2111775960001978
4,13,4,63,0.9,Dijkstra,0.988,False,0.01,False,0.0,6,1056.521283166045,301.1482077862065,4,244.3747048157712,Optimal,True,Optimal,heuristic,0.0004711609981313
4,14,44,50,0.5,ILP,0.954,True,0.0,True,1.0,23,1595.0047692078008,390.0407117999982,5,258.84331388367474,Optimal,True,Optimal,heuristic,0.352498057000048
4,14,44,50,0.5,MILP,0.954,False,0.0,True,1.0,23,1595.0047692078008,390.0407117999982,5,258.84331388367474,Optimal,True,Optimal,heuristic,0.1324476740010141
4,14,44,50,0.5,Dijkstra,0.954,False,0.0,True,1.0,23,1595.0047692078008,390.0407117999982,5,258.84331388367474,Optimal,True,Optimal,heuristic,0.0003759889987122
4,14,44,50,0.6,ILP,0.984,True,0.0,True,1.0,8,618.8233908423988,312.0325694399985,5,258.84331388367474,Optimal,True,Optimal,heuristic,0.2489272849998087
4,14,44,50,0.6,MILP,0.984,True,0.0,True,1.0,8,618.8233908423988,312.0325694399985,5,258.84331388367474,Optimal,True,Optimal,heuristic,0.1460275440003897
4,14,44,50,0.6,Dijkstra,0.984,True,0.0,True,1.0,8,618.8233908423988,312.0325694399985,5,258.84331388367474,Optimal,True,Optimal,heuristic,0.0003921090028597
4,14,44,50,0.7,ILP,0.996,True,0.0,True,1.0,2,327.83062457097174,234.024427079999,5,258.84331388367474,Optimal,True,Optimal,heuristic,0.1374063540024508
4,14,44,50,0.7,MILP,0.996,True,0.0,True,1.0,2,327.83062457097174,234.024427079999,5,258.84331388367474,Optimal,True,Optimal,heuristic,0.1226688220012874
4,14,44,50,0.7,Dijkstra,0.996,True,0.0,True,1.0,2,327.83062457097174,234.024427079999,5,258.84331388367474,Optimal,True,Optimal,heuristic,0.0003610810017562
4,14,44,50,0.8,ILP,0.996,True,0.0,True,1.0,2,171.81433985097226,156.01628471999925,5,258.84331388367474,Optimal,True,Optimal,heuristic,0.1698806040003546
4,14,44,50,0.8,MILP,0.996,True,0.0,True,1.0,2,171.81433985097226,156.01628471999925,5,258.84331388367474,Optimal,True,Optimal,heuristic,0.1106982950004749
4,14,44,50,0.8,Dijkstra,0.996,True,0.0,True,1.0,2,171.81433985097226,156.01628471999925,5,258.84331388367474,Optimal,True,Optimal,heuristic,0.0003000860015163
4,14,44,50,0.9,ILP,0.998,True,0.0,True,1.0,1,78.00814235999962,78.00814235999962,5,258.84331388367474,Optimal,True,Optimal,heuristic,0.1004580180015182
4,14,44,50,0.9,MILP,0.998,True,0.0,True,1.0,1,78.00814235999962,78.00814235999962,5,258.84331388367474,Optimal,True,Optimal,heuristic,0.0941565060020366
4,14,44,50,0.9,Dijkstra,0.998,True,0.0,True,1.0,1,78.00814235999962,78.00814235999962,5,258.84331388367474,Optimal,True,Optimal,heuristic,0.0003011359985976
4,15,49,12,0.5,ILP,0.98,True,0.0,True,1.0,10,1523.1292778789,456.9711418409389,2,135.7558326361489,Optimal,True,Optimal,heuristic,0.1715031870007806
4,15,49,12,0.5,MILP,0.98,True,0.0,True,1.0,10,1523.1292778789,456.9711418409389,2,135.7558326361489,Optimal,True,Optimal,heuristic,0.1766185980013688
4,15,49,12,0.5,Dijkstra,0.98,True,0.0,True,1.0,10,1523.1292778789,456.9711418409389,2,135.7558326361489,Optimal,True,Optimal,heuristic,0.0003306859980511
4,15,49,12,0.6,ILP,0.986,True,0.0,True,1.0,7,704.7228838820724,365.5769134727512,2,135.7558326361489,Optimal,True,Optimal,heuristic,0.1565362809997168
4,15,49,12,0.6,MILP,0.986,True,0.0,True,1.0,7,704.7228838820724,365.5769134727512,2,135.7558326361489,Optimal,True,Optimal,heuristic,0.1652752629997849
4,15,49,12,0.6,Dijkstra,0.986,True,0.0,True,1.0,7,704.7228838820724,365.5769134727512,2,135.7558326361489,Optimal,True,Optimal,heuristic,0.0003742770022654
4,15,49,12,0.7,ILP,0.996,True,0.0,True,1.0,2,329.34673839288166,274.18268510456346,2,135.7558326361489,Optimal,True,Optimal,heuristic,0.1350521579988708
4,15,49,12,0.7,MILP,0.996,True,0.0,True,1.0,2,329.34673839288166,274.18268510456346,2,135.7558326361489,Optimal,True,Optimal,heuristic,0.1330065980000654
4,15,49,12,0.7,Dijkstra,0.996,True,0.0,True,1.0,2,329.34673839288166,274.18268510456346,2,135.7558326361489,Optimal,True,Optimal,heuristic,0.0003576359995349
4,15,49,12,0.8,ILP,0.998,True,0.0,True,1.0,1,182.7884567363756,182.7884567363756,2,135.7558326361489,Optimal,True,Optimal,heuristic,0.1136923009980819
4,15,49,12,0.8,MILP,0.998,True,0.0,True,1.0,1,182.7884567363756,182.7884567363756,2,135.7558326361489,Optimal,True,Optimal,heuristic,0.1357112650002818
4,15,49,12,0.8,Dijkstra,0.998,True,0.0,True,1.0,1,182.7884567363756,182.7884567363756,2,135.7558326361489,Optimal,True,Optimal,heuristic,0.0003588059989851
4,15,49,12,0.9,ILP,0.998,True,0.0,True,1.0,1,91.39422836818778,91.39422836818778,2,135.7558326361489,Optimal,True,Optimal,heuristic,0.098532484997122
4,15,49,12,0.9,MILP,0.998,True,0.0,True,1.0,1,91.39422836818778,91.39422836818778,2,135.7558326361489,Optimal,True,Optimal,heuristic,0.1245601529990381
4,15,49,12,0.9,Dijkstra,0.998,True,0.0,True,1.0,1,91.39422836818778,91.39422836818778,2,135.7558326361489,Optimal,True,Optimal,heuristic,0.0003691199999593
4,16,32,2,0.5,ILP,0.992,True,0.0,True,1.0,4,1059.3929471651345,425.2303867509029,5,220.901497626421,Optimal,True,Optimal,heuristic,0.1378774889999476
4,16,32,2,0.5,MILP,0.992,False,0.0,True,1.0,4,1059.3929471651345,425.2303867509029,5,220.901497626421,Optimal,True,Optimal,heuristic,0.1254855639999732
4,16,32,2,0.5,Dijkstra,0.992,False,0.0,True,1.0,4,1059.3929471651345,425.2303867509029,5,220.901497626421,Optimal,True,Optimal,heuristic,0.0004236890017637
4,16,32,2,0.6,ILP,0.994,True,0.0,True,1.0,3,795.8208444135021,343.4209766057103,5,220.901497626421,Optimal,True,Optimal,heuristic,0.1551205819996539
4,16,32,2,0.6,MILP,0.994,True,0.0,True,1.0,3,795.8208444135021,343.4209766057103,5,220.901497626421,Optimal,True,Optimal,heuristic,0.1315402100008214
4,16,32,2,0.6,Dijkstra,0.994,True,0.0,True,1.0,3,795.8208444135021,343.4209766057103,5,220.901497626421,Optimal,True,Optimal,heuristic,0.0004498620000958
4,16,32,2,0.7,ILP,0.994,True,0.0,True,1.0,3,550.3926139779246,261.6115664605178,5,220.901497626421,Optimal,True,Optimal,heuristic,0.1590863249984977
4,16,32,2,0.7,MILP,0.99,False,0.004,False,0.0,5,516.5368004600849,245.4282304355777,5,288.443302750112,Optimal,True,Optimal,heuristic,0.1284023260013782
4,16,32,2,0.7,Dijkstra,0.994,True,0.0,True,1.0,3,550.3926139779246,261.6115664605178,5,220.901497626421,Optimal,True,Optimal,heuristic,0.0003723810004885
4,16,32,2,0.8,ILP,0.996,True,0.0,True,1.0,2,292.1723746703117,163.6188202903851,5,288.443302750112,Optimal,True,Optimal,heuristic,0.1346192169985443
4,16,32,2,0.8,MILP,0.996,True,0.0,True,1.0,2,292.1723746703117,163.6188202903851,5,288.443302750112,Optimal,True,Optimal,heuristic,0.1076078830010374
4,16,32,2,0.8,Dijkstra,0.994,False,0.002,False,0.0,3,304.9643835423468,179.8021563153252,5,220.901497626421,Optimal,True,Optimal,heuristic,0.0003082249968429
4,16,32,2,0.9,ILP,0.996,True,0.0,True,1.0,2,104.71336709101548,97.9927461701326,5,220.901497626421,Optimal,True,Optimal,heuristic,0.1554858000017702
4,16,32,2,0.9,MILP,0.996,True,0.0,True,1.0,2,104.71336709101548,97.9927461701326,5,220.901497626421,Optimal,True,Optimal,heuristic,0.0958189090015366
4,16,32,2,0.9,Dijkstra,0.996,True,0.0,True,1.0,2,104.71336709101548,97.9927461701326,5,220.901497626421,Optimal,True,Optimal,heuristic,0.0003346160010551
4,17,35,10,0.5,ILP,0.872,True,0.0,True,1.0,64,5445.375311444546,415.78048182116686,11,508.3896198227108,Optimal,True,Optimal,heuristic,1.4900763620025828
4,17,35,10,0.5,MILP,0.872,True,0.0,True,1.0,64,5445.375311444546,415.78048182116686,11,508.3896198227108,Optimal,True,Optimal,heuristic,0.2331687669975508
4,17,35,10,0.5,Dijkstra,0.872,True,0.0,True,1.0,64,5445.375311444546,415.78048182116686,11,508.3896198227108,Optimal,True,Optimal,heuristic,0.0003500530001474
4,17,35,10,0.6,ILP,0.956,True,0.0,True,1.0,22,2264.936474981806,332.6243854569335,11,508.3896198227108,Optimal,True,Optimal,heuristic,0.4355723209991993
4,17,35,10,0.6,MILP,0.956,False,0.0,True,1.0,22,2264.936474981805,332.6243854569335,11,508.3896198227108,Optimal,True,Optimal,heuristic,0.2304461329986225
4,17,35,10,0.6,Dijkstra,0.956,True,0.0,True,1.0,22,2264.936474981806,332.6243854569335,11,508.3896198227108,Optimal,True,Optimal,heuristic,0.0004697139993368
4,17,35,10,0.7,ILP,0.978,True,0.0,True,1.0,11,913.9800240868668,249.46828909270016,11,508.3896198227108,Optimal,True,Optimal,heuristic,0.3617412459971092
4,17,35,10,0.7,MILP,0.978,False,0.0,True,1.0,11,913.9800240868674,249.46828909270016,11,508.3896198227108,Optimal,True,Optimal,heuristic,0.1991762870020466
4,17,35,10,0.7,Dijkstra,0.978,False,0.0,True,1.0,11,913.9800240868668,249.46828909270016,11,508.3896198227108,Optimal,True,Optimal,heuristic,0.0003931920000468
4,17,35,10,0.8,ILP,0.99,True,0.0,True,1.0,5,296.9862399406917,166.3121927284667,11,508.3896198227108,Optimal,True,Optimal,heuristic,0.3708186510011728
4,17,35,10,0.8,MILP,0.99,True,0.0,True,1.0,5,296.9862399406917,166.3121927284667,11,508.3896198227108,Optimal,True,Optimal,heuristic,0.1562594829993031
4,17,35,10,0.8,Dijkstra,0.99,True,0.0,True,1.0,5,296.9862399406917,166.3121927284667,11,508.3896198227108,Optimal,True,Optimal,heuristic,0.0003790109985857
4,17,35,10,0.9,ILP,0.998,True,0.0,True,1.0,1,83.15609636423335,83.15609636423335,11,508.3896198227108,Optimal,True,Optimal,heuristic,0.1179135870006575
4,17,35,10,0.9,MILP,0.998,True,0.0,True,1.0,1,83.15609636423335,83.15609636423335,11,508.3896198227108,Optimal,True,Optimal,heuristic,0.1219192200005636
4,17,35,10,0.9,Dijkstra,0.998,True,0.0,True,1.0,1,83.15609636423335,83.15609636423335,11,508.3896198227108,Optimal,True,Optimal,heuristic,0.0003474420009297
4,18,48,44,0.5,ILP,0.95,True,0.0,True,1.0,25,4028.498752202802,524.7186779132153,8,413.3643876930429,Optimal,True,Optimal,heuristic,0.3921357580002222
4,18,48,44,0.5,MILP,0.95,False,0.0,True,1.0,25,4028.4987522028023,524.7186779132153,8,413.3643876930429,Optimal,True,Optimal,heuristic,0.2054787050001323
4,18,48,44,0.5,Dijkstra,0.95,False,0.0,True,1.0,25,4028.498752202802,524.7186779132153,8,413.3643876930429,Optimal,True,Optimal,heuristic,0.0004389580026327
4,18,48,44,0.6,ILP,0.972,True,0.0,True,1.0,14,2212.1312733348427,419.7749423305722,8,413.3643876930429,Optimal,True,Optimal,heuristic,0.394712356999662
4,18,48,44,0.6,MILP,0.972,False,0.0,True,1.0,14,2212.1312733348414,419.7749423305722,8,413.3643876930429,Optimal,True,Optimal,heuristic,0.1705014040016976
4,18,48,44,0.6,Dijkstra,0.972,True,0.0,True,1.0,14,2212.1312733348427,419.7749423305722,8,413.3643876930429,Optimal,True,Optimal,heuristic,0.0003603770019253
4,18,48,44,0.7,ILP,0.982,True,0.0,True,1.0,9,973.1395233155656,314.8312067479292,8,413.3643876930429,Optimal,True,Optimal,heuristic,0.3368815729991183
4,18,48,44,0.7,MILP,0.982,False,0.0,True,1.0,9,973.1395233155652,314.8312067479292,8,413.3643876930429,Optimal,True,Optimal,heuristic,0.1503845209990686
4,18,48,44,0.7,Dijkstra,0.982,True,0.0,True,1.0,9,973.1395233155656,314.8312067479292,8,413.3643876930429,Optimal,True,Optimal,heuristic,0.0003788169997278
4,18,48,44,0.8,ILP,0.994,True,0.0,True,1.0,3,393.63204143838107,209.8874711652861,8,413.3643876930429,Optimal,True,Optimal,heuristic,0.1276275320014974
4,18,48,44,0.8,MILP,0.994,False,0.0,True,1.0,3,393.6320414383808,209.8874711652861,8,413.364387693043,Optimal,True,Optimal,heuristic,0.0924933659989619
4,18,48,44,0.8,Dijkstra,0.994,True,0.0,True,1.0,3,393.63204143838107,209.8874711652861,8,413.3643876930429,Optimal,True,Optimal,heuristic,0.0003036659982171
4,18,48,44,0.9,ILP,0.996,True,0.0,True,1.0,2,136.0096529404575,104.94373558264306,8,413.3643876930429,Optimal,True,Optimal,heuristic,0.1669084290006139
4,18,48,44,0.9,MILP,0.996,True,0.0,True,1.0,2,136.0096529404575,104.94373558264306,8,413.3643876930429,Optimal,True,Optimal,heuristic,0.0995657140010735
4,18,48,44,0.9,Dijkstra,0.996,True,0.0,True,1.0,2,136.0096529404575,104.94373558264306,8,413.3643876930429,Optimal,True,Optimal,heuristic,0.0003885570004058
4,19,26,21,0.5,ILP,0.882,True,0.0,True,1.0,59,7837.573584535028,466.73661063033,13,637.3894534126872,Optimal,True,Optimal,heuristic,0.8476072410012421
4,19,26,21,0.5,MILP,0.882,False,0.0,True,1.0,59,7837.573584535029,466.73661063033,13,637.3894534126871,Optimal,True,Optimal,heuristic,0.134576371001458
4,19,26,21,0.5,Dijkstra,0.882,True,0.0,True,1.0,59,7837.573584535028,466.73661063033,13,637.3894534126872,Optimal,True,Optimal,heuristic,0.0003707020005094
4,19,26,21,0.6,ILP,0.938,True,0.0,True,1.0,31,3731.692955174604,373.389288504264,13,637.3894534126872,Optimal,True,Optimal,heuristic,0.7149782810010947
4,19,26,21,0.6,MILP,0.938,True,0.0,True,1.0,31,3731.692955174604,373.389288504264,13,637.3894534126872,Optimal,True,Optimal,heuristic,0.1311539710004581
4,19,26,21,0.6,Dijkstra,0.938,True,0.0,True,1.0,31,3731.692955174604,373.389288504264,13,637.3894534126872,Optimal,True,Optimal,heuristic,0.0004031480020785
4,19,26,21,0.7,ILP,0.97,True,0.0,True,1.0,15,1870.1057176001389,280.04196637819814,13,637.3894534126872,Optimal,True,Optimal,heuristic,0.5190530250001757
4,19,26,21,0.7,MILP,0.97,True,0.0,True,1.0,15,1870.1057176001389,280.04196637819814,13,637.3894534126872,Optimal,True,Optimal,heuristic,0.1261465169991424
4,19,26,21,0.7,Dijkstra,0.97,True,0.0,True,1.0,15,1870.1057176001389,280.04196637819814,13,637.3894534126872,Optimal,True,Optimal,heuristic,0.0003686219970404
4,19,26,21,0.8,ILP,0.98,True,0.0,True,1.0,10,766.6817796491976,186.69464425213187,13,637.3894534126872,Optimal,True,Optimal,heuristic,0.4295656000031158
4,19,26,21,0.8,MILP,0.98,False,0.0,True,1.0,10,766.681779649198,186.69464425213187,12,637.3894534126872,Optimal,True,Optimal,heuristic,0.1178043329964566
4,19,26,21,0.8,Dijkstra,0.98,True,0.0,True,1.0,10,766.6817796491976,186.69464425213187,13,637.3894534126872,Optimal,True,Optimal,heuristic,0.0004931529983878
4,19,26,21,0.9,ILP,0.992,True,0.0,True,1.0,4,158.72568794597078,93.34732212606605,13,637.3894534126872,Optimal,True,Optimal,heuristic,0.2335945869999705
4,19,26,21,0.9,MILP,0.992,False,0.0,True,1.0,4,158.72568794597078,93.34732212606605,13,637.3894534126872,Optimal,True,Optimal,heuristic,0.1119949059975624
4,19,26,21,0.9,Dijkstra,0.992,False,0.0,True,1.0,4,158.72568794597078,93.34732212606605,13,637.3894534126872,Optimal,True,Optimal,heuristic,0.0003537470001901
5,0,34,63,0.5,ILP,0.866,True,0.0,True,1.0,67,5529.295939868245,282.93771434570715,6,243.892639332792,Optimal,True,Optimal,heuristic,3.726115384997684
5,0,34,63,0.5,MILP,0.866,True,0.0,True,1.0,67,5529.295939868245,282.93771434570715,6,243.892639332792,Optimal,True,Optimal,heuristic,0.3139991419993748
5,0,34,63,0.5,Dijkstra,0.866,True,0.0,True,1.0,67,5529.295939868245,282.93771434570715,6,243.892639332792,Optimal,True,Optimal,heuristic,0.000349402998836
5,0,34,63,0.6,ILP,0.924,True,0.0,True,1.0,38,2557.808263951877,226.35017147656535,6,243.89263933279236,Optimal,True,Optimal,heuristic,1.7800217910007632
5,0,34,63,0.6,MILP,0.924,False,0.0,True,1.0,38,2557.8082639518857,226.3501714765657,6,243.892639332792,Optimal,True,Optimal,heuristic,0.4119078100011393
5,0,34,63,0.6,Dijkstra,0.924,False,0.0,True,1.0,38,2557.8082639518857,226.3501714765657,6,243.892639332792,Optimal,True,Optimal,heuristic,0.0003757400008908
5,0,34,63,0.7,ILP,0.968,True,0.0,True,1.0,16,1094.1240961720598,169.7626286074243,6,243.892639332792,Optimal,True,Optimal,heuristic,0.896361375998822
5,0,34,63,0.7,MILP,0.968,False,0.0,True,1.0,16,1094.1240961720605,169.76262860742452,6,243.8926393327919,Optimal,True,Optimal,heuristic,0.3905687050028064
5,0,34,63,0.7,Dijkstra,0.968,True,0.0,True,1.0,16,1094.1240961720598,169.7626286074243,6,243.892639332792,Optimal,True,Optimal,heuristic,0.0004056510006194
5,0,34,63,0.8,ILP,0.982,True,0.0,True,1.0,9,471.1392363541033,113.17508573828286,6,243.892639332792,Optimal,True,Optimal,heuristic,0.9386704110002028
5,0,34,63,0.8,MILP,0.982,True,0.0,True,1.0,9,471.1392363541033,113.17508573828286,6,243.892639332792,Optimal,True,Optimal,heuristic,0.1468017150000378
5,0,34,63,0.8,Dijkstra,0.982,True,0.0,True,1.0,9,471.1392363541033,113.17508573828286,6,243.892639332792,Optimal,True,Optimal,heuristic,0.0003447259987297
5,0,34,63,0.9,ILP,0.99,True,0.0,True,1.0,5,111.3434329494264,56.58754286914143,6,243.892639332792,Optimal,True,Optimal,heuristic,0.8060763430003135
5,0,34,63,0.9,MILP,0.99,True,0.0,True,1.0,5,111.3434329494264,56.58754286914143,6,243.892639332792,Optimal,True,Optimal,heuristic,0.1394841629989969
5,0,34,63,0.9,Dijkstra,0.99,True,0.0,True,1.0,5,111.3434329494264,56.58754286914143,6,243.892639332792,Optimal,True,Optimal,heuristic,0.0003696940002555
5,1,47,49,0.5,ILP,0.992,True,0.0,True,1.0,4,121.3084097030201,79.31329759139963,1,15.43172158869626,Optimal,True,Optimal,heuristic,0.123151317002339
5,1,47,49,0.5,MILP,0.992,True,0.0,True,1.0,4,121.3084097030201,79.31329759139963,1,15.43172158869626,Optimal,True,Optimal,heuristic,0.1075467589980689
5,1,47,49,0.5,Dijkstra,0.992,True,0.0,True,1.0,4,121.3084097030201,79.31329759139963,1,15.43172158869626,Optimal,True,Optimal,heuristic,0.0003963989984185
5,1,47,49,0.6,ILP,0.996,True,0.0,True,1.0,2,67.54026033871409,63.450638073119705,1,15.43172158869626,Optimal,True,Optimal,heuristic,0.1179893219996301
5,1,47,49,0.6,MILP,0.996,True,0.0,True,1.0,2,67.54026033871409,63.450638073119705,1,15.43172158869626,Optimal,True,Optimal,heuristic,0.1045688900012464
5,1,47,49,0.6,Dijkstra,0.996,True,0.0,True,1.0,2,67.54026033871409,63.450638073119705,1,15.43172158869626,Optimal,True,Optimal,heuristic,0.0003673970022646
5,1,47,49,0.7,ILP,0.998,True,0.0,True,1.0,1,47.58797855483978,47.58797855483978,1,15.43172158869626,Optimal,True,Optimal,heuristic,0.1134705760014185
5,1,47,49,0.7,MILP,0.998,True,0.0,True,1.0,1,47.58797855483978,47.58797855483978,1,15.43172158869626,Optimal,True,Optimal,heuristic,0.1040734779999184
5,1,47,49,0.7,Dijkstra,0.998,True,0.0,True,1.0,1,47.58797855483978,47.58797855483978,1,15.43172158869626,Optimal,True,Optimal,heuristic,0.0003480060004221
5,1,47,49,0.8,ILP,0.998,True,0.0,True,1.0,1,31.725319036559853,31.725319036559853,1,15.43172158869626,Optimal,True,Optimal,heuristic,0.108051407001767
5,1,47,49,0.8,MILP,0.998,True,0.0,True,1.0,1,31.725319036559853,31.725319036559853,1,15.43172158869626,Optimal,True,Optimal,heuristic,0.102393719000247
5,1,47,49,0.8,Dijkstra,0.998,True,0.0,True,1.0,1,31.725319036559853,31.725319036559853,1,15.43172158869626,Optimal,True,Optimal,heuristic,0.0003377029970579
5,1,47,49,0.9,ILP,0.998,True,0.0,True,1.0,1,15.862659518279912,15.862659518279912,1,15.43172158869626,Optimal,True,Optimal,heuristic,0.1054352110004401
5,1,47,49,0.9,MILP,0.998,True,0.0,True,1.0,1,15.862659518279912,15.862659518279912,1,15.43172158869626,Optimal,True,Optimal,heuristic,0.1102288419970136
5,1,47,49,0.9,Dijkstra,0.998,True,0.0,True,1.0,1,15.862659518279912,15.862659518279912,1,15.43172158869626,Optimal,True,Optimal,heuristic,0.0005861149984411
5,2,46,51,0.5,ILP,0.968,True,0.0,True,1.0,16,2235.129810000034,415.090443691576,8,326.50263045861897,Optimal,True,Optimal,heuristic,0.2150089719980314
5,2,46,51,0.5,MILP,0.968,True,0.0,True,1.0,16,2235.129810000034,415.090443691576,8,326.50263045861897,Optimal,True,Optimal,heuristic,0.0941045620020304
5,2,46,51,0.5,Dijkstra,0.968,True,0.0,True,1.0,16,2235.129810000034,415.090443691576,8,326.50263045861897,Optimal,True,Optimal,heuristic,0.000379076001991
5,2,46,51,0.6,ILP,0.984,True,0.0,True,1.0,8,1241.5900696243543,332.07235495326074,8,326.50263045861897,Optimal,True,Optimal,heuristic,0.1430448450009862
5,2,46,51,0.6,MILP,0.984,True,0.0,True,1.0,8,1241.5900696243543,332.07235495326074,8,326.50263045861897,Optimal,True,Optimal,heuristic,0.0956137969988049
5,2,46,51,0.6,Dijkstra,0.984,True,0.0,True,1.0,8,1241.5900696243543,332.07235495326074,8,326.50263045861897,Optimal,True,Optimal,heuristic,0.0005380590009735
5,2,46,51,0.7,ILP,0.99,True,0.0,True,1.0,5,713.3112876133304,249.0542662149453,8,326.5026304586194,Optimal,True,Optimal,heuristic,0.1159539090003818
5,2,46,51,0.7,MILP,0.99,False,0.0,True,1.0,5,713.3112876133309,249.05426621494556,8,326.50263045861897,Optimal,True,Optimal,heuristic,0.089599929000542
5,2,46,51,0.7,Dijkstra,0.99,False,0.0,True,1.0,5,713.3112876133309,249.05426621494556,8,326.50263045861897,Optimal,True,Optimal,heuristic,0.0003335059991513
5,2,46,51,0.8,ILP,0.994,True,0.0,True,1.0,3,376.7833171390624,166.03617747663043,8,326.50263045861897,Optimal,True,Optimal,heuristic,0.1039429170014045
5,2,46,51,0.8,MILP,0.994,True,0.0,True,1.0,3,376.7833171390624,166.03617747663043,8,326.50263045861897,Optimal,True,Optimal,heuristic,0.0837524519993166
5,2,46,51,0.8,Dijkstra,0.994,True,0.0,True,1.0,3,376.7833171390624,166.03617747663043,8,326.50263045861897,Optimal,True,Optimal,heuristic,0.0003194460005033
5,2,46,51,0.9,ILP,0.996,True,0.0,True,1.0,2,143.25502328260268,83.0180887383151,8,326.50263045861897,Optimal,True,Optimal,heuristic,0.0895860829987214
5,2,46,51,0.9,MILP,0.996,True,0.0,True,1.0,2,143.25502328260268,83.0180887383151,8,326.50263045861897,Optimal,True,Optimal,heuristic,0.0846645980018365
5,2,46,51,0.9,Dijkstra,0.996,True,0.0,True,1.0,2,143.25502328260268,83.0180887383151,8,326.50263045861897,Optimal,True,Optimal,heuristic,0.000336385997798
5,3,33,8,0.5,ILP,0.91,True,0.0,True,1.0,45,1434.2158354007083,116.5361052780745,2,73.69179312052395,Optimal,True,Optimal,heuristic,0.5207772550020309
5,3,33,8,0.5,MILP,0.91,True,0.0,True,1.0,45,1434.2158354007083,116.5361052780745,2,73.69179312052395,Optimal,True,Optimal,heuristic,0.128545376999682
5,3,33,8,0.5,Dijkstra,0.91,True,0.0,True,1.0,45,1434.2158354007083,116.5361052780745,2,73.69179312052395,Optimal,True,Optimal,heuristic,0.0003614069973991
5,3,33,8,0.6,ILP,0.944,True,0.0,True,1.0,28,620.1123198542837,93.22888422245951,1,73.6917931205239,Optimal,True,Optimal,heuristic,0.4221618279989343
5,3,33,8,0.6,MILP,0.944,False,0.0,True,1.0,28,620.1123198542855,93.2288842224596,2,73.69179312052395,Optimal,True,Optimal,heuristic,0.1269693370013556
5,3,33,8,0.6,Dijkstra,0.944,False,0.0,True,1.0,28,620.1123198542855,93.2288842224596,2,73.69179312052395,Optimal,True,Optimal,heuristic,0.0003219499994884
5,3,33,8,0.7,ILP,0.982,True,0.0,True,1.0,9,245.7212744333169,69.92166316684472,2,73.69179312052395,Optimal,True,Optimal,heuristic,0.2108782080031233
5,3,33,8,0.7,MILP,0.982,True,0.0,True,1.0,9,245.7212744333169,69.92166316684472,2,73.69179312052395,Optimal,True,Optimal,heuristic,0.1246623019978869
5,3,33,8,0.7,Dijkstra,0.982,True,0.0,True,1.0,9,245.7212744333169,69.92166316684472,2,73.69179312052395,Optimal,True,Optimal,heuristic,0.0003488830006972
5,3,33,8,0.8,ILP,0.994,True,0.0,True,1.0,3,86.71215026361196,46.61444211122975,2,73.69179312052395,Optimal,True,Optimal,heuristic,0.1459078539992333
5,3,33,8,0.8,MILP,0.994,False,0.0,True,1.0,3,86.71215026361199,46.61444211122978,2,73.69179312052395,Optimal,True,Optimal,heuristic,0.1295073599976604
5,3,33,8,0.8,Dijkstra,0.994,False,0.0,True,1.0,3,86.71215026361199,46.61444211122978,2,73.69179312052395,Optimal,True,Optimal,heuristic,0.000396356001147
5,3,33,8,0.9,ILP,0.998,True,0.0,True,1.0,1,23.30722105561489,23.30722105561489,2,73.69179312052395,Optimal,True,Optimal,heuristic,0.1043790169969725
5,3,33,8,0.9,MILP,0.998,True,0.0,True,1.0,1,23.30722105561489,23.30722105561489,2,73.69179312052395,Optimal,True,Optimal,heuristic,0.1228754190015024
5,3,33,8,0.9,Dijkstra,0.998,True,0.0,True,1.0,1,23.30722105561489,23.30722105561489,2,73.69179312052395,Optimal,True,Optimal,heuristic,0.0003707349969772
5,4,54,29,0.5,ILP,0.84,True,0.0,True,1.0,80,9323.843425327195,497.0821251826561,10,493.6407137695399,Optimal,True,Optimal,heuristic,2.709785353999905
5,4,54,29,0.5,MILP,0.84,False,0.0,True,1.0,80,9323.8434253272,497.08212518265634,10,493.64071376954,Optimal,True,Optimal,heuristic,1.1579158660024405
5,4,54,29,0.5,Dijkstra,0.84,True,0.0,True,1.0,80,9323.843425327195,497.0821251826561,10,493.6407137695399,Optimal,True,Optimal,heuristic,0.000412323999626
5,4,54,29,0.6,ILP,0.912,True,0.0,True,1.0,44,4745.525155320429,419.886385628246,10,493.6407137695399,Optimal,True,Optimal,heuristic,1.739603588001046
5,4,54,29,0.6,MILP,0.912,True,0.0,True,1.0,44,4745.525155320429,419.886385628246,10,493.6407137695399,Optimal,True,Optimal,heuristic,0.7716166969985352
5,4,54,29,0.6,Dijkstra,0.912,True,0.0,True,1.0,44,4745.525155320429,419.886385628246,10,493.6407137695399,Optimal,True,Optimal,heuristic,0.0003586550010368
5,4,54,29,0.7,ILP,0.962,True,0.0,True,1.0,19,2457.784424995048,342.6906460738357,10,493.6407137695399,Optimal,True,Optimal,heuristic,0.971450493001612
5,4,54,29,0.7,MILP,0.95,False,0.012,False,0.0,25,2129.3218329204265,369.4635625303201,12,509.358408518077,Optimal,True,Optimal,heuristic,0.7862352340016514
5,4,54,29,0.7,Dijkstra,0.962,True,0.0,True,1.0,19,2457.784424995048,342.6906460738357,10,493.6407137695399,Optimal,True,Optimal,heuristic,0.0003902239986928
5,4,54,29,0.8,ILP,0.982,True,0.0,True,1.0,9,750.120798512787,292.2678229759098,12,509.358408518077,Optimal,True,Optimal,heuristic,0.8496046910004225
5,4,54,29,0.8,MILP,0.982,True,0.0,True,1.0,9,750.120798512787,292.2678229759098,12,509.358408518077,Optimal,True,Optimal,heuristic,0.6842430430006061
5,4,54,29,0.8,Dijkstra,0.976,False,0.006,False,0.0,12,1356.1197441265313,265.4949065194254,10,493.6407137695399,Optimal,True,Optimal,heuristic,0.0003484930020931
5,4,54,29,0.9,ILP,0.992,True,0.0,True,1.0,4,308.44004003344287,215.07208342149968,12,509.358408518077,Optimal,True,Optimal,heuristic,0.4662879440002143
5,4,54,29,0.9,MILP,0.99,False,0.002,False,0.0,5,192.0941831582885,77.19573955441024,15,540.8811481457569,Optimal,True,Optimal,heuristic,0.5246562700012873
5,4,54,29,0.9,Dijkstra,0.988,False,0.004,False,0.0,6,679.9506209918636,188.29916696501527,10,493.6407137695399,Optimal,True,Optimal,heuristic,0.0003439860010985
5,5,32,24,0.5,ILP,0.936,True,0.0,True,1.0,32,3339.196416818032,481.5522395408528,7,333.0326022407164,Optimal,True,Optimal,heuristic,2.165713176000281
5,5,32,24,0.5,MILP,0.936,True,0.0,True,1.0,32,3339.196416818032,481.5522395408528,7,333.0326022407164,Optimal,True,Optimal,heuristic,0.6530536520003807
5,5,32,24,0.5,Dijkstra,0.936,True,0.0,True,1.0,32,3339.196416818032,481.5522395408528,7,333.0326022407164,Optimal,True,Optimal,heuristic,0.0003511579998303
5,5,32,24,0.6,ILP,0.966,True,0.0,True,1.0,17,1811.6033272369648,412.8869170868444,7,333.0326022407164,Optimal,True,Optimal,heuristic,1.1265793710008438
5,5,32,24,0.6,MILP,0.966,True,0.0,True,1.0,17,1811.6033272369648,412.8869170868444,7,333.0326022407164,Optimal,True,Optimal,heuristic,0.4170614729991939
5,5,32,24,0.6,Dijkstra,0.966,True,0.0,True,1.0,17,1811.6033272369648,412.8869170868444,7,333.0326022407164,Optimal,True,Optimal,heuristic,0.0003835509996861
5,5,32,24,0.7,ILP,0.98,True,0.0,True,1.0,10,1122.1507502507766,275.03518813582104,8,418.7872241577138,Optimal,True,Optimal,heuristic,0.7046455400013656
5,5,32,24,0.7,MILP,0.978,False,0.002,False,0.0,11,867.7225339687421,344.2215946328362,7,333.0326022407164,Optimal,True,Optimal,heuristic,0.2641632609993394
5,5,32,24,0.7,Dijkstra,0.978,False,0.002,False,0.0,11,867.7225339687421,344.2215946328362,7,333.0326022407164,Optimal,True,Optimal,heuristic,0.0003335750006954
5,5,32,24,0.8,ILP,0.992,True,0.0,True,1.0,4,397.3820952915541,275.55627217882795,7,333.0326022407164,Optimal,True,Optimal,heuristic,0.4579221509993658
5,5,32,24,0.8,MILP,0.992,False,0.0,True,1.0,4,397.3820952915539,275.55627217882784,7,333.0326022407164,Optimal,True,Optimal,heuristic,0.1809132270027476
5,5,32,24,0.8,Dijkstra,0.992,False,0.0,True,1.0,4,397.3820952915539,275.55627217882784,7,333.0326022407164,Optimal,True,Optimal,heuristic,0.0003733769990503
5,5,32,24,0.9,ILP,0.998,True,0.0,True,1.0,1,206.8909497248195,206.8909497248195,7,333.0326022407164,Optimal,True,Optimal,heuristic,0.1247417380000115
5,5,32,24,0.9,MILP,0.992,False,0.006,False,0.0,4,205.0729863907009,68.66532245400833,9,427.9928391179442,Optimal,True,Optimal,heuristic,0.2893516719996114
5,5,32,24,0.9,Dijkstra,0.998,True,0.0,True,1.0,1,206.8909497248195,206.8909497248195,7,333.0326022407164,Optimal,True,Optimal,heuristic,0.0003437160012254
5,6,50,41,0.5,ILP,0.936,True,0.0,True,1.0,32,1339.20460461205,126.39899072173526,1,60.52062670637378,Optimal,True,Optimal,heuristic,0.1247016489978705
5,6,50,41,0.5,MILP,0.936,True,0.0,True,1.0,32,1339.20460461205,126.39899072173526,1,60.52062670637378,Optimal,True,Optimal,heuristic,0.1458795010003086
5,6,50,41,0.5,Dijkstra,0.936,True,0.0,True,1.0,32,1339.20460461205,126.39899072173526,1,60.52062670637378,Optimal,True,Optimal,heuristic,0.0002806849988701
5,6,50,41,0.6,ILP,0.966,True,0.0,True,1.0,17,733.6320322187538,101.1191925773882,1,60.52062670637378,Optimal,True,Optimal,heuristic,0.1174490350022097
5,6,50,41,0.6,MILP,0.966,True,0.0,True,1.0,17,733.6320322187538,101.1191925773882,1,60.52062670637378,Optimal,True,Optimal,heuristic,0.1156253759982064
5,6,50,41,0.6,Dijkstra,0.966,True,0.0,True,1.0,17,733.6320322187538,101.1191925773882,1,60.52062670637378,Optimal,True,Optimal,heuristic,0.0003008660023624
5,6,50,41,0.7,ILP,0.982,True,0.0,True,1.0,9,424.76393076656586,75.83939443304115,1,60.52062670637378,Optimal,True,Optimal,heuristic,0.1071995990023424
5,6,50,41,0.7,MILP,0.982,True,0.0,True,1.0,9,424.76393076656586,75.83939443304115,1,60.52062670637378,Optimal,True,Optimal,heuristic,0.1194939660017553
5,6,50,41,0.7,Dijkstra,0.982,True,0.0,True,1.0,9,424.76393076656586,75.83939443304115,1,60.52062670637378,Optimal,True,Optimal,heuristic,0.0004570890014292
5,6,50,41,0.8,ILP,0.984,True,0.0,True,1.0,8,217.76141244789383,50.55959628869408,1,60.52062670637378,Optimal,True,Optimal,heuristic,0.1151506470014283
5,6,50,41,0.8,MILP,0.984,True,0.0,True,1.0,8,217.76141244789383,50.55959628869408,1,60.52062670637378,Optimal,True,Optimal,heuristic,0.1064966960002493
5,6,50,41,0.8,Dijkstra,0.984,True,0.0,True,1.0,8,217.76141244789383,50.55959628869408,1,60.52062670637378,Optimal,True,Optimal,heuristic,0.000337400000717
5,6,50,41,0.9,ILP,0.992,True,0.0,True,1.0,4,55.84387364881118,25.27979814434704,1,60.52062670637378,Optimal,True,Optimal,heuristic,0.1180840619999799
5,6,50,41,0.9,MILP,0.992,True,0.0,True,1.0,4,55.84387364881118,25.27979814434704,1,60.52062670637378,Optimal,True,Optimal,heuristic,0.111290615001053
5,6,50,41,0.9,Dijkstra,0.992,True,0.0,True,1.0,4,55.84387364881118,25.27979814434704,1,60.52062670637378,Optimal,True,Optimal,heuristic,0.0004208499995002
5,7,26,53,0.5,ILP,0.974,True,0.0,True,1.0,13,1498.2990991365582,642.656698399804,12,671.24587161866,Optimal,True,Optimal,heuristic,0.3770583929981512
5,7,26,53,0.5,MILP,0.974,True,0.0,True,1.0,13,1498.2990991365582,642.656698399804,12,671.24587161866,Optimal,True,Optimal,heuristic,0.11552071999904
5,7,26,53,0.5,Dijkstra,0.974,True,0.0,True,1.0,13,1498.2990991365582,642.656698399804,12,671.24587161866,Optimal,True,Optimal,heuristic,0.000352685998223
5,7,26,53,0.6,ILP,0.996,True,0.0,True,1.0,2,648.0258373429112,514.1253587198432,12,671.24587161866,Optimal,True,Optimal,heuristic,0.0921633559992187
5,7,26,53,0.6,MILP,0.996,True,0.0,True,1.0,2,648.0258373429112,514.1253587198432,12,671.24587161866,Optimal,True,Optimal,heuristic,0.105541324999649
5,7,26,53,0.6,Dijkstra,0.996,True,0.0,True,1.0,2,648.0258373429112,514.1253587198432,12,671.24587161866,Optimal,True,Optimal,heuristic,0.0004932070005452
5,7,26,53,0.7,ILP,0.996,True,0.0,True,1.0,2,390.96315798299,385.5940190398826,12,671.24587161866,Optimal,True,Optimal,heuristic,0.0873664840000856
5,7,26,53,0.7,MILP,0.996,True,0.0,True,1.0,2,390.96315798299,385.5940190398826,12,671.24587161866,Optimal,True,Optimal,heuristic,0.0982323980024375
5,7,26,53,0.7,Dijkstra,0.996,True,0.0,True,1.0,2,390.96315798299,385.5940190398826,12,671.24587161866,Optimal,True,Optimal,heuristic,0.0003497709985822
5,7,26,53,0.8,ILP,0.998,True,0.0,True,1.0,1,257.0626793599215,257.0626793599215,12,671.24587161866,Optimal,True,Optimal,heuristic,0.0877890190022299
5,7,26,53,0.8,MILP,0.998,True,0.0,True,1.0,1,257.0626793599215,257.0626793599215,12,671.24587161866,Optimal,True,Optimal,heuristic,0.1018179769998823
5,7,26,53,0.8,Dijkstra,0.998,True,0.0,True,1.0,1,257.0626793599215,257.0626793599215,12,671.24587161866,Optimal,True,Optimal,heuristic,0.0003706370007421
5,7,26,53,0.9,ILP,0.998,True,0.0,True,1.0,1,128.5313396799609,128.5313396799609,12,671.24587161866,Optimal,True,Optimal,heuristic,0.0907833399978699
5,7,26,53,0.9,MILP,0.998,True,0.0,True,1.0,1,128.5313396799609,128.5313396799609,12,671.24587161866,Optimal,True,Optimal,heuristic,0.0992275140015408
5,7,26,53,0.9,Dijkstra,0.998,True,0.0,True,1.0,1,128.5313396799609,128.5313396799609,12,671.24587161866,Optimal,True,Optimal,heuristic,0.0003521440012264
5,8,35,28,0.5,ILP,0.984,True,0.0,True,1.0,8,2351.593765171161,1087.7311228909043,5,231.76656465723013,Optimal,True,Optimal,heuristic,0.1915563580005255
5,8,35,28,0.5,MILP,0.984,False,0.0,True,1.0,8,2351.5937651711647,1087.7311228909052,6,231.76656465723056,Optimal,True,Optimal,heuristic,0.2885663119996025
5,8,35,28,0.5,Dijkstra,0.984,False,0.0,True,1.0,8,2351.5937651711647,1087.7311228909052,6,231.76656465723056,Optimal,True,Optimal,heuristic,0.0003775469995161
5,8,35,28,0.6,ILP,0.988,True,0.0,True,1.0,6,1760.1323580441554,1003.2690798222696,6,231.76656465723056,Optimal,True,Optimal,heuristic,0.1602046309999423
5,8,35,28,0.6,MILP,0.988,True,0.0,True,1.0,6,1760.1323580441554,1003.2690798222696,6,231.76656465723056,Optimal,True,Optimal,heuristic,0.3000132749984914
5,8,35,28,0.6,Dijkstra,0.988,True,0.0,True,1.0,6,1760.1323580441554,1003.2690798222696,6,231.76656465723056,Optimal,True,Optimal,heuristic,0.0003109659992333
5,8,35,28,0.7,ILP,0.992,True,0.0,True,1.0,4,1324.52668461312,918.8070367536336,6,231.76656465723056,Optimal,True,Optimal,heuristic,0.1432952610011852
5,8,35,28,0.7,MILP,0.976,False,0.016,False,0.0,12,1009.7908441710432,253.3861292059072,11,369.70524504029953,Optimal,True,Optimal,heuristic,0.2906082440022146
5,8,35,28,0.7,Dijkstra,0.992,True,0.0,True,1.0,4,1324.52668461312,918.8070367536336,6,231.76656465723056,Optimal,True,Optimal,heuristic,0.0003299759991932
5,8,35,28,0.8,ILP,0.994,True,0.0,True,1.0,3,1012.1035507028428,834.3449936849979,6,231.76656465723056,Optimal,True,Optimal,heuristic,0.220330053998623
5,8,35,28,0.8,MILP,0.992,False,0.002,False,0.0,4,288.2330905749775,168.92408613727162,11,369.70524504029953,Optimal,True,Optimal,heuristic,0.1594067819969495
5,8,35,28,0.8,Dijkstra,0.994,True,0.0,True,1.0,3,1012.1035507028428,834.3449936849979,6,231.76656465723056,Optimal,True,Optimal,heuristic,0.0003469759976724
5,8,35,28,0.9,ILP,0.998,True,0.0,True,1.0,1,84.4620430686357,84.4620430686357,11,369.70524504029953,Optimal,True,Optimal,heuristic,0.114141557001858
5,8,35,28,0.9,MILP,0.998,True,0.0,True,1.0,1,84.4620430686357,84.4620430686357,11,369.70524504029953,Optimal,True,Optimal,heuristic,0.1334779789976892
5,8,35,28,0.9,Dijkstra,0.996,False,0.002,False,0.0,2,825.2773551197995,749.8829506163622,6,231.76656465723056,Optimal,True,Optimal,heuristic,0.0003374430016265
5,9,57,4,0.5,ILP,0.942,True,0.0,True,1.0,29,1186.5037100431914,228.33188921847136,5,154.97899197425454,Optimal,True,Optimal,heuristic,0.274383754000155
5,9,57,4,0.5,MILP,0.942,True,0.0,True,1.0,29,1186.5037100431914,228.33188921847136,5,154.97899197425454,Optimal,True,Optimal,heuristic,0.105273502998898
5,9,57,4,0.5,Dijkstra,0.942,True,0.0,True,1.0,29,1186.5037100431914,228.33188921847136,5,154.97899197425454,Optimal,True,Optimal,heuristic,0.0003740710017154
5,9,57,4,0.6,ILP,0.982,True,0.0,True,1.0,9,379.514732156342,182.6655113747771,5,154.97899197425454,Optimal,True,Optimal,heuristic,0.1951772579996031
5,9,57,4,0.6,MILP,0.982,True,0.0,True,1.0,9,379.514732156342,182.6655113747771,5,154.97899197425454,Optimal,True,Optimal,heuristic,0.1032468899975356
5,9,57,4,0.6,Dijkstra,0.982,True,0.0,True,1.0,9,379.514732156342,182.6655113747771,5,154.97899197425454,Optimal,True,Optimal,heuristic,0.0003458829996816
5,9,57,4,0.7,ILP,0.996,True,0.0,True,1.0,2,149.97095535541712,136.99913353108286,5,154.97899197425454,Optimal,True,Optimal,heuristic,0.1227765200019348
5,9,57,4,0.7,MILP,0.996,True,0.0,True,1.0,2,149.97095535541712,136.99913353108286,5,154.97899197425454,Optimal,True,Optimal,heuristic,0.1039916740010085
5,9,57,4,0.7,Dijkstra,0.996,True,0.0,True,1.0,2,149.97095535541712,136.99913353108286,5,154.97899197425454,Optimal,True,Optimal,heuristic,0.0003161120002914
5,9,57,4,0.8,ILP,0.998,True,0.0,True,1.0,1,91.3327556873885,91.3327556873885,5,154.97899197425454,Optimal,True,Optimal,heuristic,0.0942829349987732
5,9,57,4,0.8,MILP,0.998,True,0.0,True,1.0,1,91.3327556873885,91.3327556873885,5,154.97899197425454,Optimal,True,Optimal,heuristic,0.103412569998909
5,9,57,4,0.8,Dijkstra,0.998,True,0.0,True,1.0,1,91.3327556873885,91.3327556873885,5,154.97899197425454,Optimal,True,Optimal,heuristic,0.000353563002136
5,9,57,4,0.9,ILP,0.998,True,0.0,True,1.0,1,45.66637784369425,45.66637784369425,5,154.97899197425454,Optimal,True,Optimal,heuristic,0.0987847549986327
5,9,57,4,0.9,MILP,0.998,True,0.0,True,1.0,1,45.66637784369425,45.66637784369425,5,154.97899197425454,Optimal,True,Optimal,heuristic,0.1044566290001967
5,9,57,4,0.9,Dijkstra,0.998,True,0.0,True,1.0,1,45.66637784369425,45.66637784369425,5,154.97899197425454,Optimal,True,Optimal,heuristic,0.000352966999344
5,10,55,53,0.5,ILP,0.972,True,0.0,True,1.0,14,1547.2807012681487,664.2333136961286,10,617.5943641096366,Optimal,True,Optimal,heuristic,0.1796543380005459
5,10,55,53,0.5,MILP,0.972,True,0.0,True,1.0,14,1547.2807012681487,664.2333136961286,10,617.5943641096366,Optimal,True,Optimal,heuristic,0.0983721820011851
5,10,55,53,0.5,Dijkstra,0.972,True,0.0,True,1.0,14,1547.2807012681487,664.2333136961286,10,617.5943641096366,Optimal,True,Optimal,heuristic,0.0003404550006962
5,10,55,53,0.6,ILP,0.996,True,0.0,True,1.0,2,662.6479783771342,531.3866509569029,10,617.5943641096366,Optimal,True,Optimal,heuristic,0.0884513969976978
5,10,55,53,0.6,MILP,0.996,True,0.0,True,1.0,2,662.6479783771342,531.3866509569029,10,617.5943641096366,Optimal,True,Optimal,heuristic,0.0957406849993276
5,10,55,53,0.6,Dijkstra,0.996,True,0.0,True,1.0,2,662.6479783771342,531.3866509569029,10,617.5943641096366,Optimal,True,Optimal,heuristic,0.0003233050010749
5,10,55,53,0.7,ILP,0.998,True,0.0,True,1.0,1,398.5399882176773,398.5399882176773,10,617.5943641096366,Optimal,True,Optimal,heuristic,0.0854027280001901
5,10,55,53,0.7,MILP,0.998,True,0.0,True,1.0,1,398.5399882176773,398.5399882176773,10,617.5943641096366,Optimal,True,Optimal,heuristic,0.0963994599987927
5,10,55,53,0.7,Dijkstra,0.998,True,0.0,True,1.0,1,398.5399882176773,398.5399882176773,10,617.5943641096366,Optimal,True,Optimal,heuristic,0.0003648620004241
5,10,55,53,0.8,ILP,0.998,True,0.0,True,1.0,1,265.69332547845147,265.69332547845147,10,617.5943641096366,Optimal,True,Optimal,heuristic,0.0811873439997725
5,10,55,53,0.8,MILP,0.998,True,0.0,True,1.0,1,265.69332547845147,265.69332547845147,10,617.5943641096366,Optimal,True,Optimal,heuristic,0.0903915010021592
5,10,55,53,0.8,Dijkstra,0.998,True,0.0,True,1.0,1,265.69332547845147,265.69332547845147,10,617.5943641096366,Optimal,True,Optimal,heuristic,0.0003193859993189
5,10,55,53,0.9,ILP,0.998,True,0.0,True,1.0,1,132.84666273922562,132.84666273922562,10,617.5943641096366,Optimal,True,Optimal,heuristic,0.082890559999214
5,10,55,53,0.9,MILP,0.998,True,0.0,True,1.0,1,132.84666273922562,132.84666273922562,10,617.5943641096366,Optimal,True,Optimal,heuristic,0.0913391890026105
5,10,55,53,0.9,Dijkstra,0.998,True,0.0,True,1.0,1,132.84666273922562,132.84666273922562,10,617.5943641096366,Optimal,True,Optimal,heuristic,0.0003041750023839
5,11,17,41,0.5,ILP,0.97,True,0.0,True,1.0,15,1689.7814725266835,677.578917301563,4,205.20640960788484,Optimal,True,Optimal,heuristic,0.7720247129982454
5,11,17,41,0.5,MILP,0.97,True,0.0,True,1.0,15,1689.7814725266835,677.578917301563,4,205.20640960788484,Optimal,True,Optimal,heuristic,0.2063530249979521
5,11,17,41,0.5,Dijkstra,0.97,True,0.0,True,1.0,15,1689.7814725266835,677.578917301563,4,205.20640960788484,Optimal,True,Optimal,heuristic,0.0003700769993884
5,11,17,41,0.6,ILP,0.98,True,0.0,True,1.0,10,1024.1032415562995,621.2968628295314,4,205.20640960788484,Optimal,True,Optimal,heuristic,0.6680182400014019
5,11,17,41,0.6,MILP,0.98,True,0.0,True,1.0,10,1024.1032415562995,621.2968628295314,4,205.20640960788484,Optimal,True,Optimal,heuristic,0.4379803070005437
5,11,17,41,0.6,Dijkstra,0.98,True,0.0,True,1.0,10,1024.1032415562995,621.2968628295314,4,205.20640960788484,Optimal,True,Optimal,heuristic,0.0003472789976513
5,11,17,41,0.7,ILP,0.992,True,0.0,True,1.0,4,643.0189143077628,565.0148083574998,4,205.20640960788484,Optimal,True,Optimal,heuristic,0.8179051569968578
5,11,17,41,0.7,MILP,0.992,True,0.0,True,1.0,4,643.0189143077628,565.0148083574998,4,205.20640960788484,Optimal,True,Optimal,heuristic,0.5288280380009382
5,11,17,41,0.7,Dijkstra,0.992,True,0.0,True,1.0,4,643.0189143077628,565.0148083574998,4,205.20640960788484,Optimal,True,Optimal,heuristic,0.0005722160021832
5,11,17,41,0.8,ILP,0.998,True,0.0,True,1.0,1,508.7327538854681,508.7327538854681,4,205.20640960788484,Optimal,True,Optimal,heuristic,0.187463521000609
5,11,17,41,0.8,MILP,0.98,False,0.018,False,0.0,10,360.9739297017852,145.47220023193017,8,329.2634791426574,Optimal,True,Optimal,heuristic,0.5058521110004222
5,11,17,41,0.8,Dijkstra,0.998,True,0.0,True,1.0,1,508.7327538854681,508.7327538854681,4,205.20640960788484,Optimal,True,Optimal,heuristic,0.0004006569979537
5,11,17,41,0.9,ILP,0.998,True,0.0,True,1.0,1,452.4506994134365,452.4506994134365,4,205.20640960788484,Optimal,True,Optimal,heuristic,0.177326021999761
5,11,17,41,0.9,MILP,0.996,False,0.002,False,0.0,2,96.89442467176752,89.19014575989843,8,329.2634791426574,Optimal,True,Optimal,heuristic,0.3972387210014858
5,11,17,41,0.9,Dijkstra,0.998,True,0.0,True,1.0,1,452.4506994134365,452.4506994134365,4,205.20640960788484,Optimal,True,Optimal,heuristic,0.0006513769985758
5,12,45,23,0.5,ILP,0.964,True,0.0,True,1.0,18,2575.5875937484616,414.4703774041524,8,288.46697369693607,Optimal,True,Optimal,heuristic,0.5565869469974132
5,12,45,23,0.5,MILP,0.964,True,0.0,True,1.0,18,2575.5875937484616,414.4703774041524,8,288.46697369693607,Optimal,True,Optimal,heuristic,0.1309955639990221
5,12,45,23,0.5,Dijkstra,0.964,True,0.0,True,1.0,18,2575.5875937484616,414.4703774041524,8,288.46697369693607,Optimal,True,Optimal,heuristic,0.0003728140000021
5,12,45,23,0.6,ILP,0.978,True,0.0,True,1.0,11,1352.0079398445707,331.5763019233219,8,288.46697369693607,Optimal,True,Optimal,heuristic,0.262654461999773
5,12,45,23,0.6,MILP,0.978,False,0.0,True,1.0,11,1352.0079398445712,331.57630192332203,8,288.46697369693607,Optimal,True,Optimal,heuristic,0.180434084002627
5,12,45,23,0.6,Dijkstra,0.978,True,0.0,True,1.0,11,1352.0079398445707,331.5763019233219,8,288.46697369693607,Optimal,True,Optimal,heuristic,0.0003180559979227
5,12,45,23,0.7,ILP,0.988,True,0.0,True,1.0,6,592.4416050029351,248.68222644249147,8,288.46697369693607,Optimal,True,Optimal,heuristic,0.3268841479984985
5,12,45,23,0.7,MILP,0.988,False,0.0,True,1.0,6,592.4416050029355,248.6822264424916,8,288.46697369693607,Optimal,True,Optimal,heuristic,0.1280464889969153
5,12,45,23,0.7,Dijkstra,0.988,True,0.0,True,1.0,6,592.4416050029351,248.68222644249147,8,288.46697369693607,Optimal,True,Optimal,heuristic,0.0004024760019092
5,12,45,23,0.8,ILP,0.994,True,0.0,True,1.0,3,233.31412574469152,165.78815096166102,7,288.46697369693607,Optimal,True,Optimal,heuristic,0.173827787002665
5,12,45,23,0.8,MILP,0.994,False,0.0,True,1.0,3,233.3141257446913,165.7881509616609,8,288.46697369693607,Optimal,True,Optimal,heuristic,0.1333355080023466
5,12,45,23,0.8,Dijkstra,0.994,False,0.0,True,1.0,3,233.3141257446913,165.7881509616609,8,288.46697369693607,Optimal,True,Optimal,heuristic,0.0003382110007805
5,12,45,23,0.9,ILP,0.998,True,0.0,True,1.0,1,82.89407548083045,82.89407548083045,8,288.46697369693607,Optimal,True,Optimal,heuristic,0.1024602309989859
5,12,45,23,0.9,MILP,0.998,True,0.0,True,1.0,1,82.89407548083045,82.89407548083045,8,288.46697369693607,Optimal,True,Optimal,heuristic,0.1038961129997915
5,12,45,23,0.9,Dijkstra,0.998,True,0.0,True,1.0,1,82.89407548083045,82.89407548083045,8,288.46697369693607,Optimal,True,Optimal,heuristic,0.0003323189994262
5,13,4,63,0.5,ILP,0.942,True,0.0,True,1.0,29,1440.3126455569095,215.32522286377696,4,145.32469761897949,Optimal,True,Optimal,heuristic,0.4227033169991046
5,13,4,63,0.5,MILP,0.942,True,0.0,True,1.0,29,1440.3126455569095,215.32522286377696,4,145.32469761897949,Optimal,True,Optimal,heuristic,0.1337717530004738
5,13,4,63,0.5,Dijkstra,0.942,True,0.0,True,1.0,29,1440.3126455569095,215.32522286377696,4,145.32469761897949,Optimal,True,Optimal,heuristic,0.0004760260017064
5,13,4,63,0.6,ILP,0.978,True,0.0,True,1.0,11,608.6614335056181,172.26017829102153,4,145.32469761897949,Optimal,True,Optimal,heuristic,0.2134353139990707
5,13,4,63,0.6,MILP,0.978,True,0.0,True,1.0,11,608.6614335056181,172.26017829102153,4,145.32469761897949,Optimal,True,Optimal,heuristic,0.1618342709989519
5,13,4,63,0.6,Dijkstra,0.978,True,0.0,True,1.0,11,608.6614335056181,172.26017829102153,4,145.32469761897949,Optimal,True,Optimal,heuristic,0.0003552419984771
5,13,4,63,0.7,ILP,0.99,True,0.0,True,1.0,5,352.0376829991435,129.1951337182661,4,145.32469761897954,Optimal,True,Optimal,heuristic,0.1428760039998451
5,13,4,63,0.7,MILP,0.99,False,0.0,True,1.0,5,352.0376829991436,129.19513371826616,4,145.32469761897949,Optimal,True,Optimal,heuristic,0.1491466909974406
5,13,4,63,0.7,Dijkstra,0.99,False,0.0,True,1.0,5,352.0376829991436,129.19513371826616,4,145.32469761897949,Optimal,True,Optimal,heuristic,0.0003510499991534
5,13,4,63,0.8,ILP,0.994,True,0.0,True,1.0,3,213.64692855372903,86.13008914551074,4,145.32469761897949,Optimal,True,Optimal,heuristic,0.1375725949983461
5,13,4,63,0.8,MILP,0.994,True,0.0,True,1.0,3,213.64692855372903,86.13008914551074,4,145.32469761897949,Optimal,True,Optimal,heuristic,0.1496493449994886
5,13,4,63,0.8,Dijkstra,0.994,True,0.0,True,1.0,3,213.64692855372903,86.13008914551074,4,145.32469761897949,Optimal,True,Optimal,heuristic,0.0003400319983484
5,13,4,63,0.9,ILP,0.994,True,0.0,True,1.0,3,84.45179483546292,43.06504457275537,4,145.32469761897949,Optimal,True,Optimal,heuristic,0.2250281250016996
5,13,4,63,0.9,MILP,0.994,True,0.0,True,1.0,3,84.45179483546292,43.06504457275537,4,145.32469761897949,Optimal,True,Optimal,heuristic,0.1591858860010688
5,13,4,63,0.9,Dijkstra,0.994,True,0.0,True,1.0,3,84.45179483546292,43.06504457275537,4,145.32469761897949,Optimal,True,Optimal,heuristic,0.0003334020002512
5,14,44,50,0.5,ILP,0.89,True,0.0,True,1.0,55,4203.229993318318,298.30836256619966,5,255.4945860278568,Optimal,True,Optimal,heuristic,0.7947978709999006
5,14,44,50,0.5,MILP,0.89,True,0.0,True,1.0,55,4203.229993318318,298.30836256619966,5,255.4945860278568,Optimal,True,Optimal,heuristic,0.2196473439980764
5,14,44,50,0.5,Dijkstra,0.89,True,0.0,True,1.0,55,4203.229993318318,298.30836256619966,5,255.4945860278568,Optimal,True,Optimal,heuristic,0.000369737001165
5,14,44,50,0.6,ILP,0.948,True,0.0,True,1.0,26,1978.035404304353,238.6466900529597,5,255.4945860278568,Optimal,True,Optimal,heuristic,0.5305253860024095
5,14,44,50,0.6,MILP,0.948,True,0.0,True,1.0,26,1978.035404304353,238.6466900529597,5,255.4945860278568,Optimal,True,Optimal,heuristic,0.1528100499999709
5,14,44,50,0.6,Dijkstra,0.948,True,0.0,True,1.0,26,1978.035404304353,238.6466900529597,5,255.4945860278568,Optimal,True,Optimal,heuristic,0.0004324100009398
5,14,44,50,0.7,ILP,0.978,True,0.0,True,1.0,11,1351.456204428799,241.80908416153036,6,266.43366095640226,Optimal,True,Optimal,heuristic,0.4970699949990376
5,14,44,50,0.7,MILP,0.978,False,0.0,True,1.0,11,935.4743926795534,178.98501753971982,5,255.4945860278568,Optimal,True,Optimal,heuristic,0.1676771099992038
5,14,44,50,0.7,Dijkstra,0.978,False,0.0,True,1.0,11,935.4743926795534,178.98501753971982,5,255.4945860278568,Optimal,True,Optimal,heuristic,0.0005993439990561
5,14,44,50,0.8,ILP,0.986,True,0.0,True,1.0,7,416.8860520261321,119.32334502647984,5,255.4945860278568,Optimal,True,Optimal,heuristic,0.2508352490003744
5,14,44,50,0.8,MILP,0.986,True,0.0,True,1.0,7,416.8860520261321,119.32334502647984,5,255.4945860278568,Optimal,True,Optimal,heuristic,0.1211919710003712
5,14,44,50,0.8,Dijkstra,0.986,True,0.0,True,1.0,7,416.8860520261321,119.32334502647984,5,255.4945860278568,Optimal,True,Optimal,heuristic,0.0004078820020367
5,14,44,50,0.9,ILP,0.994,True,0.0,True,1.0,3,105.20499540717378,59.66167251323998,5,255.4945860278568,Optimal,True,Optimal,heuristic,0.2049298010024358
5,14,44,50,0.9,MILP,0.994,True,0.0,True,1.0,3,105.20499540717378,59.66167251323998,5,255.4945860278568,Optimal,True,Optimal,heuristic,0.1217394000013882
5,14,44,50,0.9,Dijkstra,0.994,True,0.0,True,1.0,3,105.20499540717378,59.66167251323998,5,255.4945860278568,Optimal,True,Optimal,heuristic,0.0003850030007015
5,15,49,12,0.5,ILP,0.972,True,0.0,True,1.0,14,1552.4905559254885,299.6007524618377,2,101.50236429426212,Optimal,True,Optimal,heuristic,0.1416452929988736
5,15,49,12,0.5,MILP,0.972,True,0.0,True,1.0,14,1552.4905559254885,299.6007524618377,2,101.50236429426212,Optimal,True,Optimal,heuristic,0.1715270819986472
5,15,49,12,0.5,Dijkstra,0.972,True,0.0,True,1.0,14,1552.4905559254885,299.6007524618377,2,101.50236429426212,Optimal,True,Optimal,heuristic,0.0003823049992206
5,15,49,12,0.6,ILP,0.984,True,0.0,True,1.0,8,891.5272338965266,239.68060196947016,1,101.5023642942621,Optimal,True,Optimal,heuristic,0.1821639840018178
5,15,49,12,0.6,MILP,0.984,False,0.0,True,1.0,8,891.5272338965267,239.68060196947016,2,101.50236429426212,Optimal,True,Optimal,heuristic,0.1626722129985864
5,15,49,12,0.6,Dijkstra,0.984,False,0.0,True,1.0,8,891.5272338965267,239.68060196947016,2,101.50236429426212,Optimal,True,Optimal,heuristic,0.0004823950002901
5,15,49,12,0.7,ILP,0.99,True,0.0,True,1.0,5,534.0966429167217,179.76045147710266,2,101.50236429426212,Optimal,True,Optimal,heuristic,0.1692862890013202
5,15,49,12,0.7,MILP,0.99,True,0.0,True,1.0,5,534.0966429167217,179.76045147710266,2,101.50236429426212,Optimal,True,Optimal,heuristic,0.1220521889990777
5,15,49,12,0.7,Dijkstra,0.99,True,0.0,True,1.0,5,534.0966429167217,179.76045147710266,2,101.50236429426212,Optimal,True,Optimal,heuristic,0.0004258660010236
5,15,49,12,0.8,ILP,0.99,True,0.0,True,1.0,5,234.4958904548837,119.84030098473504,2,101.50236429426212,Optimal,True,Optimal,heuristic,0.133922895998694
5,15,49,12,0.8,MILP,0.99,True,0.0,True,1.0,5,234.4958904548837,119.84030098473504,2,101.50236429426212,Optimal,True,Optimal,heuristic,0.097846049000509
5,15,49,12,0.8,Dijkstra,0.99,True,0.0,True,1.0,5,234.4958904548837,119.84030098473504,2,101.50236429426212,Optimal,True,Optimal,heuristic,0.0003384960000403
5,15,49,12,0.9,ILP,0.996,True,0.0,True,1.0,2,75.5361294002214,59.9201504923675,2,101.50236429426212,Optimal,True,Optimal,heuristic,0.1036517440006719
5,15,49,12,0.9,MILP,0.996,True,0.0,True,1.0,2,75.5361294002214,59.9201504923675,2,101.50236429426212,Optimal,True,Optimal,heuristic,0.0978794990005553
5,15,49,12,0.9,Dijkstra,0.996,True,0.0,True,1.0,2,75.5361294002214,59.9201504923675,2,101.50236429426212,Optimal,True,Optimal,heuristic,0.0002845650014933
5,16,32,2,0.5,ILP,0.95,True,0.0,True,1.0,25,1524.7091137142877,238.7626060961361,4,164.62910430317953,Optimal,True,Optimal,heuristic,0.6009802090011362
5,16,32,2,0.5,MILP,0.95,False,0.0,True,1.0,25,1524.7091137142882,238.7626060961361,5,164.62910430317953,Optimal,True,Optimal,heuristic,0.2758663250024256
5,16,32,2,0.5,Dijkstra,0.95,False,0.0,True,1.0,25,1524.7091137142882,238.7626060961361,5,164.62910430317953,Optimal,True,Optimal,heuristic,0.0003548159984347
5,16,32,2,0.6,ILP,0.98,True,0.0,True,1.0,10,718.8777397148737,191.01008487690888,5,164.62910430317953,Optimal,True,Optimal,heuristic,0.2515545060014119
5,16,32,2,0.6,MILP,0.98,True,0.0,True,1.0,10,718.8777397148737,191.01008487690888,5,164.62910430317953,Optimal,True,Optimal,heuristic,0.2071163870023156
5,16,32,2,0.6,Dijkstra,0.98,True,0.0,True,1.0,10,718.8777397148737,191.01008487690888,5,164.62910430317953,Optimal,True,Optimal,heuristic,0.0003067859979637
5,16,32,2,0.7,ILP,0.988,True,0.0,True,1.0,6,371.4959521076864,143.25756365768166,5,164.62910430317953,Optimal,True,Optimal,heuristic,0.2309717709977121
5,16,32,2,0.7,MILP,0.988,False,0.0,True,1.0,6,371.4959521076869,143.25756365768177,5,164.62910430317953,Optimal,True,Optimal,heuristic,0.1778002390019537
5,16,32,2,0.7,Dijkstra,0.988,True,0.0,True,1.0,6,371.4959521076864,143.25756365768166,5,164.62910430317953,Optimal,True,Optimal,heuristic,0.0003490169983706
5,16,32,2,0.8,ILP,0.992,True,0.0,True,1.0,4,156.67353545900352,95.50504243845444,5,164.62910430317953,Optimal,True,Optimal,heuristic,0.2452481820000684
5,16,32,2,0.8,MILP,0.992,True,0.0,True,1.0,4,156.67353545900352,95.50504243845444,5,164.62910430317953,Optimal,True,Optimal,heuristic,0.1284956090021296
5,16,32,2,0.8,Dijkstra,0.992,True,0.0,True,1.0,4,156.67353545900352,95.50504243845444,5,164.62910430317953,Optimal,True,Optimal,heuristic,0.000336654997227
5,16,32,2,0.9,ILP,0.998,True,0.0,True,1.0,1,47.75252121922722,47.75252121922722,5,164.62910430317953,Optimal,True,Optimal,heuristic,0.1767414690002624
5,16,32,2,0.9,MILP,0.998,False,0.0,True,1.0,1,47.75252121922722,47.75252121922722,4,164.62910430317945,Optimal,True,Optimal,heuristic,0.1296383320004679
5,16,32,2,0.9,Dijkstra,0.998,True,0.0,True,1.0,1,47.75252121922722,47.75252121922722,5,164.62910430317953,Optimal,True,Optimal,heuristic,0.0003686529998958
5,17,35,10,0.5,ILP,0.94,True,0.0,True,1.0,30,3107.4400573619564,363.2763177029757,9,312.1675355473544,Optimal,True,Optimal,heuristic,0.3025937380007235
5,17,35,10,0.5,MILP,0.94,True,0.0,True,1.0,30,3107.4400573619564,363.2763177029757,9,312.1675355473544,Optimal,True,Optimal,heuristic,0.106535132999852
5,17,35,10,0.5,Dijkstra,0.94,True,0.0,True,1.0,30,3107.4400573619564,363.2763177029757,9,312.1675355473544,Optimal,True,Optimal,heuristic,0.0003672060011012
5,17,35,10,0.6,ILP,0.972,True,0.0,True,1.0,14,1797.536404199704,290.6210541623806,9,312.1675355473544,Optimal,True,Optimal,heuristic,0.167228074002196
5,17,35,10,0.6,MILP,0.972,True,0.0,True,1.0,14,1797.536404199704,290.6210541623806,9,312.1675355473544,Optimal,True,Optimal,heuristic,0.105966699997225
5,17,35,10,0.6,Dijkstra,0.972,True,0.0,True,1.0,14,1797.536404199704,290.6210541623806,9,312.1675355473544,Optimal,True,Optimal,heuristic,0.0003718890002346
5,17,35,10,0.7,ILP,0.982,True,0.0,True,1.0,9,1041.741083333466,217.96579062178543,9,312.1675355473544,Optimal,True,Optimal,heuristic,0.1421143830011715
5,17,35,10,0.7,MILP,0.982,True,0.0,True,1.0,9,1041.741083333466,217.96579062178543,9,312.1675355473544,Optimal,True,Optimal,heuristic,0.1035514140021405
5,17,35,10,0.7,Dijkstra,0.982,True,0.0,True,1.0,9,1041.741083333466,217.96579062178543,9,312.1675355473544,Optimal,True,Optimal,heuristic,0.0003622270014602
5,17,35,10,0.8,ILP,0.988,True,0.0,True,1.0,6,480.7639341498332,145.31052708119023,9,312.1675355473544,Optimal,True,Optimal,heuristic,0.1203643699991516
5,17,35,10,0.8,MILP,0.988,True,0.0,True,1.0,6,480.7639341498332,145.31052708119023,9,312.1675355473544,Optimal,True,Optimal,heuristic,0.1043136019980011
5,17,35,10,0.8,Dijkstra,0.988,True,0.0,True,1.0,6,480.7639341498332,145.31052708119023,9,312.1675355473544,Optimal,True,Optimal,heuristic,0.0004588909978338
5,17,35,10,0.9,ILP,0.992,True,0.0,True,1.0,4,155.3696779932793,72.65526354059512,9,312.1675355473544,Optimal,True,Optimal,heuristic,0.1571533640017151
5,17,35,10,0.9,MILP,0.992,True,0.0,True,1.0,4,155.3696779932793,72.65526354059512,9,312.1675355473544,Optimal,True,Optimal,heuristic,0.109168094000779
5,17,35,10,0.9,Dijkstra,0.992,True,0.0,True,1.0,4,155.3696779932793,72.65526354059512,9,312.1675355473544,Optimal,True,Optimal,heuristic,0.0003628859994933
5,18,48,44,0.5,ILP,0.972,True,0.0,True,1.0,14,1985.1220736959729,412.00348664685976,8,281.5487298798387,Optimal,True,Optimal,heuristic,0.2910401410008489
5,18,48,44,0.5,MILP,0.972,True,0.0,True,1.0,14,1985.1220736959729,412.00348664685976,8,281.5487298798387,Optimal,True,Optimal,heuristic,0.1009157329972367
5,18,48,44,0.5,Dijkstra,0.972,True,0.0,True,1.0,14,1985.1220736959729,412.00348664685976,8,281.5487298798387,Optimal,True,Optimal,heuristic,0.0003070409984502
5,18,48,44,0.6,ILP,0.986,True,0.0,True,1.0,7,1073.481889444674,329.6027893174878,8,281.5487298798387,Optimal,True,Optimal,heuristic,0.1234141530003398
5,18,48,44,0.6,MILP,0.986,True,0.0,True,1.0,7,1073.481889444674,329.6027893174878,8,281.5487298798387,Optimal,True,Optimal,heuristic,0.0893497170000046
5,18,48,44,0.6,Dijkstra,0.986,True,0.0,True,1.0,7,1073.481889444674,329.6027893174878,8,281.5487298798387,Optimal,True,Optimal,heuristic,0.0003190460010955
5,18,48,44,0.7,ILP,0.992,True,0.0,True,1.0,4,703.0294964497782,247.20209198811585,8,281.5487298798387,Optimal,True,Optimal,heuristic,0.1126116310006182
5,18,48,44,0.7,MILP,0.992,True,0.0,True,1.0,4,703.0294964497782,247.20209198811585,8,281.5487298798387,Optimal,True,Optimal,heuristic,0.1198580309974204
5,18,48,44,0.7,Dijkstra,0.992,True,0.0,True,1.0,4,703.0294964497782,247.20209198811585,8,281.5487298798387,Optimal,True,Optimal,heuristic,0.0002885750000132
5,18,48,44,0.8,ILP,0.994,True,0.0,True,1.0,3,389.7362815568853,164.8013946587439,8,281.5487298798387,Optimal,True,Optimal,heuristic,0.0960025060012412
5,18,48,44,0.8,MILP,0.994,True,0.0,True,1.0,3,389.7362815568853,164.8013946587439,8,281.5487298798387,Optimal,True,Optimal,heuristic,0.0828490560015779
5,18,48,44,0.8,Dijkstra,0.994,True,0.0,True,1.0,3,389.7362815568853,164.8013946587439,8,281.5487298798387,Optimal,True,Optimal,heuristic,0.0002900649997172
5,18,48,44,0.9,ILP,0.996,True,0.0,True,1.0,2,158.74380507023898,82.40069732937195,8,281.5487298798387,Optimal,True,Optimal,heuristic,0.0942561209994892
5,18,48,44,0.9,MILP,0.996,True,0.0,True,1.0,2,158.74380507023898,82.40069732937195,8,281.5487298798387,Optimal,True,Optimal,heuristic,0.0925115749996621
5,18,48,44,0.9,Dijkstra,0.996,True,0.0,True,1.0,2,158.74380507023898,82.40069732937195,8,281.5487298798387,Optimal,True,Optimal,heuristic,0.0003721749999385
5,19,26,21,0.5,ILP,0.936,True,0.0,True,1.0,32,3449.684756055832,530.2989526321508,12,618.8716616500303,Optimal,True,Optimal,heuristic,0.6475305419990036
5,19,26,21,0.5,MILP,0.936,True,0.0,True,1.0,32,3449.684756055832,530.2989526321508,12,618.8716616500303,Optimal,True,Optimal,heuristic,0.1515691009990405
5,19,26,21,0.5,Dijkstra,0.936,True,0.0,True,1.0,32,3449.684756055832,530.2989526321508,12,618.8716616500303,Optimal,True,Optimal,heuristic,0.0003807009998126
5,19,26,21,0.6,ILP,0.97,True,0.0,True,1.0,15,1519.1168235106743,398.4865371404956,12,628.0772766102581,Optimal,True,Optimal,heuristic,0.4998653869988629
5,19,26,21,0.6,MILP,0.968,False,0.002,False,0.0,16,1422.3159484477164,434.01228749171446,12,618.8716616500303,Optimal,True,Optimal,heuristic,0.1600467509997543
5,19,26,21,0.6,Dijkstra,0.968,False,0.002,False,0.0,16,1422.3159484477164,434.01228749171446,12,618.8716616500303,Optimal,True,Optimal,heuristic,0.0003981650006608
5,19,26,21,0.7,ILP,0.994,True,0.0,True,1.0,3,664.6440773014394,337.7256223512784,12,618.8716616500303,Optimal,True,Optimal,heuristic,0.12600285499866
5,19,26,21,0.7,MILP,0.992,False,0.002,False,0.0,4,650.7383698333026,288.85999542130867,14,639.0163515388062,Optimal,True,Optimal,heuristic,0.1281576010005665
5,19,26,21,0.7,Dijkstra,0.994,True,0.0,True,1.0,3,664.6440773014394,337.7256223512784,12,618.8716616500303,Optimal,True,Optimal,heuristic,0.0003546030020515
5,19,26,21,0.8,ILP,0.994,True,0.0,True,1.0,3,334.0233702151438,228.09908063208923,13,629.8107365785758,Optimal,True,Optimal,heuristic,0.1298092220022226
5,19,26,21,0.8,MILP,0.994,True,0.0,True,1.0,3,334.0233702151438,228.09908063208923,13,629.8107365785758,Optimal,True,Optimal,heuristic,0.11417321800036
5,19,26,21,0.8,Dijkstra,0.994,False,0.0,True,1.0,3,375.78408188013054,241.4389572108421,12,618.8716616500303,Optimal,True,Optimal,heuristic,0.0003479730003164
5,19,26,21,0.9,ILP,0.998,True,0.0,True,1.0,1,96.2866651404363,96.2866651404363,14,639.0163515388062,Optimal,True,Optimal,heuristic,0.1046266830016975
5,19,26,21,0.9,MILP,0.998,True,0.0,True,1.0,1,96.2866651404363,96.2866651404363,14,639.0163515388062,Optimal,True,Optimal,heuristic,0.1110221050003019
5,19,26,21,0.9,Dijkstra,0.998,False,0.0,True,1.0,1,145.15229207040602,145.15229207040602,12,618.8716616500303,Optimal,True,Optimal,heuristic,0.0004744319994642
6,0,34,63,0.5,ILP,0.906,True,0.0,True,1.0,47,3516.012341250679,313.49700932104366,6,322.89309563383426,Optimal,True,Optimal,heuristic,3.5693173379986547
6,0,34,63,0.5,MILP,0.906,True,0.0,True,1.0,47,3516.012341250679,313.49700932104366,6,322.89309563383426,Optimal,True,Optimal,heuristic,1.537292001998139
6,0,34,63,0.5,Dijkstra,0.874,False,0.032,False,0.0,63,9527.53039087156,1390.9376139209437,5,313.06064724746324,Optimal,True,Optimal,heuristic,0.0003804089974437
6,0,34,63,0.6,ILP,0.962,True,0.0,True,1.0,19,1617.0233463768895,250.79760745683396,5,322.8930956338337,Optimal,True,Optimal,heuristic,2.5229869249997137
6,0,34,63,0.6,MILP,0.962,False,0.0,True,1.0,19,1617.0233463769014,250.79760745683492,6,322.89309563383426,Optimal,True,Optimal,heuristic,0.9490958640017196
6,0,34,63,0.6,Dijkstra,0.922,False,0.0399999999999999,False,0.0,39,6440.474151943521,1328.238212056735,5,313.06064724746324,Optimal,True,Optimal,heuristic,0.0003769569993892
6,0,34,63,0.7,ILP,0.98,True,0.0,True,1.0,10,726.8352219569256,188.0982055926263,6,322.89309563383426,Optimal,True,Optimal,heuristic,1.0656974779994923
6,0,34,63,0.7,MILP,0.98,True,0.0,True,1.0,10,726.8352219569256,188.0982055926263,6,322.89309563383426,Optimal,True,Optimal,heuristic,0.7312039659991569
6,0,34,63,0.7,Dijkstra,0.952,False,0.028,False,0.0,24,4514.063459678857,1265.5388101925264,5,313.06064724746324,Optimal,True,Optimal,heuristic,0.0003838650009129
6,0,34,63,0.8,ILP,0.994,True,0.0,True,1.0,3,274.168543244744,125.39880372841742,6,322.89309563383426,Optimal,True,Optimal,heuristic,0.2816437540022889
6,0,34,63,0.8,MILP,0.994,False,0.0,True,1.0,3,274.1685432447417,125.39880372842116,6,322.89309563383864,Optimal,True,Optimal,heuristic,0.327556022999488
6,0,34,63,0.8,Dijkstra,0.964,False,0.03,False,0.0,18,3172.135207403783,1202.8394083283174,5,313.06064724746324,Optimal,True,Optimal,heuristic,0.0006550930011144
6,0,34,63,0.9,ILP,0.996,True,0.0,True,1.0,2,150.3349138446082,145.55905367951652,8,396.5810442964852,Optimal,True,Optimal,heuristic,0.7775592030011467
6,0,34,63,0.9,MILP,0.996,False,0.0,True,1.0,2,95.50321470222582,62.69940186420911,5,322.893095633834,Optimal,True,Optimal,heuristic,0.2906755289986904
6,0,34,63,0.9,Dijkstra,0.974,False,0.022,False,0.0,13,2219.207716968039,1140.1400064641089,5,313.06064724746324,Optimal,True,Optimal,heuristic,0.0004160730022704
6,1,47,49,0.5,ILP,0.998,True,0.0,True,1.0,1,149.0560953153122,149.0560953153122,1,25.012421541575986,Optimal,True,Optimal,heuristic,0.1056637699985003
6,1,47,49,0.5,MILP,0.998,True,0.0,True,1.0,1,149.0560953153122,149.0560953153122,1,25.012421541575986,Optimal,True,Optimal,heuristic,0.101748397002666
6,1,47,49,0.5,Dijkstra,0.998,True,0.0,True,1.0,1,149.0560953153122,149.0560953153122,1,25.012421541575986,Optimal,True,Optimal,heuristic,0.0003348320024088
6,1,47,49,0.6,ILP,0.998,True,0.0,True,1.0,1,119.24487625224975,119.24487625224975,1,25.012421541575986,Optimal,True,Optimal,heuristic,0.1016121180000482
6,1,47,49,0.6,MILP,0.998,True,0.0,True,1.0,1,119.24487625224975,119.24487625224975,1,25.012421541575986,Optimal,True,Optimal,heuristic,0.0992727410011866
6,1,47,49,0.6,Dijkstra,0.998,True,0.0,True,1.0,1,119.24487625224975,119.24487625224975,1,25.012421541575986,Optimal,True,Optimal,heuristic,0.0003199040002073
6,1,47,49,0.7,ILP,0.998,True,0.0,True,1.0,1,89.43365718918733,89.43365718918733,1,25.012421541575986,Optimal,True,Optimal,heuristic,0.0973011249989213
6,1,47,49,0.7,MILP,0.998,True,0.0,True,1.0,1,89.43365718918733,89.43365718918733,1,25.012421541575986,Optimal,True,Optimal,heuristic,0.1132869639986893
6,1,47,49,0.7,Dijkstra,0.998,True,0.0,True,1.0,1,89.43365718918733,89.43365718918733,1,25.012421541575986,Optimal,True,Optimal,heuristic,0.0004000819972134
6,1,47,49,0.8,ILP,0.998,True,0.0,True,1.0,1,59.62243812612485,59.62243812612485,1,25.012421541575986,Optimal,True,Optimal,heuristic,0.0981886269983078
6,1,47,49,0.8,MILP,0.998,True,0.0,True,1.0,1,59.62243812612485,59.62243812612485,1,25.012421541575986,Optimal,True,Optimal,heuristic,0.0933559860022796
6,1,47,49,0.8,Dijkstra,0.998,True,0.0,True,1.0,1,59.62243812612485,59.62243812612485,1,25.012421541575986,Optimal,True,Optimal,heuristic,0.0002950150010292
6,1,47,49,0.9,ILP,0.998,True,0.0,True,1.0,1,29.811219063062424,29.811219063062424,1,25.012421541575986,Optimal,True,Optimal,heuristic,0.0849975300006917
6,1,47,49,0.9,MILP,0.998,True,0.0,True,1.0,1,29.811219063062424,29.811219063062424,1,25.012421541575986,Optimal,True,Optimal,heuristic,0.0865764640002453
6,1,47,49,0.9,Dijkstra,0.998,True,0.0,True,1.0,1,29.811219063062424,29.811219063062424,1,25.012421541575986,Optimal,True,Optimal,heuristic,0.0003280559976701
6,2,46,51,0.5,ILP,0.97,True,0.0,True,1.0,15,2258.250429047432,559.9286797590776,8,387.6640515019411,Optimal,True,Optimal,heuristic,0.2238758069979667
6,2,46,51,0.5,MILP,0.97,True,0.0,True,1.0,15,2258.250429047432,559.9286797590776,8,387.6640515019411,Optimal,True,Optimal,heuristic,0.1001171649986645
6,2,46,51,0.5,Dijkstra,0.97,True,0.0,True,1.0,15,2258.250429047432,559.9286797590776,8,387.6640515019411,Optimal,True,Optimal,heuristic,0.0003328860002511
6,2,46,51,0.6,ILP,0.984,True,0.0,True,1.0,8,1049.1083317403668,447.94294380726205,8,387.6640515019411,Optimal,True,Optimal,heuristic,0.2014886899996781
6,2,46,51,0.6,MILP,0.984,True,0.0,True,1.0,8,1049.1083317403668,447.94294380726205,8,387.6640515019411,Optimal,True,Optimal,heuristic,0.0938970909992349
6,2,46,51,0.6,Dijkstra,0.984,True,0.0,True,1.0,8,1049.1083317403668,447.94294380726205,8,387.6640515019411,Optimal,True,Optimal,heuristic,0.0003471760028332
6,2,46,51,0.7,ILP,0.994,True,0.0,True,1.0,3,481.37983838786806,335.95720785544654,8,387.6640515019411,Optimal,True,Optimal,heuristic,0.1199595639991457
6,2,46,51,0.7,MILP,0.994,False,0.0,True,1.0,3,481.37983838786806,335.95720785544654,8,387.6640515019411,Optimal,True,Optimal,heuristic,0.0966221410017169
6,2,46,51,0.7,Dijkstra,0.994,False,0.0,True,1.0,3,481.37983838786806,335.95720785544654,8,387.6640515019411,Optimal,True,Optimal,heuristic,0.0004190670006209
6,2,46,51,0.8,ILP,0.998,True,0.0,True,1.0,1,223.97147190363103,223.97147190363103,8,387.6640515019411,Optimal,True,Optimal,heuristic,0.085571080999216
6,2,46,51,0.8,MILP,0.998,True,0.0,True,1.0,1,223.97147190363103,223.97147190363103,8,387.6640515019411,Optimal,True,Optimal,heuristic,0.0835981939999328
6,2,46,51,0.8,Dijkstra,0.998,True,0.0,True,1.0,1,223.97147190363103,223.97147190363103,8,387.6640515019411,Optimal,True,Optimal,heuristic,0.0003141360029985
6,2,46,51,0.9,ILP,0.998,True,0.0,True,1.0,1,111.98573595181551,111.98573595181551,8,387.6640515019411,Optimal,True,Optimal,heuristic,0.0831598470031167
6,2,46,51,0.9,MILP,0.998,True,0.0,True,1.0,1,111.98573595181551,111.98573595181551,8,387.6640515019411,Optimal,True,Optimal,heuristic,0.0911729109975567
6,2,46,51,0.9,Dijkstra,0.998,True,0.0,True,1.0,1,111.98573595181551,111.98573595181551,8,387.6640515019411,Optimal,True,Optimal,heuristic,0.00030566499845
6,3,33,8,0.5,ILP,0.982,True,0.0,True,1.0,9,1845.04585493359,466.892427237176,2,150.97701667708515,Optimal,True,Optimal,heuristic,0.2622377599982428
6,3,33,8,0.5,MILP,0.982,False,0.0,True,1.0,9,1845.0458549335892,466.89242723717575,1,150.97701667708495,Optimal,True,Optimal,heuristic,0.2330060620006406
6,3,33,8,0.5,Dijkstra,0.982,True,0.0,True,1.0,9,1845.04585493359,466.892427237176,2,150.97701667708515,Optimal,True,Optimal,heuristic,0.0003652949999377
6,3,33,8,0.6,ILP,0.99,True,0.0,True,1.0,5,1135.2696957115827,373.5139417897409,2,150.97701667708515,Optimal,True,Optimal,heuristic,0.2120795730006648
6,3,33,8,0.6,MILP,0.99,True,0.0,True,1.0,5,1135.2696957115827,373.5139417897409,2,150.97701667708515,Optimal,True,Optimal,heuristic,0.3412831140012713
6,3,33,8,0.6,Dijkstra,0.99,True,0.0,True,1.0,5,1135.2696957115827,373.5139417897409,2,150.97701667708515,Optimal,True,Optimal,heuristic,0.0003295890019217
6,3,33,8,0.7,ILP,0.994,True,0.0,True,1.0,3,680.8668113545616,280.1354563423057,2,150.97701667708515,Optimal,True,Optimal,heuristic,0.1855806569983542
6,3,33,8,0.7,MILP,0.994,True,0.0,True,1.0,3,680.8668113545616,280.1354563423057,2,150.97701667708515,Optimal,True,Optimal,heuristic,0.4759030569985043
6,3,33,8,0.7,Dijkstra,0.994,True,0.0,True,1.0,3,680.8668113545616,280.1354563423057,2,150.97701667708515,Optimal,True,Optimal,heuristic,0.0004521160008152
6,3,33,8,0.8,ILP,0.994,True,0.0,True,1.0,3,400.7313550122557,186.7569708948704,2,150.97701667708515,Optimal,True,Optimal,heuristic,0.270933887000865
6,3,33,8,0.8,MILP,0.994,False,0.0,True,1.0,3,400.7313550122569,186.75697089486917,1,150.9770166770821,Optimal,True,Optimal,heuristic,0.6868503420009802
6,3,33,8,0.8,Dijkstra,0.994,True,0.0,True,1.0,3,400.7313550122557,186.7569708948704,2,150.97701667708515,Optimal,True,Optimal,heuristic,0.0003806689965131
6,3,33,8,0.9,ILP,0.996,True,0.0,True,1.0,2,162.45835206548873,93.3784854474352,2,150.97701667708515,Optimal,True,Optimal,heuristic,0.4035267309991468
6,3,33,8,0.9,MILP,0.996,False,0.0,True,1.0,2,162.45835206548873,93.3784854474352,2,150.97701667708515,Optimal,True,Optimal,heuristic,0.2221760840002389
6,3,33,8,0.9,Dijkstra,0.996,True,0.0,True,1.0,2,162.45835206548873,93.3784854474352,2,150.97701667708515,Optimal,True,Optimal,heuristic,0.0003794980002567
6,4,54,29,0.5,ILP,0.938,True,0.0,True,1.0,31,4695.369650311311,581.1646008349728,11,599.7484447942167,Optimal,True,Optimal,heuristic,1.4658041940019757
6,4,54,29,0.5,MILP,0.938,False,0.0,True,1.0,31,4695.369650311312,581.1646008349728,11,599.7484447942167,Optimal,True,Optimal,heuristic,0.3922214519989211
6,4,54,29,0.5,Dijkstra,0.934,False,0.004,False,0.0,33,4996.410109074221,597.8496625740593,10,581.5072022391589,Optimal,True,Optimal,heuristic,0.0003250059999118
6,4,54,29,0.6,ILP,0.974,True,0.0,True,1.0,13,2205.80598201212,464.9316806679783,11,599.7484447942167,Optimal,True,Optimal,heuristic,0.8233397969997895
6,4,54,29,0.6,MILP,0.974,True,0.0,True,1.0,13,2205.80598201212,464.9316806679783,11,599.7484447942167,Optimal,True,Optimal,heuristic,0.3349080859989044
6,4,54,29,0.6,Dijkstra,0.972,False,0.002,False,0.0,14,2574.004733735619,481.6167424070648,10,581.5072022391589,Optimal,True,Optimal,heuristic,0.0003739409985428
6,4,54,29,0.7,ILP,0.986,True,0.0,True,1.0,7,1084.9395757331934,429.2140712049827,11,617.577118682246,Optimal,True,Optimal,heuristic,0.5695488900018972
6,4,54,29,0.7,MILP,0.986,True,0.0,True,1.0,7,1084.9395757331934,429.2140712049827,11,617.577118682246,Optimal,True,Optimal,heuristic,0.5566776989981008
6,4,54,29,0.7,Dijkstra,0.984,False,0.002,False,0.0,8,1314.7075374133417,365.38382224007023,10,581.5072022391589,Optimal,True,Optimal,heuristic,0.0004400259967951
6,4,54,29,0.8,ILP,0.992,True,0.0,True,1.0,4,572.0791864961545,312.981151037988,11,617.577118682246,Optimal,True,Optimal,heuristic,0.3616485610000381
6,4,54,29,0.8,MILP,0.992,True,0.0,True,1.0,4,572.0791864961545,312.981151037988,11,617.577118682246,Optimal,True,Optimal,heuristic,0.3905035470015718
6,4,54,29,0.8,Dijkstra,0.992,False,0.0,True,1.0,4,683.9855346223399,249.15090207307549,10,581.5072022391589,Optimal,True,Optimal,heuristic,0.0003484709995973
6,4,54,29,0.9,ILP,0.996,True,0.0,True,1.0,2,224.1840059497215,196.74823087099344,11,617.577118682246,Optimal,True,Optimal,heuristic,0.1381914049998158
6,4,54,29,0.9,MILP,0.996,False,0.0,True,1.0,2,197.56033441879367,116.23292016699452,11,599.7484447942167,Optimal,True,Optimal,heuristic,0.1223438169981818
6,4,54,29,0.9,Dijkstra,0.994,False,0.002,False,0.0,3,263.2366028375102,132.91798190608097,10,581.5072022391589,Optimal,True,Optimal,heuristic,0.0003688500000862
6,5,32,24,0.5,ILP,0.976,True,0.0,True,1.0,12,1510.252026076738,351.700346466259,7,290.07727197971,Optimal,True,Optimal,heuristic,0.2440415569981269
6,5,32,24,0.5,MILP,0.976,True,0.0,True,1.0,12,1510.252026076738,351.700346466259,7,290.07727197971,Optimal,True,Optimal,heuristic,0.1574414720016648
6,5,32,24,0.5,Dijkstra,0.976,True,0.0,True,1.0,12,1510.252026076738,351.700346466259,7,290.07727197971,Optimal,True,Optimal,heuristic,0.0003559679971658
6,5,32,24,0.6,ILP,0.984,True,0.0,True,1.0,8,822.0774493005026,281.36027717300726,7,290.07727197971,Optimal,True,Optimal,heuristic,0.2998619710015191
6,5,32,24,0.6,MILP,0.984,True,0.0,True,1.0,8,822.0774493005026,281.36027717300726,7,290.07727197971,Optimal,True,Optimal,heuristic,0.1444588300000759
6,5,32,24,0.6,Dijkstra,0.984,True,0.0,True,1.0,8,822.0774493005026,281.36027717300726,7,290.07727197971,Optimal,True,Optimal,heuristic,0.0004152390029048
6,5,32,24,0.7,ILP,0.994,True,0.0,True,1.0,3,420.5169130948648,211.0202078797555,7,290.07727197971,Optimal,True,Optimal,heuristic,0.1437680459966941
6,5,32,24,0.7,MILP,0.994,True,0.0,True,1.0,3,420.5169130948648,211.0202078797555,7,290.07727197971,Optimal,True,Optimal,heuristic,0.1364439080025477
6,5,32,24,0.7,Dijkstra,0.994,True,0.0,True,1.0,3,420.5169130948648,211.0202078797555,7,290.07727197971,Optimal,True,Optimal,heuristic,0.0003408120028325
6,5,32,24,0.8,ILP,0.994,True,0.0,True,1.0,3,209.4967052151092,140.68013858650363,7,290.07727197971,Optimal,True,Optimal,heuristic,0.223453154998424
6,5,32,24,0.8,MILP,0.994,True,0.0,True,1.0,3,209.4967052151092,140.68013858650363,7,290.07727197971,Optimal,True,Optimal,heuristic,0.1877460809992044
6,5,32,24,0.8,Dijkstra,0.994,True,0.0,True,1.0,3,209.4967052151092,140.68013858650363,7,290.07727197971,Optimal,True,Optimal,heuristic,0.0003080559981754
6,5,32,24,0.9,ILP,0.998,True,0.0,True,1.0,1,70.34006929325176,70.34006929325176,7,290.07727197971,Optimal,True,Optimal,heuristic,0.1331726829994295
6,5,32,24,0.9,MILP,0.998,True,0.0,True,1.0,1,70.34006929325176,70.34006929325176,7,290.07727197971,Optimal,True,Optimal,heuristic,0.1244903980004892
6,5,32,24,0.9,Dijkstra,0.998,True,0.0,True,1.0,1,70.34006929325176,70.34006929325176,7,290.07727197971,Optimal,True,Optimal,heuristic,0.0003251150010328
6,6,50,41,0.5,ILP,0.924,True,0.0,True,1.0,38,1676.492460989539,147.39511104595377,1,84.90872605944521,Optimal,True,Optimal,heuristic,0.1472491330023331
6,6,50,41,0.5,MILP,0.924,True,0.0,True,1.0,38,1676.492460989539,147.39511104595377,1,84.90872605944521,Optimal,True,Optimal,heuristic,0.1639458899990131
6,6,50,41,0.5,Dijkstra,0.924,True,0.0,True,1.0,38,1676.492460989539,147.39511104595377,1,84.90872605944521,Optimal,True,Optimal,heuristic,0.0003762159976758
6,6,50,41,0.6,ILP,0.958,True,0.0,True,1.0,21,811.548708545236,117.916088836763,1,84.90872605944521,Optimal,True,Optimal,heuristic,0.1305596550009795
6,6,50,41,0.6,MILP,0.958,True,0.0,True,1.0,21,811.548708545236,117.916088836763,1,84.90872605944521,Optimal,True,Optimal,heuristic,0.1073646629993163
6,6,50,41,0.6,Dijkstra,0.958,True,0.0,True,1.0,21,811.548708545236,117.916088836763,1,84.90872605944521,Optimal,True,Optimal,heuristic,0.0003314740024507
6,6,50,41,0.7,ILP,0.978,True,0.0,True,1.0,11,338.53576917410373,88.43706662757228,1,84.90872605944521,Optimal,True,Optimal,heuristic,0.1175551750020531
6,6,50,41,0.7,MILP,0.978,True,0.0,True,1.0,11,338.53576917410373,88.43706662757228,1,84.90872605944521,Optimal,True,Optimal,heuristic,0.1056209569978818
6,6,50,41,0.7,Dijkstra,0.978,True,0.0,True,1.0,11,338.53576917410373,88.43706662757228,1,84.90872605944521,Optimal,True,Optimal,heuristic,0.0003727820003405
6,6,50,41,0.8,ILP,0.992,True,0.0,True,1.0,4,132.9815690376695,58.95804441838149,1,84.90872605944521,Optimal,True,Optimal,heuristic,0.1146418920034193
6,6,50,41,0.8,MILP,0.992,True,0.0,True,1.0,4,132.9815690376695,58.95804441838149,1,84.90872605944521,Optimal,True,Optimal,heuristic,0.1240742150002915
6,6,50,41,0.8,Dijkstra,0.992,True,0.0,True,1.0,4,132.9815690376695,58.95804441838149,1,84.90872605944521,Optimal,True,Optimal,heuristic,0.000346824999724
6,6,50,41,0.9,ILP,0.996,True,0.0,True,1.0,2,37.15685722203551,29.47902220919076,1,84.90872605944521,Optimal,True,Optimal,heuristic,0.1157885469983739
6,6,50,41,0.9,MILP,0.996,True,0.0,True,1.0,2,37.15685722203551,29.47902220919076,1,84.90872605944521,Optimal,True,Optimal,heuristic,0.1093338079990644
6,6,50,41,0.9,Dijkstra,0.996,True,0.0,True,1.0,2,37.15685722203551,29.47902220919076,1,84.90872605944521,Optimal,True,Optimal,heuristic,0.0005201940002734
6,7,26,53,0.5,ILP,0.916,True,0.0,True,1.0,42,6663.538765053041,831.2460940301551,12,647.4613255679351,Optimal,True,Optimal,heuristic,0.4254871699995419
6,7,26,53,0.5,MILP,0.916,True,0.0,True,1.0,42,6663.538765053041,831.2460940301551,12,647.4613255679351,Optimal,True,Optimal,heuristic,0.1309133909999218
6,7,26,53,0.5,Dijkstra,0.916,True,0.0,True,1.0,42,6663.538765053041,831.2460940301551,12,647.4613255679351,Optimal,True,Optimal,heuristic,0.0004716809999081
6,7,26,53,0.6,ILP,0.95,True,0.0,True,1.0,25,3603.2386077091874,739.5403958798112,12,647.4613255679351,Optimal,True,Optimal,heuristic,0.5867424829993979
6,7,26,53,0.6,MILP,0.95,False,0.0,True,1.0,25,3603.238607709187,739.5403958798112,12,647.4613255679351,Optimal,True,Optimal,heuristic,0.1321371960002579
6,7,26,53,0.6,Dijkstra,0.95,False,0.0,True,1.0,25,3603.238607709187,739.5403958798112,12,647.4613255679351,Optimal,True,Optimal,heuristic,0.0004976819982402
6,7,26,53,0.7,ILP,0.972,True,0.0,True,1.0,14,1810.0503685392127,647.8346977294673,12,647.4613255679351,Optimal,True,Optimal,heuristic,0.3137183020007796
6,7,26,53,0.7,MILP,0.972,True,0.0,True,1.0,14,1810.0503685392127,647.8346977294673,12,647.4613255679351,Optimal,True,Optimal,heuristic,0.112931790001312
6,7,26,53,0.7,Dijkstra,0.972,True,0.0,True,1.0,14,1810.0503685392127,647.8346977294673,12,647.4613255679351,Optimal,True,Optimal,heuristic,0.0003496560020721
6,7,26,53,0.8,ILP,0.99,True,0.0,True,1.0,5,911.3351196302826,556.1289995791235,12,647.4613255679351,Optimal,True,Optimal,heuristic,0.1678274480000254
6,7,26,53,0.8,MILP,0.99,True,0.0,True,1.0,5,911.3351196302826,556.1289995791235,12,647.4613255679351,Optimal,True,Optimal,heuristic,0.1141123679990414
6,7,26,53,0.8,Dijkstra,0.99,True,0.0,True,1.0,5,911.3351196302826,556.1289995791235,12,647.4613255679351,Optimal,True,Optimal,heuristic,0.0003350759980094
6,7,26,53,0.9,ILP,0.994,True,0.0,True,1.0,3,578.6864869388189,464.4233014287797,12,647.4613255679351,Optimal,True,Optimal,heuristic,0.1328326639995793
6,7,26,53,0.9,MILP,0.992,False,0.002,False,0.0,4,252.439112536832,91.705698150344,14,816.2494270307282,Optimal,True,Optimal,heuristic,0.1147278440002992
6,7,26,53,0.9,Dijkstra,0.994,True,0.0,True,1.0,3,578.6864869388189,464.4233014287797,12,647.4613255679351,Optimal,True,Optimal,heuristic,0.0003408660013519
6,8,35,28,0.5,ILP,0.948,True,0.0,True,1.0,26,2070.025719331519,326.0798772726749,6,304.7858452175072,Optimal,True,Optimal,heuristic,0.612602840999898
6,8,35,28,0.5,MILP,0.948,True,0.0,True,1.0,26,2070.025719331519,326.0798772726749,6,304.7858452175072,Optimal,True,Optimal,heuristic,0.1254398790006234
6,8,35,28,0.5,Dijkstra,0.948,True,0.0,True,1.0,26,2070.025719331519,326.0798772726749,6,304.7858452175072,Optimal,True,Optimal,heuristic,0.0004139489974477
6,8,35,28,0.6,ILP,0.978,True,0.0,True,1.0,11,943.2823018175178,260.86390181814,6,304.7858452175072,Optimal,True,Optimal,heuristic,0.3432423429985647
6,8,35,28,0.6,MILP,0.978,True,0.0,True,1.0,11,943.2823018175178,260.86390181814,6,304.7858452175072,Optimal,True,Optimal,heuristic,0.1200916570014669
6,8,35,28,0.6,Dijkstra,0.978,True,0.0,True,1.0,11,943.2823018175178,260.86390181814,6,304.7858452175072,Optimal,True,Optimal,heuristic,0.0004249989979143
6,8,35,28,0.7,ILP,0.988,True,0.0,True,1.0,6,435.0762386603827,195.6479263636049,6,304.7858452175072,Optimal,True,Optimal,heuristic,0.2158083989997976
6,8,35,28,0.7,MILP,0.988,True,0.0,True,1.0,6,435.0762386603827,195.6479263636049,6,304.7858452175072,Optimal,True,Optimal,heuristic,0.1208922769983473
6,8,35,28,0.7,Dijkstra,0.988,True,0.0,True,1.0,6,435.0762386603827,195.6479263636049,6,304.7858452175072,Optimal,True,Optimal,heuristic,0.0003421549990889
6,8,35,28,0.8,ILP,0.996,True,0.0,True,1.0,2,221.25090876679087,130.43195090906988,6,304.7858452175072,Optimal,True,Optimal,heuristic,0.1282471939994138
6,8,35,28,0.8,MILP,0.996,True,0.0,True,1.0,2,221.25090876679087,130.43195090906988,6,304.7858452175072,Optimal,True,Optimal,heuristic,0.1413317490005283
6,8,35,28,0.8,Dijkstra,0.996,True,0.0,True,1.0,2,221.25090876679087,130.43195090906988,6,304.7858452175072,Optimal,True,Optimal,heuristic,0.0003572999994503
6,8,35,28,0.9,ILP,0.996,True,0.0,True,1.0,2,90.81895785772122,65.21597545453506,6,304.7858452175072,Optimal,True,Optimal,heuristic,0.1451066720001108
6,8,35,28,0.9,MILP,0.996,True,0.0,True,1.0,2,90.81895785772122,65.21597545453506,6,304.7858452175072,Optimal,True,Optimal,heuristic,0.1156382859990117
6,8,35,28,0.9,Dijkstra,0.996,True,0.0,True,1.0,2,90.81895785772122,65.21597545453506,6,304.7858452175072,Optimal,True,Optimal,heuristic,0.0003678740031318
6,9,57,4,0.5,ILP,0.86,True,0.0,True,1.0,70,3068.70849159041,158.78315480925596,5,158.17095111023409,Optimal,True,Optimal,heuristic,0.5409986880003999
6,9,57,4,0.5,MILP,0.86,True,0.0,True,1.0,70,3068.70849159041,158.78315480925596,5,158.17095111023409,Optimal,True,Optimal,heuristic,0.1172557909994793
6,9,57,4,0.5,Dijkstra,0.86,True,0.0,True,1.0,70,3068.70849159041,158.78315480925596,5,158.17095111023409,Optimal,True,Optimal,heuristic,0.0003223060011805
6,9,57,4,0.6,ILP,0.934,True,0.0,True,1.0,33,1441.7183049341122,127.02652384740476,5,158.17095111023409,Optimal,True,Optimal,heuristic,0.3437463469999784
6,9,57,4,0.6,MILP,0.934,True,0.0,True,1.0,33,1441.7183049341122,127.02652384740476,5,158.17095111023409,Optimal,True,Optimal,heuristic,0.0991600160014058
6,9,57,4,0.6,Dijkstra,0.934,True,0.0,True,1.0,33,1441.7183049341122,127.02652384740476,5,158.17095111023409,Optimal,True,Optimal,heuristic,0.000330495997332
6,9,57,4,0.7,ILP,0.962,True,0.0,True,1.0,19,640.6249136768979,95.2698928855536,5,158.17095111023409,Optimal,True,Optimal,heuristic,0.2282669320011336
6,9,57,4,0.7,MILP,0.962,True,0.0,True,1.0,19,640.6249136768979,95.2698928855536,5,158.17095111023409,Optimal,True,Optimal,heuristic,0.0984786580011132
6,9,57,4,0.7,Dijkstra,0.962,True,0.0,True,1.0,19,640.6249136768979,95.2698928855536,5,158.17095111023409,Optimal,True,Optimal,heuristic,0.000297024998872
6,9,57,4,0.8,ILP,0.984,True,0.0,True,1.0,8,197.98689663588897,63.51326192370237,5,158.17095111023409,Optimal,True,Optimal,heuristic,0.1518087609983922
6,9,57,4,0.8,MILP,0.984,True,0.0,True,1.0,8,197.98689663588897,63.51326192370237,5,158.17095111023409,Optimal,True,Optimal,heuristic,0.10270140600187
6,9,57,4,0.8,Dijkstra,0.984,True,0.0,True,1.0,8,197.98689663588897,63.51326192370237,5,158.17095111023409,Optimal,True,Optimal,heuristic,0.0003161360000376
6,9,57,4,0.9,ILP,0.996,True,0.0,True,1.0,2,58.77066150475383,31.75663096185116,5,158.17095111023409,Optimal,True,Optimal,heuristic,0.1182762200005527
6,9,57,4,0.9,MILP,0.996,True,0.0,True,1.0,2,58.77066150475383,31.75663096185116,5,158.17095111023409,Optimal,True,Optimal,heuristic,0.0966641939994588
6,9,57,4,0.9,Dijkstra,0.996,True,0.0,True,1.0,2,58.77066150475383,31.75663096185116,5,158.17095111023409,Optimal,True,Optimal,heuristic,0.0003367460012668
6,10,55,53,0.5,ILP,0.95,True,0.0,True,1.0,25,3827.174622554863,853.2590648663831,10,521.2229391973569,Optimal,True,Optimal,heuristic,0.3416039500007173
6,10,55,53,0.5,MILP,0.95,True,0.0,True,1.0,25,3827.174622554863,853.2590648663831,10,521.2229391973569,Optimal,True,Optimal,heuristic,0.1121539080013462
6,10,55,53,0.5,Dijkstra,0.95,True,0.0,True,1.0,25,3827.174622554863,853.2590648663831,10,521.2229391973569,Optimal,True,Optimal,heuristic,0.0003636060027929
6,10,55,53,0.6,ILP,0.97,True,0.0,True,1.0,15,1964.977432655344,759.3808753630033,10,521.2229391973569,Optimal,True,Optimal,heuristic,0.3265473029969143
6,10,55,53,0.6,MILP,0.97,True,0.0,True,1.0,15,1964.977432655344,759.3808753630033,10,521.2229391973569,Optimal,True,Optimal,heuristic,0.1039453609992051
6,10,55,53,0.6,Dijkstra,0.97,True,0.0,True,1.0,15,1964.977432655344,759.3808753630033,10,521.2229391973569,Optimal,True,Optimal,heuristic,0.0003250510017096
6,10,55,53,0.7,ILP,0.988,True,0.0,True,1.0,6,1054.1031381732223,665.5026858596232,10,521.2229391973569,Optimal,True,Optimal,heuristic,0.1412127740004507
6,10,55,53,0.7,MILP,0.988,True,0.0,True,1.0,6,1054.1031381732223,665.5026858596232,10,521.2229391973569,Optimal,True,Optimal,heuristic,0.1036986780018196
6,10,55,53,0.7,Dijkstra,0.988,True,0.0,True,1.0,6,1054.1031381732223,665.5026858596232,10,521.2229391973569,Optimal,True,Optimal,heuristic,0.0003609230006986
6,10,55,53,0.8,ILP,0.994,True,0.0,True,1.0,3,642.5478582114806,571.6244963562431,10,521.2229391973569,Optimal,True,Optimal,heuristic,0.1457549000006111
6,10,55,53,0.8,MILP,0.994,True,0.0,True,1.0,3,642.5478582114806,571.6244963562431,10,521.2229391973569,Optimal,True,Optimal,heuristic,0.1064999699992768
6,10,55,53,0.8,Dijkstra,0.994,True,0.0,True,1.0,3,642.5478582114806,571.6244963562431,10,521.2229391973569,Optimal,True,Optimal,heuristic,0.0004562710018944
6,10,55,53,0.9,ILP,0.998,True,0.0,True,1.0,1,477.746306852863,477.746306852863,10,521.2229391973569,Optimal,True,Optimal,heuristic,0.0870989639988693
6,10,55,53,0.9,MILP,0.994,False,0.004,False,0.0,3,145.622501985624,93.8781895033801,12,690.0110406601501,Optimal,True,Optimal,heuristic,0.1073637640001834
6,10,55,53,0.9,Dijkstra,0.998,True,0.0,True,1.0,1,477.746306852863,477.746306852863,10,521.2229391973569,Optimal,True,Optimal,heuristic,0.0003216160002921
6,11,17,41,0.5,ILP,0.926,True,0.0,True,1.0,37,3210.980315797062,415.72667075467416,3,270.85202726662686,Optimal,True,Optimal,heuristic,2.7986474350000208
6,11,17,41,0.5,MILP,0.926,False,0.0,True,1.0,37,3210.9803157970755,415.7266707546744,4,270.85202726662726,Optimal,True,Optimal,heuristic,0.2238368590005848
6,11,17,41,0.5,Dijkstra,0.926,False,0.0,True,1.0,37,3210.9803157970755,415.7266707546744,4,270.85202726662726,Optimal,True,Optimal,heuristic,0.0003753669989237
6,11,17,41,0.6,ILP,0.97,True,0.0,True,1.0,15,1598.9325355138017,350.0302765520844,4,270.85202726662726,Optimal,True,Optimal,heuristic,0.7752140689990483
6,11,17,41,0.6,MILP,0.97,True,0.0,True,1.0,15,1598.9325355138017,350.0302765520844,4,270.85202726662726,Optimal,True,Optimal,heuristic,0.2433860479977738
6,11,17,41,0.6,Dijkstra,0.97,True,0.0,True,1.0,15,1598.9325355138017,350.0302765520844,4,270.85202726662726,Optimal,True,Optimal,heuristic,0.0003760390027309
6,11,17,41,0.7,ILP,0.984,True,0.0,True,1.0,8,753.6607149078163,197.0891826077701,6,337.45077263181446,Optimal,True,Optimal,heuristic,0.6125827149990073
6,11,17,41,0.7,MILP,0.984,True,0.0,True,1.0,8,753.6607149078163,197.0891826077701,6,337.45077263181446,Optimal,True,Optimal,heuristic,0.2799710180006514
6,11,17,41,0.7,Dijkstra,0.984,False,0.0,True,1.0,8,802.56061012669,284.3338823494944,4,270.85202726662726,Optimal,True,Optimal,heuristic,0.0003958340021199
6,11,17,41,0.8,ILP,0.992,True,0.0,True,1.0,4,316.9079065051102,131.39278840518,6,337.45077263181446,Optimal,True,Optimal,heuristic,0.5444116970029427
6,11,17,41,0.8,MILP,0.992,True,0.0,True,1.0,4,316.9079065051102,131.39278840518,6,337.45077263181446,Optimal,True,Optimal,heuristic,0.189700257997174
6,11,17,41,0.8,Dijkstra,0.99,False,0.002,False,0.0,5,379.1166580022016,218.63748814690427,4,270.85202726662726,Optimal,True,Optimal,heuristic,0.000456336998468
6,11,17,41,0.9,ILP,0.996,True,0.0,True,1.0,2,68.40177950482257,65.69639420259,6,337.45077263181446,Optimal,True,Optimal,heuristic,0.2121658689975447
6,11,17,41,0.9,MILP,0.996,False,0.0,True,1.0,2,68.40177950482268,65.69639420259,6,337.45077263181446,Optimal,True,Optimal,heuristic,0.1469097830013197
6,11,17,41,0.9,Dijkstra,0.996,False,0.0,True,1.0,2,163.66864108819436,152.94109394431428,4,270.85202726662726,Optimal,True,Optimal,heuristic,0.0003515209973556
6,12,45,23,0.5,ILP,0.914,True,0.0,True,1.0,43,7541.183764015125,633.6446898124075,6,425.2357458299316,Optimal,True,Optimal,heuristic,0.947413701996993
6,12,45,23,0.5,MILP,0.91,False,0.004,False,0.0,45,7107.944157298754,597.8754721095474,8,454.9519111033606,Optimal,True,Optimal,heuristic,0.6096158629989077
6,12,45,23,0.5,Dijkstra,0.914,True,0.0,True,1.0,43,7541.183764015125,633.6446898124075,6,425.2357458299316,Optimal,True,Optimal,heuristic,0.0003713370024343
6,12,45,23,0.6,ILP,0.952,True,0.0,True,1.0,24,4278.453101400564,530.8686769044316,6,425.2357458299316,Optimal,True,Optimal,heuristic,1.0887517349983682
6,12,45,23,0.6,MILP,0.952,False,0.0,True,1.0,24,3476.532784345567,495.0994592015716,8,454.9519111033606,Optimal,True,Optimal,heuristic,0.376066606000677
6,12,45,23,0.6,Dijkstra,0.952,True,0.0,True,1.0,24,4278.453101400564,530.8686769044316,6,425.2357458299316,Optimal,True,Optimal,heuristic,0.0003814800002146
6,12,45,23,0.7,ILP,0.974,True,0.0,True,1.0,13,1664.2754720171242,392.3234462935956,8,454.9519111033606,Optimal,True,Optimal,heuristic,0.8063649040013843
6,12,45,23,0.7,MILP,0.974,True,0.0,True,1.0,13,1664.2754720171242,392.3234462935956,8,454.9519111033606,Optimal,True,Optimal,heuristic,0.3689376959991932
6,12,45,23,0.7,Dijkstra,0.972,False,0.002,False,0.0,14,2309.0130913194657,428.0926639964556,6,425.2357458299316,Optimal,True,Optimal,heuristic,0.0003094849998888
6,12,45,23,0.8,ILP,0.988,True,0.0,True,1.0,6,740.0443284831331,289.5474333856196,8,454.9519111033606,Optimal,True,Optimal,heuristic,0.4487179949974234
6,12,45,23,0.8,MILP,0.984,False,0.004,False,0.0,8,635.5962463370836,205.552025815952,6,468.5969365202282,Optimal,True,Optimal,heuristic,0.2641594690030615
6,12,45,23,0.8,Dijkstra,0.984,False,0.004,False,0.0,8,1298.0677903198882,325.3166510884796,6,425.2357458299316,Optimal,True,Optimal,heuristic,0.0003353200008859
6,12,45,23,0.9,ILP,0.996,True,0.0,True,1.0,2,325.4617549949828,186.77142047764343,8,454.9519111033606,Optimal,True,Optimal,heuristic,0.1872495360003085
6,12,45,23,0.9,MILP,0.996,False,0.0,True,1.0,2,193.26694632861108,102.77601290797588,6,468.5969365202282,Optimal,True,Optimal,heuristic,0.281203884002025
6,12,45,23,0.9,Dijkstra,0.99,False,0.006,False,0.0,5,745.1358376553515,222.5406381805035,6,425.2357458299316,Optimal,True,Optimal,heuristic,0.0003385370000614
6,13,4,63,0.5,ILP,0.988,True,0.0,True,1.0,6,426.4048396330888,330.30322872297467,4,191.3340527394889,Optimal,True,Optimal,heuristic,0.1994712519990571
6,13,4,63,0.5,MILP,0.988,True,0.0,True,1.0,6,426.4048396330888,330.30322872297467,4,191.3340527394889,Optimal,True,Optimal,heuristic,0.1492734539970115
6,13,4,63,0.5,Dijkstra,0.988,True,0.0,True,1.0,6,426.4048396330888,330.30322872297467,4,191.3340527394889,Optimal,True,Optimal,heuristic,0.0004249670018907
6,13,4,63,0.6,ILP,0.998,True,0.0,True,1.0,1,264.24258297837974,264.24258297837974,4,191.33405273948884,Optimal,True,Optimal,heuristic,0.1400893489990267
6,13,4,63,0.6,MILP,0.998,False,0.0,True,1.0,1,264.24258297837963,264.24258297837963,4,191.33405273948892,Optimal,True,Optimal,heuristic,0.1596092600011616
6,13,4,63,0.6,Dijkstra,0.998,False,0.0,True,1.0,1,264.24258297837974,264.24258297837974,4,191.3340527394889,Optimal,True,Optimal,heuristic,0.0005768310002167
6,13,4,63,0.7,ILP,0.998,True,0.0,True,1.0,1,198.1819372337848,198.1819372337848,4,191.3340527394889,Optimal,True,Optimal,heuristic,0.1446711729986418
6,13,4,63,0.7,MILP,0.998,True,0.0,True,1.0,1,198.1819372337848,198.1819372337848,4,191.3340527394889,Optimal,True,Optimal,heuristic,0.1699074850002944
6,13,4,63,0.7,Dijkstra,0.998,True,0.0,True,1.0,1,198.1819372337848,198.1819372337848,4,191.3340527394889,Optimal,True,Optimal,heuristic,0.0003330660001665
6,13,4,63,0.8,ILP,0.998,True,0.0,True,1.0,1,132.12129148918984,132.12129148918984,4,191.3340527394889,Optimal,True,Optimal,heuristic,0.1110539039982541
6,13,4,63,0.8,MILP,0.998,True,0.0,True,1.0,1,132.12129148918984,132.12129148918984,4,191.3340527394889,Optimal,True,Optimal,heuristic,0.1584967819981102
6,13,4,63,0.8,Dijkstra,0.998,True,0.0,True,1.0,1,132.12129148918984,132.12129148918984,4,191.3340527394889,Optimal,True,Optimal,heuristic,0.0003501720020722
6,13,4,63,0.9,ILP,0.998,True,0.0,True,1.0,1,66.06064574459492,66.06064574459492,4,191.3340527394889,Optimal,True,Optimal,heuristic,0.1426893320021918
6,13,4,63,0.9,MILP,0.998,False,0.0,True,1.0,1,66.0606457445947,66.0606457445947,3,191.33405273948867,Optimal,True,Optimal,heuristic,0.160643331000756
6,13,4,63,0.9,Dijkstra,0.998,True,0.0,True,1.0,1,66.06064574459492,66.06064574459492,4,191.3340527394889,Optimal,True,Optimal,heuristic,0.0003333259992359
6,14,44,50,0.5,ILP,0.888,True,0.0,True,1.0,56,5046.82719821612,691.8365309888907,5,204.6213152068981,Optimal,True,Optimal,heuristic,0.9582505100006528
6,14,44,50,0.5,MILP,0.882,False,0.006,False,0.0,59,2146.95391915457,199.8359112871768,6,222.86255776195577,Optimal,True,Optimal,heuristic,0.2248030379996635
6,14,44,50,0.5,Dijkstra,0.888,True,0.0,True,1.0,56,5046.82719821612,691.8365309888907,5,204.6213152068981,Optimal,True,Optimal,heuristic,0.0003781970008276
6,14,44,50,0.6,ILP,0.964,True,0.0,True,1.0,18,691.268404122751,159.86872902974142,6,222.86255776195577,Optimal,True,Optimal,heuristic,0.3096764779984369
6,14,44,50,0.6,MILP,0.964,False,0.0,True,1.0,18,691.2684041227519,159.86872902974142,6,222.86255776195583,Optimal,True,Optimal,heuristic,0.1220168009967892
6,14,44,50,0.6,Dijkstra,0.928,False,0.0359999999999999,False,0.0,36,3149.371825548245,651.8693487314554,5,204.6213152068981,Optimal,True,Optimal,heuristic,0.00039687699973
6,14,44,50,0.7,ILP,0.99,True,0.0,True,1.0,5,246.6299559869666,119.90154677230606,6,222.86255776195577,Optimal,True,Optimal,heuristic,0.1718731100008881
6,14,44,50,0.7,MILP,0.99,True,0.0,True,1.0,5,246.6299559869666,119.90154677230606,6,222.86255776195577,Optimal,True,Optimal,heuristic,0.1345628880008007
6,14,44,50,0.7,Dijkstra,0.964,False,0.026,False,0.0,18,2089.8969893256826,611.90216647402,5,204.6213152068981,Optimal,True,Optimal,heuristic,0.0004996959978598
6,14,44,50,0.8,ILP,0.996,True,0.0,True,1.0,2,115.30232081425544,79.93436451487065,6,222.86255776195577,Optimal,True,Optimal,heuristic,0.111673545998201
6,14,44,50,0.8,MILP,0.996,True,0.0,True,1.0,2,115.30232081425544,79.93436451487065,6,222.86255776195577,Optimal,True,Optimal,heuristic,0.1308550089997879
6,14,44,50,0.8,Dijkstra,0.97,False,0.026,False,0.0,15,1423.5774520433142,571.9349842165846,5,204.6213152068981,Optimal,True,Optimal,heuristic,0.0003373780018591
6,14,44,50,0.9,ILP,0.998,True,0.0,True,1.0,1,39.96718225743536,39.96718225743536,6,222.86255776195577,Optimal,True,Optimal,heuristic,0.1494184980001591
6,14,44,50,0.9,MILP,0.998,False,0.0,True,1.0,1,39.96718225743541,39.96718225743541,6,222.8625577619558,Optimal,True,Optimal,heuristic,0.1122725759996683
6,14,44,50,0.9,Dijkstra,0.988,False,0.01,False,0.0,6,1033.072854960389,531.9678019591493,5,204.6213152068981,Optimal,True,Optimal,heuristic,0.000384330000088
6,15,49,12,0.5,ILP,0.954,True,0.0,True,1.0,23,2448.2517269206646,344.8266008180549,2,136.51693685636394,Optimal,True,Optimal,heuristic,0.2036231940001016
6,15,49,12,0.5,MILP,0.954,True,0.0,True,1.0,23,2448.2517269206646,344.8266008180549,2,136.51693685636394,Optimal,True,Optimal,heuristic,0.1870553949993336
6,15,49,12,0.5,Dijkstra,0.954,True,0.0,True,1.0,23,2448.2517269206646,344.8266008180549,2,136.51693685636394,Optimal,True,Optimal,heuristic,0.000368362001609
6,15,49,12,0.6,ILP,0.972,True,0.0,True,1.0,14,1246.3017019429744,275.861280654444,2,136.51693685636394,Optimal,True,Optimal,heuristic,0.1559247270015475
6,15,49,12,0.6,MILP,0.972,True,0.0,True,1.0,14,1246.3017019429744,275.861280654444,2,136.51693685636394,Optimal,True,Optimal,heuristic,0.1507646739992196
6,15,49,12,0.6,Dijkstra,0.972,True,0.0,True,1.0,14,1246.3017019429744,275.861280654444,2,136.51693685636394,Optimal,True,Optimal,heuristic,0.00041492499804
6,15,49,12,0.7,ILP,0.99,True,0.0,True,1.0,5,613.8744374928285,206.89596049083295,2,136.51693685636394,Optimal,True,Optimal,heuristic,0.1688387360009073
6,15,49,12,0.7,MILP,0.99,True,0.0,True,1.0,5,613.8744374928285,206.89596049083295,2,136.51693685636394,Optimal,True,Optimal,heuristic,0.1142682449972198
6,15,49,12,0.7,Dijkstra,0.99,True,0.0,True,1.0,5,613.8744374928285,206.89596049083295,2,136.51693685636394,Optimal,True,Optimal,heuristic,0.0003267179999966
6,15,49,12,0.8,ILP,0.994,True,0.0,True,1.0,3,321.0658535888173,137.9306403272219,2,136.51693685636394,Optimal,True,Optimal,heuristic,0.1484981729990977
6,15,49,12,0.8,MILP,0.994,True,0.0,True,1.0,3,321.0658535888173,137.9306403272219,2,136.51693685636394,Optimal,True,Optimal,heuristic,0.1054692389989213
6,15,49,12,0.8,Dijkstra,0.994,True,0.0,True,1.0,3,321.0658535888173,137.9306403272219,2,136.51693685636394,Optimal,True,Optimal,heuristic,0.0003481579988147
6,15,49,12,0.9,ILP,0.996,True,0.0,True,1.0,2,137.7924493835866,68.96532016361095,2,136.51693685636394,Optimal,True,Optimal,heuristic,0.1278198979998706
6,15,49,12,0.9,MILP,0.996,True,0.0,True,1.0,2,137.7924493835866,68.96532016361095,2,136.51693685636394,Optimal,True,Optimal,heuristic,0.0947789050005667
6,15,49,12,0.9,Dijkstra,0.996,True,0.0,True,1.0,2,137.7924493835866,68.96532016361095,2,136.51693685636394,Optimal,True,Optimal,heuristic,0.0003148649993818
6,16,32,2,0.5,ILP,0.796,True,0.0,True,1.0,102,5235.731770525579,190.5271595828444,5,229.42574749134388,Optimal,True,Optimal,heuristic,3.9637499820019
6,16,32,2,0.5,MILP,0.796,True,0.0,True,1.0,102,5235.731770525579,190.5271595828444,5,229.42574749134388,Optimal,True,Optimal,heuristic,0.455531522999081
6,16,32,2,0.5,Dijkstra,0.796,True,0.0,True,1.0,102,5235.731770525579,190.5271595828444,5,229.42574749134388,Optimal,True,Optimal,heuristic,0.0003624899982241
6,16,32,2,0.6,ILP,0.892,True,0.0,True,1.0,54,2337.755468032996,152.42172766627544,5,229.42574749134388,Optimal,True,Optimal,heuristic,2.2106516679996275
6,16,32,2,0.6,MILP,0.892,True,0.0,True,1.0,54,2337.755468032996,152.42172766627544,5,229.42574749134388,Optimal,True,Optimal,heuristic,0.2943824309986667
6,16,32,2,0.6,Dijkstra,0.892,True,0.0,True,1.0,54,2337.755468032996,152.42172766627544,5,229.42574749134388,Optimal,True,Optimal,heuristic,0.0003475059966149
6,16,32,2,0.7,ILP,0.952,True,0.0,True,1.0,24,806.3644326323872,114.3162957497068,5,229.42574749134383,Optimal,True,Optimal,heuristic,1.0452390859973093
6,16,32,2,0.7,MILP,0.952,False,0.0,True,1.0,24,806.3644326323845,114.31629574970664,5,229.42574749134388,Optimal,True,Optimal,heuristic,0.273377827998047
6,16,32,2,0.7,Dijkstra,0.952,False,0.0,True,1.0,24,806.3644326323845,114.31629574970664,5,229.42574749134388,Optimal,True,Optimal,heuristic,0.0003261960009695
6,16,32,2,0.8,ILP,0.986,True,0.0,True,1.0,7,216.8696156067674,76.21086383313775,5,229.42574749134383,Optimal,True,Optimal,heuristic,0.3511144639996928
6,16,32,2,0.8,MILP,0.986,False,0.0,True,1.0,7,216.8696156067674,76.21086383313775,5,229.42574749134388,Optimal,True,Optimal,heuristic,0.1114050970027165
6,16,32,2,0.8,Dijkstra,0.986,False,0.0,True,1.0,7,216.8696156067674,76.21086383313775,5,229.42574749134388,Optimal,True,Optimal,heuristic,0.0003081649992964
6,16,32,2,0.9,ILP,0.996,True,0.0,True,1.0,2,47.58045415886869,38.10543191656888,5,229.42574749134388,Optimal,True,Optimal,heuristic,0.1989720980018319
6,16,32,2,0.9,MILP,0.996,False,0.0,True,1.0,2,47.58045415886869,38.10543191656888,5,229.42574749134388,Optimal,True,Optimal,heuristic,0.0988934829983918
6,16,32,2,0.9,Dijkstra,0.996,False,0.0,True,1.0,2,47.58045415886869,38.10543191656888,5,229.42574749134388,Optimal,True,Optimal,heuristic,0.0003106250005657
6,17,35,10,0.5,ILP,0.91,True,0.0,True,1.0,45,7192.432368666823,633.6393608777491,11,517.620274151426,Optimal,True,Optimal,heuristic,0.936374031000014
6,17,35,10,0.5,MILP,0.89,False,0.02,False,0.0,55,6502.093356614129,470.1282575915684,10,564.9815878420044,Optimal,True,Optimal,heuristic,0.3552239130003727
6,17,35,10,0.5,Dijkstra,0.91,False,0.0,True,1.0,45,7192.432368666816,633.6393608777487,11,517.6202741514257,Optimal,True,Optimal,heuristic,0.0003885340011038
6,17,35,10,0.6,ILP,0.952,True,0.0,True,1.0,24,2890.287703744275,376.1026060732547,10,564.9815878420044,Optimal,True,Optimal,heuristic,0.810609932999796
6,17,35,10,0.6,MILP,0.952,False,0.0,True,1.0,24,2890.2877037442745,376.1026060732547,10,564.9815878420044,Optimal,True,Optimal,heuristic,0.2495052640006179
6,17,35,10,0.6,Dijkstra,0.948,False,0.004,False,0.0,26,4021.044710867439,539.613709359435,11,517.6202741514257,Optimal,True,Optimal,heuristic,0.0003604969970183
6,17,35,10,0.7,ILP,0.978,True,0.0,True,1.0,11,1405.927383213625,282.07695455494104,9,564.9815878420044,Optimal,True,Optimal,heuristic,0.5365026899999066
6,17,35,10,0.7,MILP,0.978,False,0.0,True,1.0,11,1405.9273832136228,282.07695455494104,10,564.9815878420044,Optimal,True,Optimal,heuristic,0.1551534060017729
6,17,35,10,0.7,Dijkstra,0.968,False,0.01,False,0.0,16,2119.8199581862896,445.5880578411213,11,517.6202741514257,Optimal,True,Optimal,heuristic,0.0003515259995765
6,17,35,10,0.8,ILP,0.988,True,0.0,True,1.0,6,605.530977860514,188.05130303662736,10,564.9815878420044,Optimal,True,Optimal,heuristic,0.3996924720013339
6,17,35,10,0.8,MILP,0.988,False,0.0,True,1.0,6,605.5309778605131,188.05130303662736,10,564.9815878420044,Optimal,True,Optimal,heuristic,0.1615196670027217
6,17,35,10,0.8,Dijkstra,0.986,False,0.002,False,0.0,7,971.6125576015152,351.56240632280765,11,517.6202741514257,Optimal,True,Optimal,heuristic,0.0003965830001106
6,17,35,10,0.9,ILP,0.994,True,0.0,True,1.0,3,208.83855424857097,94.02565151831368,10,564.9815878420044,Optimal,True,Optimal,heuristic,0.1769067430032009
6,17,35,10,0.9,MILP,0.994,True,0.0,True,1.0,3,208.83855424857097,94.02565151831368,10,564.9815878420044,Optimal,True,Optimal,heuristic,0.1170528399998147
6,17,35,10,0.9,Dijkstra,0.992,False,0.002,False,0.0,4,472.5502222539344,257.536754804494,11,517.6202741514257,Optimal,True,Optimal,heuristic,0.0004175899994152
6,18,48,44,0.5,ILP,0.972,True,0.0,True,1.0,14,2186.370927961928,560.6958107744905,8,392.79107420714325,Optimal,True,Optimal,heuristic,0.1888013779971515
6,18,48,44,0.5,MILP,0.972,True,0.0,True,1.0,14,2186.370927961928,560.6958107744905,8,392.79107420714325,Optimal,True,Optimal,heuristic,0.1003388919998542
6,18,48,44,0.5,Dijkstra,0.972,True,0.0,True,1.0,14,2186.370927961928,560.6958107744905,8,392.79107420714325,Optimal,True,Optimal,heuristic,0.0003089850033575
6,18,48,44,0.6,ILP,0.986,True,0.0,True,1.0,7,1019.8024985718788,448.5566486195924,8,392.79107420714325,Optimal,True,Optimal,heuristic,0.214702840999962
6,18,48,44,0.6,MILP,0.986,True,0.0,True,1.0,7,1019.8024985718788,448.5566486195924,8,392.79107420714325,Optimal,True,Optimal,heuristic,0.0910725979993003
6,18,48,44,0.6,Dijkstra,0.986,True,0.0,True,1.0,7,1019.8024985718788,448.5566486195924,8,392.79107420714325,Optimal,True,Optimal,heuristic,0.0003344060023664
6,18,48,44,0.7,ILP,0.994,True,0.0,True,1.0,3,472.4272105801307,336.4174864646943,8,392.79107420714325,Optimal,True,Optimal,heuristic,0.1142672599999059
6,18,48,44,0.7,MILP,0.994,True,0.0,True,1.0,3,472.4272105801307,336.4174864646943,8,392.79107420714325,Optimal,True,Optimal,heuristic,0.1318955610004195
6,18,48,44,0.7,Dijkstra,0.994,True,0.0,True,1.0,3,472.4272105801307,336.4174864646943,8,392.79107420714325,Optimal,True,Optimal,heuristic,0.0003080060014326
6,18,48,44,0.8,ILP,0.998,True,0.0,True,1.0,1,224.2783243097961,224.2783243097961,8,392.79107420714325,Optimal,True,Optimal,heuristic,0.0834726940011023
6,18,48,44,0.8,MILP,0.998,True,0.0,True,1.0,1,224.2783243097961,224.2783243097961,8,392.79107420714325,Optimal,True,Optimal,heuristic,0.0905783439993683
6,18,48,44,0.8,Dijkstra,0.998,True,0.0,True,1.0,1,224.2783243097961,224.2783243097961,8,392.79107420714325,Optimal,True,Optimal,heuristic,0.0003362620009284
6,18,48,44,0.9,ILP,0.998,True,0.0,True,1.0,1,112.13916215489805,112.13916215489805,8,392.79107420714325,Optimal,True,Optimal,heuristic,0.0917131019996304
6,18,48,44,0.9,MILP,0.998,True,0.0,True,1.0,1,112.13916215489805,112.13916215489805,8,392.79107420714325,Optimal,True,Optimal,heuristic,0.0991203240009781
6,18,48,44,0.9,Dijkstra,0.998,True,0.0,True,1.0,1,112.13916215489805,112.13916215489805,8,392.79107420714325,Optimal,True,Optimal,heuristic,0.0003693149992614
6,19,26,21,0.5,ILP,0.948,True,0.0,True,1.0,26,4869.084892682997,865.6128723451384,13,730.6058798777619,Optimal,True,Optimal,heuristic,0.5942631990001246
6,19,26,21,0.5,MILP,0.948,False,0.0,True,1.0,26,4869.084892682995,865.6128723451379,13,730.6058798777617,Optimal,True,Optimal,heuristic,0.1327558829980262
6,19,26,21,0.5,Dijkstra,0.94,False,0.008,False,0.0,30,5304.040501998024,691.2919808143733,12,712.3646373227041,Optimal,True,Optimal,heuristic,0.0003954019994125
6,19,26,21,0.6,ILP,0.978,True,0.0,True,1.0,11,2392.233678776458,727.3544761822634,13,730.6058798777617,Optimal,True,Optimal,heuristic,0.3889675469981739
6,19,26,21,0.6,MILP,0.978,True,0.0,True,1.0,11,2392.233678776458,727.3544761822634,13,730.6058798777617,Optimal,True,Optimal,heuristic,0.1267461259994888
6,19,26,21,0.6,Dijkstra,0.97,False,0.008,False,0.0,15,2394.8981657623403,553.0335846514988,12,712.3646373227041,Optimal,True,Optimal,heuristic,0.0003765199980989
6,19,26,21,0.7,ILP,0.988,True,0.0,True,1.0,6,986.803228161386,414.77518848862405,12,712.3646373227041,Optimal,True,Optimal,heuristic,0.4103577300011238
6,19,26,21,0.7,MILP,0.988,True,0.0,True,1.0,6,986.803228161386,414.77518848862405,12,712.3646373227041,Optimal,True,Optimal,heuristic,0.1219256309996126
6,19,26,21,0.7,Dijkstra,0.988,True,0.0,True,1.0,6,986.803228161386,414.77518848862405,12,712.3646373227041,Optimal,True,Optimal,heuristic,0.0003799319965764
6,19,26,21,0.8,ILP,0.996,True,0.0,True,1.0,2,558.638803925661,450.8376838565139,13,730.6058798777617,Optimal,True,Optimal,heuristic,0.1538457819988252
6,19,26,21,0.8,MILP,0.996,False,0.0,True,1.0,2,435.9084800491783,276.5167923257493,12,712.3646373227041,Optimal,True,Optimal,heuristic,0.1197737340007734
6,19,26,21,0.8,Dijkstra,0.996,False,0.0,True,1.0,2,435.9084800491783,276.5167923257493,12,712.3646373227041,Optimal,True,Optimal,heuristic,0.0003503779989841
6,19,26,21,0.9,ILP,0.998,True,0.0,True,1.0,1,312.57928769363934,312.57928769363934,13,730.6058798777617,Optimal,True,Optimal,heuristic,0.138319132001925
6,19,26,21,0.9,MILP,0.996,False,0.002,False,0.0,2,159.3916877234292,138.25839616287476,12,712.3646373227041,Optimal,True,Optimal,heuristic,0.1101070619988604
6,19,26,21,0.9,Dijkstra,0.996,False,0.002,False,0.0,2,159.3916877234292,138.25839616287476,12,712.3646373227041,Optimal,True,Optimal,heuristic,0.0003917180001735
7,0,34,63,0.5,ILP,0.938,True,0.0,True,1.0,31,1773.598809871675,233.138656379344,5,181.05168404609609,Optimal,True,Optimal,heuristic,1.539903425997181
7,0,34,63,0.5,MILP,0.938,False,0.0,True,1.0,31,1773.5988098716732,233.13865637934373,5,181.05168404609609,Optimal,True,Optimal,heuristic,0.4032218319989624
7,0,34,63,0.5,Dijkstra,0.938,True,0.0,True,1.0,31,1773.598809871675,233.138656379344,5,181.05168404609609,Optimal,True,Optimal,heuristic,0.0003751870026462
7,0,34,63,0.6,ILP,0.976,True,0.0,True,1.0,12,859.1565257080291,186.51092510347516,5,181.05168404609609,Optimal,True,Optimal,heuristic,0.8661870289979561
7,0,34,63,0.6,MILP,0.976,False,0.0,True,1.0,12,859.1565257080304,186.51092510347524,4,181.051684046096,Optimal,True,Optimal,heuristic,0.402640345000691
7,0,34,63,0.6,Dijkstra,0.976,True,0.0,True,1.0,12,859.1565257080291,186.51092510347516,5,181.05168404609609,Optimal,True,Optimal,heuristic,0.0004371220020402
7,0,34,63,0.7,ILP,0.982,True,0.0,True,1.0,9,408.1307363546216,139.88319382760636,5,181.05168404609609,Optimal,True,Optimal,heuristic,0.7819922620001307
7,0,34,63,0.7,MILP,0.982,False,0.0,True,1.0,9,408.13073635462223,139.88319382760636,4,181.05168404609597,Optimal,True,Optimal,heuristic,0.3929490330010594
7,0,34,63,0.7,Dijkstra,0.982,True,0.0,True,1.0,9,408.1307363546216,139.88319382760636,5,181.05168404609609,Optimal,True,Optimal,heuristic,0.0003874609974445
7,0,34,63,0.8,ILP,0.994,True,0.0,True,1.0,3,156.39919282625186,93.25546255173742,4,181.051684046096,Optimal,True,Optimal,heuristic,0.2156849790007982
7,0,34,63,0.8,MILP,0.994,False,0.0,True,1.0,3,156.39919282625215,93.25546255173754,5,181.05168404609609,Optimal,True,Optimal,heuristic,0.2262854759974288
7,0,34,63,0.8,Dijkstra,0.994,False,0.0,True,1.0,3,156.3991928262521,93.25546255173754,5,181.05168404609609,Optimal,True,Optimal,heuristic,0.0003924979973817
7,0,34,63,0.9,ILP,0.996,True,0.0,True,1.0,2,48.59883612470509,46.62773127586877,5,181.05168404609609,Optimal,True,Optimal,heuristic,0.2893595300010929
7,0,34,63,0.9,MILP,0.996,False,0.0,True,1.0,2,48.59883612470509,46.62773127586877,5,181.05168404609603,Optimal,True,Optimal,heuristic,0.1555946400003449
7,0,34,63,0.9,Dijkstra,0.996,False,0.0,True,1.0,2,48.59883612470509,46.62773127586877,5,181.05168404609609,Optimal,True,Optimal,heuristic,0.0004198970018478
7,1,47,49,0.5,ILP,0.966,True,0.0,True,1.0,17,922.1799742469692,153.3943705282634,1,48.2875163056576,Optimal,True,Optimal,heuristic,0.1042022360015835
7,1,47,49,0.5,MILP,0.966,True,0.0,True,1.0,17,922.1799742469692,153.3943705282634,1,48.2875163056576,Optimal,True,Optimal,heuristic,0.0951379489997634
7,1,47,49,0.5,Dijkstra,0.966,True,0.0,True,1.0,17,922.1799742469692,153.3943705282634,1,48.2875163056576,Optimal,True,Optimal,heuristic,0.0002952750000986
7,1,47,49,0.6,ILP,0.978,True,0.0,True,1.0,11,473.2890727639277,122.71549642261073,1,48.2875163056576,Optimal,True,Optimal,heuristic,0.0908869820013933
7,1,47,49,0.6,MILP,0.978,True,0.0,True,1.0,11,473.2890727639277,122.71549642261073,1,48.2875163056576,Optimal,True,Optimal,heuristic,0.0912322129988751
7,1,47,49,0.6,Dijkstra,0.978,True,0.0,True,1.0,11,473.2890727639277,122.71549642261073,1,48.2875163056576,Optimal,True,Optimal,heuristic,0.0003012150009453
7,1,47,49,0.7,ILP,0.988,True,0.0,True,1.0,6,217.1492621006225,92.03662231695805,1,48.2875163056576,Optimal,True,Optimal,heuristic,0.0902364410030713
7,1,47,49,0.7,MILP,0.988,True,0.0,True,1.0,6,217.1492621006225,92.03662231695805,1,48.2875163056576,Optimal,True,Optimal,heuristic,0.0926488329969288
7,1,47,49,0.7,Dijkstra,0.988,True,0.0,True,1.0,6,217.1492621006225,92.03662231695805,1,48.2875163056576,Optimal,True,Optimal,heuristic,0.000289604999125
7,1,47,49,0.8,ILP,0.994,True,0.0,True,1.0,3,94.89935894059516,61.357748211305335,1,48.2875163056576,Optimal,True,Optimal,heuristic,0.0902321060020767
7,1,47,49,0.8,MILP,0.994,True,0.0,True,1.0,3,94.89935894059516,61.357748211305335,1,48.2875163056576,Optimal,True,Optimal,heuristic,0.088729143000819
7,1,47,49,0.8,Dijkstra,0.994,True,0.0,True,1.0,3,94.89935894059516,61.357748211305335,1,48.2875163056576,Optimal,True,Optimal,heuristic,0.0002859560008801
7,1,47,49,0.9,ILP,0.996,True,0.0,True,1.0,2,32.006155306285905,30.678874105652653,1,48.2875163056576,Optimal,True,Optimal,heuristic,0.0865600440010894
7,1,47,49,0.9,MILP,0.996,True,0.0,True,1.0,2,32.006155306285905,30.678874105652653,1,48.2875163056576,Optimal,True,Optimal,heuristic,0.0927424139990762
7,1,47,49,0.9,Dijkstra,0.996,True,0.0,True,1.0,2,32.006155306285905,30.678874105652653,1,48.2875163056576,Optimal,True,Optimal,heuristic,0.0003778369973588
7,2,46,51,0.5,ILP,0.866,True,0.0,True,1.0,67,6274.6511055521305,543.0091683162282,8,408.6231914186024,Optimal,True,Optimal,heuristic,0.5552521259996865
7,2,46,51,0.5,MILP,0.866,True,0.0,True,1.0,67,6274.6511055521305,543.0091683162282,8,408.6231914186024,Optimal,True,Optimal,heuristic,0.5224571190010465
7,2,46,51,0.5,Dijkstra,0.866,True,0.0,True,1.0,67,6274.6511055521305,543.0091683162282,8,408.6231914186024,Optimal,True,Optimal,heuristic,0.000386128998798
7,2,46,51,0.6,ILP,0.932,True,0.0,True,1.0,34,3042.296090516763,477.9125282348698,8,408.6231914186024,Optimal,True,Optimal,heuristic,0.6425106340029743
7,2,46,51,0.6,MILP,0.932,False,0.0,True,1.0,34,3042.296090516764,477.9125282348698,8,408.6231914186024,Optimal,True,Optimal,heuristic,0.5250032060030208
7,2,46,51,0.6,Dijkstra,0.932,True,0.0,True,1.0,34,3042.296090516763,477.9125282348698,8,408.6231914186024,Optimal,True,Optimal,heuristic,0.0003889670006174
7,2,46,51,0.7,ILP,0.97,True,0.0,True,1.0,15,1600.1703468620094,412.8158881535113,8,408.6231914186024,Optimal,True,Optimal,heuristic,0.4353869770020537
7,2,46,51,0.7,MILP,0.97,True,0.0,True,1.0,15,1600.1703468620094,412.8158881535113,8,408.6231914186024,Optimal,True,Optimal,heuristic,0.3599172809990705
7,2,46,51,0.7,Dijkstra,0.97,True,0.0,True,1.0,15,1600.1703468620094,412.8158881535113,8,408.6231914186024,Optimal,True,Optimal,heuristic,0.0003553499991539
7,2,46,51,0.8,ILP,0.986,True,0.0,True,1.0,7,908.2095415617272,347.7192480721528,8,408.6231914186024,Optimal,True,Optimal,heuristic,0.3249433169985423
7,2,46,51,0.8,MILP,0.98,False,0.006,False,0.0,10,662.4440049301008,130.19328016271675,8,437.8150056098193,Optimal,True,Optimal,heuristic,0.1842281249992083
7,2,46,51,0.8,Dijkstra,0.986,False,0.0,True,1.0,7,908.2095415617272,347.7192480721528,8,408.6231914186024,Optimal,True,Optimal,heuristic,0.0003817520009761
7,2,46,51,0.9,ILP,0.99,True,0.0,True,1.0,5,532.2122494438007,282.62260799079445,8,408.6231914186024,Optimal,True,Optimal,heuristic,0.3988110230020538
7,2,46,51,0.9,MILP,0.99,False,0.0,True,1.0,5,192.5111433959057,65.09664008135837,8,437.81500560981954,Optimal,True,Optimal,heuristic,0.1494762980000814
7,2,46,51,0.9,Dijkstra,0.99,True,0.0,True,1.0,5,532.2122494438007,282.62260799079445,8,408.6231914186024,Optimal,True,Optimal,heuristic,0.000534819002496
7,3,33,8,0.5,ILP,0.984,True,0.0,True,1.0,8,516.9110083479095,181.5287803124836,2,58.68706214699756,Optimal,True,Optimal,heuristic,0.2133043760004511
7,3,33,8,0.5,MILP,0.984,False,0.0,True,1.0,8,516.9110083479093,181.5287803124836,2,58.687062146997526,Optimal,True,Optimal,heuristic,0.1161189560007187
7,3,33,8,0.5,Dijkstra,0.984,False,0.0,True,1.0,8,516.9110083479093,181.5287803124836,2,58.687062146997526,Optimal,True,Optimal,heuristic,0.0003162460016028
7,3,33,8,0.6,ILP,0.992,True,0.0,True,1.0,4,294.83010931644753,145.22302424998688,2,58.687062146997526,Optimal,True,Optimal,heuristic,0.1448616650013718
7,3,33,8,0.6,MILP,0.992,True,0.0,True,1.0,4,294.83010931644753,145.22302424998688,2,58.687062146997526,Optimal,True,Optimal,heuristic,0.1270369399971969
7,3,33,8,0.6,Dijkstra,0.992,True,0.0,True,1.0,4,294.83010931644753,145.22302424998688,2,58.687062146997526,Optimal,True,Optimal,heuristic,0.000307785001496
7,3,33,8,0.7,ILP,0.996,True,0.0,True,1.0,2,185.78718827393664,108.9172681874901,1,58.68706214699744,Optimal,True,Optimal,heuristic,0.1449961729995266
7,3,33,8,0.7,MILP,0.996,False,0.0,True,1.0,2,185.7871882739368,108.91726818749017,2,58.687062146997526,Optimal,True,Optimal,heuristic,0.1792977740005881
7,3,33,8,0.7,Dijkstra,0.996,False,0.0,True,1.0,2,185.7871882739368,108.91726818749017,2,58.687062146997526,Optimal,True,Optimal,heuristic,0.0004607390001183
7,3,33,8,0.8,ILP,0.996,True,0.0,True,1.0,2,113.1756761489433,72.6115121249934,2,58.687062146997526,Optimal,True,Optimal,heuristic,0.1824802410010306
7,3,33,8,0.8,MILP,0.996,True,0.0,True,1.0,2,113.1756761489433,72.6115121249934,2,58.687062146997526,Optimal,True,Optimal,heuristic,0.1394287949988211
7,3,33,8,0.8,Dijkstra,0.996,True,0.0,True,1.0,2,113.1756761489433,72.6115121249934,2,58.687062146997526,Optimal,True,Optimal,heuristic,0.0004061170002387
7,3,33,8,0.9,ILP,0.996,True,0.0,True,1.0,2,40.5641640239499,36.3057560624967,2,58.687062146997526,Optimal,True,Optimal,heuristic,0.132288160999451
7,3,33,8,0.9,MILP,0.996,True,0.0,True,1.0,2,40.5641640239499,36.3057560624967,2,58.687062146997526,Optimal,True,Optimal,heuristic,0.1179973729995254
7,3,33,8,0.9,Dijkstra,0.996,True,0.0,True,1.0,2,40.5641640239499,36.3057560624967,2,58.687062146997526,Optimal,True,Optimal,heuristic,0.0003371509992575
7,4,54,29,0.5,ILP,0.926,True,0.0,True,1.0,37,4810.07458164151,509.5524591467017,10,501.7084046086725,Optimal,True,Optimal,heuristic,0.6519272680016002
7,4,54,29,0.5,MILP,0.926,True,0.0,True,1.0,37,4810.07458164151,509.5524591467017,10,501.7084046086725,Optimal,True,Optimal,heuristic,0.1004463379977096
7,4,54,29,0.5,Dijkstra,0.926,True,0.0,True,1.0,37,4810.07458164151,509.5524591467017,10,501.7084046086725,Optimal,True,Optimal,heuristic,0.0003366189994267
7,4,54,29,0.6,ILP,0.966,True,0.0,True,1.0,17,1976.964363390813,407.6419673173614,10,501.7084046086725,Optimal,True,Optimal,heuristic,0.6444230050001352
7,4,54,29,0.6,MILP,0.966,True,0.0,True,1.0,17,1976.964363390813,407.6419673173614,10,501.7084046086725,Optimal,True,Optimal,heuristic,0.1162375780004367
7,4,54,29,0.6,Dijkstra,0.966,True,0.0,True,1.0,17,1976.964363390813,407.6419673173614,10,501.7084046086725,Optimal,True,Optimal,heuristic,0.0003755340003408
7,4,54,29,0.7,ILP,0.986,True,0.0,True,1.0,7,868.0585635357448,305.73147548802103,10,501.7084046086725,Optimal,True,Optimal,heuristic,0.3175673040022957
7,4,54,29,0.7,MILP,0.986,True,0.0,True,1.0,7,868.0585635357448,305.73147548802103,10,501.7084046086725,Optimal,True,Optimal,heuristic,0.0995365329981723
7,4,54,29,0.7,Dijkstra,0.986,True,0.0,True,1.0,7,868.0585635357448,305.73147548802103,10,501.7084046086725,Optimal,True,Optimal,heuristic,0.0003280560013081
7,4,54,29,0.8,ILP,0.992,True,0.0,True,1.0,4,321.97585924251393,203.8209836586807,10,501.7084046086725,Optimal,True,Optimal,heuristic,0.3614325330017891
7,4,54,29,0.8,MILP,0.992,False,0.0,True,1.0,4,321.97585924251325,203.8209836586805,10,501.7084046086726,Optimal,True,Optimal,heuristic,0.2094056409987388
7,4,54,29,0.8,Dijkstra,0.992,True,0.0,True,1.0,4,321.97585924251393,203.8209836586807,10,501.7084046086725,Optimal,True,Optimal,heuristic,0.0003879870018863
7,4,54,29,0.9,ILP,0.998,True,0.0,True,1.0,1,101.91049182934034,101.91049182934034,10,501.7084046086725,Optimal,True,Optimal,heuristic,0.1500916520017199
7,4,54,29,0.9,MILP,0.998,True,0.0,True,1.0,1,101.91049182934034,101.91049182934034,10,501.7084046086725,Optimal,True,Optimal,heuristic,0.1405513979989336
7,4,54,29,0.9,Dijkstra,0.998,True,0.0,True,1.0,1,101.91049182934034,101.91049182934034,10,501.7084046086725,Optimal,True,Optimal,heuristic,0.0004237069988448
7,5,32,24,0.5,ILP,0.984,True,0.0,True,1.0,8,1105.1618848331618,597.8983862409024,7,286.9399489354921,Optimal,True,Optimal,heuristic,0.2825785289969644
7,5,32,24,0.5,MILP,0.984,True,0.0,True,1.0,8,1105.1618848331618,597.8983862409024,7,286.9399489354921,Optimal,True,Optimal,heuristic,0.099098168000637
7,5,32,24,0.5,Dijkstra,0.984,True,0.0,True,1.0,8,1105.1618848331618,597.8983862409024,7,286.9399489354921,Optimal,True,Optimal,heuristic,0.0003809119989455
7,5,32,24,0.6,ILP,0.996,True,0.0,True,1.0,2,547.5957675102919,478.3187089927219,7,286.9399489354921,Optimal,True,Optimal,heuristic,0.1145351620034489
7,5,32,24,0.6,MILP,0.996,True,0.0,True,1.0,2,547.5957675102919,478.3187089927219,7,286.9399489354921,Optimal,True,Optimal,heuristic,0.1224462089994631
7,5,32,24,0.6,Dijkstra,0.996,True,0.0,True,1.0,2,547.5957675102919,478.3187089927219,7,286.9399489354921,Optimal,True,Optimal,heuristic,0.000366987002053
7,5,32,24,0.7,ILP,0.998,True,0.0,True,1.0,1,358.7390317445414,358.7390317445414,7,286.9399489354921,Optimal,True,Optimal,heuristic,0.1047868739988189
7,5,32,24,0.7,MILP,0.998,True,0.0,True,1.0,1,358.7390317445414,358.7390317445414,7,286.9399489354921,Optimal,True,Optimal,heuristic,0.1090081520014791
7,5,32,24,0.7,Dijkstra,0.998,True,0.0,True,1.0,1,358.7390317445414,358.7390317445414,7,286.9399489354921,Optimal,True,Optimal,heuristic,0.0003412320002098
7,5,32,24,0.8,ILP,0.998,True,0.0,True,1.0,1,239.15935449636092,239.15935449636092,7,286.9399489354921,Optimal,True,Optimal,heuristic,0.1114581139991059
7,5,32,24,0.8,MILP,0.998,True,0.0,True,1.0,1,239.15935449636092,239.15935449636092,7,286.9399489354921,Optimal,True,Optimal,heuristic,0.1114890809985809
7,5,32,24,0.8,Dijkstra,0.998,True,0.0,True,1.0,1,239.15935449636092,239.15935449636092,7,286.9399489354921,Optimal,True,Optimal,heuristic,0.0003818579971266
7,5,32,24,0.9,ILP,0.998,True,0.0,True,1.0,1,119.57967724818036,119.57967724818036,7,286.9399489354921,Optimal,True,Optimal,heuristic,0.11023747299987
7,5,32,24,0.9,MILP,0.998,True,0.0,True,1.0,1,119.57967724818036,119.57967724818036,7,286.9399489354921,Optimal,True,Optimal,heuristic,0.1090260410019254
7,5,32,24,0.9,Dijkstra,0.998,True,0.0,True,1.0,1,119.57967724818036,119.57967724818036,7,286.9399489354921,Optimal,True,Optimal,heuristic,0.0003472060016065
7,6,50,41,0.5,ILP,0.956,True,0.0,True,1.0,22,1693.5229942512783,275.04415538456925,1,73.28535107698484,Optimal,True,Optimal,heuristic,0.1229425029996491
7,6,50,41,0.5,MILP,0.956,True,0.0,True,1.0,22,1693.5229942512783,275.04415538456925,1,73.28535107698484,Optimal,True,Optimal,heuristic,0.1525327780000225
7,6,50,41,0.5,Dijkstra,0.956,True,0.0,True,1.0,22,1693.5229942512783,275.04415538456925,1,73.28535107698484,Optimal,True,Optimal,heuristic,0.0003860910001094
7,6,50,41,0.6,ILP,0.978,True,0.0,True,1.0,11,774.6404388170042,220.0353243076554,1,73.28535107698484,Optimal,True,Optimal,heuristic,0.1122034469990467
7,6,50,41,0.6,MILP,0.978,True,0.0,True,1.0,11,774.6404388170042,220.0353243076554,1,73.28535107698484,Optimal,True,Optimal,heuristic,0.1032811799996125
7,6,50,41,0.6,Dijkstra,0.978,True,0.0,True,1.0,11,774.6404388170042,220.0353243076554,1,73.28535107698484,Optimal,True,Optimal,heuristic,0.0003294560010544
7,6,50,41,0.7,ILP,0.99,True,0.0,True,1.0,5,288.87381137898154,165.02649323074155,1,73.28535107698484,Optimal,True,Optimal,heuristic,0.1098616380004386
7,6,50,41,0.7,MILP,0.99,True,0.0,True,1.0,5,288.87381137898154,165.02649323074155,1,73.28535107698484,Optimal,True,Optimal,heuristic,0.103831494001497
7,6,50,41,0.7,Dijkstra,0.99,True,0.0,True,1.0,5,288.87381137898154,165.02649323074155,1,73.28535107698484,Optimal,True,Optimal,heuristic,0.0003631830004451
7,6,50,41,0.8,ILP,0.996,True,0.0,True,1.0,2,118.2399101164844,110.0176621538277,1,73.28535107698484,Optimal,True,Optimal,heuristic,0.1115066660022421
7,6,50,41,0.8,MILP,0.996,True,0.0,True,1.0,2,118.2399101164844,110.0176621538277,1,73.28535107698484,Optimal,True,Optimal,heuristic,0.1017322219995549
7,6,50,41,0.8,Dijkstra,0.996,True,0.0,True,1.0,2,118.2399101164844,110.0176621538277,1,73.28535107698484,Optimal,True,Optimal,heuristic,0.0003306590006104
7,6,50,41,0.9,ILP,0.998,True,0.0,True,1.0,1,55.00883107691385,55.00883107691385,1,73.28535107698484,Optimal,True,Optimal,heuristic,0.111058218000835
7,6,50,41,0.9,MILP,0.998,True,0.0,True,1.0,1,55.00883107691385,55.00883107691385,1,73.28535107698484,Optimal,True,Optimal,heuristic,0.1031143360014539
7,6,50,41,0.9,Dijkstra,0.998,True,0.0,True,1.0,1,55.00883107691385,55.00883107691385,1,73.28535107698484,Optimal,True,Optimal,heuristic,0.0003201399995305
7,7,26,53,0.5,ILP,0.898,True,0.0,True,1.0,51,5321.229732982592,543.7138460682232,12,684.691618446499,Optimal,True,Optimal,heuristic,0.8532659400007105
7,7,26,53,0.5,MILP,0.898,True,0.0,True,1.0,51,5321.229732982592,543.7138460682232,12,684.691618446499,Optimal,True,Optimal,heuristic,0.1285162690001016
7,7,26,53,0.5,Dijkstra,0.898,True,0.0,True,1.0,51,5321.229732982592,543.7138460682232,12,684.691618446499,Optimal,True,Optimal,heuristic,0.0003365560005477
7,7,26,53,0.6,ILP,0.966,True,0.0,True,1.0,17,2022.2859559374847,434.97107685457854,12,684.691618446499,Optimal,True,Optimal,heuristic,0.4292634449993784
7,7,26,53,0.6,MILP,0.966,True,0.0,True,1.0,17,2022.2859559374847,434.97107685457854,12,684.691618446499,Optimal,True,Optimal,heuristic,0.1152046070019423
7,7,26,53,0.6,Dijkstra,0.966,True,0.0,True,1.0,17,2022.2859559374847,434.97107685457854,12,684.691618446499,Optimal,True,Optimal,heuristic,0.0003844670027319
7,7,26,53,0.7,ILP,0.986,True,0.0,True,1.0,7,849.0571608237944,326.228307640934,12,684.691618446499,Optimal,True,Optimal,heuristic,0.3331639440002618
7,7,26,53,0.7,MILP,0.986,True,0.0,True,1.0,7,849.0571608237944,326.228307640934,12,684.691618446499,Optimal,True,Optimal,heuristic,0.1064997470020898
7,7,26,53,0.7,Dijkstra,0.986,True,0.0,True,1.0,7,849.0571608237944,326.228307640934,12,684.691618446499,Optimal,True,Optimal,heuristic,0.0003740270003618
7,7,26,53,0.8,ILP,0.992,True,0.0,True,1.0,4,298.289646967846,217.4855384272892,12,684.691618446499,Optimal,True,Optimal,heuristic,0.1714577860002464
7,7,26,53,0.8,MILP,0.992,True,0.0,True,1.0,4,298.289646967846,217.4855384272892,12,684.691618446499,Optimal,True,Optimal,heuristic,0.0973107290010375
7,7,26,53,0.8,Dijkstra,0.992,True,0.0,True,1.0,4,298.289646967846,217.4855384272892,12,684.691618446499,Optimal,True,Optimal,heuristic,0.0003399470006115
7,7,26,53,0.9,ILP,0.998,True,0.0,True,1.0,1,108.74276921364458,108.74276921364458,12,684.691618446499,Optimal,True,Optimal,heuristic,0.0908921490008651
7,7,26,53,0.9,MILP,0.998,True,0.0,True,1.0,1,108.74276921364458,108.74276921364458,12,684.691618446499,Optimal,True,Optimal,heuristic,0.1037921150018519
7,7,26,53,0.9,Dijkstra,0.998,True,0.0,True,1.0,1,108.74276921364458,108.74276921364458,12,684.691618446499,Optimal,True,Optimal,heuristic,0.0004605440008162
7,8,35,28,0.5,ILP,0.974,True,0.0,True,1.0,13,1750.9683620343803,416.722620416117,6,274.0933340559213,Optimal,True,Optimal,heuristic,0.3416946409997763
7,8,35,28,0.5,MILP,0.974,True,0.0,True,1.0,13,1750.9683620343803,416.722620416117,6,274.0933340559213,Optimal,True,Optimal,heuristic,0.1679129450021719
7,8,35,28,0.5,Dijkstra,0.974,True,0.0,True,1.0,13,1750.9683620343803,416.722620416117,6,274.0933340559213,Optimal,True,Optimal,heuristic,0.0003720880013133
7,8,35,28,0.6,ILP,0.988,True,0.0,True,1.0,6,1012.5848052167923,333.3780963328936,6,274.0933340559213,Optimal,True,Optimal,heuristic,0.2358259479988191
7,8,35,28,0.6,MILP,0.988,True,0.0,True,1.0,6,1012.5848052167923,333.3780963328936,6,274.0933340559213,Optimal,True,Optimal,heuristic,0.1697375180010567
7,8,35,28,0.6,Dijkstra,0.988,True,0.0,True,1.0,6,1012.5848052167923,333.3780963328936,6,274.0933340559213,Optimal,True,Optimal,heuristic,0.0003616549984144
7,8,35,28,0.7,ILP,0.992,True,0.0,True,1.0,4,563.254254898612,250.0335722496702,6,274.0933340559213,Optimal,True,Optimal,heuristic,0.1687449499986542
7,8,35,28,0.7,MILP,0.992,True,0.0,True,1.0,4,563.254254898612,250.0335722496702,6,274.0933340559213,Optimal,True,Optimal,heuristic,0.2179118599997309
7,8,35,28,0.7,Dijkstra,0.992,True,0.0,True,1.0,4,563.254254898612,250.0335722496702,6,274.0933340559213,Optimal,True,Optimal,heuristic,0.0003505630011204
7,8,35,28,0.8,ILP,0.994,True,0.0,True,1.0,3,303.31519709233135,166.6890481664468,6,274.0933340559213,Optimal,True,Optimal,heuristic,0.1922415180015377
7,8,35,28,0.8,MILP,0.994,True,0.0,True,1.0,3,303.31519709233135,166.6890481664468,6,274.0933340559213,Optimal,True,Optimal,heuristic,0.2231625629974587
7,8,35,28,0.8,Dijkstra,0.994,True,0.0,True,1.0,3,303.31519709233135,166.6890481664468,6,274.0933340559213,Optimal,True,Optimal,heuristic,0.0003555240000423
7,8,35,28,0.9,ILP,0.998,True,0.0,True,1.0,1,83.3445240832234,83.3445240832234,6,274.0933340559213,Optimal,True,Optimal,heuristic,0.1442793909991451
7,8,35,28,0.9,MILP,0.998,True,0.0,True,1.0,1,83.3445240832234,83.3445240832234,6,274.0933340559213,Optimal,True,Optimal,heuristic,0.1468988170017837
7,8,35,28,0.9,Dijkstra,0.998,True,0.0,True,1.0,1,83.3445240832234,83.3445240832234,6,274.0933340559213,Optimal,True,Optimal,heuristic,0.0003501179999148
7,9,57,4,0.5,ILP,0.978,True,0.0,True,1.0,11,1540.694837900177,501.7603222254628,5,253.806297606859,Optimal,True,Optimal,heuristic,0.2070178879985178
7,9,57,4,0.5,MILP,0.978,True,0.0,True,1.0,11,1540.694837900177,501.7603222254628,5,253.806297606859,Optimal,True,Optimal,heuristic,0.106452995998552
7,9,57,4,0.5,Dijkstra,0.978,True,0.0,True,1.0,11,1540.694837900177,501.7603222254628,5,253.806297606859,Optimal,True,Optimal,heuristic,0.0004012089993921
7,9,57,4,0.6,ILP,0.988,True,0.0,True,1.0,6,675.599525225488,401.4082577803703,5,253.806297606859,Optimal,True,Optimal,heuristic,0.2470772649976425
7,9,57,4,0.6,MILP,0.988,True,0.0,True,1.0,6,675.599525225488,401.4082577803703,5,253.806297606859,Optimal,True,Optimal,heuristic,0.095277159998659
7,9,57,4,0.6,Dijkstra,0.988,True,0.0,True,1.0,6,675.599525225488,401.4082577803703,5,253.806297606859,Optimal,True,Optimal,heuristic,0.0003428060008445
7,9,57,4,0.7,ILP,0.996,True,0.0,True,1.0,2,324.5466228054412,301.0561933352777,5,253.806297606859,Optimal,True,Optimal,heuristic,0.0958923270009108
7,9,57,4,0.7,MILP,0.996,True,0.0,True,1.0,2,324.5466228054412,301.0561933352777,5,253.806297606859,Optimal,True,Optimal,heuristic,0.0944885770004475
7,9,57,4,0.7,Dijkstra,0.996,True,0.0,True,1.0,2,324.5466228054412,301.0561933352777,5,253.806297606859,Optimal,True,Optimal,heuristic,0.0003145059999951
7,9,57,4,0.8,ILP,0.998,True,0.0,True,1.0,1,200.70412889018507,200.70412889018507,5,253.806297606859,Optimal,True,Optimal,heuristic,0.0919657249978627
7,9,57,4,0.8,MILP,0.998,True,0.0,True,1.0,1,200.70412889018507,200.70412889018507,5,253.806297606859,Optimal,True,Optimal,heuristic,0.1011655279980914
7,9,57,4,0.8,Dijkstra,0.998,True,0.0,True,1.0,1,200.70412889018507,200.70412889018507,5,253.806297606859,Optimal,True,Optimal,heuristic,0.0003347159981785
7,9,57,4,0.9,ILP,0.998,True,0.0,True,1.0,1,100.35206444509254,100.35206444509254,5,253.806297606859,Optimal,True,Optimal,heuristic,0.0919579239998711
7,9,57,4,0.9,MILP,0.998,True,0.0,True,1.0,1,100.35206444509254,100.35206444509254,5,253.806297606859,Optimal,True,Optimal,heuristic,0.1090161590000207
7,9,57,4,0.9,Dijkstra,0.998,True,0.0,True,1.0,1,100.35206444509254,100.35206444509254,5,253.806297606859,Optimal,True,Optimal,heuristic,0.0003512990006129
7,10,55,53,0.5,ILP,0.888,True,0.0,True,1.0,56,6522.898567058712,463.2190824073229,9,581.3027422045491,Optimal,True,Optimal,heuristic,0.765188046003459
7,10,55,53,0.5,MILP,0.888,False,0.0,True,1.0,56,6522.89856705873,463.21908240732375,10,581.3027422045507,Optimal,True,Optimal,heuristic,0.1208970109983056
7,10,55,53,0.5,Dijkstra,0.888,False,0.0,True,1.0,56,6522.89856705873,463.21908240732375,10,581.3027422045507,Optimal,True,Optimal,heuristic,0.0004135150011279
7,10,55,53,0.6,ILP,0.944,True,0.0,True,1.0,28,2585.3141083202822,370.5752659258591,10,581.3027422045507,Optimal,True,Optimal,heuristic,0.4468662300023425
7,10,55,53,0.6,MILP,0.944,False,0.0,True,1.0,28,2585.3141083202827,370.5752659258591,10,581.3027422045507,Optimal,True,Optimal,heuristic,0.1100445480005873
7,10,55,53,0.6,Dijkstra,0.944,False,0.0,True,1.0,28,2585.3141083202827,370.5752659258591,10,581.3027422045507,Optimal,True,Optimal,heuristic,0.0003595649977796
7,10,55,53,0.7,ILP,0.98,True,0.0,True,1.0,10,920.7177449952272,277.9314494443943,10,581.3027422045507,Optimal,True,Optimal,heuristic,0.3452411110010871
7,10,55,53,0.7,MILP,0.98,True,0.0,True,1.0,10,920.7177449952272,277.9314494443943,10,581.3027422045507,Optimal,True,Optimal,heuristic,0.1103427669986558
7,10,55,53,0.7,Dijkstra,0.98,True,0.0,True,1.0,10,920.7177449952272,277.9314494443943,10,581.3027422045507,Optimal,True,Optimal,heuristic,0.0003988039970863
7,10,55,53,0.8,ILP,0.992,True,0.0,True,1.0,4,386.5777816627774,185.28763296292937,10,581.3027422045507,Optimal,True,Optimal,heuristic,0.1755232610012171
7,10,55,53,0.8,MILP,0.992,True,0.0,True,1.0,4,386.5777816627774,185.28763296292937,10,581.3027422045507,Optimal,True,Optimal,heuristic,0.1150250409991713
7,10,55,53,0.8,Dijkstra,0.992,True,0.0,True,1.0,4,386.5777816627774,185.28763296292937,10,581.3027422045507,Optimal,True,Optimal,heuristic,0.0003661410009954
7,10,55,53,0.9,ILP,0.996,True,0.0,True,1.0,2,143.82923452432897,92.64381648146468,10,581.3027422045507,Optimal,True,Optimal,heuristic,0.1112487310019787
7,10,55,53,0.9,MILP,0.996,True,0.0,True,1.0,2,143.82923452432897,92.64381648146468,10,581.3027422045507,Optimal,True,Optimal,heuristic,0.1082695209988742
7,10,55,53,0.9,Dijkstra,0.996,True,0.0,True,1.0,2,143.82923452432897,92.64381648146468,10,581.3027422045507,Optimal,True,Optimal,heuristic,0.0003542999984347
7,11,17,41,0.5,ILP,0.944,True,0.0,True,1.0,28,3876.657031201876,610.1273764575435,4,261.333342965923,Optimal,True,Optimal,heuristic,2.3667487309976423
7,11,17,41,0.5,MILP,0.93,False,0.014,False,0.0,35,3349.6335433518307,415.1912668900088,6,326.6681877609788,Optimal,True,Optimal,heuristic,0.6828946370005724
7,11,17,41,0.5,Dijkstra,0.944,True,0.0,True,1.0,28,3876.657031201876,610.1273764575435,4,261.333342965923,Optimal,True,Optimal,heuristic,0.0003752630000235
7,11,17,41,0.6,ILP,0.976,True,0.0,True,1.0,12,1462.3987935571658,332.15301351200924,6,326.66818776098046,Optimal,True,Optimal,heuristic,2.9781334119979874
7,11,17,41,0.6,MILP,0.976,False,0.0,True,1.0,12,1462.3987935571452,332.1530135120074,6,326.6681877609787,Optimal,True,Optimal,heuristic,0.4335505859999102
7,11,17,41,0.6,Dijkstra,0.974,False,0.002,False,0.0,13,2093.571901383259,527.0891230795418,4,261.333342965923,Optimal,True,Optimal,heuristic,0.0003660549991764
7,11,17,41,0.7,ILP,0.984,True,0.0,True,1.0,8,629.0158520568866,249.1147601340056,6,326.6681877609787,Optimal,True,Optimal,heuristic,1.38846998200097
7,11,17,41,0.7,MILP,0.984,True,0.0,True,1.0,8,629.0158520568866,249.1147601340056,6,326.6681877609787,Optimal,True,Optimal,heuristic,0.335970920001273
7,11,17,41,0.7,Dijkstra,0.984,False,0.0,True,1.0,8,1266.581525962593,444.0508697015399,4,261.333342965923,Optimal,True,Optimal,heuristic,0.0003691469974
7,11,17,41,0.8,ILP,0.996,True,0.0,True,1.0,2,275.68123908343875,166.0765067560036,6,326.6681877609787,Optimal,True,Optimal,heuristic,0.3197402890000376
7,11,17,41,0.8,MILP,0.996,True,0.0,True,1.0,2,275.68123908343875,166.0765067560036,6,326.6681877609787,Optimal,True,Optimal,heuristic,0.4862342460000945
7,11,17,41,0.8,Dijkstra,0.992,False,0.004,False,0.0,4,753.736883041195,361.01261632353794,4,261.333342965923,Optimal,True,Optimal,heuristic,0.00035398700129
7,11,17,41,0.9,ILP,0.996,True,0.0,True,1.0,2,109.60473232743529,83.03825337800185,6,326.6681877609787,Optimal,True,Optimal,heuristic,0.4805414209986338
7,11,17,41,0.9,MILP,0.996,True,0.0,True,1.0,2,109.60473232743529,83.03825337800185,6,326.6681877609787,Optimal,True,Optimal,heuristic,0.4767605570013984
7,11,17,41,0.9,Dijkstra,0.994,False,0.002,False,0.0,3,466.57230040611626,277.9743629455362,4,261.333342965923,Optimal,True,Optimal,heuristic,0.0004098870012967
7,12,45,23,0.5,ILP,0.846,True,0.0,True,1.0,77,5718.525841303344,300.04445512025165,6,326.7504221553973,Optimal,True,Optimal,heuristic,1.044549813999765
7,12,45,23,0.5,MILP,0.846,True,0.0,True,1.0,77,5718.525841303344,300.04445512025165,6,326.7504221553973,Optimal,True,Optimal,heuristic,0.1007277479984622
7,12,45,23,0.5,Dijkstra,0.846,True,0.0,True,1.0,77,5718.525841303344,300.04445512025165,6,326.7504221553973,Optimal,True,Optimal,heuristic,0.0003487750000203
7,12,45,23,0.6,ILP,0.922,True,0.0,True,1.0,39,2222.0822424164853,240.0355640962013,6,326.7504221553973,Optimal,True,Optimal,heuristic,1.5417239160015015
7,12,45,23,0.6,MILP,0.922,False,0.0,True,1.0,39,2222.082242416485,240.0355640962013,6,326.7504221553973,Optimal,True,Optimal,heuristic,0.1555943320017832
7,12,45,23,0.6,Dijkstra,0.922,True,0.0,True,1.0,39,2222.0822424164853,240.0355640962013,6,326.7504221553973,Optimal,True,Optimal,heuristic,0.0003611469983297
7,12,45,23,0.7,ILP,0.972,True,0.0,True,1.0,14,741.7235440313253,180.02667307215097,6,326.7504221553973,Optimal,True,Optimal,heuristic,0.8001381439971738
7,12,45,23,0.7,MILP,0.972,False,0.0,True,1.0,14,741.7235440313241,180.0266730721513,6,326.7504221553975,Optimal,True,Optimal,heuristic,0.1260542489981162
7,12,45,23,0.7,Dijkstra,0.972,True,0.0,True,1.0,14,741.7235440313253,180.02667307215097,6,326.7504221553973,Optimal,True,Optimal,heuristic,0.0003622410004027
7,12,45,23,0.8,ILP,0.992,True,0.0,True,1.0,4,226.25480659418724,120.01778204810056,6,326.7504221553973,Optimal,True,Optimal,heuristic,0.2100473250029608
7,12,45,23,0.8,MILP,0.992,True,0.0,True,1.0,4,226.25480659418724,120.01778204810056,6,326.7504221553973,Optimal,True,Optimal,heuristic,0.1039249380010005
7,12,45,23,0.8,Dijkstra,0.992,True,0.0,True,1.0,4,226.25480659418724,120.01778204810056,6,326.7504221553973,Optimal,True,Optimal,heuristic,0.0003360059999977
7,12,45,23,0.9,ILP,0.998,True,0.0,True,1.0,1,60.008891024050286,60.008891024050286,6,326.7504221553973,Optimal,True,Optimal,heuristic,0.0898814130014216
7,12,45,23,0.9,MILP,0.998,True,0.0,True,1.0,1,60.008891024050286,60.008891024050286,6,326.7504221553973,Optimal,True,Optimal,heuristic,0.0915949539994471
7,12,45,23,0.9,Dijkstra,0.998,True,0.0,True,1.0,1,60.008891024050286,60.008891024050286,6,326.7504221553973,Optimal,True,Optimal,heuristic,0.000359006000508
7,13,4,63,0.5,ILP,0.992,True,0.0,True,1.0,4,381.3753377097377,343.77571139195,4,121.89636660015044,Optimal,True,Optimal,heuristic,0.137827753998863
7,13,4,63,0.5,MILP,0.992,False,0.0,True,1.0,4,381.3753377097384,343.77571139194964,3,121.8963666001503,Optimal,True,Optimal,heuristic,0.1429116660001455
7,13,4,63,0.5,Dijkstra,0.992,True,0.0,True,1.0,4,381.3753377097377,343.77571139195,4,121.89636660015044,Optimal,True,Optimal,heuristic,0.0003186959984304
7,13,4,63,0.6,ILP,0.998,True,0.0,True,1.0,1,275.02056911356,275.02056911356,4,121.89636660015044,Optimal,True,Optimal,heuristic,0.1022792889998527
7,13,4,63,0.6,MILP,0.998,True,0.0,True,1.0,1,275.02056911356,275.02056911356,4,121.89636660015044,Optimal,True,Optimal,heuristic,0.114624506997643
7,13,4,63,0.6,Dijkstra,0.998,True,0.0,True,1.0,1,275.02056911356,275.02056911356,4,121.89636660015044,Optimal,True,Optimal,heuristic,0.0003056950008613
7,13,4,63,0.7,ILP,0.998,True,0.0,True,1.0,1,206.26542683517005,206.26542683517005,4,121.89636660015044,Optimal,True,Optimal,heuristic,0.0976513290006551
7,13,4,63,0.7,MILP,0.998,True,0.0,True,1.0,1,206.26542683517005,206.26542683517005,4,121.89636660015044,Optimal,True,Optimal,heuristic,0.1287399270004243
7,13,4,63,0.7,Dijkstra,0.998,True,0.0,True,1.0,1,206.26542683517005,206.26542683517005,4,121.89636660015044,Optimal,True,Optimal,heuristic,0.0004003739995823
7,13,4,63,0.8,ILP,0.998,True,0.0,True,1.0,1,137.51028455678,137.51028455678,4,121.89636660015044,Optimal,True,Optimal,heuristic,0.1075994310012902
7,13,4,63,0.8,MILP,0.998,True,0.0,True,1.0,1,137.51028455678,137.51028455678,4,121.89636660015044,Optimal,True,Optimal,heuristic,0.1243294969972339
7,13,4,63,0.8,Dijkstra,0.998,True,0.0,True,1.0,1,137.51028455678,137.51028455678,4,121.89636660015044,Optimal,True,Optimal,heuristic,0.0003731719989445
7,13,4,63,0.9,ILP,0.998,True,0.0,True,1.0,1,68.75514227838994,68.75514227838994,4,121.89636660015044,Optimal,True,Optimal,heuristic,0.1023903860004793
7,13,4,63,0.9,MILP,0.998,True,0.0,True,1.0,1,68.75514227838994,68.75514227838994,4,121.89636660015044,Optimal,True,Optimal,heuristic,0.1259351229964522
7,13,4,63,0.9,Dijkstra,0.998,True,0.0,True,1.0,1,68.75514227838994,68.75514227838994,4,121.89636660015044,Optimal,True,Optimal,heuristic,0.0003887719976773
7,14,44,50,0.5,ILP,0.97,True,0.0,True,1.0,15,1990.8933964543503,391.923130035783,5,206.4384163802804,Optimal,True,Optimal,heuristic,0.1935480590000224
7,14,44,50,0.5,MILP,0.97,False,0.0,True,1.0,15,1990.89339645435,391.923130035783,5,206.4384163802804,Optimal,True,Optimal,heuristic,0.1138247609997051
7,14,44,50,0.5,Dijkstra,0.97,False,0.0,True,1.0,15,1990.89339645435,391.923130035783,5,206.4384163802804,Optimal,True,Optimal,heuristic,0.0003735400023288
7,14,44,50,0.6,ILP,0.984,True,0.0,True,1.0,8,1069.107743048989,313.53850402862645,5,206.4384163802804,Optimal,True,Optimal,heuristic,0.1442926060008176
7,14,44,50,0.6,MILP,0.984,True,0.0,True,1.0,8,1069.107743048989,313.53850402862645,5,206.4384163802804,Optimal,True,Optimal,heuristic,0.1042015159982838
7,14,44,50,0.6,Dijkstra,0.984,True,0.0,True,1.0,8,1069.107743048989,313.53850402862645,5,206.4384163802804,Optimal,True,Optimal,heuristic,0.0003319069983263
7,14,44,50,0.7,ILP,0.99,True,0.0,True,1.0,5,604.9780408280507,235.15387802146984,5,206.4384163802804,Optimal,True,Optimal,heuristic,0.1229987049991905
7,14,44,50,0.7,MILP,0.99,True,0.0,True,1.0,5,604.9780408280507,235.15387802146984,5,206.4384163802804,Optimal,True,Optimal,heuristic,0.0986314760011737
7,14,44,50,0.7,Dijkstra,0.99,True,0.0,True,1.0,5,604.9780408280507,235.15387802146984,5,206.4384163802804,Optimal,True,Optimal,heuristic,0.0003290470012871
7,14,44,50,0.8,ILP,0.992,True,0.0,True,1.0,4,258.468356332991,156.76925201431322,5,206.4384163802804,Optimal,True,Optimal,heuristic,0.1271533319995796
7,14,44,50,0.8,MILP,0.992,True,0.0,True,1.0,4,258.468356332991,156.76925201431322,5,206.4384163802804,Optimal,True,Optimal,heuristic,0.1045479560016247
7,14,44,50,0.8,Dijkstra,0.992,True,0.0,True,1.0,4,258.468356332991,156.76925201431322,5,206.4384163802804,Optimal,True,Optimal,heuristic,0.0003519050005706
7,14,44,50,0.9,ILP,0.996,True,0.0,True,1.0,2,84.03829425075105,78.38462600715661,5,206.4384163802804,Optimal,True,Optimal,heuristic,0.1479193699997267
7,14,44,50,0.9,MILP,0.996,True,0.0,True,1.0,2,84.03829425075105,78.38462600715661,5,206.4384163802804,Optimal,True,Optimal,heuristic,0.1149240610029664
7,14,44,50,0.9,Dijkstra,0.996,True,0.0,True,1.0,2,84.03829425075105,78.38462600715661,5,206.4384163802804,Optimal,True,Optimal,heuristic,0.0003535950017976
7,15,49,12,0.5,ILP,0.96,True,0.0,True,1.0,20,2020.111860639784,296.9336441387885,1,125.13601609963636,Optimal,True,Optimal,heuristic,0.1610898079998151
7,15,49,12,0.5,MILP,0.96,False,0.0,True,1.0,20,2020.1118606397977,296.9336441387891,2,125.13601609963708,Optimal,True,Optimal,heuristic,0.1625831530000141
7,15,49,12,0.5,Dijkstra,0.96,False,0.0,True,1.0,20,2020.1118606397977,296.9336441387891,2,125.13601609963708,Optimal,True,Optimal,heuristic,0.0003515480020723
7,15,49,12,0.6,ILP,0.978,True,0.0,True,1.0,11,1051.4396844401474,237.54691531103128,2,125.13601609963708,Optimal,True,Optimal,heuristic,0.1363672769984987
7,15,49,12,0.6,MILP,0.978,True,0.0,True,1.0,11,1051.4396844401474,237.54691531103128,2,125.13601609963708,Optimal,True,Optimal,heuristic,0.1276639459974831
7,15,49,12,0.6,Dijkstra,0.978,True,0.0,True,1.0,11,1051.4396844401474,237.54691531103128,2,125.13601609963708,Optimal,True,Optimal,heuristic,0.000295494999591
7,15,49,12,0.7,ILP,0.986,True,0.0,True,1.0,7,573.6152067424496,178.1601864832735,2,125.13601609963708,Optimal,True,Optimal,heuristic,0.1520974129998649
7,15,49,12,0.7,MILP,0.986,True,0.0,True,1.0,7,573.6152067424496,178.1601864832735,2,125.13601609963708,Optimal,True,Optimal,heuristic,0.0962322360028338
7,15,49,12,0.7,Dijkstra,0.986,True,0.0,True,1.0,7,573.6152067424496,178.1601864832735,2,125.13601609963708,Optimal,True,Optimal,heuristic,0.0009122470000875
7,15,49,12,0.8,ILP,0.994,True,0.0,True,1.0,3,248.90049919226325,118.77345765551564,2,125.13601609963708,Optimal,True,Optimal,heuristic,0.1100290260001202
7,15,49,12,0.8,MILP,0.994,True,0.0,True,1.0,3,248.90049919226325,118.77345765551564,2,125.13601609963708,Optimal,True,Optimal,heuristic,0.0972675839984731
7,15,49,12,0.8,Dijkstra,0.994,True,0.0,True,1.0,3,248.90049919226325,118.77345765551564,2,125.13601609963708,Optimal,True,Optimal,heuristic,0.0003124760005448
7,15,49,12,0.9,ILP,0.996,True,0.0,True,1.0,2,91.15251947941624,59.38672882775779,2,125.13601609963708,Optimal,True,Optimal,heuristic,0.1122718939986953
7,15,49,12,0.9,MILP,0.996,True,0.0,True,1.0,2,91.15251947941624,59.38672882775779,2,125.13601609963708,Optimal,True,Optimal,heuristic,0.1050952810001035
7,15,49,12,0.9,Dijkstra,0.996,True,0.0,True,1.0,2,91.15251947941624,59.38672882775779,2,125.13601609963708,Optimal,True,Optimal,heuristic,0.0003540289981174
7,16,32,2,0.5,ILP,0.996,True,0.0,True,1.0,2,662.9844590639136,585.6628352707863,5,217.3527067626199,Optimal,True,Optimal,heuristic,0.1086510669993003
7,16,32,2,0.5,MILP,0.996,True,0.0,True,1.0,2,662.9844590639136,585.6628352707863,5,217.3527067626199,Optimal,True,Optimal,heuristic,0.1044198370000231
7,16,32,2,0.5,Dijkstra,0.996,True,0.0,True,1.0,2,662.9844590639136,585.6628352707863,5,217.3527067626199,Optimal,True,Optimal,heuristic,0.000369445002434
7,16,32,2,0.6,ILP,0.998,True,0.0,True,1.0,1,468.5302682166291,468.5302682166291,5,217.3527067626199,Optimal,True,Optimal,heuristic,0.1043521920000785
7,16,32,2,0.6,MILP,0.998,True,0.0,True,1.0,1,468.5302682166291,468.5302682166291,5,217.3527067626199,Optimal,True,Optimal,heuristic,0.1055825200019171
7,16,32,2,0.6,Dijkstra,0.998,True,0.0,True,1.0,1,468.5302682166291,468.5302682166291,5,217.3527067626199,Optimal,True,Optimal,heuristic,0.000342934999935
7,16,32,2,0.7,ILP,0.998,True,0.0,True,1.0,1,351.3977011624718,351.3977011624718,5,217.3527067626199,Optimal,True,Optimal,heuristic,0.1057579289990826
7,16,32,2,0.7,MILP,0.998,True,0.0,True,1.0,1,351.3977011624718,351.3977011624718,5,217.3527067626199,Optimal,True,Optimal,heuristic,0.1080295909996493
7,16,32,2,0.7,Dijkstra,0.998,True,0.0,True,1.0,1,351.3977011624718,351.3977011624718,5,217.3527067626199,Optimal,True,Optimal,heuristic,0.0003440299988142
7,16,32,2,0.8,ILP,0.998,True,0.0,True,1.0,1,234.26513410831444,234.26513410831444,5,217.3527067626199,Optimal,True,Optimal,heuristic,0.1133731980007723
7,16,32,2,0.8,MILP,0.998,True,0.0,True,1.0,1,234.26513410831444,234.26513410831444,5,217.3527067626199,Optimal,True,Optimal,heuristic,0.1075221809987851
7,16,32,2,0.8,Dijkstra,0.998,True,0.0,True,1.0,1,234.26513410831444,234.26513410831444,5,217.3527067626199,Optimal,True,Optimal,heuristic,0.000398046002374
7,16,32,2,0.9,ILP,0.998,True,0.0,True,1.0,1,117.13256705415732,117.13256705415732,5,217.3527067626199,Optimal,True,Optimal,heuristic,0.1052737969985173
7,16,32,2,0.9,MILP,0.998,True,0.0,True,1.0,1,117.13256705415732,117.13256705415732,5,217.3527067626199,Optimal,True,Optimal,heuristic,0.1035029790000408
7,16,32,2,0.9,Dijkstra,0.998,True,0.0,True,1.0,1,117.13256705415732,117.13256705415732,5,217.3527067626199,Optimal,True,Optimal,heuristic,0.0003463809989625
7,17,35,10,0.5,ILP,0.856,True,0.0,True,1.0,72,6902.382162477546,433.9776140323597,9,498.7544447951991,Optimal,True,Optimal,heuristic,1.3407985779995215
7,17,35,10,0.5,MILP,0.856,True,0.0,True,1.0,72,6902.382162477546,433.9776140323597,9,498.7544447951991,Optimal,True,Optimal,heuristic,0.3162744820001535
7,17,35,10,0.5,Dijkstra,0.856,False,0.0,True,1.0,72,9546.6094197948,749.3341764489769,10,495.47778037704006,Optimal,True,Optimal,heuristic,0.000349425998138
7,17,35,10,0.6,ILP,0.946,True,0.0,True,1.0,27,2775.082503596088,347.1820912258878,9,498.7544447951991,Optimal,True,Optimal,heuristic,0.6311293270009628
7,17,35,10,0.6,MILP,0.946,True,0.0,True,1.0,27,2775.082503596088,347.1820912258878,9,498.7544447951991,Optimal,True,Optimal,heuristic,0.2754049440009112
7,17,35,10,0.6,Dijkstra,0.916,False,0.0299999999999999,False,0.0,42,4776.491200576285,662.538653642505,10,495.47778037704006,Optimal,True,Optimal,heuristic,0.0003782860003411
7,17,35,10,0.7,ILP,0.98,True,0.0,True,1.0,10,1273.056704033942,260.3865684194159,9,498.7544447951991,Optimal,True,Optimal,heuristic,0.3624071420017571
7,17,35,10,0.7,MILP,0.98,False,0.0,True,1.0,10,1273.056704033942,260.3865684194159,9,498.7544447951991,Optimal,True,Optimal,heuristic,0.1582710699985909
7,17,35,10,0.7,Dijkstra,0.968,False,0.012,False,0.0,16,2320.856110229923,575.7431308360331,10,495.47778037704006,Optimal,True,Optimal,heuristic,0.0004925789980916
7,17,35,10,0.8,ILP,0.99,True,0.0,True,1.0,5,612.08192391705,173.59104561294384,9,498.7544447951991,Optimal,True,Optimal,heuristic,0.2088160879975475
7,17,35,10,0.8,MILP,0.99,True,0.0,True,1.0,5,612.08192391705,173.59104561294384,9,498.7544447951991,Optimal,True,Optimal,heuristic,0.1367757459993299
7,17,35,10,0.8,Dijkstra,0.986,False,0.004,False,0.0,7,1340.397892714764,488.947608029561,10,495.47778037704006,Optimal,True,Optimal,heuristic,0.0005140290013514
7,17,35,10,0.9,ILP,0.992,True,0.0,True,1.0,4,199.4448373831127,86.79552280647192,9,498.7544447951991,Optimal,True,Optimal,heuristic,0.2647720940003637
7,17,35,10,0.9,MILP,0.992,False,0.0,True,1.0,4,199.4448373831132,86.79552280647215,9,498.7544447951991,Optimal,True,Optimal,heuristic,0.123211148998962
7,17,35,10,0.9,Dijkstra,0.99,False,0.002,False,0.0,5,869.7698340184608,402.1520852230891,10,495.47778037704006,Optimal,True,Optimal,heuristic,0.0004313379977247
7,18,48,44,0.5,ILP,0.832,True,0.0,True,1.0,84,7945.441135827545,540.2616753869236,8,378.4580138616202,Optimal,True,Optimal,heuristic,0.5372677269988344
7,18,48,44,0.5,MILP,0.832,True,0.0,True,1.0,84,7945.441135827545,540.2616753869236,8,378.4580138616202,Optimal,True,Optimal,heuristic,0.6899293580027006
7,18,48,44,0.5,Dijkstra,0.832,True,0.0,True,1.0,84,7945.441135827545,540.2616753869236,8,378.4580138616202,Optimal,True,Optimal,heuristic,0.000466729998152
7,18,48,44,0.6,ILP,0.924,True,0.0,True,1.0,38,3929.3017641149177,473.5239264654292,8,378.4580138616202,Optimal,True,Optimal,heuristic,0.5477541580003162
7,18,48,44,0.6,MILP,0.924,False,0.0,True,1.0,38,3929.3017641149177,473.5239264654292,8,378.4580138616202,Optimal,True,Optimal,heuristic,0.3959702280008059
7,18,48,44,0.6,Dijkstra,0.924,True,0.0,True,1.0,38,3929.3017641149177,473.5239264654292,8,378.4580138616202,Optimal,True,Optimal,heuristic,0.0003160560008836
7,18,48,44,0.7,ILP,0.958,True,0.0,True,1.0,21,2017.775434860067,406.78617754393485,8,378.4580138616202,Optimal,True,Optimal,heuristic,0.3291599389995099
7,18,48,44,0.7,MILP,0.952,False,0.006,False,0.0,24,1900.256718217758,200.2132467644833,8,407.6498280528372,Optimal,True,Optimal,heuristic,0.3044927949995326
7,18,48,44,0.7,Dijkstra,0.958,True,0.0,True,1.0,21,2017.775434860067,406.78617754393485,8,378.4580138616202,Optimal,True,Optimal,heuristic,0.0003257159987697
7,18,48,44,0.8,ILP,0.98,True,0.0,True,1.0,10,996.4533244192456,340.0484286224404,8,378.4580138616202,Optimal,True,Optimal,heuristic,0.3540202769981988
7,18,48,44,0.8,MILP,0.978,False,0.002,False,0.0,11,733.1415261851101,133.47549784298883,8,407.6498280528372,Optimal,True,Optimal,heuristic,0.1967412610028986
7,18,48,44,0.8,Dijkstra,0.98,True,0.0,True,1.0,10,996.4533244192456,340.0484286224404,8,378.4580138616202,Optimal,True,Optimal,heuristic,0.0004071069997735
7,18,48,44,0.9,ILP,0.988,True,0.0,True,1.0,6,507.3534276303212,273.3106797009459,8,378.4580138616202,Optimal,True,Optimal,heuristic,0.3773869579999882
7,18,48,44,0.9,MILP,0.988,False,0.0,True,1.0,6,223.30619484916565,66.73774892149424,8,407.6498280528371,Optimal,True,Optimal,heuristic,0.1496208700009447
7,18,48,44,0.9,Dijkstra,0.988,True,0.0,True,1.0,6,507.3534276303212,273.3106797009459,8,378.4580138616202,Optimal,True,Optimal,heuristic,0.0003520259997458
7,19,26,21,0.5,ILP,0.8220000000000001,True,0.0,True,1.0,89,11998.682342169874,466.9071512708729,12,603.7913897368032,Optimal,True,Optimal,heuristic,0.9312370650004596
7,19,26,21,0.5,MILP,0.8220000000000001,False,0.0,True,1.0,89,11998.682342169872,466.9071512708727,11,603.7913897368031,Optimal,True,Optimal,heuristic,0.1123368090011354
7,19,26,21,0.5,Dijkstra,0.8220000000000001,True,0.0,True,1.0,89,11998.682342169874,466.9071512708729,12,603.7913897368032,Optimal,True,Optimal,heuristic,0.0003205949979019
7,19,26,21,0.6,ILP,0.906,True,0.0,True,1.0,47,5780.093470879048,373.5257210166983,12,603.7913897368032,Optimal,True,Optimal,heuristic,0.5874712149998231
7,19,26,21,0.6,MILP,0.906,True,0.0,True,1.0,47,5780.093470879048,373.5257210166983,12,603.7913897368032,Optimal,True,Optimal,heuristic,0.1453199120005592
7,19,26,21,0.6,Dijkstra,0.906,True,0.0,True,1.0,47,5780.093470879048,373.5257210166983,12,603.7913897368032,Optimal,True,Optimal,heuristic,0.0004070750001119
7,19,26,21,0.7,ILP,0.954,True,0.0,True,1.0,23,2427.601601118132,280.1442907625237,12,603.7913897368032,Optimal,True,Optimal,heuristic,0.6739331200005836
7,19,26,21,0.7,MILP,0.954,True,0.0,True,1.0,23,2427.601601118132,280.1442907625237,12,603.7913897368032,Optimal,True,Optimal,heuristic,0.1258317469983012
7,19,26,21,0.7,Dijkstra,0.954,True,0.0,True,1.0,23,2427.601601118132,280.1442907625237,12,603.7913897368032,Optimal,True,Optimal,heuristic,0.0004867190000368
7,19,26,21,0.8,ILP,0.974,True,0.0,True,1.0,13,727.6686165571755,186.76286050834904,12,603.7913897368032,Optimal,True,Optimal,heuristic,0.6579627169994637
7,19,26,21,0.8,MILP,0.974,True,0.0,True,1.0,13,727.6686165571755,186.76286050834904,12,603.7913897368032,Optimal,True,Optimal,heuristic,0.1147831650014268
7,19,26,21,0.8,Dijkstra,0.974,True,0.0,True,1.0,13,727.6686165571755,186.76286050834904,12,603.7913897368032,Optimal,True,Optimal,heuristic,0.0003647080011432
7,19,26,21,0.9,ILP,0.994,True,0.0,True,1.0,3,120.34767403102364,93.38143025417456,12,603.7913897368032,Optimal,True,Optimal,heuristic,0.1750429390012868
7,19,26,21,0.9,MILP,0.994,False,0.0,True,1.0,3,120.34767403102342,93.38143025417456,12,603.7913897368032,Optimal,True,Optimal,heuristic,0.1067892600003688
7,19,26,21,0.9,Dijkstra,0.994,False,0.0,True,1.0,3,120.34767403102342,93.38143025417456,12,603.7913897368032,Optimal,True,Optimal,heuristic,0.0004462970027816
8,0,34,63,0.5,ILP,0.932,True,0.0,True,1.0,34,2713.985056051414,317.42068021236605,5,223.2270711862913,Optimal,True,Optimal,heuristic,1.8721217259990224
8,0,34,63,0.5,MILP,0.932,True,0.0,True,1.0,34,2713.985056051414,317.42068021236605,5,223.2270711862913,Optimal,True,Optimal,heuristic,0.6437322499987204
8,0,34,63,0.5,Dijkstra,0.932,True,0.0,True,1.0,34,2713.985056051414,317.42068021236605,5,223.2270711862913,Optimal,True,Optimal,heuristic,0.000337366000167
8,0,34,63,0.6,ILP,0.972,True,0.0,True,1.0,14,1282.7547533620996,253.93654416989284,5,223.22707118629148,Optimal,True,Optimal,heuristic,0.9870397429986042
8,0,34,63,0.6,MILP,0.972,False,0.0,True,1.0,14,1282.7547533620966,253.9365441698926,5,223.2270711862913,Optimal,True,Optimal,heuristic,0.3073335939989192
8,0,34,63,0.6,Dijkstra,0.972,False,0.0,True,1.0,14,1282.7547533620975,253.93654416989284,5,223.2270711862913,Optimal,True,Optimal,heuristic,0.0003874829999404
8,0,34,63,0.7,ILP,0.986,True,0.0,True,1.0,7,673.8779277673736,190.4524081274197,5,223.2270711862913,Optimal,True,Optimal,heuristic,0.5182475010005874
8,0,34,63,0.7,MILP,0.986,False,0.0,True,1.0,7,673.8779277673736,190.4524081274197,5,223.2270711862913,Optimal,True,Optimal,heuristic,0.4396845230003237
8,0,34,63,0.7,Dijkstra,0.986,False,0.0,True,1.0,7,673.8779277673736,190.4524081274197,5,223.2270711862913,Optimal,True,Optimal,heuristic,0.0003873419991577
8,0,34,63,0.8,ILP,0.992,True,0.0,True,1.0,4,280.0381861300193,126.96827208494642,5,223.2270711862913,Optimal,True,Optimal,heuristic,0.317162802999519
8,0,34,63,0.8,MILP,0.99,False,0.002,False,0.0,5,254.8955131509582,138.71157685142964,6,246.6025804055085,Optimal,True,Optimal,heuristic,0.2746368259977316
8,0,34,63,0.8,Dijkstra,0.992,True,0.0,True,1.0,4,280.0381861300193,126.96827208494642,5,223.2270711862913,Optimal,True,Optimal,heuristic,0.0003639739989012
8,0,34,63,0.9,ILP,0.998,True,0.0,True,1.0,1,75.22744080895643,75.22744080895643,6,246.6025804055085,Optimal,True,Optimal,heuristic,0.1439269649999914
8,0,34,63,0.9,MILP,0.996,False,0.002,False,0.0,2,73.8301850335971,63.48413604247321,5,223.2270711862913,Optimal,True,Optimal,heuristic,0.1475145059994247
8,0,34,63,0.9,Dijkstra,0.996,False,0.002,False,0.0,2,73.8301850335971,63.48413604247321,5,223.2270711862913,Optimal,True,Optimal,heuristic,0.0003535519972501
8,1,47,49,0.5,ILP,0.918,True,0.0,True,1.0,41,1661.328813062946,138.40183520058778,1,87.81738595858391,Optimal,True,Optimal,heuristic,0.1130308760002662
8,1,47,49,0.5,MILP,0.918,True,0.0,True,1.0,41,1661.328813062946,138.40183520058778,1,87.81738595858391,Optimal,True,Optimal,heuristic,0.1026844309999432
8,1,47,49,0.5,Dijkstra,0.918,True,0.0,True,1.0,41,1661.328813062946,138.40183520058778,1,87.81738595858391,Optimal,True,Optimal,heuristic,0.0003505399981804
8,1,47,49,0.6,ILP,0.95,True,0.0,True,1.0,25,726.9543670062171,110.72146816047024,1,87.81738595858391,Optimal,True,Optimal,heuristic,0.1117002680002769
8,1,47,49,0.6,MILP,0.95,True,0.0,True,1.0,25,726.9543670062171,110.72146816047024,1,87.81738595858391,Optimal,True,Optimal,heuristic,0.1036968609987525
8,1,47,49,0.6,Dijkstra,0.95,True,0.0,True,1.0,25,726.9543670062171,110.72146816047024,1,87.81738595858391,Optimal,True,Optimal,heuristic,0.0003627279984357
8,1,47,49,0.7,ILP,0.978,True,0.0,True,1.0,11,254.13136796627,83.04110112035269,1,87.81738595858391,Optimal,True,Optimal,heuristic,0.1061803509983292
8,1,47,49,0.7,MILP,0.978,True,0.0,True,1.0,11,254.13136796627,83.04110112035269,1,87.81738595858391,Optimal,True,Optimal,heuristic,0.1048245689999021
8,1,47,49,0.7,Dijkstra,0.978,True,0.0,True,1.0,11,254.13136796627,83.04110112035269,1,87.81738595858391,Optimal,True,Optimal,heuristic,0.0003304659985587
8,1,47,49,0.8,ILP,0.992,True,0.0,True,1.0,4,70.20300470363458,55.36073408023512,1,87.81738595858391,Optimal,True,Optimal,heuristic,0.1044261330025619
8,1,47,49,0.8,MILP,0.992,True,0.0,True,1.0,4,70.20300470363458,55.36073408023512,1,87.81738595858391,Optimal,True,Optimal,heuristic,0.0980151120020309
8,1,47,49,0.8,Dijkstra,0.992,True,0.0,True,1.0,4,70.20300470363458,55.36073408023512,1,87.81738595858391,Optimal,True,Optimal,heuristic,0.0003159160005452
8,1,47,49,0.9,ILP,0.998,True,0.0,True,1.0,1,27.680367040117574,27.680367040117574,1,87.81738595858391,Optimal,True,Optimal,heuristic,0.0929414860001998
8,1,47,49,0.9,MILP,0.998,True,0.0,True,1.0,1,27.680367040117574,27.680367040117574,1,87.81738595858391,Optimal,True,Optimal,heuristic,0.0956395260000135
8,1,47,49,0.9,Dijkstra,0.998,True,0.0,True,1.0,1,27.680367040117574,27.680367040117574,1,87.81738595858391,Optimal,True,Optimal,heuristic,0.0004849279976042
8,2,46,51,0.5,ILP,0.966,True,0.0,True,1.0,17,2051.805908955729,462.4213686878511,8,359.1371181500762,Optimal,True,Optimal,heuristic,0.4403585139989445
8,2,46,51,0.5,MILP,0.966,False,0.0,True,1.0,17,2051.805908955727,462.4213686878511,7,359.1371181500761,Optimal,True,Optimal,heuristic,0.2085519230022328
8,2,46,51,0.5,Dijkstra,0.964,False,0.002,False,0.0,18,2789.297725907637,459.9940226062156,8,351.51265375712296,Optimal,True,Optimal,heuristic,0.0003925849996448
8,2,46,51,0.6,ILP,0.984,True,0.0,True,1.0,8,912.1011799907932,370.9246056368266,8,359.1371181500762,Optimal,True,Optimal,heuristic,0.3584021579990804
8,2,46,51,0.6,MILP,0.984,False,0.0,True,1.0,8,912.1011799907932,370.9246056368266,8,359.1371181500762,Optimal,True,Optimal,heuristic,0.1329191000004357
8,2,46,51,0.6,Dijkstra,0.98,False,0.004,False,0.0,10,1421.170857722896,368.4972595551912,8,351.51265375712296,Optimal,True,Optimal,heuristic,0.0003956410000682
8,2,46,51,0.7,ILP,0.996,True,0.0,True,1.0,2,463.7015487145086,279.42784258580207,8,359.1371181500762,Optimal,True,Optimal,heuristic,0.1090037270005268
8,2,46,51,0.7,MILP,0.996,True,0.0,True,1.0,2,463.7015487145086,279.42784258580207,8,359.1371181500762,Optimal,True,Optimal,heuristic,0.1260452620008436
8,2,46,51,0.7,Dijkstra,0.986,False,0.01,False,0.0,7,642.1608151783764,277.00049650416656,8,351.51265375712296,Optimal,True,Optimal,heuristic,0.0003812100003415
8,2,46,51,0.8,ILP,0.996,True,0.0,True,1.0,2,280.70802261245944,187.9310795347775,8,359.1371181500762,Optimal,True,Optimal,heuristic,0.1281410350020451
8,2,46,51,0.8,MILP,0.996,False,0.0,True,1.0,2,280.7080226124597,187.9310795347775,8,359.1371181500762,Optimal,True,Optimal,heuristic,0.1289762999986123
8,2,46,51,0.8,Dijkstra,0.996,False,0.0,True,1.0,2,362.1208034635158,185.503733453142,8,351.51265375712296,Optimal,True,Optimal,heuristic,0.0004147830004512
8,2,46,51,0.9,ILP,0.996,True,0.0,True,1.0,2,97.7144965104102,96.43431648375292,8,359.1371181500762,Optimal,True,Optimal,heuristic,0.2506131240006652
8,2,46,51,0.9,MILP,0.996,False,0.0,True,1.0,2,97.71449651041009,96.4343164837527,8,359.1371181500762,Optimal,True,Optimal,heuristic,0.139729571998032
8,2,46,51,0.9,Dijkstra,0.996,False,0.0,True,1.0,2,179.12727736146667,94.00697040211742,8,351.51265375712296,Optimal,True,Optimal,heuristic,0.0003613740009313
8,3,33,8,0.5,ILP,0.946,True,0.0,True,1.0,27,3085.187723244685,432.9753457787525,2,151.0722840032508,Optimal,True,Optimal,heuristic,0.7248789000004763
8,3,33,8,0.5,MILP,0.946,True,0.0,True,1.0,27,3085.187723244685,432.9753457787525,2,151.0722840032508,Optimal,True,Optimal,heuristic,0.8303021219981019
8,3,33,8,0.5,Dijkstra,0.946,True,0.0,True,1.0,27,3085.187723244685,432.9753457787525,2,151.0722840032508,Optimal,True,Optimal,heuristic,0.0003377129978616
8,3,33,8,0.6,ILP,0.964,True,0.0,True,1.0,18,1865.6899579636784,378.5917837227398,2,151.0722840032508,Optimal,True,Optimal,heuristic,0.804260154000076
8,3,33,8,0.6,MILP,0.964,True,0.0,True,1.0,18,1865.6899579636784,378.5917837227398,2,151.0722840032508,Optimal,True,Optimal,heuristic,0.657211391000601
8,3,33,8,0.6,Dijkstra,0.964,True,0.0,True,1.0,18,1865.6899579636784,378.5917837227398,2,151.0722840032508,Optimal,True,Optimal,heuristic,0.0003223759995307
8,3,33,8,0.7,ILP,0.984,True,0.0,True,1.0,8,1140.4025827846904,324.2082216667271,2,151.0722840032508,Optimal,True,Optimal,heuristic,0.6361654639986227
8,3,33,8,0.7,MILP,0.97,False,0.014,False,0.0,15,762.6088724823526,163.15068616803808,7,239.5391646411543,Optimal,True,Optimal,heuristic,0.6142874830002256
8,3,33,8,0.7,Dijkstra,0.984,True,0.0,True,1.0,8,1140.4025827846904,324.2082216667271,2,151.0722840032508,Optimal,True,Optimal,heuristic,0.0004122479986108
8,3,33,8,0.8,ILP,0.994,True,0.0,True,1.0,3,215.10647262001964,108.7671241120254,7,239.5391646411543,Optimal,True,Optimal,heuristic,0.1838473300012992
8,3,33,8,0.8,MILP,0.994,False,0.0,True,1.0,3,215.1064726200202,108.7671241120255,7,239.53916464115423,Optimal,True,Optimal,heuristic,0.2096130489990173
8,3,33,8,0.8,Dijkstra,0.99,False,0.004,False,0.0,5,808.999862920335,269.82465961071443,2,151.0722840032508,Optimal,True,Optimal,heuristic,0.0003499660015222
8,3,33,8,0.9,ILP,0.996,True,0.0,True,1.0,2,64.85110262094258,54.38356205601247,6,239.53916464115417,Optimal,True,Optimal,heuristic,0.2459848539983795
8,3,33,8,0.9,MILP,0.996,False,0.0,True,1.0,2,64.85110262094292,54.38356205601269,7,239.5391646411543,Optimal,True,Optimal,heuristic,0.1409433939988957
8,3,33,8,0.9,Dijkstra,0.992,False,0.004,False,0.0,4,556.9105526049931,215.4410975547017,2,151.0722840032508,Optimal,True,Optimal,heuristic,0.0003949689998989
8,4,54,29,0.5,ILP,0.854,True,0.0,True,1.0,73,6809.613956623824,392.9805626727085,11,466.71244278625807,Optimal,True,Optimal,heuristic,0.8627883549997932
8,4,54,29,0.5,MILP,0.854,True,0.0,True,1.0,73,6809.613956623824,392.9805626727085,11,466.71244278625807,Optimal,True,Optimal,heuristic,0.0980495009971491
8,4,54,29,0.5,Dijkstra,0.854,True,0.0,True,1.0,73,6809.613956623824,392.9805626727085,11,466.71244278625807,Optimal,True,Optimal,heuristic,0.0003477669997664
8,4,54,29,0.6,ILP,0.936,True,0.0,True,1.0,32,2852.73243776495,314.3844501381668,11,466.71244278625807,Optimal,True,Optimal,heuristic,0.5503768490016228
8,4,54,29,0.6,MILP,0.936,True,0.0,True,1.0,32,2852.73243776495,314.3844501381668,11,466.71244278625807,Optimal,True,Optimal,heuristic,0.0911536050007271
8,4,54,29,0.6,Dijkstra,0.936,True,0.0,True,1.0,32,2852.73243776495,314.3844501381668,11,466.71244278625807,Optimal,True,Optimal,heuristic,0.0003237159980926
8,4,54,29,0.7,ILP,0.968,True,0.0,True,1.0,16,978.1654065963515,235.7883376036251,11,466.71244278625807,Optimal,True,Optimal,heuristic,0.3798413610020361
8,4,54,29,0.7,MILP,0.968,True,0.0,True,1.0,16,978.1654065963515,235.7883376036251,11,466.71244278625807,Optimal,True,Optimal,heuristic,0.0892994390014791
8,4,54,29,0.7,Dijkstra,0.968,True,0.0,True,1.0,16,978.1654065963515,235.7883376036251,11,466.71244278625807,Optimal,True,Optimal,heuristic,0.0003554159993655
8,4,54,29,0.8,ILP,0.99,True,0.0,True,1.0,5,227.386849514078,157.1922250690834,11,466.71244278625807,Optimal,True,Optimal,heuristic,0.1523451190005289
8,4,54,29,0.8,MILP,0.99,True,0.0,True,1.0,5,227.386849514078,157.1922250690834,11,466.71244278625807,Optimal,True,Optimal,heuristic,0.087648734999675
8,4,54,29,0.8,Dijkstra,0.99,True,0.0,True,1.0,5,227.386849514078,157.1922250690834,11,466.71244278625807,Optimal,True,Optimal,heuristic,0.000324675002048
8,4,54,29,0.9,ILP,0.998,True,0.0,True,1.0,1,78.5961125345417,78.5961125345417,11,466.71244278625807,Optimal,True,Optimal,heuristic,0.0894558670006517
8,4,54,29,0.9,MILP,0.998,True,0.0,True,1.0,1,78.5961125345417,78.5961125345417,11,466.71244278625807,Optimal,True,Optimal,heuristic,0.0870029930010787
8,4,54,29,0.9,Dijkstra,0.998,True,0.0,True,1.0,1,78.5961125345417,78.5961125345417,11,466.71244278625807,Optimal,True,Optimal,heuristic,0.0003250959998695
8,5,32,24,0.5,ILP,0.904,True,0.0,True,1.0,48,6422.782397552812,489.67620405052753,7,469.1943238983392,Optimal,True,Optimal,heuristic,2.0650924670007957
8,5,32,24,0.5,MILP,0.904,True,0.0,True,1.0,48,6422.782397552812,489.67620405052753,7,469.1943238983392,Optimal,True,Optimal,heuristic,0.2338785680003638
8,5,32,24,0.5,Dijkstra,0.904,True,0.0,True,1.0,48,6422.782397552812,489.67620405052753,7,469.1943238983392,Optimal,True,Optimal,heuristic,0.0004176539987383
8,5,32,24,0.6,ILP,0.952,True,0.0,True,1.0,24,3019.3704409510774,391.7409632404221,7,469.1943238983392,Optimal,True,Optimal,heuristic,1.6726775699971768
8,5,32,24,0.6,MILP,0.952,True,0.0,True,1.0,24,3019.3704409510774,391.7409632404221,7,469.1943238983392,Optimal,True,Optimal,heuristic,0.2605288589984411
8,5,32,24,0.6,Dijkstra,0.952,True,0.0,True,1.0,24,3019.3704409510774,391.7409632404221,7,469.1943238983392,Optimal,True,Optimal,heuristic,0.0004060409992234
8,5,32,24,0.7,ILP,0.978,True,0.0,True,1.0,11,1266.0442136162833,293.80572243031656,7,469.1943238983392,Optimal,True,Optimal,heuristic,0.7140404310011945
8,5,32,24,0.7,MILP,0.978,True,0.0,True,1.0,11,1266.0442136162833,293.80572243031656,7,469.1943238983392,Optimal,True,Optimal,heuristic,0.1360092770009942
8,5,32,24,0.7,Dijkstra,0.978,True,0.0,True,1.0,11,1266.0442136162833,293.80572243031656,7,469.1943238983392,Optimal,True,Optimal,heuristic,0.0003873959976772
8,5,32,24,0.8,ILP,0.992,True,0.0,True,1.0,4,515.5306089406197,195.87048162021097,7,469.1943238983392,Optimal,True,Optimal,heuristic,0.2171260180002718
8,5,32,24,0.8,MILP,0.992,True,0.0,True,1.0,4,515.5306089406197,195.87048162021097,7,469.1943238983392,Optimal,True,Optimal,heuristic,0.1220081100000243
8,5,32,24,0.8,Dijkstra,0.992,True,0.0,True,1.0,4,515.5306089406197,195.87048162021097,7,469.1943238983392,Optimal,True,Optimal,heuristic,0.0005387839992181
8,5,32,24,0.9,ILP,0.996,True,0.0,True,1.0,2,138.9746517772112,97.9352408101056,7,469.1943238983392,Optimal,True,Optimal,heuristic,0.2071892970016051
8,5,32,24,0.9,MILP,0.996,True,0.0,True,1.0,2,138.9746517772112,97.9352408101056,7,469.1943238983392,Optimal,True,Optimal,heuristic,0.1003360410031746
8,5,32,24,0.9,Dijkstra,0.996,True,0.0,True,1.0,2,138.9746517772112,97.9352408101056,7,469.1943238983392,Optimal,True,Optimal,heuristic,0.0003300360003777
8,6,50,41,0.5,ILP,0.984,True,0.0,True,1.0,8,2239.2763242782985,1498.6542819439535,1,97.41900316085044,Optimal,True,Optimal,heuristic,0.1027630909993604
8,6,50,41,0.5,MILP,0.984,False,0.0,True,1.0,8,1763.5890436097795,580.8366456429991,2,159.84079644884116,Optimal,True,Optimal,heuristic,0.1665263470022182
8,6,50,41,0.5,Dijkstra,0.984,True,0.0,True,1.0,8,2239.2763242782985,1498.6542819439535,1,97.41900316085044,Optimal,True,Optimal,heuristic,0.0003211059993191
8,6,50,41,0.6,ILP,0.994,True,0.0,True,1.0,3,1680.992800273234,1382.4869528153538,1,97.41900316085044,Optimal,True,Optimal,heuristic,0.1011592359973292
8,6,50,41,0.6,MILP,0.992,False,0.002,False,0.0,4,1054.0315167910535,464.66931651439927,2,159.84079644884116,Optimal,True,Optimal,heuristic,0.1214417970004433
8,6,50,41,0.6,Dijkstra,0.994,True,0.0,True,1.0,3,1680.992800273234,1382.4869528153538,1,97.41900316085044,Optimal,True,Optimal,heuristic,0.000354107000021
8,6,50,41,0.7,ILP,0.996,True,0.0,True,1.0,2,1354.6937451362353,1266.319623686754,1,97.41900316085044,Optimal,True,Optimal,heuristic,0.0987067770001886
8,6,50,41,0.7,MILP,0.994,False,0.002,False,0.0,3,674.1667650876517,348.50198738579945,2,159.84079644884116,Optimal,True,Optimal,heuristic,0.1181399980014248
8,6,50,41,0.7,Dijkstra,0.996,True,0.0,True,1.0,2,1354.6937451362353,1266.319623686754,1,97.41900316085044,Optimal,True,Optimal,heuristic,0.0003098650013271
8,6,50,41,0.8,ILP,0.998,True,0.0,True,1.0,1,1150.1522945581542,1150.1522945581542,1,97.41900316085044,Optimal,True,Optimal,heuristic,0.1077699039997241
8,6,50,41,0.8,MILP,0.996,False,0.002,False,0.0,2,330.72474675116405,232.33465825719952,2,159.84079644884116,Optimal,True,Optimal,heuristic,0.119132334999449
8,6,50,41,0.8,Dijkstra,0.998,True,0.0,True,1.0,1,1150.1522945581542,1150.1522945581542,1,97.41900316085044,Optimal,True,Optimal,heuristic,0.0003219729987904
8,6,50,41,0.9,ILP,0.998,True,0.0,True,1.0,1,116.1673291285997,116.1673291285997,2,159.84079644884116,Optimal,True,Optimal,heuristic,0.1080833599990001
8,6,50,41,0.9,MILP,0.998,True,0.0,True,1.0,1,116.1673291285997,116.1673291285997,2,159.84079644884116,Optimal,True,Optimal,heuristic,0.1181845440005417
8,6,50,41,0.9,Dijkstra,0.998,False,0.0,True,1.0,1,1033.9849654295542,1033.9849654295542,1,97.41900316085044,Optimal,True,Optimal,heuristic,0.000351591999788
8,7,26,53,0.5,ILP,0.942,True,0.0,True,1.0,29,6247.830611951143,1574.186396856967,12,651.030836704762,Optimal,True,Optimal,heuristic,0.2720299430002342
8,7,26,53,0.5,MILP,0.942,True,0.0,True,1.0,29,6247.830611951143,1574.186396856967,12,651.030836704762,Optimal,True,Optimal,heuristic,0.1591993020010704
8,7,26,53,0.5,Dijkstra,0.942,True,0.0,True,1.0,29,6247.830611951143,1574.186396856967,12,651.030836704762,Optimal,True,Optimal,heuristic,0.0003872659981425
8,7,26,53,0.6,ILP,0.974,True,0.0,True,1.0,13,3470.8844213277007,1427.151655203715,12,651.030836704762,Optimal,True,Optimal,heuristic,0.2136288229994534
8,7,26,53,0.6,MILP,0.972,False,0.002,False,0.0,14,3411.534834692516,588.138966613008,13,713.4526299927527,Optimal,True,Optimal,heuristic,0.1244204129980062
8,7,26,53,0.6,Dijkstra,0.974,True,0.0,True,1.0,13,3470.8844213277007,1427.151655203715,12,651.030836704762,Optimal,True,Optimal,heuristic,0.0003643529998953
8,7,26,53,0.7,ILP,0.988,True,0.0,True,1.0,6,2062.7817461991613,1280.1169135504629,12,651.030836704762,Optimal,True,Optimal,heuristic,0.1144083219987806
8,7,26,53,0.7,MILP,0.98,False,0.008,False,0.0,10,1673.249158344311,441.10422495975627,13,713.4526299927528,Optimal,True,Optimal,heuristic,0.1294391699993866
8,7,26,53,0.7,Dijkstra,0.988,True,0.0,True,1.0,6,2062.7817461991613,1280.1169135504629,12,651.030836704762,Optimal,True,Optimal,heuristic,0.0003510490023472
8,7,26,53,0.8,ILP,0.994,True,0.0,True,1.0,3,1376.244342933228,1133.0821718972106,12,651.030836704762,Optimal,True,Optimal,heuristic,0.120761679001589
8,7,26,53,0.8,MILP,0.99,False,0.004,False,0.0,5,481.4676780293464,294.0694833065036,13,713.4526299927527,Optimal,True,Optimal,heuristic,0.1093687270004011
8,7,26,53,0.8,Dijkstra,0.994,True,0.0,True,1.0,3,1376.244342933228,1133.0821718972106,12,651.030836704762,Optimal,True,Optimal,heuristic,0.0003553940005076
8,7,26,53,0.9,ILP,0.996,True,0.0,True,1.0,2,1003.6450497520163,986.0474302439588,12,651.030836704762,Optimal,True,Optimal,heuristic,0.1062902470002882
8,7,26,53,0.9,MILP,0.996,False,0.0,True,1.0,2,167.20901301953108,147.034741653252,13,713.4526299927528,Optimal,True,Optimal,heuristic,0.1114306560011755
8,7,26,53,0.9,Dijkstra,0.996,True,0.0,True,1.0,2,1003.6450497520163,986.0474302439588,12,651.030836704762,Optimal,True,Optimal,heuristic,0.0003837889998976
8,8,35,28,0.5,ILP,0.83,True,0.0,True,1.0,85,9238.03793231818,393.5756494689031,6,379.0788938531381,Optimal,True,Optimal,heuristic,0.9397425369970732
8,8,35,28,0.5,MILP,0.83,True,0.0,True,1.0,85,9238.03793231818,393.5756494689031,6,379.0788938531381,Optimal,True,Optimal,heuristic,0.1975988949998282
8,8,35,28,0.5,Dijkstra,0.83,True,0.0,True,1.0,85,9238.03793231818,393.5756494689031,6,379.0788938531381,Optimal,True,Optimal,heuristic,0.0003238460012653
8,8,35,28,0.6,ILP,0.912,True,0.0,True,1.0,44,4376.731662426588,314.86051957512245,6,379.0788938531381,Optimal,True,Optimal,heuristic,0.83832226800223
8,8,35,28,0.6,MILP,0.912,True,0.0,True,1.0,44,4376.731662426588,314.86051957512245,6,379.0788938531381,Optimal,True,Optimal,heuristic,0.2072625950022484
8,8,35,28,0.6,Dijkstra,0.912,True,0.0,True,1.0,44,4376.731662426588,314.86051957512245,6,379.0788938531381,Optimal,True,Optimal,heuristic,0.0003324860008433
8,8,35,28,0.7,ILP,0.962,True,0.0,True,1.0,19,1994.2341667996811,236.14538968134184,6,379.0788938531381,Optimal,True,Optimal,heuristic,0.5823946180025814
8,8,35,28,0.7,MILP,0.962,True,0.0,True,1.0,19,1994.2341667996811,236.14538968134184,6,379.0788938531381,Optimal,True,Optimal,heuristic,0.1996559409999463
8,8,35,28,0.7,Dijkstra,0.962,True,0.0,True,1.0,19,1994.2341667996811,236.14538968134184,6,379.0788938531381,Optimal,True,Optimal,heuristic,0.0003972660015278
8,8,35,28,0.8,ILP,0.974,True,0.0,True,1.0,13,788.4588989368863,157.43025978756123,6,379.0788938531381,Optimal,True,Optimal,heuristic,0.6214648269997269
8,8,35,28,0.8,MILP,0.974,True,0.0,True,1.0,13,788.4588989368863,157.43025978756123,6,379.0788938531381,Optimal,True,Optimal,heuristic,0.1753487289970507
8,8,35,28,0.8,Dijkstra,0.974,True,0.0,True,1.0,13,788.4588989368863,157.43025978756123,6,379.0788938531381,Optimal,True,Optimal,heuristic,0.0003777649981202
8,8,35,28,0.9,ILP,0.994,True,0.0,True,1.0,3,152.06437417418636,78.71512989378061,6,379.0788938531381,Optimal,True,Optimal,heuristic,0.1457386129986844
8,8,35,28,0.9,MILP,0.994,True,0.0,True,1.0,3,152.06437417418636,78.71512989378061,6,379.0788938531381,Optimal,True,Optimal,heuristic,0.1364325340000505
8,8,35,28,0.9,Dijkstra,0.994,True,0.0,True,1.0,3,152.06437417418636,78.71512989378061,6,379.0788938531381,Optimal,True,Optimal,heuristic,0.0003965190007875
8,9,57,4,0.5,ILP,0.968,True,0.0,True,1.0,16,1219.3795497449978,385.1240389648908,5,268.49242814016145,Optimal,True,Optimal,heuristic,0.2392640359976212
8,9,57,4,0.5,MILP,0.968,True,0.0,True,1.0,16,1219.3795497449978,385.1240389648908,5,268.49242814016145,Optimal,True,Optimal,heuristic,0.1078661409992491
8,9,57,4,0.5,Dijkstra,0.968,True,0.0,True,1.0,16,1219.3795497449978,385.1240389648908,5,268.49242814016145,Optimal,True,Optimal,heuristic,0.0004137319992878
8,9,57,4,0.6,ILP,0.992,True,0.0,True,1.0,4,524.705701787346,308.0992311719126,5,268.49242814016145,Optimal,True,Optimal,heuristic,0.1857876449976174
8,9,57,4,0.6,MILP,0.992,True,0.0,True,1.0,4,524.705701787346,308.0992311719126,5,268.49242814016145,Optimal,True,Optimal,heuristic,0.1039665850003075
8,9,57,4,0.6,Dijkstra,0.992,True,0.0,True,1.0,4,524.705701787346,308.0992311719126,5,268.49242814016145,Optimal,True,Optimal,heuristic,0.0003477239988569
8,9,57,4,0.7,ILP,0.996,True,0.0,True,1.0,2,321.1650598265038,231.0744233789345,5,268.49242814016145,Optimal,True,Optimal,heuristic,0.1095872700025211
8,9,57,4,0.7,MILP,0.996,True,0.0,True,1.0,2,321.1650598265038,231.0744233789345,5,268.49242814016145,Optimal,True,Optimal,heuristic,0.1023195740017399
8,9,57,4,0.7,Dijkstra,0.996,True,0.0,True,1.0,2,321.1650598265038,231.0744233789345,5,268.49242814016145,Optimal,True,Optimal,heuristic,0.0003373020008439
8,9,57,4,0.8,ILP,0.996,True,0.0,True,1.0,2,167.1154442405474,154.0496155859563,5,268.49242814016145,Optimal,True,Optimal,heuristic,0.1377135889997589
8,9,57,4,0.8,MILP,0.996,True,0.0,True,1.0,2,167.1154442405474,154.0496155859563,5,268.49242814016145,Optimal,True,Optimal,heuristic,0.0944672910009103
8,9,57,4,0.8,Dijkstra,0.996,True,0.0,True,1.0,2,167.1154442405474,154.0496155859563,5,268.49242814016145,Optimal,True,Optimal,heuristic,0.0002993359994434
8,9,57,4,0.9,ILP,0.998,True,0.0,True,1.0,1,77.0248077929781,77.0248077929781,5,268.49242814016145,Optimal,True,Optimal,heuristic,0.0936192609988211
8,9,57,4,0.9,MILP,0.998,True,0.0,True,1.0,1,77.0248077929781,77.0248077929781,5,268.49242814016145,Optimal,True,Optimal,heuristic,0.0970729039981961
8,9,57,4,0.9,Dijkstra,0.998,True,0.0,True,1.0,1,77.0248077929781,77.0248077929781,5,268.49242814016145,Optimal,True,Optimal,heuristic,0.0004197169982944
8,10,55,53,0.5,ILP,0.932,True,0.0,True,1.0,34,3441.958847825528,518.2936487592227,10,444.6815667099455,Optimal,True,Optimal,heuristic,0.1384031980014697
8,10,55,53,0.5,MILP,0.932,True,0.0,True,1.0,34,3441.958847825528,518.2936487592227,10,444.6815667099455,Optimal,True,Optimal,heuristic,0.1081275840006128
8,10,55,53,0.5,Dijkstra,0.932,True,0.0,True,1.0,34,3441.958847825528,518.2936487592227,10,444.6815667099455,Optimal,True,Optimal,heuristic,0.0003413459999137
8,10,55,53,0.6,ILP,0.982,True,0.0,True,1.0,9,1308.9750649219418,414.63491900737824,10,444.6815667099455,Optimal,True,Optimal,heuristic,0.0906731760005641
8,10,55,53,0.6,MILP,0.982,True,0.0,True,1.0,9,1308.9750649219418,414.63491900737824,10,444.6815667099455,Optimal,True,Optimal,heuristic,0.1005688080003892
8,10,55,53,0.6,Dijkstra,0.982,True,0.0,True,1.0,9,1308.9750649219418,414.63491900737824,10,444.6815667099455,Optimal,True,Optimal,heuristic,0.0003192259973729
8,10,55,53,0.7,ILP,0.992,True,0.0,True,1.0,4,608.2660932199918,310.97618925553377,10,444.6815667099455,Optimal,True,Optimal,heuristic,0.1013421169991488
8,10,55,53,0.7,MILP,0.992,True,0.0,True,1.0,4,608.2660932199918,310.97618925553377,10,444.6815667099455,Optimal,True,Optimal,heuristic,0.1032412530003057
8,10,55,53,0.7,Dijkstra,0.992,True,0.0,True,1.0,4,608.2660932199918,310.97618925553377,10,444.6815667099455,Optimal,True,Optimal,heuristic,0.000349598001776
8,10,55,53,0.8,ILP,0.996,True,0.0,True,1.0,2,321.79864256282417,207.3174595036891,10,444.6815667099455,Optimal,True,Optimal,heuristic,0.0969794890006596
8,10,55,53,0.8,MILP,0.996,True,0.0,True,1.0,2,321.79864256282417,207.3174595036891,10,444.6815667099455,Optimal,True,Optimal,heuristic,0.1027944890010985
8,10,55,53,0.8,Dijkstra,0.996,True,0.0,True,1.0,2,321.79864256282417,207.3174595036891,10,444.6815667099455,Optimal,True,Optimal,heuristic,0.0003381469978194
8,10,55,53,0.9,ILP,0.996,True,0.0,True,1.0,2,114.481183059135,103.65872975184448,10,444.6815667099455,Optimal,True,Optimal,heuristic,0.0947198730027594
8,10,55,53,0.9,MILP,0.996,True,0.0,True,1.0,2,114.481183059135,103.65872975184448,10,444.6815667099455,Optimal,True,Optimal,heuristic,0.1012199269971461
8,10,55,53,0.9,Dijkstra,0.996,True,0.0,True,1.0,2,114.481183059135,103.65872975184448,10,444.6815667099455,Optimal,True,Optimal,heuristic,0.0003498359983495
8,11,17,41,0.5,ILP,0.996,True,0.0,True,1.0,2,1008.4066763493896,817.9444939864757,4,146.32601664455558,Optimal,True,Optimal,heuristic,0.1541358139984368
8,11,17,41,0.5,MILP,0.996,True,0.0,True,1.0,2,1008.4066763493896,817.9444939864757,4,146.32601664455558,Optimal,True,Optimal,heuristic,0.1913961639984336
8,11,17,41,0.5,Dijkstra,0.996,True,0.0,True,1.0,2,1008.4066763493896,817.9444939864757,4,146.32601664455558,Optimal,True,Optimal,heuristic,0.0003411370016692
8,11,17,41,0.6,ILP,0.996,True,0.0,True,1.0,2,743.6972341113078,685.5897728674347,4,146.32601664455558,Optimal,True,Optimal,heuristic,0.4808695639985672
8,11,17,41,0.6,MILP,0.996,True,0.0,True,1.0,2,743.6972341113078,685.5897728674347,4,146.32601664455558,Optimal,True,Optimal,heuristic,0.3220232029998442
8,11,17,41,0.6,Dijkstra,0.996,True,0.0,True,1.0,2,743.6972341113078,685.5897728674347,4,146.32601664455558,Optimal,True,Optimal,heuristic,0.0003485359993646
8,11,17,41,0.7,ILP,0.998,True,0.0,True,1.0,1,1181.6616254765345,1181.6616254765345,8,403.0128799437967,Optimal,True,Optimal,heuristic,0.3020860309989075
8,11,17,41,0.7,MILP,0.998,False,0.0,True,1.0,1,553.2350517483935,553.2350517483935,4,146.32601664455558,Optimal,True,Optimal,heuristic,0.7243526269994618
8,11,17,41,0.7,Dijkstra,0.998,False,0.0,True,1.0,1,553.2350517483935,553.2350517483935,4,146.32601664455558,Optimal,True,Optimal,heuristic,0.0004155740025453
8,11,17,41,0.8,ILP,0.998,True,0.0,True,1.0,1,420.8803306293521,420.8803306293521,4,146.32601664455558,Optimal,True,Optimal,heuristic,0.1056917800015071
8,11,17,41,0.8,MILP,0.998,True,0.0,True,1.0,1,420.8803306293521,420.8803306293521,4,146.32601664455558,Optimal,True,Optimal,heuristic,0.1588211960006447
8,11,17,41,0.8,Dijkstra,0.998,True,0.0,True,1.0,1,420.8803306293521,420.8803306293521,4,146.32601664455558,Optimal,True,Optimal,heuristic,0.0003485470006125
8,11,17,41,0.9,ILP,0.998,True,0.0,True,1.0,1,288.52560951031114,288.52560951031114,4,146.32601664455558,Optimal,True,Optimal,heuristic,0.1019859829975757
8,11,17,41,0.9,MILP,0.996,False,0.002,False,0.0,2,197.9186968140484,132.35472111904073,8,465.43467323178726,Optimal,True,Optimal,heuristic,0.1328220559989859
8,11,17,41,0.9,Dijkstra,0.998,True,0.0,True,1.0,1,288.52560951031114,288.52560951031114,4,146.32601664455558,Optimal,True,Optimal,heuristic,0.000331555998855
8,12,45,23,0.5,ILP,0.928,True,0.0,True,1.0,36,4050.910251114242,337.92606745079473,6,269.8091026637583,Optimal,True,Optimal,heuristic,0.4458808790004696
8,12,45,23,0.5,MILP,0.928,True,0.0,True,1.0,36,4050.910251114242,337.92606745079473,6,269.8091026637583,Optimal,True,Optimal,heuristic,0.0951644130000204
8,12,45,23,0.5,Dijkstra,0.928,True,0.0,True,1.0,36,4050.910251114242,337.92606745079473,6,269.8091026637583,Optimal,True,Optimal,heuristic,0.0003110460020252
8,12,45,23,0.6,ILP,0.96,True,0.0,True,1.0,20,2187.362857468036,270.3408539606358,6,269.8091026637583,Optimal,True,Optimal,heuristic,0.3334415099998296
8,12,45,23,0.6,MILP,0.96,False,0.0,True,1.0,20,2187.362857468036,270.3408539606358,6,269.8091026637583,Optimal,True,Optimal,heuristic,0.144047142999625
8,12,45,23,0.6,Dijkstra,0.96,False,0.0,True,1.0,20,2187.362857468036,270.3408539606358,6,269.8091026637583,Optimal,True,Optimal,heuristic,0.0003449360010563
8,12,45,23,0.7,ILP,0.978,True,0.0,True,1.0,11,1134.8239642623214,202.7556404704769,6,269.8091026637583,Optimal,True,Optimal,heuristic,0.1697938350007461
8,12,45,23,0.7,MILP,0.978,False,0.0,True,1.0,11,1134.8239642623216,202.7556404704769,6,269.8091026637583,Optimal,True,Optimal,heuristic,0.1412623439973686
8,12,45,23,0.7,Dijkstra,0.978,False,0.0,True,1.0,11,1134.8239642623214,202.7556404704769,6,269.8091026637583,Optimal,True,Optimal,heuristic,0.0003962689988838
8,12,45,23,0.8,ILP,0.984,True,0.0,True,1.0,8,474.2809615339373,135.17042698031787,6,269.8091026637583,Optimal,True,Optimal,heuristic,0.1963596979985595
8,12,45,23,0.8,MILP,0.984,False,0.0,True,1.0,8,474.28096153393767,135.17042698031798,5,269.8091026637582,Optimal,True,Optimal,heuristic,0.1304097739994176
8,12,45,23,0.8,Dijkstra,0.984,True,0.0,True,1.0,8,474.2809615339373,135.17042698031787,6,269.8091026637583,Optimal,True,Optimal,heuristic,0.0003727379989868
8,12,45,23,0.9,ILP,0.994,True,0.0,True,1.0,3,99.33861965091614,67.58521349015894,6,269.8091026637583,Optimal,True,Optimal,heuristic,0.1531882269991911
8,12,45,23,0.9,MILP,0.994,True,0.0,True,1.0,3,99.33861965091614,67.58521349015894,6,269.8091026637583,Optimal,True,Optimal,heuristic,0.1189410600018163
8,12,45,23,0.9,Dijkstra,0.994,True,0.0,True,1.0,3,99.33861965091614,67.58521349015894,6,269.8091026637583,Optimal,True,Optimal,heuristic,0.0003436400002101
8,13,4,63,0.5,ILP,0.96,True,0.0,True,1.0,20,1419.3535737504071,287.48148271293644,4,156.74528314276483,Optimal,True,Optimal,heuristic,0.1942787379994115
8,13,4,63,0.5,MILP,0.96,True,0.0,True,1.0,20,1419.3535737504071,287.48148271293644,4,156.74528314276483,Optimal,True,Optimal,heuristic,0.127617353999085
8,13,4,63,0.5,Dijkstra,0.96,True,0.0,True,1.0,20,1419.3535737504071,287.48148271293644,4,156.74528314276483,Optimal,True,Optimal,heuristic,0.0003393920014786
8,13,4,63,0.6,ILP,0.988,True,0.0,True,1.0,6,708.1441276734815,229.98518617034915,4,156.74528314276483,Optimal,True,Optimal,heuristic,0.1082360139989759
8,13,4,63,0.6,MILP,0.988,True,0.0,True,1.0,6,708.1441276734815,229.98518617034915,4,156.74528314276483,Optimal,True,Optimal,heuristic,0.1256577900021511
8,13,4,63,0.6,Dijkstra,0.988,True,0.0,True,1.0,6,708.1441276734815,229.98518617034915,4,156.74528314276483,Optimal,True,Optimal,heuristic,0.0003345510012877
8,13,4,63,0.7,ILP,0.99,True,0.0,True,1.0,5,388.7290262978177,172.48888962776186,4,156.74528314276483,Optimal,True,Optimal,heuristic,0.1344776379992254
8,13,4,63,0.7,MILP,0.99,True,0.0,True,1.0,5,388.7290262978177,172.48888962776186,4,156.74528314276483,Optimal,True,Optimal,heuristic,0.1268205570013378
8,13,4,63,0.7,Dijkstra,0.99,True,0.0,True,1.0,5,388.7290262978177,172.48888962776186,4,156.74528314276483,Optimal,True,Optimal,heuristic,0.0003351249979459
8,13,4,63,0.8,ILP,0.996,True,0.0,True,1.0,2,189.07046219757183,114.99259308517452,4,156.74528314276483,Optimal,True,Optimal,heuristic,0.1078444300001137
8,13,4,63,0.8,MILP,0.996,True,0.0,True,1.0,2,189.07046219757183,114.99259308517452,4,156.74528314276483,Optimal,True,Optimal,heuristic,0.1262237269984325
8,13,4,63,0.8,Dijkstra,0.996,True,0.0,True,1.0,2,189.07046219757183,114.99259308517452,4,156.74528314276483,Optimal,True,Optimal,heuristic,0.0003484610024315
8,13,4,63,0.9,ILP,0.996,True,0.0,True,1.0,2,74.07786911239737,57.49629654258729,4,156.74528314276483,Optimal,True,Optimal,heuristic,0.1127686759973585
8,13,4,63,0.9,MILP,0.996,True,0.0,True,1.0,2,74.07786911239737,57.49629654258729,4,156.74528314276483,Optimal,True,Optimal,heuristic,0.1244632849993649
8,13,4,63,0.9,Dijkstra,0.996,True,0.0,True,1.0,2,74.07786911239737,57.49629654258729,4,156.74528314276483,Optimal,True,Optimal,heuristic,0.0003917079993698
8,14,44,50,0.5,ILP,0.84,True,0.0,True,1.0,80,8187.558574544779,334.77398792096074,5,337.5338032189342,Optimal,True,Optimal,heuristic,0.7511254860000918
8,14,44,50,0.5,MILP,0.84,True,0.0,True,1.0,80,8187.558574544779,334.77398792096074,5,337.5338032189342,Optimal,True,Optimal,heuristic,0.0914333039982011
8,14,44,50,0.5,Dijkstra,0.84,True,0.0,True,1.0,80,8187.558574544779,334.77398792096074,5,337.5338032189342,Optimal,True,Optimal,heuristic,0.000337445999321
8,14,44,50,0.6,ILP,0.916,True,0.0,True,1.0,42,4437.562401539309,267.81919033676854,5,337.5338032189342,Optimal,True,Optimal,heuristic,0.6045528670001659
8,14,44,50,0.6,MILP,0.916,True,0.0,True,1.0,42,4437.562401539309,267.81919033676854,5,337.5338032189342,Optimal,True,Optimal,heuristic,0.0922239079991413
8,14,44,50,0.6,Dijkstra,0.916,True,0.0,True,1.0,42,4437.562401539309,267.81919033676854,5,337.5338032189342,Optimal,True,Optimal,heuristic,0.0003102449991274
8,14,44,50,0.7,ILP,0.952,True,0.0,True,1.0,24,2245.045039389653,200.8643927525765,5,337.5338032189342,Optimal,True,Optimal,heuristic,0.5045476970008167
8,14,44,50,0.7,MILP,0.952,True,0.0,True,1.0,24,2245.045039389653,200.8643927525765,5,337.5338032189342,Optimal,True,Optimal,heuristic,0.1288143199999467
8,14,44,50,0.7,Dijkstra,0.952,True,0.0,True,1.0,24,2245.045039389653,200.8643927525765,5,337.5338032189342,Optimal,True,Optimal,heuristic,0.0003856080002151
8,14,44,50,0.8,ILP,0.97,True,0.0,True,1.0,15,1061.3346231439978,133.90959516838427,5,337.5338032189342,Optimal,True,Optimal,heuristic,0.3977878520017839
8,14,44,50,0.8,MILP,0.97,False,0.0,True,1.0,15,1061.3346231439978,133.90959516838427,5,337.5338032189342,Optimal,True,Optimal,heuristic,0.1349465250023058
8,14,44,50,0.8,Dijkstra,0.97,False,0.0,True,1.0,15,1061.3346231439978,133.90959516838427,5,337.5338032189342,Optimal,True,Optimal,heuristic,0.0003682749993458
8,14,44,50,0.9,ILP,0.984,True,0.0,True,1.0,8,302.5735916760776,66.95479758419208,5,337.5338032189342,Optimal,True,Optimal,heuristic,0.2556608609993418
8,14,44,50,0.9,MILP,0.984,True,0.0,True,1.0,8,302.5735916760776,66.95479758419208,5,337.5338032189342,Optimal,True,Optimal,heuristic,0.1186824700016586
8,14,44,50,0.9,Dijkstra,0.984,True,0.0,True,1.0,8,302.5735916760776,66.95479758419208,5,337.5338032189342,Optimal,True,Optimal,heuristic,0.0003696070016303
8,15,49,12,0.5,ILP,0.994,True,0.0,True,1.0,3,908.3731621664512,626.0122825155266,2,182.96611438675453,Optimal,True,Optimal,heuristic,0.1164552750014991
8,15,49,12,0.5,MILP,0.994,True,0.0,True,1.0,3,908.3731621664512,626.0122825155266,2,182.96611438675453,Optimal,True,Optimal,heuristic,0.1365447750031307
8,15,49,12,0.5,Dijkstra,0.994,True,0.0,True,1.0,3,908.3731621664512,626.0122825155266,2,182.96611438675453,Optimal,True,Optimal,heuristic,0.0004941719998896
8,15,49,12,0.6,ILP,0.994,True,0.0,True,1.0,3,610.1986976752273,526.6207943517853,1,182.96611438675453,Optimal,True,Optimal,heuristic,0.1356759369991778
8,15,49,12,0.6,MILP,0.994,False,0.0,True,1.0,3,610.1986976752273,526.6207943517853,2,182.96611438675453,Optimal,True,Optimal,heuristic,0.1639942790025088
8,15,49,12,0.6,Dijkstra,0.994,False,0.0,True,1.0,3,610.1986976752273,526.6207943517853,2,182.96611438675453,Optimal,True,Optimal,heuristic,0.0003597709983296
8,15,49,12,0.7,ILP,0.998,True,0.0,True,1.0,1,427.2293061880439,427.2293061880439,2,182.96611438675453,Optimal,True,Optimal,heuristic,0.152811035997729
8,15,49,12,0.7,MILP,0.998,True,0.0,True,1.0,1,427.2293061880439,427.2293061880439,2,182.96611438675453,Optimal,True,Optimal,heuristic,0.1357627239995054
8,15,49,12,0.7,Dijkstra,0.998,True,0.0,True,1.0,1,427.2293061880439,427.2293061880439,2,182.96611438675453,Optimal,True,Optimal,heuristic,0.0003472149983281
8,15,49,12,0.8,ILP,0.998,True,0.0,True,1.0,1,327.83781802430246,327.83781802430246,2,182.96611438675453,Optimal,True,Optimal,heuristic,0.146992449001118
8,15,49,12,0.8,MILP,0.998,True,0.0,True,1.0,1,327.83781802430246,327.83781802430246,2,182.96611438675453,Optimal,True,Optimal,heuristic,0.2277956699981587
8,15,49,12,0.8,Dijkstra,0.998,True,0.0,True,1.0,1,327.83781802430246,327.83781802430246,2,182.96611438675453,Optimal,True,Optimal,heuristic,0.0003557079980964
8,15,49,12,0.9,ILP,0.998,True,0.0,True,1.0,1,228.44632986056104,228.44632986056104,2,182.96611438675453,Optimal,True,Optimal,heuristic,0.1019637460012745
8,15,49,12,0.9,MILP,0.994,False,0.004,False,0.0,3,187.2860215112053,99.3914881637404,6,418.8461708465815,Optimal,True,Optimal,heuristic,0.2267803289978474
8,15,49,12,0.9,Dijkstra,0.998,True,0.0,True,1.0,1,228.44632986056104,228.44632986056104,2,182.96611438675453,Optimal,True,Optimal,heuristic,0.0003248259999963
8,16,32,2,0.5,ILP,0.974,True,0.0,True,1.0,13,1849.638400975247,776.5096443548282,5,270.9689288572192,Optimal,True,Optimal,heuristic,0.5346964939999452
8,16,32,2,0.5,MILP,0.974,True,0.0,True,1.0,13,1849.638400975247,776.5096443548282,5,270.9689288572192,Optimal,True,Optimal,heuristic,0.1910768339985225
8,16,32,2,0.5,Dijkstra,0.974,True,0.0,True,1.0,13,1849.638400975247,776.5096443548282,5,270.9689288572192,Optimal,True,Optimal,heuristic,0.0003655770015029
8,16,32,2,0.6,ILP,0.99,True,0.0,True,1.0,5,839.0733908943212,675.8336459597688,5,270.9689288572192,Optimal,True,Optimal,heuristic,0.4502951670001494
8,16,32,2,0.6,MILP,0.99,False,0.0,True,1.0,5,839.0733908943209,675.8336459597688,5,270.9689288572193,Optimal,True,Optimal,heuristic,0.1482393719998072
8,16,32,2,0.6,Dijkstra,0.99,True,0.0,True,1.0,5,839.0733908943212,675.8336459597688,5,270.9689288572192,Optimal,True,Optimal,heuristic,0.0003751980002562
8,16,32,2,0.7,ILP,0.996,True,0.0,True,1.0,2,575.7020683908684,575.1576475647094,5,270.9689288572192,Optimal,True,Optimal,heuristic,0.110593217999849
8,16,32,2,0.7,MILP,0.996,False,0.0,True,1.0,2,575.7020683908684,575.1576475647094,5,270.9689288572192,Optimal,True,Optimal,heuristic,0.1297364860001835
8,16,32,2,0.7,Dijkstra,0.996,True,0.0,True,1.0,2,575.7020683908684,575.1576475647094,5,270.9689288572192,Optimal,True,Optimal,heuristic,0.0004042420005134
8,16,32,2,0.8,ILP,0.998,True,0.0,True,1.0,1,474.4816491696497,474.4816491696497,5,270.9689288572192,Optimal,True,Optimal,heuristic,0.1307397960008529
8,16,32,2,0.8,MILP,0.996,False,0.002,False,0.0,2,390.68182921523976,201.35199679011907,5,303.1964857138109,Optimal,True,Optimal,heuristic,0.1474687299996731
8,16,32,2,0.8,Dijkstra,0.998,True,0.0,True,1.0,1,474.4816491696497,474.4816491696497,5,270.9689288572192,Optimal,True,Optimal,heuristic,0.0003596840033424
8,16,32,2,0.9,ILP,0.998,True,0.0,True,1.0,1,373.8056507745903,373.8056507745903,5,270.9689288572192,Optimal,True,Optimal,heuristic,0.1231097529998805
8,16,32,2,0.9,MILP,0.996,False,0.002,False,0.0,2,180.50695562111423,118.54396631003031,5,343.28232322351795,Optimal,True,Optimal,heuristic,0.1359016410024196
8,16,32,2,0.9,Dijkstra,0.998,True,0.0,True,1.0,1,373.8056507745903,373.8056507745903,5,270.9689288572192,Optimal,True,Optimal,heuristic,0.0003474750010354
8,17,35,10,0.5,ILP,0.84,True,0.0,True,1.0,80,11961.600515688398,558.8290139622975,11,582.288341299047,Optimal,True,Optimal,heuristic,1.1180900969993672
8,17,35,10,0.5,MILP,0.84,True,0.0,True,1.0,80,11961.600515688398,558.8290139622975,11,582.288341299047,Optimal,True,Optimal,heuristic,0.1900709080000524
8,17,35,10,0.5,Dijkstra,0.84,True,0.0,True,1.0,80,11961.600515688398,558.8290139622975,11,582.288341299047,Optimal,True,Optimal,heuristic,0.0003619150011218
8,17,35,10,0.6,ILP,0.918,True,0.0,True,1.0,41,5305.420943035119,447.0632111698381,11,582.288341299047,Optimal,True,Optimal,heuristic,0.9884025830033352
8,17,35,10,0.6,MILP,0.918,False,0.0,True,1.0,41,5305.420943035129,447.0632111698383,11,582.2883412990473,Optimal,True,Optimal,heuristic,0.1287739630024589
8,17,35,10,0.6,Dijkstra,0.918,False,0.0,True,1.0,41,5305.420943035119,447.0632111698381,11,582.288341299047,Optimal,True,Optimal,heuristic,0.0003767859998333
8,17,35,10,0.7,ILP,0.968,True,0.0,True,1.0,16,2015.576030752029,335.2974083773786,11,582.288341299047,Optimal,True,Optimal,heuristic,0.5675258660012332
8,17,35,10,0.7,MILP,0.968,False,0.0,True,1.0,16,2015.5760307520284,335.2974083773786,11,582.288341299047,Optimal,True,Optimal,heuristic,0.1370190859997819
8,17,35,10,0.7,Dijkstra,0.968,True,0.0,True,1.0,16,2015.576030752029,335.2974083773786,11,582.288341299047,Optimal,True,Optimal,heuristic,0.0003313159977551
8,17,35,10,0.8,ILP,0.986,True,0.0,True,1.0,7,743.3949588579874,223.5316055849189,11,582.288341299047,Optimal,True,Optimal,heuristic,0.6205996989992855
8,17,35,10,0.8,MILP,0.986,True,0.0,True,1.0,7,743.3949588579874,223.5316055849189,11,582.288341299047,Optimal,True,Optimal,heuristic,0.1419616550010687
8,17,35,10,0.8,Dijkstra,0.986,True,0.0,True,1.0,7,743.3949588579874,223.5316055849189,11,582.288341299047,Optimal,True,Optimal,heuristic,0.0003988899989053
8,17,35,10,0.9,ILP,0.992,True,0.0,True,1.0,4,319.8835660910754,185.38612549133404,14,634.9092147138934,Optimal,True,Optimal,heuristic,0.2679621600000246
8,17,35,10,0.9,MILP,0.992,False,0.0,True,1.0,4,198.1530976717281,111.76580279245944,11,582.288341299047,Optimal,True,Optimal,heuristic,0.1291003469996212
8,17,35,10,0.9,Dijkstra,0.992,False,0.0,True,1.0,4,198.15309767172857,111.76580279245944,11,582.288341299047,Optimal,True,Optimal,heuristic,0.0003758689999813
8,18,48,44,0.5,ILP,0.966,True,0.0,True,1.0,17,1851.7471322804488,464.40285315159247,8,360.67891449360224,Optimal,True,Optimal,heuristic,0.5133665190005559
8,18,48,44,0.5,MILP,0.966,False,0.0,True,1.0,17,1851.7471322804488,464.40285315159247,8,360.6789144936023,Optimal,True,Optimal,heuristic,0.1779733740004303
8,18,48,44,0.5,Dijkstra,0.962,False,0.004,False,0.0,19,2703.337403478706,458.0835729346021,8,353.05445010064903,Optimal,True,Optimal,heuristic,0.0003642880001279
8,18,48,44,0.6,ILP,0.984,True,0.0,True,1.0,8,776.6668151184863,373.6453156984172,7,360.6789144936021,Optimal,True,Optimal,heuristic,0.3972139560028154
8,18,48,44,0.6,MILP,0.984,False,0.0,True,1.0,8,776.6668151184872,373.6453156984175,8,360.67891449360224,Optimal,True,Optimal,heuristic,0.1410311939980602
8,18,48,44,0.6,Dijkstra,0.978,False,0.006,False,0.0,11,1340.3360024342485,367.3260354814271,8,353.05445010064903,Optimal,True,Optimal,heuristic,0.000359132001904
8,18,48,44,0.7,ILP,0.996,True,0.0,True,1.0,2,411.457793057506,282.8877782452423,8,360.67891449360224,Optimal,True,Optimal,heuristic,0.1224950639989401
8,18,48,44,0.7,MILP,0.996,True,0.0,True,1.0,2,411.457793057506,282.8877782452423,8,360.67891449360224,Optimal,True,Optimal,heuristic,0.142755491000571
8,18,48,44,0.7,Dijkstra,0.992,False,0.004,False,0.0,4,625.9416976169329,276.56849802825195,8,353.05445010064903,Optimal,True,Optimal,heuristic,0.0003473450015007
8,18,48,44,0.8,ILP,0.996,True,0.0,True,1.0,2,366.6271918427401,185.8109605750768,8,353.05445010064903,Optimal,True,Optimal,heuristic,0.1200974139974278
8,18,48,44,0.8,MILP,0.996,False,0.0,True,1.0,2,229.94271815115576,192.1302407920672,8,360.67891449360224,Optimal,True,Optimal,heuristic,0.1116511229993193
8,18,48,44,0.8,Dijkstra,0.996,True,0.0,True,1.0,2,366.6271918427401,185.8109605750768,8,353.05445010064903,Optimal,True,Optimal,heuristic,0.0004120749981666
8,18,48,44,0.9,ILP,0.998,True,0.0,True,1.0,1,101.37270333889204,101.37270333889204,8,360.67891449360224,Optimal,True,Optimal,heuristic,0.1405906170002708
8,18,48,44,0.9,MILP,0.998,False,0.0,True,1.0,1,101.37270333889228,101.37270333889228,7,360.67891449360224,Optimal,True,Optimal,heuristic,0.1221915520000038
8,18,48,44,0.9,Dijkstra,0.996,False,0.002,False,0.0,2,185.11211693638984,95.05342312190167,8,353.05445010064903,Optimal,True,Optimal,heuristic,0.0003696830026456
8,19,26,21,0.5,ILP,0.916,True,0.0,True,1.0,42,9286.402906201709,1684.383655035484,12,663.4997370573273,Optimal,True,Optimal,heuristic,0.5349917810017359
8,19,26,21,0.5,MILP,0.916,True,0.0,True,1.0,42,9286.402906201709,1684.383655035484,12,663.4997370573273,Optimal,True,Optimal,heuristic,0.1516072539998276
8,19,26,21,0.5,Dijkstra,0.916,True,0.0,True,1.0,42,9286.402906201709,1684.383655035484,12,663.4997370573273,Optimal,True,Optimal,heuristic,0.0003458360006334
8,19,26,21,0.6,ILP,0.952,True,0.0,True,1.0,24,4993.351261161951,1553.3381485129812,12,663.4997370573273,Optimal,True,Optimal,heuristic,0.508495142999891
8,19,26,21,0.6,MILP,0.952,True,0.0,True,1.0,24,4993.351261161951,1553.3381485129812,12,663.4997370573273,Optimal,True,Optimal,heuristic,0.1322964369974215
8,19,26,21,0.6,Dijkstra,0.952,True,0.0,True,1.0,24,4993.351261161951,1553.3381485129812,12,663.4997370573273,Optimal,True,Optimal,heuristic,0.0003331059997435
8,19,26,21,0.7,ILP,0.976,True,0.0,True,1.0,12,2990.9391753768614,1422.2926419904782,12,663.4997370573273,Optimal,True,Optimal,heuristic,0.339826097999321
8,19,26,21,0.7,MILP,0.968,False,0.008,False,0.0,16,2964.1297086784534,393.13651956750914,13,725.9215303453179,Optimal,True,Optimal,heuristic,0.1222384900029283
8,19,26,21,0.7,Dijkstra,0.976,False,0.0,True,1.0,12,2990.9391753768614,1422.2926419904782,12,663.4997370573273,Optimal,True,Optimal,heuristic,0.0003532860027917
8,19,26,21,0.8,ILP,0.988,True,0.0,True,1.0,6,1898.139618018081,1291.247135467975,12,663.4997370573273,Optimal,True,Optimal,heuristic,0.1878783600004681
8,19,26,21,0.8,MILP,0.982,False,0.006,False,0.0,9,1270.4286515030808,262.0910130450061,13,725.9215303453179,Optimal,True,Optimal,heuristic,0.1140044550011225
8,19,26,21,0.8,Dijkstra,0.988,True,0.0,True,1.0,6,1898.139618018081,1291.247135467975,12,663.4997370573273,Optimal,True,Optimal,heuristic,0.0004072070005349
8,19,26,21,0.9,ILP,0.992,True,0.0,True,1.0,4,1323.0870158708026,1160.201628945472,12,663.4997370573273,Optimal,True,Optimal,heuristic,0.3466964129984262
8,19,26,21,0.9,MILP,0.99,False,0.002,False,0.0,5,355.52144800034444,131.04550652250305,13,725.9215303453179,Optimal,True,Optimal,heuristic,0.1297705019969726
8,19,26,21,0.9,Dijkstra,0.992,True,0.0,True,1.0,4,1323.0870158708026,1160.201628945472,12,663.4997370573273,Optimal,True,Optimal,heuristic,0.0003776129997277
9,0,34,63,0.5,ILP,0.97,True,0.0,True,1.0,15,3298.806104811999,485.86207943120576,6,283.95102011203136,Optimal,True,Optimal,heuristic,0.5459642420028104
9,0,34,63,0.5,MILP,0.97,True,0.0,True,1.0,15,3298.806104811999,485.86207943120576,6,283.95102011203136,Optimal,True,Optimal,heuristic,0.6991392170020845
9,0,34,63,0.5,Dijkstra,0.97,True,0.0,True,1.0,15,3298.806104811999,485.86207943120576,6,283.95102011203136,Optimal,True,Optimal,heuristic,0.00040101400009
9,0,34,63,0.6,ILP,0.98,True,0.0,True,1.0,10,2734.076810127308,939.28908173271,9,296.8160574321758,Optimal,True,Optimal,heuristic,0.4385662179993232
9,0,34,63,0.6,MILP,0.978,False,0.002,False,0.0,11,2077.5257052069,388.68966354496456,6,283.95102011203136,Optimal,True,Optimal,heuristic,0.3711707100010244
9,0,34,63,0.6,Dijkstra,0.978,False,0.002,False,0.0,11,2077.5257052069,388.68966354496456,6,283.95102011203136,Optimal,True,Optimal,heuristic,0.0003945790012949
9,0,34,63,0.7,ILP,0.984,True,0.0,True,1.0,8,1909.3268888933835,842.1166658464689,9,296.8160574321758,Optimal,True,Optimal,heuristic,0.5310621829994489
9,0,34,63,0.7,MILP,0.984,False,0.0,True,1.0,8,1103.199093182072,291.5172476587235,6,283.95102011203136,Optimal,True,Optimal,heuristic,0.2945592959986243
9,0,34,63,0.7,Dijkstra,0.984,False,0.0,True,1.0,8,1103.199093182072,291.5172476587235,6,283.95102011203136,Optimal,True,Optimal,heuristic,0.0003747209993889
9,0,34,63,0.8,ILP,0.992,True,0.0,True,1.0,4,561.9986369653656,194.34483177248228,6,283.95102011203136,Optimal,True,Optimal,heuristic,0.4896431630004372
9,0,34,63,0.8,MILP,0.992,True,0.0,True,1.0,4,561.9986369653656,194.34483177248228,6,283.95102011203136,Optimal,True,Optimal,heuristic,0.1427597920010157
9,0,34,63,0.8,Dijkstra,0.992,True,0.0,True,1.0,4,561.9986369653656,194.34483177248228,6,283.95102011203136,Optimal,True,Optimal,heuristic,0.000365079002222
9,0,34,63,0.9,ILP,0.996,True,0.0,True,1.0,2,977.7145978812996,647.7718340739865,9,296.8160574321758,Optimal,True,Optimal,heuristic,0.2026766870003484
9,0,34,63,0.9,MILP,0.994,False,0.002,False,0.0,3,186.6278955023764,97.17241588624108,6,283.95102011203136,Optimal,True,Optimal,heuristic,0.1171637369989184
9,0,34,63,0.9,Dijkstra,0.994,False,0.002,False,0.0,3,186.6278955023764,97.17241588624108,6,283.95102011203136,Optimal,True,Optimal,heuristic,0.0003506259999994
9,1,47,49,0.5,ILP,0.962,True,0.0,True,1.0,19,789.4427977588168,118.70086993926137,1,60.78478696616118,Optimal,True,Optimal,heuristic,0.1111731679993681
9,1,47,49,0.5,MILP,0.962,True,0.0,True,1.0,19,789.4427977588168,118.70086993926137,1,60.78478696616118,Optimal,True,Optimal,heuristic,0.100228823001089
9,1,47,49,0.5,Dijkstra,0.962,True,0.0,True,1.0,19,789.4427977588168,118.70086993926137,1,60.78478696616118,Optimal,True,Optimal,heuristic,0.0002918949976447
9,1,47,49,0.6,ILP,0.976,True,0.0,True,1.0,12,414.5925075025583,94.9606959514091,1,60.78478696616118,Optimal,True,Optimal,heuristic,0.1068713250024302
9,1,47,49,0.6,MILP,0.976,True,0.0,True,1.0,12,414.5925075025583,94.9606959514091,1,60.78478696616118,Optimal,True,Optimal,heuristic,0.1078266599979542
9,1,47,49,0.6,Dijkstra,0.976,True,0.0,True,1.0,12,414.5925075025583,94.9606959514091,1,60.78478696616118,Optimal,True,Optimal,heuristic,0.0003347230012877
9,1,47,49,0.7,ILP,0.988,True,0.0,True,1.0,6,211.4224990808244,71.22052196355682,1,60.78478696616118,Optimal,True,Optimal,heuristic,0.1122348600001714
9,1,47,49,0.7,MILP,0.988,True,0.0,True,1.0,6,211.4224990808244,71.22052196355682,1,60.78478696616118,Optimal,True,Optimal,heuristic,0.106463853000605
9,1,47,49,0.7,Dijkstra,0.988,True,0.0,True,1.0,6,211.4224990808244,71.22052196355682,1,60.78478696616118,Optimal,True,Optimal,heuristic,0.0003336189984111
9,1,47,49,0.8,ILP,0.992,True,0.0,True,1.0,4,97.95697666164816,47.48034797570455,1,60.78478696616118,Optimal,True,Optimal,heuristic,0.105723469001532
9,1,47,49,0.8,MILP,0.992,True,0.0,True,1.0,4,97.95697666164816,47.48034797570455,1,60.78478696616118,Optimal,True,Optimal,heuristic,0.1002294280006026
9,1,47,49,0.8,Dijkstra,0.992,True,0.0,True,1.0,4,97.95697666164816,47.48034797570455,1,60.78478696616118,Optimal,True,Optimal,heuristic,0.0003493270014587
9,1,47,49,0.9,ILP,0.996,True,0.0,True,1.0,2,31.89582184678983,23.740173987852277,1,60.78478696616118,Optimal,True,Optimal,heuristic,0.1015587740002956
9,1,47,49,0.9,MILP,0.996,True,0.0,True,1.0,2,31.89582184678983,23.740173987852277,1,60.78478696616118,Optimal,True,Optimal,heuristic,0.1007663060008781
9,1,47,49,0.9,Dijkstra,0.996,True,0.0,True,1.0,2,31.89582184678983,23.740173987852277,1,60.78478696616118,Optimal,True,Optimal,heuristic,0.0003230340007576
9,2,46,51,0.5,ILP,0.966,True,0.0,True,1.0,17,2966.350229044365,623.7650435281171,8,465.9271359057256,Optimal,True,Optimal,heuristic,0.3701328130009642
9,2,46,51,0.5,MILP,0.966,False,0.0,True,1.0,17,2966.350229044364,623.7650435281171,8,465.9271359057256,Optimal,True,Optimal,heuristic,0.2267836979990534
9,2,46,51,0.5,Dijkstra,0.966,True,0.0,True,1.0,17,2966.350229044365,623.7650435281171,8,465.9271359057256,Optimal,True,Optimal,heuristic,0.0003950229984184
9,2,46,51,0.6,ILP,0.988,True,0.0,True,1.0,6,1563.7703863510578,499.01203482249366,8,465.9271359057256,Optimal,True,Optimal,heuristic,0.1599338770029135
9,2,46,51,0.6,MILP,0.988,False,0.0,True,1.0,6,1563.770386351056,499.01203482249343,8,465.9271359057258,Optimal,True,Optimal,heuristic,0.1974406640001689
9,2,46,51,0.6,Dijkstra,0.988,True,0.0,True,1.0,6,1563.7703863510578,499.01203482249366,8,465.9271359057256,Optimal,True,Optimal,heuristic,0.000350703998265
9,2,46,51,0.7,ILP,0.99,True,0.0,True,1.0,5,935.1330571937608,374.2590261168703,8,465.9271359057256,Optimal,True,Optimal,heuristic,0.3232694420003099
9,2,46,51,0.7,MILP,0.99,True,0.0,True,1.0,5,935.1330571937608,374.2590261168703,8,465.9271359057256,Optimal,True,Optimal,heuristic,0.1870296429988229
9,2,46,51,0.7,Dijkstra,0.99,True,0.0,True,1.0,5,935.1330571937608,374.2590261168703,8,465.9271359057256,Optimal,True,Optimal,heuristic,0.000348991001374
9,2,46,51,0.8,ILP,0.994,True,0.0,True,1.0,3,490.2544058104993,249.50601741124683,8,465.9271359057256,Optimal,True,Optimal,heuristic,0.1516677729996445
9,2,46,51,0.8,MILP,0.994,True,0.0,True,1.0,3,490.2544058104993,249.50601741124683,8,465.9271359057256,Optimal,True,Optimal,heuristic,0.1318378719988686
9,2,46,51,0.8,Dijkstra,0.994,True,0.0,True,1.0,3,490.2544058104993,249.50601741124683,8,465.9271359057256,Optimal,True,Optimal,heuristic,0.0003501829996821
9,2,46,51,0.9,ILP,0.998,True,0.0,True,1.0,1,318.60481803391554,318.60481803391554,8,555.0128255214468,Optimal,True,Optimal,heuristic,0.1233660129983036
9,2,46,51,0.9,MILP,0.996,False,0.002,False,0.0,2,231.89155826885053,124.75300870562342,8,465.9271359057256,Optimal,True,Optimal,heuristic,0.1047709539998322
9,2,46,51,0.9,Dijkstra,0.996,False,0.002,False,0.0,2,231.8915582688503,124.75300870562342,8,465.9271359057256,Optimal,True,Optimal,heuristic,0.000352377002855
9,3,33,8,0.5,ILP,0.976,True,0.0,True,1.0,12,853.5507522984126,224.33230602299236,2,92.16685105527058,Optimal,True,Optimal,heuristic,0.2213175510005385
9,3,33,8,0.5,MILP,0.976,True,0.0,True,1.0,12,853.5507522984126,224.33230602299236,2,92.16685105527058,Optimal,True,Optimal,heuristic,0.1058211620002111
9,3,33,8,0.5,Dijkstra,0.976,True,0.0,True,1.0,12,853.5507522984126,224.33230602299236,2,92.16685105527058,Optimal,True,Optimal,heuristic,0.0004463080003915
9,3,33,8,0.6,ILP,0.988,True,0.0,True,1.0,6,523.7889254604156,179.46584481839386,2,92.16685105527058,Optimal,True,Optimal,heuristic,0.1259471000012126
9,3,33,8,0.6,MILP,0.988,True,0.0,True,1.0,6,523.7889254604156,179.46584481839386,2,92.16685105527058,Optimal,True,Optimal,heuristic,0.097016840998549
9,3,33,8,0.6,Dijkstra,0.988,True,0.0,True,1.0,6,523.7889254604156,179.46584481839386,2,92.16685105527058,Optimal,True,Optimal,heuristic,0.0003919570008292
9,3,33,8,0.7,ILP,0.99,True,0.0,True,1.0,5,274.8814496764269,134.5993836137954,2,92.16685105527058,Optimal,True,Optimal,heuristic,0.1322469940023438
9,3,33,8,0.7,MILP,0.99,True,0.0,True,1.0,5,274.8814496764269,134.5993836137954,2,92.16685105527058,Optimal,True,Optimal,heuristic,0.1069121790023928
9,3,33,8,0.7,Dijkstra,0.99,True,0.0,True,1.0,5,274.8814496764269,134.5993836137954,2,92.16685105527058,Optimal,True,Optimal,heuristic,0.0003274330010754
9,3,33,8,0.8,ILP,0.994,True,0.0,True,1.0,3,110.58106524998855,89.73292240919687,2,92.16685105527058,Optimal,True,Optimal,heuristic,0.1240942580006958
9,3,33,8,0.8,MILP,0.994,False,0.0,True,1.0,3,110.58106524998846,89.73292240919682,2,92.16685105527056,Optimal,True,Optimal,heuristic,0.1311074469995219
9,3,33,8,0.8,Dijkstra,0.994,True,0.0,True,1.0,3,110.58106524998855,89.73292240919687,2,92.16685105527058,Optimal,True,Optimal,heuristic,0.0003665740005089
9,3,33,8,0.9,ILP,0.998,True,0.0,True,1.0,1,44.86646120459847,44.86646120459847,2,92.16685105527058,Optimal,True,Optimal,heuristic,0.1298731889983173
9,3,33,8,0.9,MILP,0.998,True,0.0,True,1.0,1,44.86646120459847,44.86646120459847,2,92.16685105527058,Optimal,True,Optimal,heuristic,0.1259739279994391
9,3,33,8,0.9,Dijkstra,0.998,True,0.0,True,1.0,1,44.86646120459847,44.86646120459847,2,92.16685105527058,Optimal,True,Optimal,heuristic,0.0003394150007807
9,4,54,29,0.5,ILP,0.806,True,0.0,True,1.0,97,12095.22338839754,436.27619934647146,10,636.9028683615143,Optimal,True,Optimal,heuristic,2.1986893030007195
9,4,54,29,0.5,MILP,0.806,False,0.0,True,1.0,97,12095.223388397531,436.27619934647146,10,636.9028683615143,Optimal,True,Optimal,heuristic,0.2490202689987199
9,4,54,29,0.5,Dijkstra,0.806,True,0.0,True,1.0,97,12095.22338839754,436.27619934647146,10,636.9028683615143,Optimal,True,Optimal,heuristic,0.0003552859998308
9,4,54,29,0.6,ILP,0.888,True,0.0,True,1.0,56,5664.076545056971,349.02095947717726,10,636.9028683615143,Optimal,True,Optimal,heuristic,1.919474574002379
9,4,54,29,0.6,MILP,0.888,False,0.0,True,1.0,56,5664.076545056969,349.02095947717726,10,636.9028683615143,Optimal,True,Optimal,heuristic,0.1824964359984733
9,4,54,29,0.6,Dijkstra,0.888,True,0.0,True,1.0,56,5664.076545056971,349.02095947717726,10,636.9028683615143,Optimal,True,Optimal,heuristic,0.0003508860027068
9,4,54,29,0.7,ILP,0.946,True,0.0,True,1.0,27,2002.478662138756,261.76571960788283,10,636.9028683615143,Optimal,True,Optimal,heuristic,1.429462276002596
9,4,54,29,0.7,MILP,0.946,False,0.0,True,1.0,27,2002.4786621387525,261.76571960788283,10,636.9028683615143,Optimal,True,Optimal,heuristic,0.1760103610031365
9,4,54,29,0.7,Dijkstra,0.946,True,0.0,True,1.0,27,2002.478662138756,261.76571960788283,10,636.9028683615143,Optimal,True,Optimal,heuristic,0.0005110829988552
9,4,54,29,0.8,ILP,0.982,True,0.0,True,1.0,9,609.578891561388,174.51047973858863,10,636.9028683615143,Optimal,True,Optimal,heuristic,0.4440984200009552
9,4,54,29,0.8,MILP,0.982,True,0.0,True,1.0,9,609.578891561388,174.51047973858863,10,636.9028683615143,Optimal,True,Optimal,heuristic,0.1459768809982051
9,4,54,29,0.8,Dijkstra,0.982,True,0.0,True,1.0,9,609.578891561388,174.51047973858863,10,636.9028683615143,Optimal,True,Optimal,heuristic,0.0003927160032617
9,4,54,29,0.9,ILP,0.994,True,0.0,True,1.0,3,127.00430612620448,87.2552398692942,10,636.9028683615143,Optimal,True,Optimal,heuristic,0.164013329998852
9,4,54,29,0.9,MILP,0.994,True,0.0,True,1.0,3,127.00430612620448,87.2552398692942,10,636.9028683615143,Optimal,True,Optimal,heuristic,0.116452386999299
9,4,54,29,0.9,Dijkstra,0.994,True,0.0,True,1.0,3,127.00430612620448,87.2552398692942,10,636.9028683615143,Optimal,True,Optimal,heuristic,0.0003665410004032
9,5,32,24,0.5,ILP,0.994,True,0.0,True,1.0,3,827.7201903905682,777.0667914637047,7,307.2785335199501,Optimal,True,Optimal,heuristic,0.1404279570015205
9,5,32,24,0.5,MILP,0.994,True,0.0,True,1.0,3,827.7201903905682,777.0667914637047,7,307.2785335199501,Optimal,True,Optimal,heuristic,0.1898705690000497
9,5,32,24,0.5,Dijkstra,0.994,True,0.0,True,1.0,3,827.7201903905682,777.0667914637047,7,307.2785335199501,Optimal,True,Optimal,heuristic,0.0003368690013303
9,5,32,24,0.6,ILP,0.998,True,0.0,True,1.0,1,676.0784138073601,676.0784138073601,7,307.2785335199501,Optimal,True,Optimal,heuristic,0.1054903150034078
9,5,32,24,0.6,MILP,0.998,True,0.0,True,1.0,1,676.0784138073601,676.0784138073601,7,307.2785335199501,Optimal,True,Optimal,heuristic,0.1802511130008497
9,5,32,24,0.6,Dijkstra,0.998,True,0.0,True,1.0,1,676.0784138073601,676.0784138073601,7,307.2785335199501,Optimal,True,Optimal,heuristic,0.0003928789992642
9,5,32,24,0.7,ILP,0.998,True,0.0,True,1.0,1,575.0900361510154,575.0900361510154,7,307.2785335199501,Optimal,True,Optimal,heuristic,0.1282418850023532
9,5,32,24,0.7,MILP,0.998,True,0.0,True,1.0,1,575.0900361510154,575.0900361510154,7,307.2785335199501,Optimal,True,Optimal,heuristic,0.1484253160015214
9,5,32,24,0.7,Dijkstra,0.998,True,0.0,True,1.0,1,575.0900361510154,575.0900361510154,7,307.2785335199501,Optimal,True,Optimal,heuristic,0.0003369219994056
9,5,32,24,0.8,ILP,0.998,True,0.0,True,1.0,1,474.1016584946708,474.1016584946708,7,307.2785335199501,Optimal,True,Optimal,heuristic,0.1023445780010661
9,5,32,24,0.8,MILP,0.998,True,0.0,True,1.0,1,474.1016584946708,474.1016584946708,7,307.2785335199501,Optimal,True,Optimal,heuristic,0.1544910000011441
9,5,32,24,0.8,Dijkstra,0.998,True,0.0,True,1.0,1,474.1016584946708,474.1016584946708,7,307.2785335199501,Optimal,True,Optimal,heuristic,0.0003497819998301
9,5,32,24,0.9,ILP,0.998,True,0.0,True,1.0,1,373.1132808383261,373.1132808383261,7,307.2785335199501,Optimal,True,Optimal,heuristic,0.0956628489984723
9,5,32,24,0.9,MILP,0.994,False,0.004,False,0.0,3,220.03852980043732,100.98837765634472,10,514.8894632533343,Optimal,True,Optimal,heuristic,0.2788874290017702
9,5,32,24,0.9,Dijkstra,0.998,True,0.0,True,1.0,1,373.1132808383261,373.1132808383261,7,307.2785335199501,Optimal,True,Optimal,heuristic,0.0003538759992807
9,6,50,41,0.5,ILP,0.968,True,0.0,True,1.0,16,1108.9519850686934,185.7581463825088,2,68.55492022068837,Optimal,True,Optimal,heuristic,0.1282947960025922
9,6,50,41,0.5,MILP,0.968,True,0.0,True,1.0,16,1108.9519850686934,185.7581463825088,2,68.55492022068837,Optimal,True,Optimal,heuristic,0.251792123002815
9,6,50,41,0.5,Dijkstra,0.968,True,0.0,True,1.0,16,1108.9519850686934,185.7581463825088,2,68.55492022068837,Optimal,True,Optimal,heuristic,0.0003021459997398
9,6,50,41,0.6,ILP,0.976,True,0.0,True,1.0,12,701.0613604233205,139.35355505404476,1,98.71183240426316,Optimal,True,Optimal,heuristic,0.1125568259994906
9,6,50,41,0.6,MILP,0.974,False,0.002,False,0.0,13,610.9533983497859,150.9197576189976,2,68.55492022068837,Optimal,True,Optimal,heuristic,0.1943394480003917
9,6,50,41,0.6,Dijkstra,0.974,False,0.002,False,0.0,13,610.9533983497859,150.9197576189976,2,68.55492022068837,Optimal,True,Optimal,heuristic,0.0003061960014747
9,6,50,41,0.7,ILP,0.99,True,0.0,True,1.0,5,323.6167544315088,116.08136885548646,2,68.55492022068837,Optimal,True,Optimal,heuristic,0.1073245229999884
9,6,50,41,0.7,MILP,0.982,False,0.008,False,0.0,9,319.748512463862,104.5151662905336,1,98.71183240426316,Optimal,True,Optimal,heuristic,0.1065217479990678
9,6,50,41,0.7,Dijkstra,0.99,True,0.0,True,1.0,5,323.6167544315088,116.08136885548646,2,68.55492022068837,Optimal,True,Optimal,heuristic,0.0002997560004587
9,6,50,41,0.8,ILP,0.994,True,0.0,True,1.0,3,123.30514497837828,69.67677752702235,1,98.71183240426316,Optimal,True,Optimal,heuristic,0.0988288469998224
9,6,50,41,0.8,MILP,0.994,True,0.0,True,1.0,3,123.30514497837828,69.67677752702235,1,98.71183240426316,Optimal,True,Optimal,heuristic,0.1122533800007659
9,6,50,41,0.8,Dijkstra,0.992,False,0.002,False,0.0,4,177.76239474770648,81.2429800919752,2,68.55492022068837,Optimal,True,Optimal,heuristic,0.0003362620009284
9,6,50,41,0.9,ILP,0.996,True,0.0,True,1.0,2,50.11454290223202,34.838388763511205,1,98.71183240426316,Optimal,True,Optimal,heuristic,0.1083484549999411
9,6,50,41,0.9,MILP,0.996,True,0.0,True,1.0,2,50.11454290223202,34.838388763511205,1,98.71183240426316,Optimal,True,Optimal,heuristic,0.1115842709987191
9,6,50,41,0.9,Dijkstra,0.994,False,0.002,False,0.0,3,60.32088564098604,46.40459132846405,2,68.55492022068837,Optimal,True,Optimal,heuristic,0.0003546459993231
9,7,26,53,0.5,ILP,0.96,True,0.0,True,1.0,20,4591.107226336171,866.1165088896842,13,774.635652064801,Optimal,True,Optimal,heuristic,0.3343063079992134
9,7,26,53,0.5,MILP,0.96,False,0.0,True,1.0,20,4591.107226336169,866.1165088896837,13,774.6356520648009,Optimal,True,Optimal,heuristic,0.1461608710014843
9,7,26,53,0.5,Dijkstra,0.96,True,0.0,True,1.0,20,4591.107226336171,866.1165088896842,13,774.635652064801,Optimal,True,Optimal,heuristic,0.0003567159983504
9,7,26,53,0.6,ILP,0.982,True,0.0,True,1.0,9,1885.271761858941,692.8932071117474,13,774.635652064801,Optimal,True,Optimal,heuristic,0.195285933001287
9,7,26,53,0.6,MILP,0.982,True,0.0,True,1.0,9,1885.271761858941,692.8932071117474,13,774.635652064801,Optimal,True,Optimal,heuristic,0.1174673850000544
9,7,26,53,0.6,Dijkstra,0.982,True,0.0,True,1.0,9,1885.271761858941,692.8932071117474,13,774.635652064801,Optimal,True,Optimal,heuristic,0.0003985110015491
9,7,26,53,0.7,ILP,0.994,True,0.0,True,1.0,3,911.2407686895908,519.6699053338107,13,774.635652064801,Optimal,True,Optimal,heuristic,0.1036811329977354
9,7,26,53,0.7,MILP,0.994,True,0.0,True,1.0,3,911.2407686895908,519.6699053338107,13,774.635652064801,Optimal,True,Optimal,heuristic,0.1062337119983567
9,7,26,53,0.7,Dijkstra,0.994,True,0.0,True,1.0,3,911.2407686895908,519.6699053338107,13,774.635652064801,Optimal,True,Optimal,heuristic,0.0003625549979915
9,7,26,53,0.8,ILP,0.996,True,0.0,True,1.0,2,451.9932105780181,346.4466035558735,13,774.635652064801,Optimal,True,Optimal,heuristic,0.1017298619990469
9,7,26,53,0.8,MILP,0.996,True,0.0,True,1.0,2,451.9932105780181,346.4466035558735,13,774.635652064801,Optimal,True,Optimal,heuristic,0.1016018939990317
9,7,26,53,0.8,Dijkstra,0.996,True,0.0,True,1.0,2,451.9932105780181,346.4466035558735,13,774.635652064801,Optimal,True,Optimal,heuristic,0.0003480489976936
9,7,26,53,0.9,ILP,0.998,True,0.0,True,1.0,1,173.22330177793674,173.22330177793674,13,774.635652064801,Optimal,True,Optimal,heuristic,0.0977349320019129
9,7,26,53,0.9,MILP,0.998,True,0.0,True,1.0,1,173.22330177793674,173.22330177793674,13,774.635652064801,Optimal,True,Optimal,heuristic,0.1009412220009835
9,7,26,53,0.9,Dijkstra,0.998,True,0.0,True,1.0,1,173.22330177793674,173.22330177793674,13,774.635652064801,Optimal,True,Optimal,heuristic,0.0003689570003189
9,8,35,28,0.5,ILP,0.996,True,0.0,True,1.0,2,965.9281116083882,765.1467959218387,6,194.65223394281665,Optimal,True,Optimal,heuristic,0.1333805160029442
9,8,35,28,0.5,MILP,0.996,True,0.0,True,1.0,2,965.9281116083882,765.1467959218387,6,194.65223394281665,Optimal,True,Optimal,heuristic,0.1577581710007507
9,8,35,28,0.5,Dijkstra,0.996,True,0.0,True,1.0,2,965.9281116083882,765.1467959218387,6,194.65223394281665,Optimal,True,Optimal,heuristic,0.0003890650004905
9,8,35,28,0.6,ILP,0.996,True,0.0,True,1.0,2,791.7441901864663,678.0548352108777,6,194.65223394281665,Optimal,True,Optimal,heuristic,0.1349465299972507
9,8,35,28,0.6,MILP,0.996,True,0.0,True,1.0,2,791.7441901864663,678.0548352108777,6,194.65223394281665,Optimal,True,Optimal,heuristic,0.2087791440026194
9,8,35,28,0.6,Dijkstra,0.996,True,0.0,True,1.0,2,791.7441901864663,678.0548352108777,6,194.65223394281665,Optimal,True,Optimal,heuristic,0.0003627719997894
9,8,35,28,0.7,ILP,0.996,True,0.0,True,1.0,2,617.5602687645442,590.9628744999167,6,194.65223394281665,Optimal,True,Optimal,heuristic,0.1450526289991103
9,8,35,28,0.7,MILP,0.996,True,0.0,True,1.0,2,617.5602687645442,590.9628744999167,6,194.65223394281665,Optimal,True,Optimal,heuristic,0.1938148839981295
9,8,35,28,0.7,Dijkstra,0.996,True,0.0,True,1.0,2,617.5602687645442,590.9628744999167,6,194.65223394281665,Optimal,True,Optimal,heuristic,0.0003387859978829
9,8,35,28,0.8,ILP,0.998,True,0.0,True,1.0,1,503.8709137889556,503.8709137889556,6,194.65223394281665,Optimal,True,Optimal,heuristic,0.1467902040021727
9,8,35,28,0.8,MILP,0.998,False,0.0,True,1.0,1,503.8709137889556,503.8709137889556,6,194.65223394281665,Optimal,True,Optimal,heuristic,0.5224064719986927
9,8,35,28,0.8,Dijkstra,0.998,False,0.0,True,1.0,1,503.8709137889556,503.8709137889556,6,194.65223394281665,Optimal,True,Optimal,heuristic,0.0004428750035003
9,8,35,28,0.9,ILP,0.998,True,0.0,True,1.0,1,416.7789530779946,416.7789530779946,6,194.65223394281665,Optimal,True,Optimal,heuristic,0.1377656169970578
9,8,35,28,0.9,MILP,0.994,False,0.004,False,0.0,3,132.3169604074193,87.09196071096108,9,526.5149713004499,Optimal,True,Optimal,heuristic,0.4939652090033632
9,8,35,28,0.9,Dijkstra,0.998,True,0.0,True,1.0,1,416.7789530779946,416.7789530779946,6,194.65223394281665,Optimal,True,Optimal,heuristic,0.0005334429988579
9,9,57,4,0.5,ILP,0.982,True,0.0,True,1.0,9,2456.892415009544,607.1572250733976,5,241.67695022653132,Optimal,True,Optimal,heuristic,0.1937099450005917
9,9,57,4,0.5,MILP,0.982,True,0.0,True,1.0,9,2456.892415009544,607.1572250733976,5,241.67695022653132,Optimal,True,Optimal,heuristic,0.2016772810020484
9,9,57,4,0.5,Dijkstra,0.982,True,0.0,True,1.0,9,2456.892415009544,607.1572250733976,5,241.67695022653132,Optimal,True,Optimal,heuristic,0.0003690439989441
9,9,57,4,0.6,ILP,0.986,True,0.0,True,1.0,7,1513.3943064666837,485.7257800587181,5,241.67695022653132,Optimal,True,Optimal,heuristic,0.2893649739999091
9,9,57,4,0.6,MILP,0.986,True,0.0,True,1.0,7,1513.3943064666837,485.7257800587181,5,241.67695022653132,Optimal,True,Optimal,heuristic,0.2059837359993253
9,9,57,4,0.6,Dijkstra,0.986,True,0.0,True,1.0,7,1513.3943064666837,485.7257800587181,5,241.67695022653132,Optimal,True,Optimal,heuristic,0.0003532810005708
9,9,57,4,0.7,ILP,0.99,True,0.0,True,1.0,5,725.5341429632981,364.2943350440386,5,241.67695022653157,Optimal,True,Optimal,heuristic,0.1785723709981539
9,9,57,4,0.7,MILP,0.99,False,0.0,True,1.0,5,725.5341429632983,364.2943350440386,5,241.67695022653132,Optimal,True,Optimal,heuristic,0.2455721510013973
9,9,57,4,0.7,Dijkstra,0.99,False,0.0,True,1.0,5,725.5341429632983,364.2943350440386,5,241.67695022653132,Optimal,True,Optimal,heuristic,0.0003472789976513
9,9,57,4,0.8,ILP,0.996,True,0.0,True,1.0,2,348.77358960461083,242.86289002935905,5,241.67695022653132,Optimal,True,Optimal,heuristic,0.1727257519996783
9,9,57,4,0.8,MILP,0.996,True,0.0,True,1.0,2,348.77358960461083,242.86289002935905,5,241.67695022653132,Optimal,True,Optimal,heuristic,0.1679487000001245
9,9,57,4,0.8,Dijkstra,0.996,True,0.0,True,1.0,2,348.77358960461083,242.86289002935905,5,241.67695022653132,Optimal,True,Optimal,heuristic,0.0004239379995851
9,9,57,4,0.9,ILP,0.998,True,0.0,True,1.0,1,121.4314450146794,121.4314450146794,5,241.67695022653132,Optimal,True,Optimal,heuristic,0.1242764929993427
9,9,57,4,0.9,MILP,0.998,True,0.0,True,1.0,1,121.4314450146794,121.4314450146794,5,241.67695022653132,Optimal,True,Optimal,heuristic,0.1263746229997195
9,9,57,4,0.9,Dijkstra,0.998,True,0.0,True,1.0,1,121.4314450146794,121.4314450146794,5,241.67695022653132,Optimal,True,Optimal,heuristic,0.0003382989998499
9,10,55,53,0.5,ILP,0.96,True,0.0,True,1.0,20,4187.673194570123,777.5983749717543,10,646.0160453931599,Optimal,True,Optimal,heuristic,0.3079620600001362
9,10,55,53,0.5,MILP,0.96,True,0.0,True,1.0,20,4187.673194570123,777.5983749717543,10,646.0160453931599,Optimal,True,Optimal,heuristic,0.1417706020001787
9,10,55,53,0.5,Dijkstra,0.96,True,0.0,True,1.0,20,4187.673194570123,777.5983749717543,10,646.0160453931599,Optimal,True,Optimal,heuristic,0.0003912270003638
9,10,55,53,0.6,ILP,0.976,True,0.0,True,1.0,12,1789.5710655209575,623.9810149519003,10,646.0160453931599,Optimal,True,Optimal,heuristic,0.1517685649996565
9,10,55,53,0.6,MILP,0.976,True,0.0,True,1.0,12,1789.5710655209575,623.9810149519003,10,646.0160453931599,Optimal,True,Optimal,heuristic,0.1023441319994162
9,10,55,53,0.6,Dijkstra,0.976,True,0.0,True,1.0,12,1789.5710655209575,623.9810149519003,10,646.0160453931599,Optimal,True,Optimal,heuristic,0.000366517000657
9,10,55,53,0.7,ILP,0.994,True,0.0,True,1.0,3,624.5009270415233,470.36365493204585,10,646.0160453931599,Optimal,True,Optimal,heuristic,0.0848576620010135
9,10,55,53,0.7,MILP,0.994,True,0.0,True,1.0,3,624.5009270415233,470.36365493204585,10,646.0160453931599,Optimal,True,Optimal,heuristic,0.095153369999025
9,10,55,53,0.7,Dijkstra,0.994,True,0.0,True,1.0,3,624.5009270415233,470.36365493204585,10,646.0160453931599,Optimal,True,Optimal,heuristic,0.000326135999785
9,10,55,53,0.8,ILP,0.998,True,0.0,True,1.0,1,316.74629491219184,316.74629491219184,10,646.0160453931599,Optimal,True,Optimal,heuristic,0.0887365130001853
9,10,55,53,0.8,MILP,0.998,True,0.0,True,1.0,1,316.74629491219184,316.74629491219184,10,646.0160453931599,Optimal,True,Optimal,heuristic,0.1064098910028406
9,10,55,53,0.8,Dijkstra,0.998,True,0.0,True,1.0,1,316.74629491219184,316.74629491219184,10,646.0160453931599,Optimal,True,Optimal,heuristic,0.000367960998119
9,10,55,53,0.9,ILP,0.998,True,0.0,True,1.0,1,163.12893489233738,163.12893489233738,10,646.0160453931599,Optimal,True,Optimal,heuristic,0.097023602000263
9,10,55,53,0.9,MILP,0.998,False,0.0,True,1.0,1,153.61736001985423,153.61736001985423,12,709.0733424210614,Optimal,True,Optimal,heuristic,0.1113744659996882
9,10,55,53,0.9,Dijkstra,0.998,True,0.0,True,1.0,1,163.12893489233738,163.12893489233738,10,646.0160453931599,Optimal,True,Optimal,heuristic,0.0003766170011658
9,11,17,41,0.5,ILP,0.948,True,0.0,True,1.0,26,1080.1605651802902,141.68936633401313,4,94.42934073439709,Optimal,True,Optimal,heuristic,0.4654249529994558
9,11,17,41,0.5,MILP,0.948,True,0.0,True,1.0,26,1080.1605651802902,141.68936633401313,4,94.42934073439709,Optimal,True,Optimal,heuristic,0.1118264309989172
9,11,17,41,0.5,Dijkstra,0.948,True,0.0,True,1.0,26,1080.1605651802902,141.68936633401313,4,94.42934073439709,Optimal,True,Optimal,heuristic,0.0003630960018199
9,11,17,41,0.6,ILP,0.974,True,0.0,True,1.0,13,555.4451012781558,113.35149306721053,4,94.42934073439709,Optimal,True,Optimal,heuristic,0.322306297999603
9,11,17,41,0.6,MILP,0.974,True,0.0,True,1.0,13,555.4451012781558,113.35149306721053,4,94.42934073439709,Optimal,True,Optimal,heuristic,0.1144889610004611
9,11,17,41,0.6,Dijkstra,0.974,True,0.0,True,1.0,13,555.4451012781558,113.35149306721053,4,94.42934073439709,Optimal,True,Optimal,heuristic,0.0003682860005937
9,11,17,41,0.7,ILP,0.984,True,0.0,True,1.0,8,247.2541223553154,85.01361980040787,4,94.42934073439709,Optimal,True,Optimal,heuristic,0.2622659729968291
9,11,17,41,0.7,MILP,0.984,True,0.0,True,1.0,8,247.2541223553154,85.01361980040787,4,94.42934073439709,Optimal,True,Optimal,heuristic,0.113242216000799
9,11,17,41,0.7,Dijkstra,0.984,True,0.0,True,1.0,8,247.2541223553154,85.01361980040787,4,94.42934073439709,Optimal,True,Optimal,heuristic,0.000352284998371
9,11,17,41,0.8,ILP,0.994,True,0.0,True,1.0,3,98.80876272934633,56.67574653360526,4,94.42934073439709,Optimal,True,Optimal,heuristic,0.1662423279994982
9,11,17,41,0.8,MILP,0.994,True,0.0,True,1.0,3,98.80876272934633,56.67574653360526,4,94.42934073439709,Optimal,True,Optimal,heuristic,0.1099832899999455
9,11,17,41,0.8,Dijkstra,0.994,True,0.0,True,1.0,3,98.80876272934633,56.67574653360526,4,94.42934073439709,Optimal,True,Optimal,heuristic,0.0003359040019859
9,11,17,41,0.9,ILP,0.998,True,0.0,True,1.0,1,28.337873266802603,28.337873266802603,4,94.42934073439709,Optimal,True,Optimal,heuristic,0.1064455720006662
9,11,17,41,0.9,MILP,0.998,True,0.0,True,1.0,1,28.337873266802603,28.337873266802603,4,94.42934073439709,Optimal,True,Optimal,heuristic,0.1058050299980095
9,11,17,41,0.9,Dijkstra,0.998,True,0.0,True,1.0,1,28.337873266802603,28.337873266802603,4,94.42934073439709,Optimal,True,Optimal,heuristic,0.0003387360011402
9,12,45,23,0.5,ILP,0.892,True,0.0,True,1.0,54,5507.313346405087,361.5578899768908,6,336.94243402295126,Optimal,True,Optimal,heuristic,2.0944779079982254
9,12,45,23,0.5,MILP,0.892,False,0.0,True,1.0,54,5507.313346405086,361.5578899768905,6,336.94243402295126,Optimal,True,Optimal,heuristic,0.6284915209980682
9,12,45,23,0.5,Dijkstra,0.892,True,0.0,True,1.0,54,5507.313346405087,361.5578899768908,6,336.94243402295126,Optimal,True,Optimal,heuristic,0.0004432670029927
9,12,45,23,0.6,ILP,0.944,True,0.0,True,1.0,28,2558.3040371978736,289.2463119815126,6,336.94243402295126,Optimal,True,Optimal,heuristic,0.723224642999412
9,12,45,23,0.6,MILP,0.944,True,0.0,True,1.0,28,2558.3040371978736,289.2463119815126,6,336.94243402295126,Optimal,True,Optimal,heuristic,0.3525462910001806
9,12,45,23,0.6,Dijkstra,0.944,True,0.0,True,1.0,28,2558.3040371978736,289.2463119815126,6,336.94243402295126,Optimal,True,Optimal,heuristic,0.0003595230009523
9,12,45,23,0.7,ILP,0.974,True,0.0,True,1.0,13,1098.9711153662129,216.9347339861345,6,336.94243402295126,Optimal,True,Optimal,heuristic,0.997806629002298
9,12,45,23,0.7,MILP,0.974,True,0.0,True,1.0,13,1098.9711153662129,216.9347339861345,6,336.94243402295126,Optimal,True,Optimal,heuristic,0.3441523049987154
9,12,45,23,0.7,Dijkstra,0.974,True,0.0,True,1.0,13,1098.9711153662129,216.9347339861345,6,336.94243402295126,Optimal,True,Optimal,heuristic,0.0004014799997094
9,12,45,23,0.8,ILP,0.988,True,0.0,True,1.0,6,366.5880048243471,144.62315599075623,6,336.94243402295126,Optimal,True,Optimal,heuristic,1.127301502001501
9,12,45,23,0.8,MILP,0.988,True,0.0,True,1.0,6,366.5880048243471,144.62315599075623,6,336.94243402295126,Optimal,True,Optimal,heuristic,0.1304638460023852
9,12,45,23,0.8,Dijkstra,0.988,True,0.0,True,1.0,6,366.5880048243471,144.62315599075623,6,336.94243402295126,Optimal,True,Optimal,heuristic,0.0003461250016698
9,12,45,23,0.9,ILP,0.998,True,0.0,True,1.0,1,72.311577995378,72.311577995378,6,336.94243402295126,Optimal,True,Optimal,heuristic,0.1744168110017199
9,12,45,23,0.9,MILP,0.998,True,0.0,True,1.0,1,72.311577995378,72.311577995378,6,336.94243402295126,Optimal,True,Optimal,heuristic,0.1107747399983054
9,12,45,23,0.9,Dijkstra,0.998,True,0.0,True,1.0,1,72.311577995378,72.311577995378,6,336.94243402295126,Optimal,True,Optimal,heuristic,0.0003838220000034
9,13,4,63,0.5,ILP,0.998,True,0.0,True,1.0,1,660.020922376265,660.020922376265,4,115.01612010142652,Optimal,True,Optimal,heuristic,0.1049706330013577
9,13,4,63,0.5,MILP,0.998,True,0.0,True,1.0,1,660.020922376265,660.020922376265,4,115.01612010142652,Optimal,True,Optimal,heuristic,0.1223980319991824
9,13,4,63,0.5,Dijkstra,0.998,True,0.0,True,1.0,1,660.020922376265,660.020922376265,4,115.01612010142652,Optimal,True,Optimal,heuristic,0.0003298609990451
9,13,4,63,0.6,ILP,0.998,True,0.0,True,1.0,1,528.016737901012,528.016737901012,4,115.01612010142652,Optimal,True,Optimal,heuristic,0.1028930190004757
9,13,4,63,0.6,MILP,0.998,True,0.0,True,1.0,1,528.016737901012,528.016737901012,4,115.01612010142652,Optimal,True,Optimal,heuristic,0.1153570089991262
9,13,4,63,0.6,Dijkstra,0.998,True,0.0,True,1.0,1,528.016737901012,528.016737901012,4,115.01612010142652,Optimal,True,Optimal,heuristic,0.0003124350005236
9,13,4,63,0.7,ILP,0.998,True,0.0,True,1.0,1,396.0125534257591,396.0125534257591,4,115.01612010142652,Optimal,True,Optimal,heuristic,0.1025839159992756
9,13,4,63,0.7,MILP,0.998,True,0.0,True,1.0,1,396.0125534257591,396.0125534257591,4,115.01612010142652,Optimal,True,Optimal,heuristic,0.112309403000836
9,13,4,63,0.7,Dijkstra,0.998,True,0.0,True,1.0,1,396.0125534257591,396.0125534257591,4,115.01612010142652,Optimal,True,Optimal,heuristic,0.0003048149992537
9,13,4,63,0.8,ILP,0.998,True,0.0,True,1.0,1,264.0083689505061,264.0083689505061,4,115.01612010142652,Optimal,True,Optimal,heuristic,0.1099520600000687
9,13,4,63,0.8,MILP,0.998,True,0.0,True,1.0,1,264.0083689505061,264.0083689505061,4,115.01612010142652,Optimal,True,Optimal,heuristic,0.1141565270008868
9,13,4,63,0.8,Dijkstra,0.998,True,0.0,True,1.0,1,264.0083689505061,264.0083689505061,4,115.01612010142652,Optimal,True,Optimal,heuristic,0.0003082759976678
9,13,4,63,0.9,ILP,0.998,True,0.0,True,1.0,1,293.98866482925087,293.98866482925087,6,327.80485726885684,Optimal,True,Optimal,heuristic,0.0962438149981608
9,13,4,63,0.9,MILP,0.998,False,0.0,True,1.0,1,132.00418447525294,132.00418447525294,4,115.01612010142652,Optimal,True,Optimal,heuristic,0.1156895510030153
9,13,4,63,0.9,Dijkstra,0.998,False,0.0,True,1.0,1,132.00418447525294,132.00418447525294,4,115.01612010142652,Optimal,True,Optimal,heuristic,0.0003936269968107
9,14,44,50,0.5,ILP,0.998,True,0.0,True,1.0,1,747.1723280962434,747.1723280962434,5,238.05596866174292,Optimal,True,Optimal,heuristic,0.0966564269983791
9,14,44,50,0.5,MILP,0.998,True,0.0,True,1.0,1,747.1723280962434,747.1723280962434,5,238.05596866174292,Optimal,True,Optimal,heuristic,0.0978014379979868
9,14,44,50,0.5,Dijkstra,0.998,True,0.0,True,1.0,1,747.1723280962434,747.1723280962434,5,238.05596866174292,Optimal,True,Optimal,heuristic,0.0003375189990038
9,14,44,50,0.6,ILP,0.998,True,0.0,True,1.0,1,607.2032568702019,607.2032568702019,5,238.05596866174292,Optimal,True,Optimal,heuristic,0.0958784870017552
9,14,44,50,0.6,MILP,0.998,False,0.0,True,1.0,1,559.8762849041663,559.8762849041663,6,288.7307025401497,Optimal,True,Optimal,heuristic,0.0955733720002172
9,14,44,50,0.6,Dijkstra,0.998,True,0.0,True,1.0,1,607.2032568702019,607.2032568702019,5,238.05596866174292,Optimal,True,Optimal,heuristic,0.0003321460026199
9,14,44,50,0.7,ILP,0.998,True,0.0,True,1.0,1,467.23418564416033,467.23418564416033,5,238.05596866174292,Optimal,True,Optimal,heuristic,0.0950382919982075
9,14,44,50,0.7,MILP,0.998,False,0.0,True,1.0,1,419.9072136781247,419.9072136781247,6,288.7307025401497,Optimal,True,Optimal,heuristic,0.0997766959990258
9,14,44,50,0.7,Dijkstra,0.998,True,0.0,True,1.0,1,467.23418564416033,467.23418564416033,5,238.05596866174292,Optimal,True,Optimal,heuristic,0.0003938099980587
9,14,44,50,0.8,ILP,0.998,True,0.0,True,1.0,1,327.2651144181186,327.2651144181186,5,238.05596866174292,Optimal,True,Optimal,heuristic,0.0955930349991831
9,14,44,50,0.8,MILP,0.998,False,0.0,True,1.0,1,279.93814245208296,279.93814245208296,6,288.7307025401497,Optimal,True,Optimal,heuristic,0.1063796089983952
9,14,44,50,0.8,Dijkstra,0.998,True,0.0,True,1.0,1,327.2651144181186,327.2651144181186,5,238.05596866174292,Optimal,True,Optimal,heuristic,0.0003495230012049
9,14,44,50,0.9,ILP,0.998,True,0.0,True,1.0,1,187.29604319207715,187.29604319207715,5,238.05596866174292,Optimal,True,Optimal,heuristic,0.0974764940001478
9,14,44,50,0.9,MILP,0.998,False,0.0,True,1.0,1,139.96907122604148,139.96907122604148,6,288.7307025401497,Optimal,True,Optimal,heuristic,0.09693735700057
9,14,44,50,0.9,Dijkstra,0.998,True,0.0,True,1.0,1,187.29604319207715,187.29604319207715,5,238.05596866174292,Optimal,True,Optimal,heuristic,0.0003360560003784
9,15,49,12,0.5,ILP,0.986,True,0.0,True,1.0,7,650.9661955328298,258.92965535369365,2,104.84236368020174,Optimal,True,Optimal,heuristic,0.129158974999882
9,15,49,12,0.5,MILP,0.986,True,0.0,True,1.0,7,650.9661955328298,258.92965535369365,2,104.84236368020174,Optimal,True,Optimal,heuristic,0.1261752089994843
9,15,49,12,0.5,Dijkstra,0.986,True,0.0,True,1.0,7,650.9661955328298,258.92965535369365,2,104.84236368020174,Optimal,True,Optimal,heuristic,0.0003445820002525
9,15,49,12,0.6,ILP,0.992,True,0.0,True,1.0,4,361.666623924232,207.14372428295496,2,104.84236368020174,Optimal,True,Optimal,heuristic,0.1221265339991077
9,15,49,12,0.6,MILP,0.992,True,0.0,True,1.0,4,361.666623924232,207.14372428295496,2,104.84236368020174,Optimal,True,Optimal,heuristic,0.125026877001801
9,15,49,12,0.6,Dijkstra,0.992,True,0.0,True,1.0,4,361.666623924232,207.14372428295496,2,104.84236368020174,Optimal,True,Optimal,heuristic,0.0003503570005705
9,15,49,12,0.7,ILP,0.996,True,0.0,True,1.0,2,235.09688663106903,155.35779321221622,2,104.84236368020174,Optimal,True,Optimal,heuristic,0.1535975699989649
9,15,49,12,0.7,MILP,0.996,True,0.0,True,1.0,2,235.09688663106903,155.35779321221622,2,104.84236368020174,Optimal,True,Optimal,heuristic,0.1066127710000728
9,15,49,12,0.7,Dijkstra,0.996,True,0.0,True,1.0,2,235.09688663106903,155.35779321221622,2,104.84236368020174,Optimal,True,Optimal,heuristic,0.0003645479991973
9,15,49,12,0.8,ILP,0.996,True,0.0,True,1.0,2,131.52502448959154,103.57186214147748,2,104.84236368020174,Optimal,True,Optimal,heuristic,0.1227124839970201
9,15,49,12,0.8,MILP,0.996,True,0.0,True,1.0,2,131.52502448959154,103.57186214147748,2,104.84236368020174,Optimal,True,Optimal,heuristic,0.107940686000802
9,15,49,12,0.8,Dijkstra,0.996,True,0.0,True,1.0,2,131.52502448959154,103.57186214147748,2,104.84236368020174,Optimal,True,Optimal,heuristic,0.0003493820004223
9,15,49,12,0.9,ILP,0.998,True,0.0,True,1.0,1,51.78593107073874,51.78593107073874,2,104.84236368020174,Optimal,True,Optimal,heuristic,0.1143403459973342
9,15,49,12,0.9,MILP,0.998,True,0.0,True,1.0,1,51.78593107073874,51.78593107073874,2,104.84236368020174,Optimal,True,Optimal,heuristic,0.0960122050018981
9,15,49,12,0.9,Dijkstra,0.998,True,0.0,True,1.0,1,51.78593107073874,51.78593107073874,2,104.84236368020174,Optimal,True,Optimal,heuristic,0.0003071050014114
9,16,32,2,0.5,ILP,0.914,True,0.0,True,1.0,43,2320.4680328913914,239.13361519006605,5,182.9719250350656,Optimal,True,Optimal,heuristic,0.7848243759981415
9,16,32,2,0.5,MILP,0.914,True,0.0,True,1.0,43,2320.4680328913914,239.13361519006605,5,182.9719250350656,Optimal,True,Optimal,heuristic,0.1065494479989865
9,16,32,2,0.5,Dijkstra,0.914,True,0.0,True,1.0,43,2320.4680328913914,239.13361519006605,5,182.9719250350656,Optimal,True,Optimal,heuristic,0.000322796000546
9,16,32,2,0.6,ILP,0.972,True,0.0,True,1.0,14,1069.7933862077646,191.30689215205285,5,182.9719250350656,Optimal,True,Optimal,heuristic,0.2352485420015
9,16,32,2,0.6,MILP,0.972,True,0.0,True,1.0,14,1069.7933862077646,191.30689215205285,5,182.9719250350656,Optimal,True,Optimal,heuristic,0.1513681379983609
9,16,32,2,0.6,Dijkstra,0.972,True,0.0,True,1.0,14,1069.7933862077646,191.30689215205285,5,182.9719250350656,Optimal,True,Optimal,heuristic,0.0003547550004441
9,16,32,2,0.7,ILP,0.984,True,0.0,True,1.0,8,529.4347962603924,143.48016911403963,5,182.9719250350656,Optimal,True,Optimal,heuristic,0.227087069000845
9,16,32,2,0.7,MILP,0.984,True,0.0,True,1.0,8,529.4347962603924,143.48016911403963,5,182.9719250350656,Optimal,True,Optimal,heuristic,0.1553617030003806
9,16,32,2,0.7,Dijkstra,0.984,True,0.0,True,1.0,8,529.4347962603924,143.48016911403963,5,182.9719250350656,Optimal,True,Optimal,heuristic,0.0003926509998564
9,16,32,2,0.8,ILP,0.99,True,0.0,True,1.0,5,229.43445046135275,95.6534460760264,5,182.9719250350656,Optimal,True,Optimal,heuristic,0.1949757080001291
9,16,32,2,0.8,MILP,0.99,True,0.0,True,1.0,5,229.43445046135275,95.6534460760264,5,182.9719250350656,Optimal,True,Optimal,heuristic,0.1316151669998362
9,16,32,2,0.8,Dijkstra,0.99,True,0.0,True,1.0,5,229.43445046135275,95.6534460760264,5,182.9719250350656,Optimal,True,Optimal,heuristic,0.0003533029994287
9,16,32,2,0.9,ILP,0.996,True,0.0,True,1.0,2,59.444840628463794,47.8267230380132,5,182.9719250350656,Optimal,True,Optimal,heuristic,0.1358625050015689
9,16,32,2,0.9,MILP,0.996,False,0.0,True,1.0,2,59.44484062846368,47.826723038013085,4,182.9719250350656,Optimal,True,Optimal,heuristic,0.1285802159982267
9,16,32,2,0.9,Dijkstra,0.996,True,0.0,True,1.0,2,59.444840628463794,47.8267230380132,5,182.9719250350656,Optimal,True,Optimal,heuristic,0.0003427839983487
9,17,35,10,0.5,ILP,0.946,True,0.0,True,1.0,27,5630.377865296494,923.5999827834752,11,432.8291576626449,Optimal,True,Optimal,heuristic,0.4205020469998999
9,17,35,10,0.5,MILP,0.946,False,0.0,True,1.0,27,5630.377865296493,923.5999827834756,10,432.8291576626449,Optimal,True,Optimal,heuristic,0.8499418630017317
9,17,35,10,0.5,Dijkstra,0.946,True,0.0,True,1.0,27,5630.377865296494,923.5999827834752,11,432.8291576626449,Optimal,True,Optimal,heuristic,0.000452927997685
9,17,35,10,0.6,ILP,0.97,True,0.0,True,1.0,15,3921.391405816248,838.4671197333784,11,432.8291576626449,Optimal,True,Optimal,heuristic,0.4643609539998579
9,17,35,10,0.6,MILP,0.97,False,0.0,True,1.0,15,3921.391405816248,838.4671197333784,11,432.8291576626449,Optimal,True,Optimal,heuristic,0.9187476810002408
9,17,35,10,0.6,Dijkstra,0.97,True,0.0,True,1.0,15,3921.391405816248,838.4671197333784,11,432.8291576626449,Optimal,True,Optimal,heuristic,0.0004412390007928
9,17,35,10,0.7,ILP,0.974,True,0.0,True,1.0,13,2697.7408884296747,753.3342566832814,11,432.8291576626449,Optimal,True,Optimal,heuristic,0.5240669390004769
9,17,35,10,0.7,MILP,0.964,False,0.01,False,0.0,18,1830.8001050886676,255.39858915029072,9,508.004844576549,Optimal,True,Optimal,heuristic,0.5263284860011481
9,17,35,10,0.7,Dijkstra,0.974,True,0.0,True,1.0,13,2697.7408884296747,753.3342566832814,11,432.8291576626449,Optimal,True,Optimal,heuristic,0.0003883819990733
9,17,35,10,0.8,ILP,0.984,True,0.0,True,1.0,8,692.6027474088622,170.26572610019377,9,508.004844576549,Optimal,True,Optimal,heuristic,0.4849284340016311
9,17,35,10,0.8,MILP,0.984,True,0.0,True,1.0,8,692.6027474088622,170.26572610019377,9,508.004844576549,Optimal,True,Optimal,heuristic,0.2605659430009837
9,17,35,10,0.8,Dijkstra,0.982,False,0.002,False,0.0,9,1839.168962349472,668.2013936331845,11,432.8291576626449,Optimal,True,Optimal,heuristic,0.0005038780000177
9,17,35,10,0.9,ILP,0.992,True,0.0,True,1.0,4,219.33517414453888,85.13286305009694,9,508.004844576549,Optimal,True,Optimal,heuristic,0.3591895179997664
9,17,35,10,0.9,MILP,0.992,False,0.0,True,1.0,4,219.3351741445388,85.13286305009694,9,508.004844576549,Optimal,True,Optimal,heuristic,0.183876176000922
9,17,35,10,0.9,Dijkstra,0.99,False,0.002,False,0.0,5,1266.975377756758,583.0685305830876,11,432.8291576626449,Optimal,True,Optimal,heuristic,0.0004580950007948
9,18,48,44,0.5,ILP,0.968,True,0.0,True,1.0,16,2559.4242026680904,616.4183432438638,8,452.2646962673373,Optimal,True,Optimal,heuristic,0.3545896760006144
9,18,48,44,0.5,MILP,0.968,False,0.0,True,1.0,16,2559.424202668089,616.4183432438638,8,452.2646962673373,Optimal,True,Optimal,heuristic,0.1556416029998217
9,18,48,44,0.5,Dijkstra,0.968,True,0.0,True,1.0,16,2559.4242026680904,616.4183432438638,8,452.2646962673373,Optimal,True,Optimal,heuristic,0.00035217599725
9,18,48,44,0.6,ILP,0.99,True,0.0,True,1.0,5,1461.817775815011,493.13467459509104,8,452.2646962673373,Optimal,True,Optimal,heuristic,0.1533238720003282
9,18,48,44,0.6,MILP,0.99,True,0.0,True,1.0,5,1461.817775815011,493.13467459509104,8,452.2646962673373,Optimal,True,Optimal,heuristic,0.1165128060019924
9,18,48,44,0.6,Dijkstra,0.99,True,0.0,True,1.0,5,1461.817775815011,493.13467459509104,8,452.2646962673373,Optimal,True,Optimal,heuristic,0.0003434450009081
9,18,48,44,0.7,ILP,0.992,True,0.0,True,1.0,4,895.0838752674877,369.8510059463183,8,452.2646962673373,Optimal,True,Optimal,heuristic,0.1948713309975573
9,18,48,44,0.7,MILP,0.992,False,0.0,True,1.0,4,895.0838752674877,369.85100594631785,8,452.2646962673374,Optimal,True,Optimal,heuristic,0.2751539310011139
9,18,48,44,0.7,Dijkstra,0.992,True,0.0,True,1.0,4,895.0838752674877,369.8510059463183,8,452.2646962673373,Optimal,True,Optimal,heuristic,0.0003523929990478
9,18,48,44,0.8,ILP,0.994,True,0.0,True,1.0,3,483.0921901354302,246.56733729754544,8,452.2646962673373,Optimal,True,Optimal,heuristic,0.1560513959993841
9,18,48,44,0.8,MILP,0.994,False,0.0,True,1.0,3,483.0921901354302,246.56733729754524,8,452.2646962673373,Optimal,True,Optimal,heuristic,0.1441181329973915
9,18,48,44,0.8,Dijkstra,0.994,False,0.0,True,1.0,3,483.0921901354302,246.56733729754544,8,452.2646962673373,Optimal,True,Optimal,heuristic,0.000421152999479
9,18,48,44,0.9,ILP,0.998,True,0.0,True,1.0,1,305.762616942749,305.762616942749,8,541.3503858830585,Optimal,True,Optimal,heuristic,0.1110124049992009
9,18,48,44,0.9,MILP,0.996,False,0.002,False,0.0,2,217.5800171208332,123.28366864877262,8,452.2646962673373,Optimal,True,Optimal,heuristic,0.123329983001895
9,18,48,44,0.9,Dijkstra,0.996,False,0.002,False,0.0,2,217.5800171208332,123.28366864877262,8,452.2646962673373,Optimal,True,Optimal,heuristic,0.0004500679970078
9,19,26,21,0.5,ILP,0.946,True,0.0,True,1.0,27,6257.847209747333,826.6152285726957,13,772.2760367622762,Optimal,True,Optimal,heuristic,0.7957589389989153
9,19,26,21,0.5,MILP,0.946,False,0.0,True,1.0,27,6257.847209747333,826.6152285726957,13,772.2760367622764,Optimal,True,Optimal,heuristic,0.1169438869983423
9,19,26,21,0.5,Dijkstra,0.946,True,0.0,True,1.0,27,6257.847209747333,826.6152285726957,13,772.2760367622762,Optimal,True,Optimal,heuristic,0.0003694660008477
9,19,26,21,0.6,ILP,0.972,True,0.0,True,1.0,14,3013.53426668869,670.7575772513637,13,772.2760367622762,Optimal,True,Optimal,heuristic,0.475987524001539
9,19,26,21,0.6,MILP,0.972,False,0.0,True,1.0,14,3013.534266688689,670.757577251364,12,772.2760367622765,Optimal,True,Optimal,heuristic,0.1063049800031876
9,19,26,21,0.6,Dijkstra,0.972,True,0.0,True,1.0,14,3013.53426668869,670.7575772513637,13,772.2760367622762,Optimal,True,Optimal,heuristic,0.0004043279986944
9,19,26,21,0.7,ILP,0.986,True,0.0,True,1.0,7,1355.3820687586892,514.8999259300317,13,772.2760367622762,Optimal,True,Optimal,heuristic,0.3849965680019522
9,19,26,21,0.7,MILP,0.986,True,0.0,True,1.0,7,1355.3820687586892,514.8999259300317,13,772.2760367622762,Optimal,True,Optimal,heuristic,0.1221007019994431
9,19,26,21,0.7,Dijkstra,0.986,True,0.0,True,1.0,7,1355.3820687586892,514.8999259300317,13,772.2760367622762,Optimal,True,Optimal,heuristic,0.0003687410026032
9,19,26,21,0.8,ILP,0.996,True,0.0,True,1.0,2,774.0812669797576,391.28438095746833,12,802.4329489458511,Optimal,True,Optimal,heuristic,0.1774255119998997
9,19,26,21,0.8,MILP,0.994,False,0.002,False,0.0,3,721.4520425569544,356.5972952370596,13,853.1076828242577,Optimal,True,Optimal,heuristic,0.119481188001373
9,19,26,21,0.8,Dijkstra,0.994,False,0.002,False,0.0,3,727.9295542499017,359.0422746086997,13,772.2760367622762,Optimal,True,Optimal,heuristic,0.0004813340019609
9,19,26,21,0.9,ILP,0.996,True,0.0,True,1.0,2,388.7906244762332,203.18462328736769,13,772.2760367622762,Optimal,True,Optimal,heuristic,0.2368983840024157
9,19,26,21,0.9,MILP,0.996,False,0.0,True,1.0,2,306.77656678978906,155.857651321332,14,822.9507706406829,Optimal,True,Optimal,heuristic,0.1157174840009247
9,19,26,21,0.9,Dijkstra,0.996,False,0.0,True,1.0,2,388.7906244762335,203.18462328736769,13,772.2760367622762,Optimal,True,Optimal,heuristic,0.0004654950025724
